user_id,signup_date,acquisition_channel,campaign,country,city,device,subscription_plan,gender,age_group
U00001,2024-11-23,Organic,CMP109,India,Chennai,Mobile,Free,Male,18-24
U00002,2024-10-29,Organic,CMP101,Germany,Berlin,Mobile,Free,Male,25-34
U00003,2024-11-28,Referral,CMP114,Australia,Sydney,Desktop,Premium,Female,18-24
U00004,2024-03-22,LinkedIn,CMP111,Australia,Melbourne,Mobile,Free,Female,18-24
U00005,2024-02-17,Organic,CMP112,Germany,Munich,Tablet,Basic,Male,45-54
U00006,2024-10-01,LinkedIn,CMP103,India,Bengaluru,Desktop,Premium,Female,25-34
U00007,2024-12-26,Organic,CMP108,India,Coimbatore,Mobile,Free,Male,45-54
U00008,2024-05-22,Black Friday,CMP112,Germany,Berlin,Desktop,Basic,Male,35-44
U00009,2024-12-25,Black Friday,CMP103,Australia,Sydney,Tablet,Premium,Male,25-34
U00010,2024-08-24,Facebook,CMP118,Germany,Berlin,Tablet,Basic,Male,25-34
U00011,2024-01-17,LinkedIn,CMP109,UK,London,Mobile,Premium,Female,25-34
U00012,2024-12-01,LinkedIn,CMP115,Germany,Berlin,Desktop,Free,Male,35-44
U00013,2024-10-26,Referral,CMP113,Germany,Munich,Mobile,Free,Female,18-24
U00014,2024-01-25,Google Ads,CMP106,India,Bengaluru,Desktop,Premium,Male,45-54
U00015,2024-07-14,LinkedIn,CMP117,Canada,Vancouver,Tablet,Free,Male,35-44
U00016,2024-11-24,Organic,CMP110,UK,Manchester,Mobile,Basic,Male,35-44
U00017,2024-09-13,Referral,CMP104,USA,Seattle,Desktop,Premium,Male,25-34
U00018,2024-07-10,Referral,CMP117,USA,New York,Tablet,Basic,Female,18-24
U00019,2024-02-27,Facebook,CMP108,UK,London,Mobile,Premium,Male,18-24
U00020,2024-09-05,Referral,CMP105,India,Chennai,Tablet,Basic,Male,35-44
U00021,2024-09-27,LinkedIn,CMP107,Canada,Toronto,Tablet,Basic,Female,35-44
U00022,2024-08-12,LinkedIn,CMP104,Canada,Toronto,Mobile,Free,Female,18-24
U00023,2024-10-28,Google Ads,CMP119,Canada,Toronto,Mobile,Free,Male,25-34
U00024,2024-02-04,Facebook,CMP103,India,Bengaluru,Mobile,Basic,Female,25-34
U00025,2024-10-03,Black Friday,CMP119,USA,Seattle,Desktop,Free,Female,45-54
U00026,2024-04-07,Organic,CMP114,India,Coimbatore,Desktop,Basic,Female,18-24
U00027,2024-12-10,Black Friday,CMP104,Australia,Sydney,Desktop,Premium,Female,18-24
U00028,2024-05-07,Google Ads,CMP118,USA,Austin,Mobile,Basic,Male,35-44
U00029,2024-08-24,Organic,CMP115,USA,Seattle,Mobile,Free,Male,18-24
U00030,2024-05-01,LinkedIn,CMP116,USA,Austin,Mobile,Basic,Male,25-34
U00031,2024-07-13,LinkedIn,CMP109,India,Coimbatore,Desktop,Basic,Female,25-34
U00032,2024-04-07,Google Ads,CMP102,UK,London,Tablet,Basic,Male,18-24
U00033,2024-10-26,Referral,CMP117,Germany,Berlin,Mobile,Premium,Male,25-34
U00034,2024-02-05,Organic,CMP108,Canada,Vancouver,Mobile,Premium,Male,18-24
U00035,2024-11-13,LinkedIn,CMP119,India,Bengaluru,Tablet,Basic,Female,25-34
U00036,2024-12-08,Facebook,CMP108,Australia,Melbourne,Desktop,Free,Female,45-54
U00037,2024-06-10,Organic,CMP115,India,Bengaluru,Tablet,Free,Male,25-34
U00038,2024-09-16,Google Ads,CMP112,UK,London,Mobile,Basic,Female,25-34
U00039,2024-08-12,Black Friday,CMP110,Canada,Toronto,Tablet,Premium,Female,18-24
U00040,2024-03-09,Organic,CMP104,UK,London,Desktop,Basic,Male,35-44
U00041,2024-04-14,Black Friday,CMP109,Australia,Melbourne,Desktop,Free,Male,45-54
U00042,2024-05-21,Organic,CMP111,India,Chennai,Tablet,Basic,Male,45-54
U00043,2024-10-09,LinkedIn,CMP118,Australia,Sydney,Mobile,Free,Male,18-24
U00044,2024-07-08,Referral,CMP105,Canada,Vancouver,Mobile,Free,Female,35-44
U00045,2024-01-21,Google Ads,CMP108,UK,London,Desktop,Premium,Female,25-34
U00046,2024-05-01,Google Ads,CMP114,USA,New York,Mobile,Premium,Female,45-54
U00047,2024-12-08,Google Ads,CMP109,Australia,Sydney,Tablet,Free,Female,18-24
U00048,2024-08-28,Google Ads,CMP115,USA,Austin,Desktop,Free,Male,18-24
U00049,2024-12-03,LinkedIn,CMP111,USA,Austin,Mobile,Basic,Female,45-54
U00050,2024-12-13,Facebook,CMP101,Canada,Toronto,Desktop,Free,Female,18-24
U00051,2024-02-25,LinkedIn,CMP112,Canada,Vancouver,Desktop,Premium,Male,45-54
U00052,2024-10-22,Facebook,CMP102,USA,Seattle,Desktop,Free,Male,35-44
U00053,2024-08-08,Black Friday,CMP111,India,Bengaluru,Desktop,Premium,Male,35-44
U00054,2024-09-16,Black Friday,CMP114,UK,Manchester,Desktop,Premium,Female,25-34
U00055,2024-04-08,Black Friday,CMP113,Germany,Berlin,Tablet,Premium,Female,45-54
U00056,2024-10-07,Facebook,CMP110,India,Chennai,Desktop,Premium,Female,45-54
U00057,2024-08-14,Black Friday,CMP107,Germany,Munich,Tablet,Free,Male,35-44
U00058,2024-09-20,Black Friday,CMP120,Australia,Melbourne,Mobile,Free,Female,25-34
U00059,2024-04-11,Organic,CMP102,USA,New York,Desktop,Premium,Male,45-54
U00060,2024-07-31,Referral,CMP107,Australia,Melbourne,Desktop,Basic,Male,25-34
U00061,2024-12-01,Organic,CMP104,Australia,Melbourne,Mobile,Free,Female,18-24
U00062,2024-10-12,Organic,CMP115,USA,New York,Desktop,Premium,Female,45-54
U00063,2024-11-09,Referral,CMP114,Australia,Melbourne,Mobile,Premium,Female,45-54
U00064,2024-05-12,Black Friday,CMP109,USA,Seattle,Desktop,Premium,Male,35-44
U00065,2024-08-13,Black Friday,CMP110,India,Chennai,Desktop,Basic,Female,18-24
U00066,2024-03-11,Google Ads,CMP113,USA,Seattle,Mobile,Premium,Male,18-24
U00067,2024-07-31,Facebook,CMP118,Germany,Munich,Desktop,Free,Male,45-54
U00068,2024-07-18,Black Friday,CMP101,Canada,Vancouver,Desktop,Free,Female,35-44
U00069,2024-07-18,Referral,CMP118,Germany,Berlin,Desktop,Free,Female,45-54
U00070,2024-09-05,LinkedIn,CMP111,India,Bengaluru,Tablet,Basic,Male,45-54
U00071,2024-03-06,Referral,CMP101,Canada,Vancouver,Tablet,Premium,Male,18-24
U00072,2024-11-25,Google Ads,CMP115,Germany,Berlin,Mobile,Basic,Female,35-44
U00073,2024-04-18,Facebook,CMP111,Germany,Munich,Desktop,Basic,Female,18-24
U00074,2024-08-28,Black Friday,CMP118,India,Chennai,Desktop,Free,Male,18-24
U00075,2024-01-16,Google Ads,CMP101,USA,Seattle,Mobile,Free,Male,45-54
U00076,2024-12-08,Referral,CMP107,India,Coimbatore,Tablet,Basic,Female,25-34
U00077,2024-11-06,Black Friday,CMP104,Canada,Toronto,Desktop,Free,Male,35-44
U00078,2024-10-21,LinkedIn,CMP113,Australia,Sydney,Mobile,Premium,Male,18-24
U00079,2024-12-22,Black Friday,CMP120,UK,London,Tablet,Free,Female,45-54
U00080,2024-12-04,Organic,CMP117,UK,Manchester,Mobile,Basic,Female,18-24
U00081,2024-08-09,Black Friday,CMP115,UK,London,Desktop,Free,Female,45-54
U00082,2024-08-26,Black Friday,CMP119,Germany,Munich,Desktop,Free,Male,35-44
U00083,2024-08-18,LinkedIn,CMP119,USA,Seattle,Tablet,Basic,Female,18-24
U00084,2024-09-10,Google Ads,CMP116,UK,London,Desktop,Basic,Female,35-44
U00085,2024-11-01,Facebook,CMP118,Australia,Sydney,Tablet,Free,Male,25-34
U00086,2024-07-27,Referral,CMP108,Germany,Munich,Tablet,Premium,Female,45-54
U00087,2024-01-09,Facebook,CMP108,India,Coimbatore,Tablet,Free,Female,35-44
U00088,2024-08-30,Referral,CMP112,Canada,Vancouver,Tablet,Premium,Female,35-44
U00089,2024-12-25,Facebook,CMP110,Germany,Munich,Mobile,Free,Male,35-44
U00090,2024-03-02,Referral,CMP106,Australia,Sydney,Mobile,Premium,Female,35-44
U00091,2024-10-28,Referral,CMP110,Canada,Toronto,Mobile,Basic,Male,35-44
U00092,2024-04-01,Organic,CMP118,UK,London,Desktop,Free,Male,35-44
U00093,2024-12-23,Black Friday,CMP116,USA,New York,Mobile,Premium,Female,45-54
U00094,2024-09-02,Facebook,CMP106,Germany,Berlin,Desktop,Basic,Male,18-24
U00095,2024-07-24,Organic,CMP119,Germany,Berlin,Mobile,Free,Female,18-24
U00096,2024-05-07,Referral,CMP114,India,Bengaluru,Tablet,Premium,Male,45-54
U00097,2024-08-18,Facebook,CMP119,Germany,Munich,Desktop,Premium,Male,18-24
U00098,2024-04-16,Google Ads,CMP109,Australia,Sydney,Mobile,Free,Male,18-24
U00099,2024-03-21,LinkedIn,CMP115,India,Bengaluru,Tablet,Basic,Female,18-24
U00100,2024-04-28,Black Friday,CMP110,UK,Manchester,Mobile,Premium,Male,35-44
U00101,2024-11-16,Black Friday,CMP107,Canada,Vancouver,Mobile,Premium,Male,25-34
U00102,2024-05-16,Organic,CMP102,USA,New York,Desktop,Premium,Female,45-54
U00103,2024-03-04,Black Friday,CMP110,Germany,Munich,Desktop,Premium,Female,45-54
U00104,2024-02-11,Organic,CMP114,Canada,Vancouver,Tablet,Basic,Male,18-24
U00105,2024-04-27,Referral,CMP119,Australia,Sydney,Tablet,Basic,Male,25-34
U00106,2024-08-28,Black Friday,CMP115,Canada,Vancouver,Mobile,Premium,Female,45-54
U00107,2024-02-16,Facebook,CMP114,Germany,Munich,Desktop,Premium,Male,25-34
U00108,2024-06-17,Black Friday,CMP116,Germany,Munich,Tablet,Basic,Male,45-54
U00109,2024-02-15,Facebook,CMP111,UK,London,Desktop,Premium,Male,45-54
U00110,2024-07-30,Google Ads,CMP117,India,Coimbatore,Tablet,Basic,Female,18-24
U00111,2024-04-14,Referral,CMP105,UK,Manchester,Desktop,Premium,Female,18-24
U00112,2024-01-15,Referral,CMP108,Australia,Sydney,Desktop,Premium,Male,45-54
U00113,2024-02-17,Organic,CMP115,USA,New York,Tablet,Free,Female,35-44
U00114,2024-09-17,Facebook,CMP114,Australia,Melbourne,Desktop,Free,Female,25-34
U00115,2024-07-15,Referral,CMP117,USA,Seattle,Mobile,Free,Female,45-54
U00116,2024-06-23,Facebook,CMP101,Canada,Vancouver,Tablet,Basic,Female,25-34
U00117,2024-08-16,LinkedIn,CMP112,Canada,Vancouver,Tablet,Premium,Female,45-54
U00118,2024-06-13,Black Friday,CMP108,USA,Seattle,Desktop,Free,Female,18-24
U00119,2024-06-11,LinkedIn,CMP113,Australia,Melbourne,Tablet,Premium,Male,45-54
U00120,2024-01-19,Referral,CMP119,USA,Austin,Mobile,Basic,Male,45-54
U00121,2024-01-08,Google Ads,CMP114,Australia,Sydney,Mobile,Basic,Female,35-44
U00122,2024-11-15,LinkedIn,CMP103,Australia,Melbourne,Tablet,Premium,Female,35-44
U00123,2024-11-16,LinkedIn,CMP118,Australia,Sydney,Tablet,Free,Male,35-44
U00124,2024-04-26,Organic,CMP114,Australia,Sydney,Tablet,Premium,Male,45-54
U00125,2024-03-26,Facebook,CMP101,Australia,Sydney,Desktop,Free,Female,35-44
U00126,2024-07-10,Google Ads,CMP108,Germany,Munich,Tablet,Premium,Male,25-34
U00127,2024-03-30,Referral,CMP113,India,Bengaluru,Tablet,Free,Female,25-34
U00128,2024-04-28,Black Friday,CMP109,Germany,Munich,Desktop,Premium,Male,45-54
U00129,2024-05-27,Referral,CMP106,Australia,Sydney,Desktop,Basic,Female,45-54
U00130,2024-12-19,LinkedIn,CMP110,UK,London,Desktop,Basic,Male,25-34
U00131,2024-07-14,Facebook,CMP119,Canada,Vancouver,Tablet,Basic,Male,45-54
U00132,2024-05-20,Referral,CMP102,India,Bengaluru,Tablet,Basic,Female,25-34
U00133,2024-11-06,Google Ads,CMP107,UK,Manchester,Tablet,Premium,Male,18-24
U00134,2024-11-17,Organic,CMP110,Australia,Melbourne,Mobile,Premium,Female,25-34
U00135,2024-02-16,Facebook,CMP114,UK,London,Mobile,Free,Female,35-44
U00136,2024-03-25,LinkedIn,CMP110,UK,Manchester,Mobile,Basic,Male,25-34
U00137,2024-04-25,Black Friday,CMP113,Australia,Melbourne,Mobile,Basic,Male,35-44
U00138,2024-10-01,LinkedIn,CMP112,India,Bengaluru,Tablet,Premium,Female,45-54
U00139,2024-11-22,Organic,CMP108,UK,Manchester,Mobile,Premium,Female,25-34
U00140,2024-11-27,Black Friday,CMP115,India,Bengaluru,Desktop,Premium,Female,18-24
U00141,2024-03-12,Organic,CMP110,India,Coimbatore,Mobile,Free,Male,25-34
U00142,2024-07-17,Facebook,CMP118,Germany,Munich,Tablet,Premium,Male,45-54
U00143,2024-12-01,LinkedIn,CMP120,India,Coimbatore,Desktop,Free,Female,25-34
U00144,2024-08-15,Google Ads,CMP112,Germany,Berlin,Tablet,Basic,Female,18-24
U00145,2024-07-22,Google Ads,CMP104,UK,Manchester,Mobile,Premium,Male,18-24
U00146,2024-01-26,Google Ads,CMP105,UK,London,Mobile,Premium,Male,25-34
U00147,2024-04-29,Google Ads,CMP120,UK,London,Desktop,Free,Male,35-44
U00148,2024-03-30,Black Friday,CMP101,India,Chennai,Mobile,Basic,Male,35-44
U00149,2024-01-09,Facebook,CMP102,USA,New York,Tablet,Basic,Male,18-24
U00150,2024-08-31,Facebook,CMP117,Germany,Berlin,Desktop,Premium,Male,18-24
U00151,2024-12-03,Facebook,CMP115,Canada,Toronto,Mobile,Basic,Female,45-54
U00152,2024-12-17,LinkedIn,CMP115,India,Chennai,Mobile,Basic,Male,18-24
U00153,2024-03-05,Referral,CMP119,UK,Manchester,Desktop,Premium,Female,45-54
U00154,2024-09-15,LinkedIn,CMP104,Canada,Toronto,Tablet,Premium,Male,45-54
U00155,2024-08-19,LinkedIn,CMP111,USA,Austin,Desktop,Basic,Male,35-44
U00156,2024-08-06,Black Friday,CMP109,UK,Manchester,Mobile,Premium,Female,18-24
U00157,2024-02-16,Organic,CMP114,India,Chennai,Tablet,Premium,Female,25-34
U00158,2024-10-11,Referral,CMP118,India,Bengaluru,Desktop,Premium,Male,45-54
U00159,2024-06-30,LinkedIn,CMP102,Australia,Melbourne,Tablet,Basic,Female,18-24
U00160,2024-10-22,Google Ads,CMP105,Canada,Vancouver,Mobile,Free,Female,35-44
U00161,2024-02-28,Referral,CMP108,UK,Manchester,Tablet,Premium,Male,35-44
U00162,2024-01-15,Facebook,CMP110,USA,Austin,Desktop,Free,Male,25-34
U00163,2024-10-16,LinkedIn,CMP103,Australia,Sydney,Tablet,Premium,Male,18-24
U00164,2024-09-28,LinkedIn,CMP114,USA,Austin,Desktop,Free,Female,35-44
U00165,2024-06-15,Referral,CMP103,Canada,Toronto,Mobile,Free,Male,18-24
U00166,2024-05-19,Black Friday,CMP114,Germany,Munich,Tablet,Basic,Female,35-44
U00167,2024-04-20,Organic,CMP112,Canada,Vancouver,Mobile,Basic,Female,35-44
U00168,2024-01-24,LinkedIn,CMP120,USA,New York,Mobile,Free,Female,25-34
U00169,2024-03-11,Facebook,CMP111,UK,London,Mobile,Basic,Female,25-34
U00170,2024-03-07,Referral,CMP108,Germany,Munich,Mobile,Basic,Male,45-54
U00171,2024-01-10,Organic,CMP111,Germany,Munich,Tablet,Basic,Female,35-44
U00172,2024-02-28,Organic,CMP111,Germany,Berlin,Tablet,Basic,Female,18-24
U00173,2024-08-11,Google Ads,CMP114,India,Bengaluru,Desktop,Premium,Male,45-54
U00174,2024-06-07,Facebook,CMP108,Australia,Melbourne,Mobile,Free,Male,25-34
U00175,2024-06-27,Black Friday,CMP105,UK,London,Mobile,Free,Female,25-34
U00176,2024-03-29,Google Ads,CMP103,Canada,Toronto,Tablet,Basic,Female,45-54
U00177,2024-12-14,Black Friday,CMP120,Canada,Vancouver,Tablet,Basic,Male,45-54
U00178,2024-02-04,LinkedIn,CMP110,Germany,Munich,Tablet,Free,Female,18-24
U00179,2024-06-07,LinkedIn,CMP102,Germany,Berlin,Desktop,Basic,Male,18-24
U00180,2024-11-10,Referral,CMP113,Canada,Vancouver,Tablet,Premium,Male,45-54
U00181,2024-10-19,Google Ads,CMP111,Australia,Melbourne,Tablet,Free,Male,45-54
U00182,2024-02-22,Black Friday,CMP103,UK,London,Mobile,Free,Female,45-54
U00183,2024-09-25,Referral,CMP106,Canada,Vancouver,Desktop,Basic,Female,45-54
U00184,2024-06-22,Referral,CMP102,Australia,Melbourne,Mobile,Basic,Male,45-54
U00185,2024-05-25,Black Friday,CMP120,UK,London,Desktop,Free,Male,35-44
U00186,2024-06-07,Black Friday,CMP113,Australia,Sydney,Tablet,Premium,Male,35-44
U00187,2024-10-13,Black Friday,CMP111,Germany,Berlin,Tablet,Premium,Male,45-54
U00188,2024-09-17,Organic,CMP112,UK,Manchester,Mobile,Free,Female,45-54
U00189,2024-04-08,Google Ads,CMP105,USA,New York,Desktop,Free,Male,35-44
U00190,2024-11-12,Referral,CMP113,USA,New York,Mobile,Free,Male,45-54
U00191,2024-01-23,Facebook,CMP108,Germany,Munich,Tablet,Basic,Female,25-34
U00192,2024-09-30,Facebook,CMP116,USA,New York,Desktop,Premium,Female,45-54
U00193,2024-05-24,Referral,CMP117,Germany,Munich,Mobile,Free,Male,35-44
U00194,2024-01-27,LinkedIn,CMP112,Australia,Sydney,Tablet,Premium,Male,35-44
U00195,2024-02-12,Facebook,CMP115,USA,Seattle,Mobile,Basic,Male,25-34
U00196,2024-08-18,Organic,CMP114,UK,London,Desktop,Premium,Female,25-34
U00197,2024-07-16,Facebook,CMP108,India,Chennai,Desktop,Free,Female,25-34
U00198,2024-03-11,Facebook,CMP116,India,Bengaluru,Mobile,Premium,Female,45-54
U00199,2024-11-11,Organic,CMP101,India,Coimbatore,Mobile,Free,Female,18-24
U00200,2024-05-27,Facebook,CMP104,USA,New York,Mobile,Basic,Female,18-24
U00201,2024-02-26,Referral,CMP118,Germany,Berlin,Tablet,Premium,Male,25-34
U00202,2024-05-29,Organic,CMP120,Germany,Munich,Mobile,Premium,Female,25-34
U00203,2024-12-06,Organic,CMP117,Australia,Melbourne,Mobile,Premium,Male,45-54
U00204,2024-08-28,Black Friday,CMP113,India,Coimbatore,Desktop,Premium,Male,35-44
U00205,2024-02-04,Google Ads,CMP104,UK,Manchester,Mobile,Free,Female,35-44
U00206,2024-11-25,Black Friday,CMP115,USA,Seattle,Desktop,Premium,Male,25-34
U00207,2024-02-02,LinkedIn,CMP102,Australia,Melbourne,Mobile,Free,Male,18-24
U00208,2024-06-10,Referral,CMP113,UK,Manchester,Desktop,Free,Male,35-44
U00209,2024-07-01,Black Friday,CMP111,India,Coimbatore,Mobile,Basic,Female,45-54
U00210,2024-08-13,Facebook,CMP106,Germany,Munich,Tablet,Basic,Female,35-44
U00211,2024-02-12,LinkedIn,CMP103,Australia,Melbourne,Tablet,Free,Female,35-44
U00212,2024-02-22,Facebook,CMP110,India,Coimbatore,Desktop,Premium,Female,25-34
U00213,2024-12-19,Facebook,CMP115,Germany,Berlin,Tablet,Basic,Female,35-44
U00214,2024-11-23,Organic,CMP113,India,Coimbatore,Tablet,Premium,Male,18-24
U00215,2024-03-14,Black Friday,CMP115,Canada,Toronto,Mobile,Free,Male,35-44
U00216,2024-07-04,Referral,CMP102,Germany,Berlin,Tablet,Basic,Female,35-44
U00217,2024-08-15,Referral,CMP105,India,Bengaluru,Desktop,Basic,Female,35-44
U00218,2024-05-07,Organic,CMP106,India,Coimbatore,Tablet,Basic,Male,35-44
U00219,2024-05-13,LinkedIn,CMP107,Australia,Melbourne,Tablet,Basic,Male,18-24
U00220,2024-03-10,LinkedIn,CMP106,India,Bengaluru,Desktop,Free,Female,35-44
U00221,2024-12-29,Referral,CMP118,India,Coimbatore,Desktop,Free,Male,35-44
U00222,2024-09-17,Organic,CMP107,USA,New York,Mobile,Basic,Male,35-44
U00223,2024-10-10,Facebook,CMP115,Canada,Toronto,Tablet,Free,Male,35-44
U00224,2024-07-22,Black Friday,CMP116,Australia,Melbourne,Desktop,Premium,Male,25-34
U00225,2024-06-11,Organic,CMP115,Australia,Melbourne,Tablet,Premium,Female,25-34
U00226,2024-10-09,Referral,CMP106,Australia,Sydney,Desktop,Premium,Male,18-24
U00227,2024-09-22,Facebook,CMP106,USA,New York,Desktop,Premium,Male,35-44
U00228,2024-09-22,Organic,CMP109,UK,London,Tablet,Premium,Female,25-34
U00229,2024-11-16,Referral,CMP118,UK,London,Tablet,Premium,Male,25-34
U00230,2024-03-28,Referral,CMP120,Australia,Melbourne,Tablet,Free,Male,18-24
U00231,2024-01-24,Referral,CMP109,Australia,Sydney,Tablet,Basic,Male,45-54
U00232,2024-11-17,Facebook,CMP110,Canada,Vancouver,Mobile,Premium,Female,35-44
U00233,2024-08-20,Black Friday,CMP102,India,Chennai,Desktop,Basic,Female,45-54
U00234,2024-04-14,Referral,CMP105,UK,Manchester,Tablet,Basic,Female,45-54
U00235,2024-03-07,Referral,CMP118,UK,London,Desktop,Free,Female,18-24
U00236,2024-05-16,Google Ads,CMP105,Germany,Berlin,Mobile,Basic,Female,45-54
U00237,2024-05-07,Facebook,CMP119,USA,Seattle,Desktop,Free,Male,45-54
U00238,2024-09-20,LinkedIn,CMP110,Germany,Munich,Mobile,Free,Female,45-54
U00239,2024-05-03,Referral,CMP112,USA,New York,Mobile,Basic,Female,45-54
U00240,2024-05-26,Organic,CMP104,Canada,Vancouver,Mobile,Basic,Female,45-54
U00241,2024-07-06,LinkedIn,CMP102,India,Bengaluru,Tablet,Free,Female,35-44
U00242,2024-02-07,Referral,CMP115,Germany,Munich,Tablet,Premium,Male,25-34
U00243,2024-02-19,Facebook,CMP111,Germany,Munich,Mobile,Free,Female,18-24
U00244,2024-01-24,Google Ads,CMP111,India,Coimbatore,Tablet,Basic,Male,25-34
U00245,2024-06-16,Facebook,CMP106,Canada,Vancouver,Tablet,Premium,Female,35-44
U00246,2024-09-16,Referral,CMP116,Canada,Vancouver,Desktop,Free,Female,35-44
U00247,2024-12-10,LinkedIn,CMP119,India,Coimbatore,Tablet,Premium,Male,45-54
U00248,2024-05-15,Referral,CMP119,Australia,Sydney,Tablet,Free,Female,25-34
U00249,2024-09-25,Black Friday,CMP120,Australia,Melbourne,Mobile,Premium,Male,18-24
U00250,2024-10-20,Organic,CMP107,Australia,Sydney,Desktop,Basic,Female,25-34
U00251,2024-07-30,Google Ads,CMP114,Australia,Melbourne,Tablet,Premium,Male,25-34
U00252,2024-09-22,Referral,CMP111,USA,Seattle,Desktop,Premium,Female,35-44
U00253,2024-03-29,Referral,CMP111,Germany,Munich,Tablet,Premium,Female,45-54
U00254,2024-04-08,Facebook,CMP118,USA,Austin,Mobile,Basic,Female,25-34
U00255,2024-12-19,LinkedIn,CMP111,Australia,Melbourne,Desktop,Premium,Female,35-44
U00256,2024-03-03,Black Friday,CMP118,Canada,Vancouver,Desktop,Basic,Male,35-44
U00257,2024-01-22,Black Friday,CMP103,UK,Manchester,Desktop,Premium,Female,45-54
U00258,2024-04-19,Referral,CMP109,USA,Seattle,Tablet,Basic,Male,18-24
U00259,2024-11-11,Referral,CMP108,Australia,Sydney,Mobile,Premium,Male,25-34
U00260,2024-01-27,LinkedIn,CMP111,India,Bengaluru,Desktop,Free,Male,18-24
U00261,2024-10-08,LinkedIn,CMP116,USA,Austin,Tablet,Free,Female,35-44
U00262,2024-05-26,Organic,CMP103,Australia,Sydney,Tablet,Premium,Male,25-34
U00263,2024-08-01,Organic,CMP113,USA,Austin,Mobile,Premium,Female,18-24
U00264,2024-01-05,Referral,CMP120,UK,London,Desktop,Basic,Female,45-54
U00265,2024-03-09,LinkedIn,CMP109,Canada,Toronto,Mobile,Basic,Male,45-54
U00266,2024-11-27,Black Friday,CMP106,UK,London,Tablet,Basic,Female,25-34
U00267,2024-03-30,Black Friday,CMP113,Canada,Vancouver,Tablet,Basic,Male,45-54
U00268,2024-12-08,Google Ads,CMP105,India,Coimbatore,Desktop,Free,Male,35-44
U00269,2024-07-15,LinkedIn,CMP109,USA,Austin,Desktop,Premium,Male,35-44
U00270,2024-11-30,Black Friday,CMP108,UK,London,Tablet,Free,Female,35-44
U00271,2024-03-22,Black Friday,CMP117,Germany,Munich,Tablet,Free,Female,35-44
U00272,2024-11-10,Google Ads,CMP105,USA,Austin,Mobile,Basic,Female,45-54
U00273,2024-12-25,LinkedIn,CMP118,Canada,Toronto,Mobile,Premium,Male,45-54
U00274,2024-09-27,Facebook,CMP103,Australia,Sydney,Mobile,Premium,Male,25-34
U00275,2024-03-25,Referral,CMP115,UK,London,Tablet,Free,Female,18-24
U00276,2024-09-18,Organic,CMP115,Germany,Berlin,Tablet,Basic,Female,18-24
U00277,2024-10-13,Black Friday,CMP110,Germany,Berlin,Desktop,Basic,Male,25-34
U00278,2024-10-23,Organic,CMP114,India,Coimbatore,Tablet,Free,Male,18-24
U00279,2024-08-29,Facebook,CMP114,India,Chennai,Mobile,Premium,Female,35-44
U00280,2024-07-14,LinkedIn,CMP113,Germany,Berlin,Tablet,Premium,Male,35-44
U00281,2024-03-01,Referral,CMP113,USA,Seattle,Mobile,Premium,Male,18-24
U00282,2024-01-12,LinkedIn,CMP118,UK,Manchester,Tablet,Basic,Male,25-34
U00283,2024-08-23,Google Ads,CMP109,UK,London,Tablet,Free,Male,45-54
U00284,2024-11-10,Google Ads,CMP107,India,Chennai,Mobile,Premium,Male,45-54
U00285,2024-11-02,Black Friday,CMP102,Australia,Sydney,Tablet,Free,Female,45-54
U00286,2024-04-29,Google Ads,CMP102,Canada,Toronto,Tablet,Basic,Male,35-44
U00287,2024-10-22,Black Friday,CMP111,Canada,Toronto,Desktop,Free,Male,45-54
U00288,2024-06-02,Organic,CMP118,UK,London,Tablet,Premium,Female,45-54
U00289,2024-01-25,Black Friday,CMP113,UK,Manchester,Tablet,Basic,Female,25-34
U00290,2024-06-02,Google Ads,CMP118,Germany,Munich,Mobile,Free,Female,25-34
U00291,2024-08-25,Referral,CMP114,India,Coimbatore,Tablet,Premium,Male,45-54
U00292,2024-05-04,Google Ads,CMP111,UK,London,Desktop,Basic,Male,25-34
U00293,2024-01-27,LinkedIn,CMP120,UK,London,Mobile,Free,Male,45-54
U00294,2024-04-16,Facebook,CMP101,UK,London,Mobile,Premium,Male,45-54
U00295,2024-05-04,Referral,CMP107,Australia,Melbourne,Mobile,Premium,Female,35-44
U00296,2024-07-13,Referral,CMP112,Germany,Munich,Desktop,Basic,Female,45-54
U00297,2024-02-20,LinkedIn,CMP111,Australia,Sydney,Desktop,Basic,Female,18-24
U00298,2024-10-15,Black Friday,CMP105,USA,New York,Desktop,Premium,Female,35-44
U00299,2024-03-19,Facebook,CMP108,USA,Austin,Tablet,Free,Female,35-44
U00300,2024-05-11,Black Friday,CMP116,Germany,Munich,Mobile,Premium,Female,25-34
U00301,2024-03-12,Referral,CMP116,Australia,Sydney,Tablet,Premium,Male,18-24
U00302,2024-02-08,Organic,CMP101,Australia,Melbourne,Mobile,Premium,Male,18-24
U00303,2024-12-28,Organic,CMP107,USA,Seattle,Desktop,Basic,Male,45-54
U00304,2024-12-03,Organic,CMP101,Germany,Munich,Mobile,Free,Female,35-44
U00305,2024-01-09,Black Friday,CMP114,Canada,Toronto,Mobile,Free,Male,25-34
U00306,2024-04-08,Referral,CMP109,Canada,Vancouver,Desktop,Basic,Male,35-44
U00307,2024-07-26,Referral,CMP108,Germany,Berlin,Desktop,Premium,Male,18-24
U00308,2024-02-17,LinkedIn,CMP113,Germany,Munich,Mobile,Premium,Male,25-34
U00309,2024-02-12,LinkedIn,CMP111,Germany,Berlin,Tablet,Free,Male,25-34
U00310,2024-12-20,LinkedIn,CMP109,Canada,Toronto,Mobile,Premium,Female,18-24
U00311,2024-04-01,Organic,CMP107,UK,London,Tablet,Basic,Male,35-44
U00312,2024-03-24,Google Ads,CMP119,Canada,Vancouver,Tablet,Premium,Female,45-54
U00313,2024-03-12,Black Friday,CMP103,Australia,Melbourne,Mobile,Free,Female,25-34
U00314,2024-02-08,Referral,CMP120,UK,Manchester,Desktop,Free,Female,45-54
U00315,2024-09-08,Facebook,CMP118,USA,Austin,Desktop,Free,Female,18-24
U00316,2024-11-12,Google Ads,CMP103,UK,London,Desktop,Free,Female,25-34
U00317,2024-07-18,Facebook,CMP104,UK,London,Mobile,Basic,Female,35-44
U00318,2024-05-18,Google Ads,CMP103,India,Chennai,Desktop,Basic,Female,18-24
U00319,2024-01-14,Facebook,CMP118,India,Chennai,Tablet,Premium,Female,45-54
U00320,2024-01-07,LinkedIn,CMP113,UK,London,Tablet,Premium,Male,25-34
U00321,2024-12-16,Google Ads,CMP105,Germany,Munich,Desktop,Basic,Female,25-34
U00322,2024-02-02,LinkedIn,CMP109,USA,Austin,Desktop,Basic,Male,35-44
U00323,2024-05-08,Black Friday,CMP116,USA,Seattle,Tablet,Free,Female,18-24
U00324,2024-03-10,Organic,CMP113,UK,Manchester,Tablet,Basic,Female,45-54
U00325,2024-06-20,Black Friday,CMP120,Germany,Berlin,Desktop,Basic,Male,45-54
U00326,2024-06-09,LinkedIn,CMP111,USA,Austin,Tablet,Premium,Female,25-34
U00327,2024-06-15,Facebook,CMP113,Germany,Munich,Mobile,Premium,Male,25-34
U00328,2024-12-15,Organic,CMP115,Canada,Toronto,Desktop,Basic,Male,45-54
U00329,2024-12-10,Google Ads,CMP110,Germany,Berlin,Desktop,Premium,Male,45-54
U00330,2024-07-12,LinkedIn,CMP120,India,Coimbatore,Tablet,Basic,Female,18-24
U00331,2024-07-03,Referral,CMP120,Australia,Sydney,Mobile,Free,Female,25-34
U00332,2024-11-27,Organic,CMP119,Canada,Vancouver,Desktop,Basic,Male,18-24
U00333,2024-02-20,Google Ads,CMP117,UK,London,Desktop,Basic,Female,45-54
U00334,2024-12-13,Black Friday,CMP117,Canada,Toronto,Desktop,Free,Female,18-24
U00335,2024-05-31,Organic,CMP104,Germany,Berlin,Desktop,Basic,Female,45-54
U00336,2024-04-15,LinkedIn,CMP112,Canada,Vancouver,Mobile,Basic,Female,35-44
U00337,2024-02-04,Organic,CMP104,UK,London,Desktop,Premium,Male,25-34
U00338,2024-05-04,Google Ads,CMP118,Canada,Toronto,Desktop,Premium,Female,45-54
U00339,2024-04-28,Black Friday,CMP106,Germany,Berlin,Tablet,Premium,Female,45-54
U00340,2024-01-15,Referral,CMP107,Australia,Melbourne,Tablet,Basic,Female,18-24
U00341,2024-12-26,Google Ads,CMP109,USA,Seattle,Mobile,Premium,Male,25-34
U00342,2024-07-06,Google Ads,CMP115,UK,London,Desktop,Premium,Female,35-44
U00343,2024-11-01,Referral,CMP113,Germany,Berlin,Desktop,Basic,Female,25-34
U00344,2024-12-10,Facebook,CMP120,Australia,Sydney,Tablet,Free,Female,18-24
U00345,2024-05-02,Organic,CMP106,UK,Manchester,Tablet,Free,Female,45-54
U00346,2024-11-01,Referral,CMP113,USA,Austin,Mobile,Basic,Male,25-34
U00347,2024-09-07,Google Ads,CMP106,UK,Manchester,Desktop,Premium,Male,35-44
U00348,2024-01-05,Google Ads,CMP107,Germany,Munich,Tablet,Premium,Female,45-54
U00349,2024-12-16,LinkedIn,CMP115,Germany,Munich,Mobile,Free,Male,25-34
U00350,2024-05-29,Facebook,CMP108,India,Bengaluru,Desktop,Free,Female,45-54
U00351,2024-10-08,Organic,CMP119,Canada,Toronto,Desktop,Premium,Female,18-24
U00352,2024-08-13,Google Ads,CMP114,Canada,Toronto,Tablet,Premium,Male,35-44
U00353,2024-01-17,Facebook,CMP112,Germany,Berlin,Desktop,Free,Male,25-34
U00354,2024-10-28,Facebook,CMP120,Australia,Melbourne,Mobile,Premium,Male,25-34
U00355,2024-04-15,Referral,CMP112,India,Bengaluru,Desktop,Premium,Male,35-44
U00356,2024-12-26,Facebook,CMP119,UK,Manchester,Tablet,Premium,Male,25-34
U00357,2024-07-29,Facebook,CMP105,India,Bengaluru,Mobile,Free,Male,35-44
U00358,2024-05-06,LinkedIn,CMP116,Australia,Sydney,Tablet,Premium,Female,45-54
U00359,2024-07-11,Organic,CMP103,Germany,Munich,Tablet,Premium,Female,35-44
U00360,2024-08-20,Facebook,CMP119,Germany,Berlin,Tablet,Free,Female,35-44
U00361,2024-02-02,LinkedIn,CMP107,Canada,Vancouver,Mobile,Basic,Female,35-44
U00362,2024-05-25,Referral,CMP119,UK,London,Tablet,Basic,Female,18-24
U00363,2024-01-24,Black Friday,CMP115,India,Chennai,Mobile,Free,Female,45-54
U00364,2024-01-01,Google Ads,CMP105,Germany,Munich,Mobile,Basic,Male,35-44
U00365,2024-05-08,Facebook,CMP106,India,Chennai,Desktop,Premium,Female,25-34
U00366,2024-08-07,Organic,CMP104,Australia,Sydney,Mobile,Basic,Male,25-34
U00367,2024-10-30,Referral,CMP115,USA,New York,Mobile,Premium,Female,18-24
U00368,2024-08-04,Google Ads,CMP116,Australia,Sydney,Mobile,Basic,Male,18-24
U00369,2024-02-22,Facebook,CMP110,UK,London,Desktop,Free,Male,18-24
U00370,2024-09-28,Organic,CMP120,Canada,Toronto,Desktop,Basic,Male,25-34
U00371,2024-07-29,Black Friday,CMP115,Canada,Toronto,Mobile,Free,Male,18-24
U00372,2024-10-28,LinkedIn,CMP112,Australia,Melbourne,Desktop,Free,Male,35-44
U00373,2024-11-26,Google Ads,CMP118,India,Bengaluru,Tablet,Premium,Female,18-24
U00374,2024-12-03,Google Ads,CMP117,UK,London,Tablet,Basic,Female,18-24
U00375,2024-05-02,LinkedIn,CMP104,Germany,Berlin,Desktop,Premium,Male,18-24
U00376,2024-07-03,Google Ads,CMP113,UK,Manchester,Desktop,Premium,Male,45-54
U00377,2024-02-07,Referral,CMP103,India,Chennai,Desktop,Free,Male,18-24
U00378,2024-07-22,Facebook,CMP117,Canada,Vancouver,Desktop,Premium,Female,18-24
U00379,2024-11-23,Referral,CMP120,Canada,Toronto,Desktop,Free,Female,18-24
U00380,2024-09-18,Google Ads,CMP118,USA,Austin,Desktop,Premium,Male,35-44
U00381,2024-12-23,Black Friday,CMP108,Germany,Berlin,Mobile,Free,Female,18-24
U00382,2024-08-20,Referral,CMP102,Canada,Vancouver,Tablet,Premium,Male,18-24
U00383,2024-01-07,Google Ads,CMP101,Australia,Sydney,Desktop,Basic,Female,25-34
U00384,2024-07-09,Black Friday,CMP109,USA,Seattle,Mobile,Free,Female,45-54
U00385,2024-05-19,Organic,CMP109,Canada,Toronto,Desktop,Basic,Female,18-24
U00386,2024-09-12,Google Ads,CMP112,Canada,Toronto,Desktop,Free,Male,25-34
U00387,2024-09-17,Organic,CMP101,India,Chennai,Mobile,Basic,Female,45-54
U00388,2024-03-17,Organic,CMP118,USA,Seattle,Tablet,Premium,Female,25-34
U00389,2024-06-13,LinkedIn,CMP111,USA,Austin,Mobile,Premium,Female,18-24
U00390,2024-09-14,Organic,CMP106,Australia,Sydney,Tablet,Free,Female,18-24
U00391,2024-08-26,Facebook,CMP111,UK,London,Tablet,Basic,Male,35-44
U00392,2024-04-12,Referral,CMP110,UK,London,Desktop,Basic,Female,25-34
U00393,2024-10-06,Google Ads,CMP101,USA,Austin,Mobile,Free,Female,18-24
U00394,2024-06-20,Black Friday,CMP113,India,Bengaluru,Tablet,Basic,Male,25-34
U00395,2024-09-28,LinkedIn,CMP116,USA,New York,Mobile,Premium,Female,18-24
U00396,2024-01-23,Referral,CMP114,USA,Seattle,Desktop,Basic,Male,18-24
U00397,2024-09-15,Black Friday,CMP113,USA,New York,Tablet,Premium,Male,45-54
U00398,2024-12-05,Google Ads,CMP110,USA,Austin,Desktop,Basic,Female,35-44
U00399,2024-08-19,Google Ads,CMP103,UK,London,Mobile,Premium,Male,25-34
U00400,2024-02-24,LinkedIn,CMP115,USA,Austin,Desktop,Free,Female,25-34
U00401,2024-08-19,LinkedIn,CMP109,UK,London,Mobile,Free,Female,18-24
U00402,2024-04-20,Google Ads,CMP103,UK,London,Desktop,Basic,Male,35-44
U00403,2024-05-13,Organic,CMP113,USA,Austin,Tablet,Premium,Male,18-24
U00404,2024-08-24,Google Ads,CMP104,India,Chennai,Mobile,Free,Male,25-34
U00405,2024-07-24,Black Friday,CMP103,UK,Manchester,Mobile,Free,Male,25-34
U00406,2024-11-26,Google Ads,CMP103,Germany,Munich,Mobile,Free,Female,18-24
U00407,2024-03-27,LinkedIn,CMP113,Canada,Vancouver,Mobile,Basic,Female,25-34
U00408,2024-06-30,Google Ads,CMP109,USA,Austin,Desktop,Free,Male,25-34
U00409,2024-11-27,LinkedIn,CMP114,UK,Manchester,Mobile,Free,Female,45-54
U00410,2024-03-11,Google Ads,CMP117,Germany,Berlin,Tablet,Premium,Male,45-54
U00411,2024-07-02,Referral,CMP116,Germany,Munich,Tablet,Premium,Female,45-54
U00412,2024-05-18,Organic,CMP111,USA,Seattle,Mobile,Free,Female,18-24
U00413,2024-08-29,Facebook,CMP119,Canada,Toronto,Mobile,Free,Male,25-34
U00414,2024-05-16,Black Friday,CMP102,Canada,Toronto,Tablet,Basic,Female,25-34
U00415,2024-03-31,Referral,CMP111,USA,Seattle,Tablet,Basic,Male,35-44
U00416,2024-10-17,Google Ads,CMP119,Canada,Toronto,Desktop,Premium,Female,25-34
U00417,2024-09-08,Organic,CMP102,India,Chennai,Tablet,Free,Male,45-54
U00418,2024-01-01,Referral,CMP107,UK,London,Desktop,Premium,Male,35-44
U00419,2024-01-31,Google Ads,CMP119,India,Bengaluru,Mobile,Free,Female,18-24
U00420,2024-07-10,Black Friday,CMP113,Australia,Sydney,Desktop,Basic,Female,25-34
U00421,2024-03-21,LinkedIn,CMP116,Australia,Melbourne,Mobile,Premium,Female,25-34
U00422,2024-12-06,Google Ads,CMP113,Canada,Vancouver,Tablet,Premium,Female,25-34
U00423,2024-03-31,Organic,CMP119,Australia,Melbourne,Tablet,Free,Male,35-44
U00424,2024-11-09,Black Friday,CMP119,USA,New York,Desktop,Free,Female,18-24
U00425,2024-05-01,Facebook,CMP106,UK,London,Tablet,Premium,Female,45-54
U00426,2024-01-06,Google Ads,CMP108,UK,London,Desktop,Basic,Male,18-24
U00427,2024-01-25,LinkedIn,CMP114,Germany,Berlin,Desktop,Basic,Female,35-44
U00428,2024-10-06,Organic,CMP116,Germany,Berlin,Mobile,Basic,Male,18-24
U00429,2024-05-30,Facebook,CMP109,India,Chennai,Mobile,Basic,Male,45-54
U00430,2024-03-23,Organic,CMP118,Australia,Sydney,Desktop,Premium,Female,18-24
U00431,2024-08-08,Google Ads,CMP120,Australia,Melbourne,Mobile,Free,Male,35-44
U00432,2024-04-15,LinkedIn,CMP118,USA,Seattle,Tablet,Premium,Female,35-44
U00433,2024-06-01,Organic,CMP102,USA,Austin,Tablet,Premium,Female,25-34
U00434,2024-01-28,Organic,CMP114,UK,London,Desktop,Premium,Female,25-34
U00435,2024-02-19,Google Ads,CMP106,India,Bengaluru,Desktop,Free,Female,18-24
U00436,2024-06-06,LinkedIn,CMP116,Germany,Munich,Mobile,Premium,Female,25-34
U00437,2024-07-08,Facebook,CMP106,Germany,Munich,Mobile,Basic,Female,45-54
U00438,2024-05-14,Facebook,CMP119,USA,New York,Mobile,Premium,Male,18-24
U00439,2024-12-08,Referral,CMP114,UK,London,Tablet,Free,Female,45-54
U00440,2024-10-01,LinkedIn,CMP119,Australia,Sydney,Desktop,Basic,Male,45-54
U00441,2024-01-18,Referral,CMP117,Canada,Toronto,Mobile,Basic,Male,25-34
U00442,2024-04-18,Google Ads,CMP102,USA,Austin,Mobile,Premium,Female,25-34
U00443,2024-11-17,Referral,CMP109,USA,Austin,Tablet,Free,Male,45-54
U00444,2024-10-11,Referral,CMP111,Germany,Munich,Tablet,Basic,Male,45-54
U00445,2024-02-27,Google Ads,CMP105,Germany,Berlin,Mobile,Premium,Male,35-44
U00446,2024-10-01,LinkedIn,CMP109,UK,Manchester,Tablet,Basic,Female,18-24
U00447,2024-03-29,LinkedIn,CMP105,UK,Manchester,Mobile,Basic,Female,25-34
U00448,2024-01-26,LinkedIn,CMP109,Australia,Melbourne,Mobile,Basic,Female,35-44
U00449,2024-05-23,Black Friday,CMP104,Germany,Berlin,Mobile,Basic,Female,35-44
U00450,2024-05-17,LinkedIn,CMP120,Australia,Sydney,Mobile,Basic,Male,45-54
U00451,2024-09-05,Facebook,CMP102,Canada,Toronto,Mobile,Basic,Female,25-34
U00452,2024-09-25,Organic,CMP106,Canada,Toronto,Mobile,Free,Male,18-24
U00453,2024-08-21,Facebook,CMP107,India,Coimbatore,Desktop,Basic,Female,18-24
U00454,2024-12-14,Google Ads,CMP112,India,Coimbatore,Tablet,Basic,Male,45-54
U00455,2024-10-27,Facebook,CMP112,Canada,Toronto,Desktop,Premium,Male,35-44
U00456,2024-01-15,Organic,CMP106,Germany,Berlin,Mobile,Premium,Male,25-34
U00457,2024-05-17,LinkedIn,CMP117,Australia,Sydney,Tablet,Free,Female,25-34
U00458,2024-11-27,Referral,CMP101,USA,New York,Desktop,Premium,Female,35-44
U00459,2024-08-04,Facebook,CMP115,Germany,Munich,Mobile,Basic,Female,45-54
U00460,2024-10-26,Organic,CMP117,India,Bengaluru,Desktop,Premium,Female,35-44
U00461,2024-12-16,LinkedIn,CMP103,India,Coimbatore,Desktop,Premium,Female,35-44
U00462,2024-05-13,Black Friday,CMP110,Australia,Sydney,Mobile,Premium,Male,18-24
U00463,2024-11-03,Black Friday,CMP111,Germany,Berlin,Tablet,Free,Female,35-44
U00464,2024-05-12,LinkedIn,CMP113,Germany,Berlin,Tablet,Premium,Male,35-44
U00465,2024-04-23,Referral,CMP116,Australia,Melbourne,Tablet,Basic,Male,25-34
U00466,2024-05-30,LinkedIn,CMP105,India,Bengaluru,Desktop,Premium,Male,35-44
U00467,2024-12-01,Google Ads,CMP112,India,Chennai,Tablet,Basic,Female,35-44
U00468,2024-07-09,Referral,CMP110,UK,Manchester,Mobile,Basic,Male,18-24
U00469,2024-08-29,Referral,CMP104,USA,Seattle,Desktop,Premium,Female,45-54
U00470,2024-01-28,Google Ads,CMP107,USA,Austin,Desktop,Premium,Female,25-34
U00471,2024-06-10,Google Ads,CMP103,Australia,Melbourne,Desktop,Premium,Male,35-44
U00472,2024-11-20,Organic,CMP115,India,Coimbatore,Mobile,Free,Male,45-54
U00473,2024-02-15,Referral,CMP114,USA,Seattle,Desktop,Basic,Female,45-54
U00474,2024-07-15,Organic,CMP118,India,Chennai,Tablet,Basic,Male,35-44
U00475,2024-09-28,Organic,CMP101,USA,Seattle,Tablet,Free,Male,35-44
U00476,2024-06-08,Organic,CMP113,USA,Seattle,Tablet,Basic,Male,18-24
U00477,2024-01-24,Facebook,CMP115,UK,Manchester,Desktop,Premium,Male,35-44
U00478,2024-09-07,Google Ads,CMP106,UK,Manchester,Mobile,Free,Male,25-34
U00479,2024-04-18,Organic,CMP119,Australia,Sydney,Mobile,Basic,Male,45-54
U00480,2024-11-23,Referral,CMP120,UK,London,Tablet,Free,Male,18-24
U00481,2024-01-25,Organic,CMP114,Australia,Melbourne,Desktop,Free,Female,45-54
U00482,2024-12-25,Google Ads,CMP101,USA,Austin,Desktop,Premium,Male,35-44
U00483,2024-11-14,Black Friday,CMP105,Canada,Vancouver,Mobile,Premium,Male,35-44
U00484,2024-02-28,LinkedIn,CMP107,India,Bengaluru,Mobile,Basic,Male,35-44
U00485,2024-12-26,Facebook,CMP106,Germany,Berlin,Tablet,Basic,Male,45-54
U00486,2024-06-18,Organic,CMP101,USA,Seattle,Mobile,Free,Female,25-34
U00487,2024-02-16,Organic,CMP104,Canada,Vancouver,Tablet,Free,Female,35-44
U00488,2024-05-15,Organic,CMP104,Germany,Berlin,Mobile,Basic,Female,35-44
U00489,2024-08-06,Organic,CMP104,Australia,Sydney,Mobile,Free,Male,35-44
U00490,2024-07-02,Referral,CMP109,Germany,Berlin,Desktop,Basic,Male,18-24
U00491,2024-07-24,LinkedIn,CMP109,Germany,Munich,Tablet,Basic,Female,25-34
U00492,2024-02-27,Black Friday,CMP102,USA,New York,Mobile,Basic,Female,45-54
U00493,2024-04-02,LinkedIn,CMP112,Canada,Toronto,Tablet,Premium,Male,45-54
U00494,2024-09-06,LinkedIn,CMP115,India,Chennai,Mobile,Basic,Female,18-24
U00495,2024-12-26,Referral,CMP119,Australia,Sydney,Tablet,Basic,Male,45-54
U00496,2024-12-04,Google Ads,CMP116,Australia,Melbourne,Tablet,Premium,Female,25-34
U00497,2024-10-12,Organic,CMP101,Canada,Toronto,Tablet,Basic,Female,25-34
U00498,2024-02-08,Facebook,CMP108,Germany,Munich,Desktop,Free,Male,45-54
U00499,2024-07-25,Organic,CMP115,USA,Austin,Tablet,Basic,Male,45-54
U00500,2024-08-16,Organic,CMP116,UK,London,Mobile,Basic,Female,18-24
U00501,2024-10-12,Organic,CMP103,Canada,Vancouver,Tablet,Premium,Male,45-54
U00502,2024-06-23,Organic,CMP108,UK,Manchester,Desktop,Premium,Female,35-44
U00503,2024-08-19,Organic,CMP108,India,Chennai,Desktop,Basic,Female,35-44
U00504,2024-12-25,Organic,CMP106,India,Coimbatore,Mobile,Premium,Female,18-24
U00505,2024-05-10,Google Ads,CMP107,Canada,Toronto,Desktop,Free,Female,25-34
U00506,2024-06-22,LinkedIn,CMP102,India,Bengaluru,Tablet,Premium,Male,45-54
U00507,2024-08-22,Referral,CMP117,Australia,Sydney,Desktop,Free,Male,45-54
U00508,2024-10-26,Referral,CMP106,Germany,Berlin,Tablet,Free,Male,45-54
U00509,2024-12-02,Referral,CMP111,Canada,Vancouver,Desktop,Premium,Male,35-44
U00510,2024-07-22,Facebook,CMP115,UK,London,Mobile,Basic,Female,35-44
U00511,2024-12-30,Referral,CMP107,Australia,Sydney,Mobile,Premium,Female,35-44
U00512,2024-12-10,Black Friday,CMP106,USA,Seattle,Tablet,Premium,Female,18-24
U00513,2024-06-29,LinkedIn,CMP119,Canada,Vancouver,Tablet,Premium,Female,45-54
U00514,2024-01-07,Organic,CMP101,Canada,Vancouver,Mobile,Free,Male,25-34
U00515,2024-05-16,Facebook,CMP109,USA,New York,Mobile,Premium,Female,25-34
U00516,2024-10-04,Facebook,CMP115,India,Chennai,Tablet,Premium,Male,45-54
U00517,2024-05-01,Black Friday,CMP110,Canada,Toronto,Desktop,Basic,Female,35-44
U00518,2024-10-09,Organic,CMP109,India,Chennai,Tablet,Basic,Male,35-44
U00519,2024-10-28,Black Friday,CMP120,Canada,Toronto,Tablet,Free,Female,45-54
U00520,2024-03-31,Organic,CMP106,Australia,Sydney,Tablet,Premium,Male,45-54
U00521,2024-01-21,Facebook,CMP118,Germany,Munich,Mobile,Free,Female,18-24
U00522,2024-06-18,Black Friday,CMP105,Germany,Berlin,Mobile,Basic,Male,35-44
U00523,2024-09-08,Referral,CMP112,Canada,Toronto,Tablet,Basic,Male,25-34
U00524,2024-09-23,Referral,CMP106,India,Coimbatore,Tablet,Premium,Female,18-24
U00525,2024-06-27,Google Ads,CMP111,USA,Austin,Desktop,Basic,Male,45-54
U00526,2024-10-14,Organic,CMP104,Australia,Melbourne,Desktop,Free,Male,18-24
U00527,2024-12-15,LinkedIn,CMP104,UK,Manchester,Desktop,Premium,Female,18-24
U00528,2024-09-21,Referral,CMP117,UK,Manchester,Desktop,Free,Female,25-34
U00529,2024-06-13,Organic,CMP104,Canada,Toronto,Tablet,Premium,Male,18-24
U00530,2024-04-17,Black Friday,CMP107,Australia,Melbourne,Mobile,Free,Female,18-24
U00531,2024-12-17,Organic,CMP115,USA,Seattle,Desktop,Free,Male,18-24
U00532,2024-01-28,Facebook,CMP118,USA,New York,Tablet,Free,Female,45-54
U00533,2024-07-17,Black Friday,CMP113,Germany,Munich,Desktop,Free,Female,18-24
U00534,2024-09-30,Black Friday,CMP120,India,Chennai,Tablet,Premium,Male,18-24
U00535,2024-07-02,Organic,CMP110,Canada,Vancouver,Tablet,Free,Female,45-54
U00536,2024-07-14,Black Friday,CMP101,Germany,Munich,Mobile,Premium,Male,25-34
U00537,2024-07-19,Facebook,CMP105,Canada,Vancouver,Tablet,Premium,Female,18-24
U00538,2024-10-10,Google Ads,CMP104,Canada,Toronto,Mobile,Premium,Female,18-24
U00539,2024-06-05,Black Friday,CMP112,USA,New York,Desktop,Premium,Male,25-34
U00540,2024-04-04,Referral,CMP109,USA,New York,Mobile,Free,Male,45-54
U00541,2024-11-26,Organic,CMP110,Canada,Toronto,Desktop,Free,Male,45-54
U00542,2024-06-18,Google Ads,CMP108,UK,London,Desktop,Premium,Male,25-34
U00543,2024-06-11,LinkedIn,CMP111,Germany,Munich,Tablet,Premium,Male,35-44
U00544,2024-06-10,Google Ads,CMP101,Germany,Munich,Mobile,Free,Female,35-44
U00545,2024-07-03,Black Friday,CMP111,USA,Austin,Desktop,Basic,Female,35-44
U00546,2024-09-06,Organic,CMP106,Canada,Toronto,Desktop,Free,Male,35-44
U00547,2024-11-16,Black Friday,CMP103,India,Chennai,Tablet,Premium,Male,45-54
U00548,2024-10-29,Organic,CMP118,USA,Austin,Tablet,Premium,Female,25-34
U00549,2024-07-06,Google Ads,CMP119,Germany,Munich,Mobile,Basic,Male,45-54
U00550,2024-07-05,Organic,CMP108,Canada,Toronto,Tablet,Free,Female,25-34
U00551,2024-04-01,Referral,CMP105,Canada,Vancouver,Desktop,Free,Male,45-54
U00552,2024-04-28,Facebook,CMP112,India,Chennai,Mobile,Premium,Male,35-44
U00553,2024-07-17,LinkedIn,CMP102,Germany,Berlin,Tablet,Basic,Male,35-44
U00554,2024-05-14,Referral,CMP119,Canada,Toronto,Desktop,Premium,Female,35-44
U00555,2024-10-27,Organic,CMP117,Australia,Melbourne,Desktop,Free,Female,35-44
U00556,2024-06-25,LinkedIn,CMP120,Germany,Berlin,Tablet,Free,Female,25-34
U00557,2024-04-27,Referral,CMP109,India,Chennai,Mobile,Free,Male,35-44
U00558,2024-11-04,Organic,CMP108,Australia,Melbourne,Desktop,Premium,Male,45-54
U00559,2024-12-11,LinkedIn,CMP107,Germany,Berlin,Tablet,Basic,Male,25-34
U00560,2024-01-23,Referral,CMP119,USA,New York,Mobile,Premium,Male,25-34
U00561,2024-01-29,Facebook,CMP106,USA,Seattle,Desktop,Premium,Male,35-44
U00562,2024-02-13,LinkedIn,CMP120,USA,Austin,Desktop,Free,Male,45-54
U00563,2024-11-03,Referral,CMP106,USA,Seattle,Tablet,Premium,Female,25-34
U00564,2024-12-17,LinkedIn,CMP120,UK,London,Mobile,Basic,Female,25-34
U00565,2024-02-25,Google Ads,CMP117,India,Bengaluru,Tablet,Basic,Male,18-24
U00566,2024-03-31,Referral,CMP120,Germany,Berlin,Tablet,Premium,Male,18-24
U00567,2024-09-03,Google Ads,CMP120,Australia,Sydney,Tablet,Premium,Female,45-54
U00568,2024-07-08,Black Friday,CMP117,India,Coimbatore,Mobile,Basic,Female,35-44
U00569,2024-10-28,Black Friday,CMP119,Australia,Sydney,Desktop,Free,Female,45-54
U00570,2024-04-29,Facebook,CMP120,India,Bengaluru,Desktop,Basic,Male,18-24
U00571,2024-12-29,Organic,CMP119,Australia,Sydney,Tablet,Free,Female,25-34
U00572,2024-12-18,LinkedIn,CMP112,UK,London,Mobile,Basic,Female,35-44
U00573,2024-10-01,Referral,CMP112,Germany,Munich,Tablet,Basic,Male,45-54
U00574,2024-10-09,LinkedIn,CMP106,Canada,Vancouver,Tablet,Premium,Female,35-44
U00575,2024-06-06,Facebook,CMP113,Canada,Toronto,Tablet,Free,Male,45-54
U00576,2024-12-24,Organic,CMP107,USA,Seattle,Desktop,Basic,Male,25-34
U00577,2024-07-18,Organic,CMP103,Australia,Sydney,Desktop,Premium,Female,18-24
U00578,2024-02-02,Google Ads,CMP112,UK,London,Tablet,Free,Female,45-54
U00579,2024-11-10,Referral,CMP110,Australia,Sydney,Mobile,Premium,Female,45-54
U00580,2024-01-06,Black Friday,CMP117,USA,Austin,Mobile,Free,Male,25-34
U00581,2024-12-11,Facebook,CMP108,India,Bengaluru,Mobile,Free,Male,35-44
U00582,2024-07-23,Black Friday,CMP113,UK,Manchester,Tablet,Free,Male,18-24
U00583,2024-02-16,Facebook,CMP118,Canada,Vancouver,Desktop,Basic,Male,25-34
U00584,2024-08-20,Referral,CMP101,Germany,Munich,Mobile,Basic,Male,18-24
U00585,2024-09-14,Facebook,CMP104,UK,Manchester,Tablet,Premium,Female,45-54
U00586,2024-07-12,LinkedIn,CMP108,Canada,Vancouver,Desktop,Premium,Female,18-24
U00587,2024-09-03,Facebook,CMP103,India,Coimbatore,Tablet,Free,Male,35-44
U00588,2024-07-30,Referral,CMP118,UK,London,Tablet,Basic,Male,35-44
U00589,2024-02-17,Black Friday,CMP111,Germany,Berlin,Tablet,Free,Female,35-44
U00590,2024-06-30,Referral,CMP109,USA,New York,Tablet,Premium,Male,45-54
U00591,2024-04-12,Black Friday,CMP108,USA,Austin,Mobile,Free,Male,25-34
U00592,2024-11-12,Google Ads,CMP104,UK,London,Mobile,Premium,Female,18-24
U00593,2024-10-04,LinkedIn,CMP112,India,Bengaluru,Desktop,Basic,Female,45-54
U00594,2024-04-03,Facebook,CMP113,Canada,Toronto,Tablet,Free,Male,45-54
U00595,2024-09-01,Organic,CMP117,Canada,Vancouver,Desktop,Premium,Male,45-54
U00596,2024-03-02,Referral,CMP115,Australia,Melbourne,Tablet,Free,Male,25-34
U00597,2024-07-13,Organic,CMP111,Canada,Vancouver,Tablet,Basic,Male,35-44
U00598,2024-05-01,LinkedIn,CMP120,UK,Manchester,Desktop,Free,Female,45-54
U00599,2024-04-17,Black Friday,CMP112,Germany,Munich,Desktop,Basic,Female,25-34
U00600,2024-10-19,Referral,CMP108,USA,New York,Tablet,Basic,Male,45-54
U00601,2024-07-14,Google Ads,CMP105,USA,Austin,Mobile,Free,Female,45-54
U00602,2024-03-09,Referral,CMP118,Australia,Melbourne,Desktop,Basic,Female,18-24
U00603,2024-07-22,Black Friday,CMP106,India,Chennai,Mobile,Basic,Female,18-24
U00604,2024-08-18,Facebook,CMP109,Australia,Melbourne,Desktop,Premium,Female,35-44
U00605,2024-01-11,Organic,CMP112,Germany,Berlin,Tablet,Premium,Male,35-44
U00606,2024-06-30,Black Friday,CMP117,UK,Manchester,Tablet,Basic,Male,45-54
U00607,2024-11-10,LinkedIn,CMP105,UK,London,Tablet,Basic,Female,45-54
U00608,2024-02-06,Google Ads,CMP111,India,Chennai,Desktop,Basic,Female,35-44
U00609,2024-11-05,LinkedIn,CMP109,Australia,Melbourne,Desktop,Premium,Female,45-54
U00610,2024-03-26,Organic,CMP105,USA,Seattle,Mobile,Premium,Female,18-24
U00611,2024-04-17,LinkedIn,CMP104,USA,New York,Mobile,Basic,Male,18-24
U00612,2024-07-22,Organic,CMP104,Canada,Vancouver,Tablet,Free,Male,45-54
U00613,2024-06-07,Google Ads,CMP110,USA,Austin,Tablet,Free,Male,25-34
U00614,2024-01-15,Black Friday,CMP112,India,Coimbatore,Desktop,Basic,Female,45-54
U00615,2024-03-10,Referral,CMP106,Australia,Melbourne,Tablet,Premium,Female,35-44
U00616,2024-06-26,Referral,CMP108,Germany,Berlin,Desktop,Basic,Female,45-54
U00617,2024-05-13,Facebook,CMP101,USA,New York,Tablet,Free,Female,35-44
U00618,2024-08-28,Organic,CMP116,Canada,Vancouver,Desktop,Free,Female,35-44
U00619,2024-11-01,Organic,CMP118,USA,Austin,Mobile,Basic,Female,45-54
U00620,2024-05-07,Black Friday,CMP113,USA,Austin,Mobile,Basic,Male,45-54
U00621,2024-11-16,Referral,CMP120,USA,Seattle,Tablet,Basic,Female,35-44
U00622,2024-07-30,Organic,CMP106,USA,New York,Desktop,Free,Female,45-54
U00623,2024-05-19,Referral,CMP116,Australia,Sydney,Desktop,Free,Male,18-24
U00624,2024-09-30,Google Ads,CMP104,India,Coimbatore,Desktop,Free,Female,18-24
U00625,2024-04-29,Google Ads,CMP101,India,Coimbatore,Mobile,Basic,Female,35-44
U00626,2024-09-12,LinkedIn,CMP102,UK,Manchester,Mobile,Free,Male,35-44
U00627,2024-07-19,Referral,CMP116,India,Chennai,Mobile,Basic,Female,18-24
U00628,2024-03-03,Google Ads,CMP113,Australia,Melbourne,Mobile,Premium,Male,25-34
U00629,2024-08-23,Organic,CMP117,Australia,Sydney,Desktop,Basic,Female,35-44
U00630,2024-03-22,Black Friday,CMP102,Australia,Sydney,Desktop,Basic,Female,25-34
U00631,2024-07-03,Black Friday,CMP107,India,Chennai,Mobile,Premium,Female,35-44
U00632,2024-01-08,Facebook,CMP119,USA,New York,Desktop,Free,Male,18-24
U00633,2024-10-24,LinkedIn,CMP120,Australia,Sydney,Desktop,Free,Male,25-34
U00634,2024-09-12,Black Friday,CMP120,India,Coimbatore,Tablet,Free,Male,35-44
U00635,2024-11-26,Black Friday,CMP118,USA,New York,Mobile,Basic,Male,35-44
U00636,2024-10-12,Facebook,CMP115,Australia,Sydney,Mobile,Premium,Female,35-44
U00637,2024-03-09,Organic,CMP116,UK,Manchester,Tablet,Basic,Female,25-34
U00638,2024-10-17,Referral,CMP112,USA,Austin,Tablet,Basic,Female,25-34
U00639,2024-02-05,Google Ads,CMP115,Canada,Vancouver,Desktop,Premium,Female,45-54
U00640,2024-01-01,Referral,CMP113,Australia,Sydney,Mobile,Premium,Female,25-34
U00641,2024-06-13,Organic,CMP118,Australia,Melbourne,Mobile,Premium,Female,25-34
U00642,2024-11-09,Facebook,CMP114,UK,Manchester,Mobile,Free,Male,18-24
U00643,2024-03-07,Organic,CMP107,USA,New York,Desktop,Free,Male,18-24
U00644,2024-10-19,LinkedIn,CMP116,Australia,Melbourne,Mobile,Basic,Male,18-24
U00645,2024-01-07,Black Friday,CMP116,USA,New York,Desktop,Premium,Male,35-44
U00646,2024-10-12,LinkedIn,CMP112,Australia,Sydney,Tablet,Basic,Male,18-24
U00647,2024-06-04,Google Ads,CMP117,India,Chennai,Mobile,Premium,Male,45-54
U00648,2024-04-07,Referral,CMP108,USA,Seattle,Tablet,Free,Female,18-24
U00649,2024-11-22,Facebook,CMP115,Canada,Vancouver,Mobile,Free,Male,45-54
U00650,2024-09-15,Black Friday,CMP106,UK,Manchester,Desktop,Basic,Female,35-44
U00651,2024-07-30,LinkedIn,CMP111,Australia,Sydney,Tablet,Premium,Male,45-54
U00652,2024-10-08,Facebook,CMP112,Australia,Melbourne,Desktop,Basic,Male,18-24
U00653,2024-05-25,Organic,CMP117,Canada,Toronto,Desktop,Free,Female,25-34
U00654,2024-04-19,Organic,CMP109,UK,London,Mobile,Free,Female,35-44
U00655,2024-03-20,Facebook,CMP112,USA,Seattle,Mobile,Free,Female,35-44
U00656,2024-02-17,LinkedIn,CMP119,Canada,Toronto,Tablet,Free,Female,45-54
U00657,2024-03-29,Black Friday,CMP119,Germany,Berlin,Tablet,Premium,Female,18-24
U00658,2024-10-22,Organic,CMP102,Germany,Munich,Desktop,Basic,Female,18-24
U00659,2024-04-26,Black Friday,CMP120,Australia,Sydney,Tablet,Premium,Female,18-24
U00660,2024-06-05,Organic,CMP111,Canada,Toronto,Desktop,Premium,Male,25-34
U00661,2024-01-26,Black Friday,CMP113,Australia,Melbourne,Tablet,Premium,Male,25-34
U00662,2024-08-09,LinkedIn,CMP105,UK,London,Desktop,Free,Female,18-24
U00663,2024-10-07,Facebook,CMP103,Germany,Munich,Tablet,Basic,Male,25-34
U00664,2024-09-03,Google Ads,CMP116,Canada,Vancouver,Tablet,Premium,Male,25-34
U00665,2024-05-04,Facebook,CMP114,India,Coimbatore,Tablet,Premium,Male,18-24
U00666,2024-12-09,LinkedIn,CMP112,Germany,Munich,Mobile,Basic,Female,18-24
U00667,2024-06-05,Facebook,CMP120,USA,Austin,Tablet,Free,Female,18-24
U00668,2024-04-29,Black Friday,CMP112,USA,New York,Tablet,Free,Male,18-24
U00669,2024-05-04,Google Ads,CMP110,Canada,Toronto,Desktop,Premium,Male,35-44
U00670,2024-08-18,Organic,CMP111,Germany,Berlin,Tablet,Premium,Male,25-34
U00671,2024-10-06,Facebook,CMP118,Canada,Vancouver,Tablet,Premium,Male,18-24
U00672,2024-07-11,Black Friday,CMP117,Canada,Toronto,Desktop,Free,Male,35-44
U00673,2024-04-12,Referral,CMP109,Australia,Sydney,Desktop,Premium,Male,18-24
U00674,2024-07-17,Facebook,CMP112,Australia,Sydney,Mobile,Basic,Female,25-34
U00675,2024-07-13,Black Friday,CMP104,Canada,Vancouver,Desktop,Premium,Male,25-34
U00676,2024-04-11,LinkedIn,CMP118,Canada,Toronto,Mobile,Free,Female,35-44
U00677,2024-09-07,Black Friday,CMP106,Germany,Berlin,Desktop,Premium,Female,35-44
U00678,2024-11-16,Google Ads,CMP117,UK,Manchester,Mobile,Premium,Female,45-54
U00679,2024-01-16,Facebook,CMP108,Canada,Toronto,Desktop,Basic,Male,18-24
U00680,2024-07-14,Black Friday,CMP120,Canada,Toronto,Desktop,Free,Male,45-54
U00681,2024-06-08,Facebook,CMP115,Canada,Toronto,Mobile,Premium,Male,25-34
U00682,2024-03-11,Black Friday,CMP117,UK,London,Desktop,Free,Male,35-44
U00683,2024-02-04,Referral,CMP104,Canada,Toronto,Desktop,Free,Male,35-44
U00684,2024-07-30,Facebook,CMP115,Germany,Munich,Mobile,Free,Male,25-34
U00685,2024-04-04,Referral,CMP120,India,Coimbatore,Tablet,Premium,Male,25-34
U00686,2024-04-28,Organic,CMP112,Australia,Sydney,Tablet,Basic,Male,45-54
U00687,2024-12-30,Facebook,CMP106,Australia,Melbourne,Desktop,Basic,Male,25-34
U00688,2024-04-08,Organic,CMP114,USA,New York,Desktop,Basic,Male,25-34
U00689,2024-04-14,Google Ads,CMP115,India,Bengaluru,Desktop,Premium,Female,45-54
U00690,2024-05-06,LinkedIn,CMP102,Germany,Munich,Tablet,Basic,Female,18-24
U00691,2024-09-23,LinkedIn,CMP115,India,Chennai,Mobile,Premium,Female,18-24
U00692,2024-10-12,Referral,CMP102,Germany,Berlin,Desktop,Basic,Female,35-44
U00693,2024-05-26,Google Ads,CMP114,Germany,Munich,Tablet,Free,Male,45-54
U00694,2024-11-26,Organic,CMP117,Germany,Berlin,Mobile,Premium,Male,45-54
U00695,2024-07-30,LinkedIn,CMP101,UK,London,Desktop,Premium,Male,45-54
U00696,2024-02-16,Facebook,CMP106,UK,London,Mobile,Free,Female,35-44
U00697,2024-02-13,Black Friday,CMP113,Canada,Toronto,Desktop,Premium,Female,18-24
U00698,2024-03-28,Referral,CMP105,UK,London,Mobile,Free,Male,45-54
U00699,2024-06-06,Black Friday,CMP115,UK,Manchester,Tablet,Free,Male,25-34
U00700,2024-04-13,Referral,CMP109,India,Chennai,Desktop,Basic,Female,18-24
U00701,2024-11-07,Google Ads,CMP107,Germany,Munich,Desktop,Basic,Female,18-24
U00702,2024-11-03,Organic,CMP108,Canada,Vancouver,Tablet,Premium,Male,18-24
U00703,2024-04-04,Organic,CMP112,USA,New York,Mobile,Free,Female,35-44
U00704,2024-02-14,Organic,CMP114,India,Chennai,Mobile,Premium,Female,25-34
U00705,2024-08-21,Referral,CMP112,Australia,Sydney,Mobile,Basic,Female,35-44
U00706,2024-07-13,LinkedIn,CMP118,India,Chennai,Desktop,Basic,Male,18-24
U00707,2024-12-21,Facebook,CMP117,UK,Manchester,Tablet,Free,Male,18-24
U00708,2024-02-25,Black Friday,CMP117,Canada,Toronto,Desktop,Premium,Female,45-54
U00709,2024-11-07,Facebook,CMP117,UK,Manchester,Mobile,Premium,Female,45-54
U00710,2024-09-09,Referral,CMP108,USA,Seattle,Desktop,Free,Male,18-24
U00711,2024-01-13,Black Friday,CMP104,Germany,Berlin,Tablet,Basic,Female,18-24
U00712,2024-06-19,Referral,CMP107,UK,London,Tablet,Free,Female,35-44
U00713,2024-02-04,Facebook,CMP117,UK,Manchester,Mobile,Free,Female,35-44
U00714,2024-07-21,Referral,CMP120,Australia,Sydney,Mobile,Free,Female,35-44
U00715,2024-12-10,LinkedIn,CMP102,Germany,Berlin,Desktop,Free,Female,35-44
U00716,2024-08-24,Black Friday,CMP102,Germany,Munich,Tablet,Premium,Female,18-24
U00717,2024-04-16,Black Friday,CMP111,Canada,Vancouver,Mobile,Free,Female,18-24
U00718,2024-06-22,Black Friday,CMP118,Germany,Berlin,Tablet,Premium,Female,25-34
U00719,2024-10-31,Facebook,CMP111,India,Bengaluru,Mobile,Basic,Female,18-24
U00720,2024-09-11,Facebook,CMP115,USA,Austin,Mobile,Premium,Female,25-34
U00721,2024-02-27,Organic,CMP107,UK,London,Desktop,Premium,Male,45-54
U00722,2024-09-13,Google Ads,CMP111,USA,Austin,Tablet,Premium,Female,35-44
U00723,2024-03-14,Referral,CMP105,India,Chennai,Tablet,Free,Female,45-54
U00724,2024-09-24,Organic,CMP110,India,Chennai,Tablet,Premium,Male,35-44
U00725,2024-08-27,Organic,CMP117,India,Bengaluru,Tablet,Basic,Male,35-44
U00726,2024-11-23,Facebook,CMP107,USA,New York,Desktop,Basic,Female,45-54
U00727,2024-12-09,Facebook,CMP105,India,Chennai,Desktop,Free,Male,18-24
U00728,2024-04-15,Facebook,CMP118,Canada,Vancouver,Desktop,Free,Female,25-34
U00729,2024-03-28,Facebook,CMP120,India,Coimbatore,Tablet,Basic,Male,25-34
U00730,2024-01-15,Black Friday,CMP102,Germany,Berlin,Desktop,Free,Male,45-54
U00731,2024-07-19,Black Friday,CMP120,USA,Seattle,Tablet,Premium,Female,35-44
U00732,2024-06-08,Google Ads,CMP118,UK,London,Desktop,Premium,Male,18-24
U00733,2024-12-23,Organic,CMP115,Germany,Munich,Tablet,Premium,Female,45-54
U00734,2024-04-28,Google Ads,CMP120,USA,Austin,Desktop,Basic,Male,35-44
U00735,2024-06-15,LinkedIn,CMP101,Germany,Berlin,Desktop,Free,Female,45-54
U00736,2024-08-24,Facebook,CMP112,USA,Seattle,Tablet,Free,Male,45-54
U00737,2024-02-24,Referral,CMP103,UK,Manchester,Tablet,Basic,Female,45-54
U00738,2024-05-02,Google Ads,CMP118,Canada,Toronto,Desktop,Basic,Male,35-44
U00739,2024-04-16,Referral,CMP114,Australia,Melbourne,Tablet,Basic,Male,25-34
U00740,2024-12-05,Organic,CMP119,Australia,Melbourne,Mobile,Premium,Female,35-44
U00741,2024-10-11,LinkedIn,CMP106,India,Coimbatore,Desktop,Free,Male,45-54
U00742,2024-06-16,Black Friday,CMP102,Germany,Berlin,Mobile,Free,Male,25-34
U00743,2024-12-04,LinkedIn,CMP118,USA,Austin,Desktop,Premium,Female,25-34
U00744,2024-04-15,Facebook,CMP110,Australia,Melbourne,Desktop,Premium,Female,18-24
U00745,2024-10-25,Referral,CMP117,India,Coimbatore,Mobile,Basic,Male,35-44
U00746,2024-10-08,Organic,CMP118,India,Coimbatore,Mobile,Basic,Male,25-34
U00747,2024-08-09,Referral,CMP113,Australia,Melbourne,Tablet,Basic,Female,45-54
U00748,2024-08-10,Google Ads,CMP106,Canada,Vancouver,Mobile,Free,Female,35-44
U00749,2024-08-01,Facebook,CMP105,USA,New York,Mobile,Free,Male,25-34
U00750,2024-09-06,LinkedIn,CMP105,Australia,Sydney,Mobile,Premium,Female,45-54
U00751,2024-12-22,LinkedIn,CMP120,Canada,Toronto,Desktop,Premium,Female,45-54
U00752,2024-07-15,Google Ads,CMP106,UK,Manchester,Tablet,Free,Female,25-34
U00753,2024-12-30,Facebook,CMP114,Canada,Vancouver,Mobile,Free,Female,35-44
U00754,2024-02-27,LinkedIn,CMP103,Canada,Toronto,Tablet,Premium,Female,45-54
U00755,2024-09-21,Referral,CMP120,India,Chennai,Mobile,Basic,Male,35-44
U00756,2024-11-09,Facebook,CMP118,India,Chennai,Desktop,Basic,Female,35-44
U00757,2024-08-03,Facebook,CMP110,UK,London,Mobile,Premium,Female,35-44
U00758,2024-02-01,LinkedIn,CMP119,Australia,Sydney,Tablet,Free,Female,18-24
U00759,2024-05-26,Organic,CMP105,Germany,Berlin,Desktop,Basic,Male,35-44
U00760,2024-05-20,Organic,CMP104,UK,London,Tablet,Premium,Male,45-54
U00761,2024-07-08,Facebook,CMP108,USA,Austin,Mobile,Premium,Male,35-44
U00762,2024-02-13,Referral,CMP105,USA,Austin,Desktop,Basic,Male,45-54
U00763,2024-11-22,Google Ads,CMP119,USA,Seattle,Desktop,Free,Female,18-24
U00764,2024-01-27,LinkedIn,CMP113,USA,Austin,Desktop,Basic,Male,45-54
U00765,2024-12-15,LinkedIn,CMP116,Australia,Melbourne,Mobile,Premium,Female,18-24
U00766,2024-05-27,LinkedIn,CMP111,Germany,Berlin,Mobile,Premium,Female,45-54
U00767,2024-11-08,Facebook,CMP111,Australia,Melbourne,Desktop,Free,Female,45-54
U00768,2024-08-24,Black Friday,CMP108,Australia,Sydney,Tablet,Basic,Male,35-44
U00769,2024-10-07,Black Friday,CMP101,India,Chennai,Mobile,Basic,Male,18-24
U00770,2024-12-16,Facebook,CMP108,Germany,Munich,Desktop,Free,Male,18-24
U00771,2024-11-13,Organic,CMP120,India,Bengaluru,Mobile,Premium,Male,18-24
U00772,2024-02-14,Google Ads,CMP113,Canada,Toronto,Mobile,Premium,Male,35-44
U00773,2024-05-30,Black Friday,CMP103,Germany,Munich,Desktop,Basic,Female,35-44
U00774,2024-03-23,Facebook,CMP102,India,Coimbatore,Desktop,Basic,Male,35-44
U00775,2024-05-15,LinkedIn,CMP103,USA,Austin,Mobile,Premium,Female,25-34
U00776,2024-11-26,Organic,CMP105,Germany,Munich,Mobile,Premium,Male,45-54
U00777,2024-05-12,Organic,CMP103,India,Chennai,Tablet,Premium,Female,45-54
U00778,2024-01-10,Google Ads,CMP101,Germany,Berlin,Tablet,Basic,Female,25-34
U00779,2024-12-24,LinkedIn,CMP119,UK,London,Tablet,Premium,Female,45-54
U00780,2024-08-11,Black Friday,CMP103,Germany,Berlin,Mobile,Basic,Female,18-24
U00781,2024-10-17,Facebook,CMP111,Canada,Vancouver,Desktop,Free,Male,35-44
U00782,2024-09-30,Organic,CMP115,UK,Manchester,Tablet,Free,Male,18-24
U00783,2024-07-15,Google Ads,CMP110,Australia,Melbourne,Mobile,Premium,Female,45-54
U00784,2024-02-13,LinkedIn,CMP107,Australia,Sydney,Mobile,Free,Male,25-34
U00785,2024-09-07,Organic,CMP118,Germany,Munich,Desktop,Premium,Female,18-24
U00786,2024-01-19,Organic,CMP111,UK,London,Desktop,Free,Male,45-54
U00787,2024-12-13,Google Ads,CMP119,Canada,Toronto,Mobile,Free,Male,45-54
U00788,2024-11-30,LinkedIn,CMP120,India,Chennai,Mobile,Premium,Male,18-24
U00789,2024-03-29,Organic,CMP110,Australia,Sydney,Desktop,Premium,Male,18-24
U00790,2024-02-24,LinkedIn,CMP120,India,Bengaluru,Mobile,Free,Male,45-54
U00791,2024-06-21,Black Friday,CMP113,Australia,Melbourne,Mobile,Premium,Male,35-44
U00792,2024-04-19,Referral,CMP106,India,Coimbatore,Mobile,Free,Female,25-34
U00793,2024-07-31,Black Friday,CMP112,USA,Seattle,Mobile,Basic,Male,18-24
U00794,2024-03-09,Black Friday,CMP120,India,Coimbatore,Mobile,Free,Female,18-24
U00795,2024-01-04,Google Ads,CMP103,India,Bengaluru,Tablet,Premium,Female,45-54
U00796,2024-12-21,Black Friday,CMP105,Germany,Berlin,Mobile,Premium,Female,45-54
U00797,2024-07-29,Google Ads,CMP120,USA,Seattle,Mobile,Premium,Male,45-54
U00798,2024-11-09,Black Friday,CMP110,India,Coimbatore,Desktop,Free,Male,25-34
U00799,2024-03-01,Organic,CMP120,Canada,Vancouver,Tablet,Premium,Male,45-54
U00800,2024-11-16,Google Ads,CMP109,Australia,Sydney,Mobile,Free,Male,45-54
U00801,2024-09-11,Google Ads,CMP102,USA,New York,Tablet,Basic,Female,25-34
U00802,2024-08-10,Facebook,CMP120,UK,Manchester,Mobile,Free,Male,25-34
U00803,2024-03-21,LinkedIn,CMP117,India,Chennai,Mobile,Free,Female,35-44
U00804,2024-08-02,Black Friday,CMP111,USA,New York,Mobile,Basic,Male,18-24
U00805,2024-05-01,LinkedIn,CMP107,Australia,Melbourne,Mobile,Free,Female,45-54
U00806,2024-01-28,Google Ads,CMP107,Germany,Munich,Mobile,Basic,Female,25-34
U00807,2024-08-22,Google Ads,CMP112,Australia,Melbourne,Mobile,Basic,Male,18-24
U00808,2024-12-20,Organic,CMP109,Canada,Toronto,Mobile,Basic,Female,45-54
U00809,2024-03-28,Google Ads,CMP110,UK,London,Tablet,Premium,Male,25-34
U00810,2024-02-14,Referral,CMP116,Germany,Berlin,Tablet,Basic,Female,35-44
U00811,2024-01-08,LinkedIn,CMP108,Australia,Sydney,Desktop,Basic,Male,25-34
U00812,2024-10-20,LinkedIn,CMP102,India,Chennai,Desktop,Premium,Male,45-54
U00813,2024-09-28,LinkedIn,CMP104,Germany,Munich,Desktop,Free,Male,18-24
U00814,2024-12-20,LinkedIn,CMP107,Australia,Sydney,Desktop,Basic,Male,18-24
U00815,2024-01-09,Black Friday,CMP110,Germany,Berlin,Tablet,Basic,Male,45-54
U00816,2024-08-25,Black Friday,CMP113,USA,New York,Desktop,Premium,Female,18-24
U00817,2024-11-17,LinkedIn,CMP111,India,Bengaluru,Mobile,Basic,Female,35-44
U00818,2024-12-23,Referral,CMP119,Canada,Toronto,Tablet,Free,Female,18-24
U00819,2024-09-20,Facebook,CMP102,Australia,Sydney,Desktop,Basic,Female,18-24
U00820,2024-07-06,Google Ads,CMP118,UK,London,Tablet,Premium,Male,25-34
U00821,2024-06-20,Referral,CMP104,USA,Seattle,Desktop,Premium,Male,25-34
U00822,2024-06-13,Facebook,CMP117,UK,Manchester,Desktop,Free,Male,35-44
U00823,2024-06-25,LinkedIn,CMP117,Germany,Berlin,Desktop,Premium,Female,45-54
U00824,2024-11-13,Black Friday,CMP103,UK,London,Desktop,Free,Male,45-54
U00825,2024-04-01,Organic,CMP104,UK,London,Desktop,Free,Male,45-54
U00826,2024-03-18,Referral,CMP101,USA,Austin,Desktop,Premium,Male,45-54
U00827,2024-06-26,LinkedIn,CMP101,Germany,Munich,Mobile,Free,Male,25-34
U00828,2024-09-23,Facebook,CMP114,Australia,Melbourne,Tablet,Premium,Female,45-54
U00829,2024-10-30,Black Friday,CMP117,Australia,Melbourne,Desktop,Basic,Male,35-44
U00830,2024-03-28,Google Ads,CMP116,UK,Manchester,Desktop,Free,Male,35-44
U00831,2024-05-25,Google Ads,CMP120,Germany,Berlin,Tablet,Premium,Female,25-34
U00832,2024-03-30,Black Friday,CMP105,Australia,Sydney,Mobile,Free,Male,35-44
U00833,2024-10-21,LinkedIn,CMP109,USA,Austin,Mobile,Free,Male,35-44
U00834,2024-06-25,Facebook,CMP115,USA,Seattle,Mobile,Premium,Female,18-24
U00835,2024-01-13,LinkedIn,CMP105,Germany,Munich,Desktop,Free,Male,35-44
U00836,2024-11-27,Facebook,CMP116,Australia,Melbourne,Tablet,Premium,Male,45-54
U00837,2024-06-22,Organic,CMP116,Australia,Sydney,Mobile,Premium,Male,35-44
U00838,2024-01-13,Referral,CMP108,Germany,Munich,Desktop,Free,Female,18-24
U00839,2024-11-07,Google Ads,CMP119,Australia,Sydney,Desktop,Free,Male,18-24
U00840,2024-10-02,Black Friday,CMP103,Germany,Munich,Mobile,Basic,Female,18-24
U00841,2024-12-07,LinkedIn,CMP105,UK,Manchester,Desktop,Basic,Female,18-24
U00842,2024-05-25,Facebook,CMP110,UK,Manchester,Tablet,Free,Male,45-54
U00843,2024-07-31,Facebook,CMP106,Germany,Munich,Tablet,Basic,Male,18-24
U00844,2024-03-14,Facebook,CMP116,USA,Seattle,Desktop,Free,Female,18-24
U00845,2024-01-04,Black Friday,CMP109,Germany,Munich,Mobile,Premium,Female,25-34
U00846,2024-04-12,LinkedIn,CMP110,USA,Seattle,Desktop,Free,Female,35-44
U00847,2024-09-09,Black Friday,CMP115,Canada,Toronto,Mobile,Free,Male,35-44
U00848,2024-06-02,Black Friday,CMP116,Australia,Sydney,Tablet,Premium,Female,45-54
U00849,2024-04-01,Black Friday,CMP108,Germany,Berlin,Mobile,Basic,Female,18-24
U00850,2024-11-02,Facebook,CMP119,Australia,Melbourne,Tablet,Basic,Female,45-54
U00851,2024-12-21,Facebook,CMP117,India,Bengaluru,Tablet,Free,Female,25-34
U00852,2024-10-24,Google Ads,CMP111,India,Coimbatore,Tablet,Free,Female,25-34
U00853,2024-01-28,Facebook,CMP114,UK,Manchester,Mobile,Basic,Female,18-24
U00854,2024-09-20,Black Friday,CMP106,USA,New York,Tablet,Free,Female,35-44
U00855,2024-12-16,Facebook,CMP112,UK,London,Tablet,Premium,Female,25-34
U00856,2024-01-07,Referral,CMP110,USA,Austin,Desktop,Basic,Female,25-34
U00857,2024-02-22,Google Ads,CMP117,USA,New York,Mobile,Premium,Male,45-54
U00858,2024-08-23,Organic,CMP105,India,Chennai,Desktop,Basic,Female,35-44
U00859,2024-03-12,Referral,CMP117,Germany,Munich,Mobile,Premium,Female,18-24
U00860,2024-03-01,Google Ads,CMP105,USA,Seattle,Mobile,Basic,Male,25-34
U00861,2024-03-07,LinkedIn,CMP104,India,Chennai,Mobile,Basic,Female,18-24
U00862,2024-04-10,Organic,CMP117,India,Bengaluru,Mobile,Basic,Male,35-44
U00863,2024-01-23,Facebook,CMP101,India,Chennai,Mobile,Premium,Male,25-34
U00864,2024-04-04,Facebook,CMP101,Australia,Sydney,Mobile,Premium,Female,35-44
U00865,2024-06-29,Referral,CMP120,USA,New York,Tablet,Premium,Male,18-24
U00866,2024-10-23,Referral,CMP107,India,Bengaluru,Mobile,Basic,Male,18-24
U00867,2024-02-20,Referral,CMP116,USA,Austin,Tablet,Premium,Male,45-54
U00868,2024-12-10,Google Ads,CMP112,India,Coimbatore,Desktop,Free,Male,45-54
U00869,2024-02-27,Organic,CMP115,UK,London,Tablet,Free,Female,35-44
U00870,2024-12-26,Referral,CMP102,UK,London,Desktop,Basic,Male,45-54
U00871,2024-05-25,Referral,CMP110,Germany,Munich,Mobile,Premium,Female,35-44
U00872,2024-08-07,Organic,CMP116,USA,Seattle,Desktop,Free,Male,45-54
U00873,2024-12-10,LinkedIn,CMP115,India,Bengaluru,Tablet,Premium,Male,18-24
U00874,2024-03-14,LinkedIn,CMP119,Germany,Berlin,Tablet,Free,Male,35-44
U00875,2024-04-11,Google Ads,CMP120,UK,Manchester,Mobile,Free,Female,45-54
U00876,2024-05-22,Referral,CMP119,Australia,Melbourne,Tablet,Basic,Female,45-54
U00877,2024-12-07,LinkedIn,CMP116,Canada,Vancouver,Mobile,Basic,Male,18-24
U00878,2024-05-08,LinkedIn,CMP108,Germany,Berlin,Mobile,Free,Male,18-24
U00879,2024-09-12,Organic,CMP106,Australia,Melbourne,Tablet,Premium,Female,25-34
U00880,2024-06-04,Referral,CMP104,Canada,Toronto,Tablet,Premium,Female,45-54
U00881,2024-04-13,Black Friday,CMP116,UK,Manchester,Tablet,Basic,Female,18-24
U00882,2024-01-17,Organic,CMP113,Germany,Munich,Desktop,Basic,Female,45-54
U00883,2024-01-19,Google Ads,CMP118,India,Bengaluru,Desktop,Premium,Male,45-54
U00884,2024-08-08,Facebook,CMP113,USA,Austin,Mobile,Premium,Female,45-54
U00885,2024-08-31,Google Ads,CMP117,Canada,Toronto,Desktop,Basic,Female,45-54
U00886,2024-11-11,Facebook,CMP110,Australia,Melbourne,Mobile,Free,Male,25-34
U00887,2024-07-06,Black Friday,CMP119,UK,London,Tablet,Basic,Female,18-24
U00888,2024-08-07,Facebook,CMP114,UK,Manchester,Mobile,Premium,Male,25-34
U00889,2024-04-30,Facebook,CMP119,Australia,Sydney,Tablet,Free,Female,18-24
U00890,2024-06-21,Organic,CMP118,USA,Austin,Mobile,Basic,Female,45-54
U00891,2024-05-16,Black Friday,CMP116,India,Bengaluru,Mobile,Basic,Female,45-54
U00892,2024-06-14,Organic,CMP116,Canada,Toronto,Tablet,Premium,Male,35-44
U00893,2024-09-11,Black Friday,CMP111,Canada,Toronto,Tablet,Basic,Female,45-54
U00894,2024-04-13,Black Friday,CMP103,Germany,Berlin,Desktop,Basic,Male,35-44
U00895,2024-10-20,Google Ads,CMP120,Germany,Berlin,Tablet,Premium,Male,35-44
U00896,2024-05-19,Referral,CMP117,India,Coimbatore,Desktop,Free,Female,18-24
U00897,2024-11-29,Referral,CMP110,UK,Manchester,Tablet,Premium,Female,25-34
U00898,2024-07-31,Facebook,CMP120,Germany,Munich,Tablet,Premium,Male,18-24
U00899,2024-11-17,Referral,CMP106,Australia,Melbourne,Mobile,Premium,Female,35-44
U00900,2024-11-22,Referral,CMP114,Canada,Toronto,Tablet,Free,Female,45-54
U00901,2024-03-16,Google Ads,CMP110,USA,Austin,Desktop,Basic,Male,25-34
U00902,2024-07-30,Facebook,CMP106,UK,Manchester,Tablet,Premium,Male,45-54
U00903,2024-05-02,Google Ads,CMP107,India,Chennai,Mobile,Basic,Female,45-54
U00904,2024-10-13,LinkedIn,CMP102,Germany,Berlin,Mobile,Basic,Male,18-24
U00905,2024-05-12,Black Friday,CMP118,UK,London,Tablet,Free,Female,18-24
U00906,2024-01-29,Facebook,CMP120,India,Coimbatore,Mobile,Basic,Female,18-24
U00907,2024-07-22,Google Ads,CMP108,Australia,Sydney,Tablet,Premium,Male,35-44
U00908,2024-09-11,Google Ads,CMP120,India,Chennai,Desktop,Basic,Female,25-34
U00909,2024-08-04,Google Ads,CMP104,USA,New York,Mobile,Basic,Female,45-54
U00910,2024-05-10,Organic,CMP116,Canada,Vancouver,Tablet,Free,Female,45-54
U00911,2024-08-31,Google Ads,CMP109,Australia,Sydney,Desktop,Basic,Female,35-44
U00912,2024-01-11,Referral,CMP102,Australia,Sydney,Tablet,Premium,Male,35-44
U00913,2024-10-09,Facebook,CMP112,Germany,Berlin,Tablet,Free,Female,45-54
U00914,2024-01-05,Facebook,CMP110,Germany,Berlin,Mobile,Basic,Male,25-34
U00915,2024-08-12,Facebook,CMP114,Australia,Sydney,Desktop,Free,Female,45-54
U00916,2024-07-30,Black Friday,CMP114,UK,London,Mobile,Premium,Female,18-24
U00917,2024-06-29,Referral,CMP118,Germany,Munich,Desktop,Premium,Male,18-24
U00918,2024-11-24,Google Ads,CMP115,Australia,Sydney,Mobile,Basic,Male,35-44
U00919,2024-06-09,Organic,CMP104,Canada,Toronto,Mobile,Premium,Male,45-54
U00920,2024-06-12,LinkedIn,CMP105,Germany,Munich,Mobile,Premium,Female,35-44
U00921,2024-04-11,LinkedIn,CMP112,India,Chennai,Desktop,Basic,Male,18-24
U00922,2024-01-12,Black Friday,CMP120,Canada,Toronto,Mobile,Basic,Male,35-44
U00923,2024-12-25,Organic,CMP113,USA,Seattle,Desktop,Premium,Female,25-34
U00924,2024-02-15,Google Ads,CMP119,UK,London,Mobile,Premium,Female,45-54
U00925,2024-12-10,Organic,CMP108,Germany,Berlin,Mobile,Basic,Female,45-54
U00926,2024-07-14,LinkedIn,CMP107,USA,Seattle,Mobile,Basic,Male,45-54
U00927,2024-04-02,Google Ads,CMP101,Germany,Munich,Desktop,Free,Female,25-34
U00928,2024-07-08,Black Friday,CMP115,Canada,Toronto,Mobile,Basic,Male,35-44
U00929,2024-12-20,Black Friday,CMP107,Germany,Munich,Tablet,Basic,Female,18-24
U00930,2024-02-18,Organic,CMP102,Canada,Vancouver,Mobile,Basic,Female,18-24
U00931,2024-01-03,Referral,CMP120,UK,Manchester,Desktop,Basic,Female,25-34
U00932,2024-10-13,Referral,CMP106,India,Coimbatore,Mobile,Premium,Female,35-44
U00933,2024-08-27,Organic,CMP111,USA,Seattle,Tablet,Basic,Male,35-44
U00934,2024-02-29,Organic,CMP105,UK,Manchester,Desktop,Premium,Female,45-54
U00935,2024-05-24,Referral,CMP109,UK,Manchester,Desktop,Free,Female,45-54
U00936,2024-03-18,Black Friday,CMP115,Canada,Toronto,Mobile,Free,Male,25-34
U00937,2024-04-03,LinkedIn,CMP109,India,Chennai,Tablet,Basic,Female,18-24
U00938,2024-09-10,LinkedIn,CMP112,India,Bengaluru,Tablet,Basic,Female,45-54
U00939,2024-02-27,Google Ads,CMP104,Australia,Melbourne,Mobile,Free,Female,25-34
U00940,2024-03-27,Referral,CMP109,Australia,Sydney,Tablet,Free,Male,45-54
U00941,2024-02-09,LinkedIn,CMP104,USA,Austin,Mobile,Basic,Male,45-54
U00942,2024-07-10,Organic,CMP111,Canada,Toronto,Mobile,Free,Female,45-54
U00943,2024-08-20,Facebook,CMP120,Australia,Sydney,Desktop,Free,Female,35-44
U00944,2024-10-18,Google Ads,CMP102,USA,Seattle,Desktop,Basic,Male,18-24
U00945,2024-10-07,LinkedIn,CMP103,Canada,Vancouver,Desktop,Free,Male,45-54
U00946,2024-02-15,Google Ads,CMP106,India,Coimbatore,Desktop,Basic,Male,18-24
U00947,2024-06-01,LinkedIn,CMP110,Germany,Berlin,Desktop,Premium,Male,35-44
U00948,2024-09-19,LinkedIn,CMP115,USA,Austin,Desktop,Basic,Female,18-24
U00949,2024-08-04,Referral,CMP106,UK,Manchester,Tablet,Basic,Male,18-24
U00950,2024-09-19,LinkedIn,CMP108,UK,London,Desktop,Premium,Male,35-44
U00951,2024-08-27,Organic,CMP116,Germany,Munich,Mobile,Free,Female,25-34
U00952,2024-09-24,Facebook,CMP119,Germany,Berlin,Tablet,Free,Male,18-24
U00953,2024-09-18,LinkedIn,CMP104,Germany,Munich,Tablet,Premium,Female,35-44
U00954,2024-05-10,Organic,CMP117,Canada,Toronto,Mobile,Premium,Female,25-34
U00955,2024-04-03,Organic,CMP103,Germany,Munich,Tablet,Basic,Female,45-54
U00956,2024-12-09,Referral,CMP109,Germany,Munich,Mobile,Free,Male,18-24
U00957,2024-11-05,Black Friday,CMP104,UK,Manchester,Tablet,Free,Male,45-54
U00958,2024-02-29,Google Ads,CMP116,India,Coimbatore,Tablet,Basic,Female,35-44
U00959,2024-11-12,Facebook,CMP113,Canada,Vancouver,Mobile,Free,Male,18-24
U00960,2024-04-07,Organic,CMP107,India,Chennai,Mobile,Basic,Male,25-34
U00961,2024-08-11,Referral,CMP107,Australia,Sydney,Desktop,Basic,Male,45-54
U00962,2024-08-04,Organic,CMP106,India,Chennai,Tablet,Premium,Female,45-54
U00963,2024-08-29,LinkedIn,CMP119,India,Chennai,Mobile,Basic,Female,18-24
U00964,2024-06-19,Organic,CMP114,India,Coimbatore,Desktop,Premium,Female,18-24
U00965,2024-09-06,LinkedIn,CMP117,Germany,Munich,Mobile,Premium,Male,18-24
U00966,2024-08-04,Facebook,CMP118,Canada,Toronto,Desktop,Premium,Female,45-54
U00967,2024-02-29,Referral,CMP112,Germany,Munich,Tablet,Basic,Male,25-34
U00968,2024-05-27,Google Ads,CMP116,Australia,Melbourne,Desktop,Free,Male,35-44
U00969,2024-11-04,Black Friday,CMP115,Australia,Sydney,Desktop,Premium,Female,45-54
U00970,2024-12-10,Black Friday,CMP112,Australia,Melbourne,Mobile,Premium,Male,35-44
U00971,2024-12-19,Organic,CMP116,Australia,Sydney,Mobile,Free,Male,45-54
U00972,2024-02-21,LinkedIn,CMP110,Germany,Berlin,Mobile,Premium,Male,18-24
U00973,2024-07-02,Facebook,CMP106,UK,London,Tablet,Free,Male,35-44
U00974,2024-08-08,Referral,CMP108,India,Chennai,Tablet,Free,Female,35-44
U00975,2024-06-23,Organic,CMP118,UK,Manchester,Mobile,Premium,Male,18-24
U00976,2024-08-12,Organic,CMP104,Germany,Berlin,Tablet,Free,Male,25-34
U00977,2024-11-18,Google Ads,CMP112,India,Chennai,Tablet,Basic,Female,45-54
U00978,2024-02-20,Black Friday,CMP112,USA,Austin,Mobile,Free,Male,45-54
U00979,2024-07-31,Google Ads,CMP116,India,Coimbatore,Desktop,Premium,Male,18-24
U00980,2024-05-16,Black Friday,CMP114,UK,Manchester,Tablet,Premium,Male,25-34
U00981,2024-09-28,Google Ads,CMP105,Germany,Munich,Desktop,Basic,Female,35-44
U00982,2024-01-16,Google Ads,CMP101,Germany,Berlin,Mobile,Basic,Female,45-54
U00983,2024-03-25,Organic,CMP113,Germany,Berlin,Tablet,Premium,Male,18-24
U00984,2024-11-19,Black Friday,CMP117,Australia,Melbourne,Desktop,Basic,Female,35-44
U00985,2024-06-25,Facebook,CMP117,India,Bengaluru,Mobile,Premium,Female,45-54
U00986,2024-11-25,Referral,CMP120,USA,Seattle,Tablet,Basic,Female,45-54
U00987,2024-04-11,Organic,CMP102,UK,Manchester,Desktop,Premium,Male,35-44
U00988,2024-04-19,Referral,CMP118,India,Coimbatore,Tablet,Basic,Male,18-24
U00989,2024-01-15,Referral,CMP109,Canada,Toronto,Desktop,Premium,Female,18-24
U00990,2024-01-31,Facebook,CMP117,UK,Manchester,Mobile,Free,Male,45-54
U00991,2024-06-01,Black Friday,CMP101,Canada,Vancouver,Desktop,Free,Male,35-44
U00992,2024-06-02,Black Friday,CMP119,UK,London,Tablet,Basic,Male,18-24
U00993,2024-06-16,Referral,CMP107,Canada,Vancouver,Desktop,Free,Male,45-54
U00994,2024-07-29,Organic,CMP102,India,Coimbatore,Mobile,Basic,Male,45-54
U00995,2024-02-09,Black Friday,CMP117,UK,Manchester,Tablet,Premium,Female,35-44
U00996,2024-10-26,Black Friday,CMP114,Germany,Munich,Tablet,Basic,Female,25-34
U00997,2024-03-14,Google Ads,CMP116,Canada,Vancouver,Mobile,Premium,Male,25-34
U00998,2024-08-21,Organic,CMP106,Germany,Munich,Mobile,Premium,Female,18-24
U00999,2024-03-02,Referral,CMP110,UK,London,Tablet,Free,Male,35-44
U01000,2024-06-05,Facebook,CMP110,UK,Manchester,Mobile,Free,Male,45-54
U01001,2024-01-25,Facebook,CMP107,UK,London,Tablet,Basic,Male,18-24
U01002,2024-10-07,Organic,CMP102,UK,Manchester,Desktop,Premium,Female,45-54
U01003,2024-06-21,LinkedIn,CMP120,Germany,Berlin,Mobile,Premium,Female,45-54
U01004,2024-12-07,Google Ads,CMP111,Germany,Berlin,Tablet,Premium,Female,45-54
U01005,2024-04-29,Facebook,CMP118,Germany,Berlin,Tablet,Basic,Female,18-24
U01006,2024-03-25,Organic,CMP119,Australia,Melbourne,Tablet,Premium,Male,18-24
U01007,2024-04-08,Referral,CMP119,Canada,Toronto,Tablet,Premium,Male,45-54
U01008,2024-09-14,Organic,CMP118,India,Chennai,Mobile,Basic,Male,25-34
U01009,2024-12-27,LinkedIn,CMP103,Canada,Vancouver,Desktop,Premium,Male,45-54
U01010,2024-01-12,LinkedIn,CMP106,UK,Manchester,Mobile,Premium,Female,45-54
U01011,2024-05-11,Organic,CMP104,India,Bengaluru,Mobile,Basic,Male,25-34
U01012,2024-05-10,Google Ads,CMP110,India,Coimbatore,Tablet,Free,Male,35-44
U01013,2024-04-02,Black Friday,CMP102,India,Coimbatore,Desktop,Free,Female,25-34
U01014,2024-07-30,Facebook,CMP113,UK,London,Mobile,Free,Male,25-34
U01015,2024-09-09,Referral,CMP113,Canada,Toronto,Desktop,Free,Female,45-54
U01016,2024-10-10,Organic,CMP116,Germany,Berlin,Desktop,Premium,Male,18-24
U01017,2024-05-17,Referral,CMP104,Canada,Toronto,Tablet,Premium,Male,35-44
U01018,2024-10-17,LinkedIn,CMP103,Germany,Berlin,Mobile,Basic,Male,25-34
U01019,2024-10-02,Referral,CMP115,Germany,Berlin,Mobile,Basic,Female,25-34
U01020,2024-01-01,LinkedIn,CMP109,India,Bengaluru,Desktop,Premium,Female,35-44
U01021,2024-11-19,Referral,CMP117,USA,Austin,Mobile,Free,Male,35-44
U01022,2024-02-15,Black Friday,CMP104,Germany,Berlin,Tablet,Premium,Female,45-54
U01023,2024-04-17,Referral,CMP111,Canada,Vancouver,Tablet,Basic,Female,35-44
U01024,2024-05-05,Facebook,CMP111,Australia,Sydney,Desktop,Premium,Female,18-24
U01025,2024-12-20,Black Friday,CMP101,USA,Seattle,Desktop,Free,Male,25-34
U01026,2024-07-30,Black Friday,CMP116,Canada,Vancouver,Tablet,Free,Male,18-24
U01027,2024-12-09,Black Friday,CMP104,Germany,Munich,Desktop,Premium,Female,45-54
U01028,2024-03-31,Organic,CMP104,Australia,Melbourne,Desktop,Free,Female,18-24
U01029,2024-04-23,Organic,CMP109,Australia,Melbourne,Mobile,Free,Female,25-34
U01030,2024-04-29,Facebook,CMP102,Germany,Munich,Desktop,Premium,Male,18-24
U01031,2024-04-10,LinkedIn,CMP104,Australia,Melbourne,Tablet,Premium,Female,25-34
U01032,2024-10-09,Black Friday,CMP119,USA,Seattle,Tablet,Premium,Male,18-24
U01033,2024-10-28,Black Friday,CMP103,USA,New York,Desktop,Premium,Male,35-44
U01034,2024-04-08,Organic,CMP118,Australia,Melbourne,Tablet,Premium,Female,18-24
U01035,2024-08-06,Black Friday,CMP102,Australia,Melbourne,Desktop,Basic,Female,18-24
U01036,2024-12-14,LinkedIn,CMP116,Canada,Vancouver,Tablet,Free,Male,18-24
U01037,2024-05-22,Referral,CMP115,Germany,Munich,Mobile,Basic,Male,35-44
U01038,2024-02-11,Organic,CMP108,Canada,Vancouver,Mobile,Free,Male,25-34
U01039,2024-06-17,Organic,CMP104,UK,London,Desktop,Basic,Male,35-44
U01040,2024-05-08,Organic,CMP116,USA,New York,Desktop,Free,Female,25-34
U01041,2024-02-07,Referral,CMP115,Canada,Toronto,Tablet,Basic,Male,18-24
U01042,2024-02-01,LinkedIn,CMP111,India,Bengaluru,Mobile,Free,Male,45-54
U01043,2024-01-29,Referral,CMP114,UK,London,Mobile,Premium,Male,18-24
U01044,2024-05-30,LinkedIn,CMP104,Germany,Munich,Mobile,Premium,Male,45-54
U01045,2024-07-15,LinkedIn,CMP120,Germany,Berlin,Desktop,Premium,Male,45-54
U01046,2024-09-21,Referral,CMP107,UK,London,Mobile,Free,Male,25-34
U01047,2024-10-20,Black Friday,CMP117,USA,Austin,Desktop,Basic,Female,45-54
U01048,2024-04-05,Google Ads,CMP102,USA,New York,Mobile,Basic,Female,35-44
U01049,2024-06-08,Referral,CMP105,Canada,Toronto,Desktop,Basic,Female,35-44
U01050,2024-07-07,Referral,CMP119,India,Bengaluru,Tablet,Free,Male,25-34
U01051,2024-09-16,Organic,CMP114,Canada,Vancouver,Mobile,Free,Male,18-24
U01052,2024-06-23,Black Friday,CMP116,USA,Seattle,Tablet,Basic,Female,35-44
U01053,2024-11-11,LinkedIn,CMP111,UK,London,Mobile,Basic,Male,45-54
U01054,2024-04-22,Black Friday,CMP108,India,Bengaluru,Mobile,Basic,Male,25-34
U01055,2024-09-03,Facebook,CMP113,Australia,Sydney,Desktop,Free,Male,35-44
U01056,2024-01-06,Facebook,CMP101,India,Bengaluru,Mobile,Free,Female,45-54
U01057,2024-04-09,Referral,CMP112,Australia,Sydney,Mobile,Free,Male,35-44
U01058,2024-03-30,Facebook,CMP106,USA,Austin,Tablet,Free,Male,25-34
U01059,2024-01-12,Facebook,CMP104,USA,New York,Tablet,Free,Female,18-24
U01060,2024-06-22,Facebook,CMP115,USA,New York,Desktop,Basic,Male,45-54
U01061,2024-12-30,Organic,CMP105,India,Chennai,Mobile,Free,Female,35-44
U01062,2024-06-11,LinkedIn,CMP108,Canada,Toronto,Tablet,Premium,Male,35-44
U01063,2024-03-17,Google Ads,CMP102,UK,Manchester,Mobile,Premium,Female,25-34
U01064,2024-02-11,Black Friday,CMP120,Germany,Berlin,Mobile,Premium,Female,35-44
U01065,2024-09-12,LinkedIn,CMP106,Canada,Vancouver,Tablet,Basic,Female,45-54
U01066,2024-08-30,Referral,CMP113,UK,London,Mobile,Free,Male,45-54
U01067,2024-04-30,Google Ads,CMP110,Germany,Munich,Desktop,Premium,Male,35-44
U01068,2024-05-10,Organic,CMP105,Canada,Toronto,Desktop,Basic,Female,25-34
U01069,2024-10-25,LinkedIn,CMP117,India,Bengaluru,Desktop,Basic,Female,45-54
U01070,2024-08-09,Facebook,CMP116,Germany,Munich,Desktop,Basic,Male,25-34
U01071,2024-08-14,Facebook,CMP103,USA,Austin,Mobile,Basic,Male,35-44
U01072,2024-04-26,Organic,CMP103,India,Coimbatore,Mobile,Premium,Male,35-44
U01073,2024-04-10,Facebook,CMP109,Australia,Melbourne,Tablet,Premium,Female,25-34
U01074,2024-12-27,Google Ads,CMP118,Canada,Vancouver,Mobile,Basic,Female,35-44
U01075,2024-07-25,Referral,CMP101,Germany,Munich,Tablet,Premium,Male,45-54
U01076,2024-04-26,Black Friday,CMP107,USA,Austin,Mobile,Premium,Female,45-54
U01077,2024-06-23,Facebook,CMP107,India,Coimbatore,Tablet,Basic,Male,45-54
U01078,2024-08-18,Organic,CMP112,Canada,Toronto,Tablet,Free,Female,18-24
U01079,2024-09-12,Facebook,CMP111,Australia,Sydney,Desktop,Basic,Female,35-44
U01080,2024-06-15,Organic,CMP119,Canada,Toronto,Mobile,Free,Female,45-54
U01081,2024-07-14,LinkedIn,CMP103,USA,Seattle,Desktop,Free,Female,18-24
U01082,2024-06-17,LinkedIn,CMP110,Canada,Toronto,Mobile,Free,Male,18-24
U01083,2024-12-18,LinkedIn,CMP101,Canada,Toronto,Mobile,Free,Female,35-44
U01084,2024-04-15,Facebook,CMP117,USA,New York,Desktop,Free,Female,18-24
U01085,2024-03-28,LinkedIn,CMP113,UK,London,Mobile,Free,Female,45-54
U01086,2024-02-05,Google Ads,CMP105,Germany,Berlin,Desktop,Basic,Female,25-34
U01087,2024-11-05,Facebook,CMP119,Canada,Toronto,Tablet,Premium,Female,35-44
U01088,2024-04-13,Google Ads,CMP115,India,Chennai,Desktop,Premium,Male,35-44
U01089,2024-10-18,LinkedIn,CMP115,Germany,Berlin,Tablet,Free,Female,45-54
U01090,2024-06-26,Black Friday,CMP110,Australia,Melbourne,Tablet,Free,Female,25-34
U01091,2024-04-01,Black Friday,CMP114,Canada,Vancouver,Desktop,Premium,Male,18-24
U01092,2024-07-20,Organic,CMP108,Australia,Sydney,Desktop,Premium,Female,18-24
U01093,2024-12-23,Black Friday,CMP107,Australia,Melbourne,Desktop,Premium,Male,35-44
U01094,2024-02-09,Referral,CMP111,India,Coimbatore,Desktop,Free,Female,25-34
U01095,2024-09-16,LinkedIn,CMP101,India,Chennai,Tablet,Premium,Female,45-54
U01096,2024-06-24,LinkedIn,CMP107,Australia,Melbourne,Mobile,Free,Female,18-24
U01097,2024-12-29,Facebook,CMP115,USA,Austin,Desktop,Free,Male,25-34
U01098,2024-08-12,LinkedIn,CMP109,USA,New York,Mobile,Free,Male,25-34
U01099,2024-05-30,Referral,CMP113,India,Chennai,Mobile,Premium,Male,35-44
U01100,2024-03-19,Facebook,CMP106,Germany,Berlin,Tablet,Free,Male,45-54
U01101,2024-12-22,Black Friday,CMP117,India,Bengaluru,Tablet,Premium,Male,45-54
U01102,2024-12-19,LinkedIn,CMP102,UK,London,Mobile,Basic,Male,25-34
U01103,2024-07-10,Google Ads,CMP103,USA,New York,Desktop,Free,Male,35-44
U01104,2024-04-08,Black Friday,CMP103,Australia,Sydney,Mobile,Premium,Male,25-34
U01105,2024-01-23,Referral,CMP104,Germany,Munich,Desktop,Premium,Male,25-34
U01106,2024-10-04,LinkedIn,CMP104,Germany,Berlin,Mobile,Free,Female,35-44
U01107,2024-03-29,LinkedIn,CMP111,India,Chennai,Desktop,Free,Female,25-34
U01108,2024-02-03,Facebook,CMP120,Australia,Melbourne,Mobile,Free,Male,45-54
U01109,2024-06-03,LinkedIn,CMP104,Canada,Toronto,Desktop,Free,Female,45-54
U01110,2024-12-13,Google Ads,CMP111,Australia,Sydney,Tablet,Premium,Female,45-54
U01111,2024-02-04,Organic,CMP120,UK,Manchester,Desktop,Premium,Male,18-24
U01112,2024-04-29,Referral,CMP104,India,Coimbatore,Mobile,Premium,Female,25-34
U01113,2024-11-13,Organic,CMP105,India,Coimbatore,Desktop,Basic,Male,25-34
U01114,2024-07-11,Black Friday,CMP102,USA,New York,Tablet,Premium,Female,35-44
U01115,2024-03-09,Facebook,CMP102,UK,Manchester,Tablet,Basic,Male,25-34
U01116,2024-06-18,Google Ads,CMP107,UK,London,Tablet,Free,Male,45-54
U01117,2024-09-23,Google Ads,CMP115,UK,London,Mobile,Basic,Male,25-34
U01118,2024-01-27,Google Ads,CMP107,Australia,Sydney,Mobile,Free,Male,25-34
U01119,2024-09-16,LinkedIn,CMP115,India,Coimbatore,Mobile,Premium,Male,25-34
U01120,2024-08-05,Referral,CMP108,USA,Austin,Desktop,Premium,Female,25-34
U01121,2024-05-19,Organic,CMP112,Germany,Munich,Desktop,Free,Female,45-54
U01122,2024-08-04,Referral,CMP114,Canada,Toronto,Desktop,Free,Female,45-54
U01123,2024-02-12,Referral,CMP118,UK,London,Tablet,Premium,Male,35-44
U01124,2024-07-13,Facebook,CMP115,Germany,Munich,Desktop,Premium,Female,18-24
U01125,2024-06-19,Black Friday,CMP116,USA,New York,Mobile,Free,Male,18-24
U01126,2024-09-13,Black Friday,CMP112,Australia,Melbourne,Desktop,Basic,Female,35-44
U01127,2024-07-15,Facebook,CMP119,Germany,Berlin,Desktop,Free,Male,45-54
U01128,2024-10-16,Google Ads,CMP114,USA,Austin,Tablet,Basic,Female,35-44
U01129,2024-12-22,Black Friday,CMP113,India,Coimbatore,Tablet,Free,Male,45-54
U01130,2024-01-18,Black Friday,CMP101,UK,London,Desktop,Premium,Female,25-34
U01131,2024-05-10,Referral,CMP119,USA,Seattle,Mobile,Free,Male,18-24
U01132,2024-11-25,LinkedIn,CMP113,Australia,Sydney,Tablet,Free,Female,25-34
U01133,2024-08-06,Black Friday,CMP110,UK,Manchester,Tablet,Basic,Female,18-24
U01134,2024-02-25,Referral,CMP112,Australia,Sydney,Desktop,Premium,Male,45-54
U01135,2024-12-23,Organic,CMP106,UK,Manchester,Mobile,Free,Male,45-54
U01136,2024-09-25,Black Friday,CMP110,Germany,Munich,Mobile,Free,Female,25-34
U01137,2024-12-26,Google Ads,CMP116,USA,New York,Tablet,Free,Female,25-34
U01138,2024-04-05,Organic,CMP106,USA,New York,Desktop,Basic,Female,18-24
U01139,2024-11-21,Organic,CMP110,USA,New York,Desktop,Free,Female,18-24
U01140,2024-06-24,Referral,CMP108,India,Coimbatore,Desktop,Premium,Male,18-24
U01141,2024-02-01,Organic,CMP119,UK,London,Mobile,Free,Male,45-54
U01142,2024-11-04,Facebook,CMP116,Canada,Vancouver,Desktop,Premium,Female,35-44
U01143,2024-07-08,Facebook,CMP111,Australia,Sydney,Desktop,Premium,Female,45-54
U01144,2024-11-08,Facebook,CMP111,India,Chennai,Mobile,Basic,Female,25-34
U01145,2024-01-14,Organic,CMP117,Canada,Vancouver,Tablet,Free,Female,45-54
U01146,2024-11-12,Black Friday,CMP116,Australia,Melbourne,Tablet,Free,Male,35-44
U01147,2024-01-09,Facebook,CMP102,Australia,Melbourne,Tablet,Basic,Male,45-54
U01148,2024-07-23,Referral,CMP103,Australia,Melbourne,Desktop,Basic,Male,45-54
U01149,2024-05-30,Google Ads,CMP105,Canada,Toronto,Mobile,Basic,Male,35-44
U01150,2024-12-10,LinkedIn,CMP106,Canada,Vancouver,Mobile,Basic,Male,25-34
U01151,2024-04-18,Black Friday,CMP103,USA,New York,Desktop,Premium,Male,25-34
U01152,2024-06-16,Facebook,CMP108,Germany,Munich,Tablet,Basic,Male,25-34
U01153,2024-09-30,Black Friday,CMP116,Australia,Sydney,Tablet,Basic,Male,18-24
U01154,2024-11-25,LinkedIn,CMP113,UK,Manchester,Mobile,Free,Female,18-24
U01155,2024-05-28,Organic,CMP103,India,Coimbatore,Tablet,Premium,Male,18-24
U01156,2024-10-20,Google Ads,CMP111,UK,Manchester,Tablet,Premium,Male,35-44
U01157,2024-02-01,Referral,CMP107,Canada,Vancouver,Desktop,Basic,Female,25-34
U01158,2024-09-23,Referral,CMP119,Australia,Sydney,Mobile,Basic,Male,45-54
U01159,2024-06-10,Facebook,CMP108,USA,Austin,Tablet,Basic,Male,35-44
U01160,2024-03-15,Black Friday,CMP102,Australia,Melbourne,Desktop,Premium,Male,35-44
U01161,2024-12-27,LinkedIn,CMP107,Canada,Vancouver,Desktop,Premium,Female,18-24
U01162,2024-06-19,Black Friday,CMP107,USA,Seattle,Mobile,Premium,Male,25-34
U01163,2024-09-06,LinkedIn,CMP110,Australia,Sydney,Mobile,Premium,Female,35-44
U01164,2024-08-04,LinkedIn,CMP112,Australia,Melbourne,Desktop,Free,Female,35-44
U01165,2024-12-22,Black Friday,CMP118,USA,Austin,Mobile,Free,Female,18-24
U01166,2024-12-29,LinkedIn,CMP106,UK,London,Desktop,Premium,Female,35-44
U01167,2024-03-15,Google Ads,CMP107,USA,Seattle,Tablet,Free,Female,18-24
U01168,2024-12-13,LinkedIn,CMP114,USA,Seattle,Mobile,Free,Male,35-44
U01169,2024-08-30,Organic,CMP104,USA,Seattle,Tablet,Basic,Female,25-34
U01170,2024-11-17,LinkedIn,CMP108,Australia,Sydney,Mobile,Free,Female,45-54
U01171,2024-06-03,Referral,CMP106,Australia,Melbourne,Tablet,Premium,Male,45-54
U01172,2024-11-28,Facebook,CMP115,Germany,Munich,Mobile,Free,Male,18-24
U01173,2024-03-03,Black Friday,CMP117,Germany,Berlin,Mobile,Premium,Female,35-44
U01174,2024-12-21,Organic,CMP119,Australia,Sydney,Desktop,Basic,Female,35-44
U01175,2024-10-19,Organic,CMP111,USA,New York,Tablet,Premium,Male,45-54
U01176,2024-12-24,LinkedIn,CMP118,India,Bengaluru,Tablet,Basic,Male,18-24
U01177,2024-04-16,Organic,CMP106,Australia,Sydney,Mobile,Premium,Female,35-44
U01178,2024-03-03,Google Ads,CMP119,India,Chennai,Tablet,Free,Male,35-44
U01179,2024-01-18,Organic,CMP117,India,Coimbatore,Desktop,Premium,Male,45-54
U01180,2024-12-02,Google Ads,CMP110,India,Chennai,Tablet,Basic,Female,25-34
U01181,2024-10-22,Black Friday,CMP111,Germany,Munich,Tablet,Premium,Male,18-24
U01182,2024-12-05,Google Ads,CMP102,India,Chennai,Mobile,Basic,Male,25-34
U01183,2024-11-04,Google Ads,CMP119,Canada,Vancouver,Desktop,Free,Female,18-24
U01184,2024-10-08,Facebook,CMP113,UK,London,Desktop,Basic,Male,35-44
U01185,2024-12-12,Black Friday,CMP105,Germany,Berlin,Mobile,Premium,Female,25-34
U01186,2024-07-09,Black Friday,CMP117,Canada,Toronto,Desktop,Free,Female,45-54
U01187,2024-07-13,Referral,CMP108,India,Chennai,Desktop,Free,Male,45-54
U01188,2024-02-03,Black Friday,CMP103,UK,Manchester,Desktop,Basic,Male,25-34
U01189,2024-05-20,Organic,CMP113,India,Chennai,Desktop,Free,Male,25-34
U01190,2024-09-26,Facebook,CMP119,Australia,Melbourne,Mobile,Premium,Female,35-44
U01191,2024-10-09,Referral,CMP104,UK,London,Mobile,Basic,Female,25-34
U01192,2024-06-25,Black Friday,CMP118,Australia,Melbourne,Desktop,Premium,Male,35-44
U01193,2024-01-05,Referral,CMP105,Australia,Sydney,Mobile,Basic,Female,18-24
U01194,2024-11-23,Black Friday,CMP108,UK,Manchester,Tablet,Basic,Male,45-54
U01195,2024-06-30,Referral,CMP110,Germany,Munich,Desktop,Premium,Male,35-44
U01196,2024-11-21,Facebook,CMP114,India,Coimbatore,Mobile,Premium,Male,18-24
U01197,2024-05-02,Google Ads,CMP119,India,Chennai,Mobile,Premium,Female,45-54
U01198,2024-01-06,Black Friday,CMP117,Germany,Berlin,Desktop,Basic,Male,45-54
U01199,2024-01-08,Google Ads,CMP101,Canada,Vancouver,Tablet,Premium,Female,25-34
U01200,2024-12-04,Black Friday,CMP120,Canada,Toronto,Tablet,Basic,Male,25-34
U01201,2024-03-30,Facebook,CMP105,India,Bengaluru,Desktop,Free,Female,45-54
U01202,2024-07-13,Facebook,CMP104,USA,Austin,Tablet,Free,Male,35-44
U01203,2024-06-02,Facebook,CMP109,Germany,Berlin,Mobile,Premium,Female,25-34
U01204,2024-06-05,Referral,CMP102,Australia,Melbourne,Tablet,Basic,Male,35-44
U01205,2024-01-04,LinkedIn,CMP111,Canada,Vancouver,Desktop,Free,Male,35-44
U01206,2024-04-05,Facebook,CMP101,Germany,Berlin,Desktop,Basic,Male,18-24
U01207,2024-09-27,Google Ads,CMP114,Canada,Toronto,Desktop,Free,Male,35-44
U01208,2024-04-25,LinkedIn,CMP112,Germany,Munich,Desktop,Basic,Male,35-44
U01209,2024-02-25,Black Friday,CMP115,Germany,Berlin,Mobile,Basic,Female,18-24
U01210,2024-07-02,Google Ads,CMP104,Australia,Sydney,Desktop,Free,Male,45-54
U01211,2024-08-03,Facebook,CMP102,Australia,Sydney,Tablet,Free,Female,35-44
U01212,2024-03-01,LinkedIn,CMP118,Germany,Munich,Tablet,Premium,Male,35-44
U01213,2024-07-23,Black Friday,CMP113,Canada,Toronto,Mobile,Free,Male,25-34
U01214,2024-03-20,Referral,CMP101,UK,London,Mobile,Premium,Female,45-54
U01215,2024-11-01,Organic,CMP114,Australia,Melbourne,Desktop,Basic,Female,18-24
U01216,2024-08-07,Referral,CMP105,USA,Seattle,Tablet,Free,Male,35-44
U01217,2024-02-28,Black Friday,CMP108,UK,Manchester,Mobile,Basic,Male,25-34
U01218,2024-04-06,Black Friday,CMP105,Canada,Toronto,Mobile,Free,Female,18-24
U01219,2024-05-20,Google Ads,CMP114,USA,New York,Tablet,Free,Male,18-24
U01220,2024-07-13,Referral,CMP110,Germany,Berlin,Mobile,Basic,Female,45-54
U01221,2024-02-01,LinkedIn,CMP102,Canada,Vancouver,Mobile,Basic,Female,35-44
U01222,2024-06-28,LinkedIn,CMP108,Australia,Melbourne,Mobile,Free,Male,18-24
U01223,2024-01-27,Black Friday,CMP111,Australia,Sydney,Desktop,Basic,Female,18-24
U01224,2024-08-08,Facebook,CMP116,USA,Austin,Desktop,Basic,Male,18-24
U01225,2024-12-08,Black Friday,CMP118,India,Chennai,Desktop,Basic,Female,35-44
U01226,2024-05-01,Facebook,CMP107,Australia,Melbourne,Mobile,Free,Male,18-24
U01227,2024-01-22,Black Friday,CMP107,Canada,Toronto,Tablet,Basic,Male,18-24
U01228,2024-10-06,Facebook,CMP110,Canada,Vancouver,Mobile,Premium,Male,18-24
U01229,2024-03-06,LinkedIn,CMP118,USA,Seattle,Desktop,Premium,Female,35-44
U01230,2024-08-17,Black Friday,CMP104,Australia,Melbourne,Mobile,Basic,Female,18-24
U01231,2024-03-26,Facebook,CMP105,Canada,Vancouver,Mobile,Premium,Male,25-34
U01232,2024-07-22,Black Friday,CMP118,Germany,Berlin,Mobile,Basic,Female,45-54
U01233,2024-07-24,Facebook,CMP107,Canada,Toronto,Mobile,Free,Male,18-24
U01234,2024-09-19,Referral,CMP117,Germany,Munich,Desktop,Free,Female,35-44
U01235,2024-10-09,Google Ads,CMP108,India,Chennai,Tablet,Free,Female,18-24
U01236,2024-11-23,Facebook,CMP105,USA,Austin,Mobile,Premium,Male,25-34
U01237,2024-09-30,Organic,CMP112,India,Bengaluru,Tablet,Basic,Female,18-24
U01238,2024-12-27,Facebook,CMP105,Canada,Vancouver,Tablet,Basic,Female,18-24
U01239,2024-11-16,Facebook,CMP108,India,Bengaluru,Desktop,Free,Female,18-24
U01240,2024-10-02,Referral,CMP104,Australia,Melbourne,Tablet,Basic,Male,45-54
U01241,2024-04-22,Facebook,CMP107,UK,Manchester,Mobile,Basic,Male,45-54
U01242,2024-07-07,LinkedIn,CMP103,USA,Austin,Mobile,Basic,Male,25-34
U01243,2024-04-06,LinkedIn,CMP106,Canada,Vancouver,Mobile,Basic,Male,25-34
U01244,2024-07-20,Referral,CMP107,Australia,Sydney,Mobile,Free,Female,25-34
U01245,2024-08-20,LinkedIn,CMP104,Australia,Sydney,Tablet,Free,Male,45-54
U01246,2024-07-15,Organic,CMP101,India,Bengaluru,Mobile,Free,Male,18-24
U01247,2024-05-17,Black Friday,CMP120,USA,New York,Mobile,Free,Female,18-24
U01248,2024-04-13,LinkedIn,CMP119,USA,Austin,Mobile,Basic,Female,45-54
U01249,2024-03-20,Organic,CMP118,USA,Seattle,Desktop,Premium,Male,18-24
U01250,2024-01-23,Referral,CMP110,India,Chennai,Tablet,Basic,Male,18-24
U01251,2024-04-24,Google Ads,CMP114,India,Coimbatore,Mobile,Basic,Female,25-34
U01252,2024-12-16,Black Friday,CMP104,Germany,Munich,Mobile,Free,Male,18-24
U01253,2024-05-24,Organic,CMP120,UK,Manchester,Mobile,Basic,Male,18-24
U01254,2024-11-05,Google Ads,CMP114,USA,Seattle,Desktop,Premium,Male,45-54
U01255,2024-03-17,Black Friday,CMP110,Australia,Melbourne,Desktop,Free,Female,45-54
U01256,2024-12-04,Facebook,CMP103,UK,London,Mobile,Premium,Male,35-44
U01257,2024-03-16,LinkedIn,CMP116,Germany,Berlin,Mobile,Premium,Female,35-44
U01258,2024-03-15,Facebook,CMP105,India,Chennai,Desktop,Basic,Female,45-54
U01259,2024-08-05,Black Friday,CMP114,Germany,Munich,Mobile,Premium,Male,45-54
U01260,2024-08-02,LinkedIn,CMP118,Canada,Vancouver,Tablet,Premium,Male,45-54
U01261,2024-02-12,Black Friday,CMP114,Canada,Toronto,Tablet,Free,Male,35-44
U01262,2024-01-02,Organic,CMP112,USA,Seattle,Desktop,Free,Male,18-24
U01263,2024-06-27,Google Ads,CMP110,UK,Manchester,Mobile,Premium,Female,25-34
U01264,2024-04-17,Organic,CMP105,USA,New York,Tablet,Premium,Male,45-54
U01265,2024-01-14,LinkedIn,CMP112,Australia,Sydney,Tablet,Free,Male,45-54
U01266,2024-10-31,Organic,CMP105,USA,Austin,Mobile,Free,Male,18-24
U01267,2024-01-07,LinkedIn,CMP105,Canada,Toronto,Desktop,Premium,Male,35-44
U01268,2024-08-28,Black Friday,CMP111,Germany,Munich,Tablet,Premium,Male,35-44
U01269,2024-02-26,Organic,CMP102,USA,Seattle,Mobile,Premium,Male,18-24
U01270,2024-07-21,Black Friday,CMP115,Germany,Munich,Tablet,Premium,Female,25-34
U01271,2024-08-04,Facebook,CMP103,USA,Seattle,Desktop,Free,Male,45-54
U01272,2024-11-12,Google Ads,CMP113,India,Chennai,Tablet,Premium,Male,45-54
U01273,2024-09-01,Black Friday,CMP113,UK,Manchester,Mobile,Free,Female,45-54
U01274,2024-04-09,Organic,CMP104,UK,London,Desktop,Premium,Female,18-24
U01275,2024-05-02,Google Ads,CMP118,UK,London,Mobile,Free,Male,35-44
U01276,2024-04-06,Google Ads,CMP102,Canada,Toronto,Desktop,Free,Male,45-54
U01277,2024-01-24,Facebook,CMP103,India,Coimbatore,Mobile,Basic,Female,45-54
U01278,2024-09-13,Facebook,CMP113,USA,Seattle,Desktop,Free,Male,35-44
U01279,2024-07-27,Referral,CMP104,Australia,Sydney,Mobile,Premium,Female,45-54
U01280,2024-10-27,Facebook,CMP106,India,Chennai,Tablet,Basic,Male,18-24
U01281,2024-04-28,Black Friday,CMP105,USA,Seattle,Mobile,Premium,Female,45-54
U01282,2024-03-08,Facebook,CMP112,UK,Manchester,Mobile,Premium,Female,25-34
U01283,2024-04-16,Referral,CMP103,Canada,Toronto,Tablet,Premium,Female,18-24
U01284,2024-01-08,Facebook,CMP118,USA,New York,Desktop,Free,Female,35-44
U01285,2024-03-27,Google Ads,CMP103,UK,Manchester,Tablet,Basic,Female,18-24
U01286,2024-02-06,Black Friday,CMP115,USA,Austin,Desktop,Basic,Female,25-34
U01287,2024-03-04,LinkedIn,CMP102,Canada,Vancouver,Desktop,Basic,Female,25-34
U01288,2024-08-13,Referral,CMP120,UK,Manchester,Desktop,Free,Female,45-54
U01289,2024-05-14,Organic,CMP120,Australia,Sydney,Tablet,Free,Male,25-34
U01290,2024-02-23,LinkedIn,CMP106,UK,Manchester,Mobile,Free,Female,45-54
U01291,2024-12-08,Facebook,CMP115,India,Coimbatore,Tablet,Premium,Female,18-24
U01292,2024-02-13,Black Friday,CMP104,USA,Austin,Desktop,Free,Female,35-44
U01293,2024-02-03,Facebook,CMP120,UK,Manchester,Mobile,Premium,Female,18-24
U01294,2024-05-22,Organic,CMP118,Germany,Berlin,Desktop,Free,Male,35-44
U01295,2024-10-17,Referral,CMP113,India,Chennai,Desktop,Basic,Female,25-34
U01296,2024-01-28,Organic,CMP114,USA,Austin,Desktop,Premium,Male,18-24
U01297,2024-03-13,Facebook,CMP113,India,Chennai,Desktop,Premium,Female,45-54
U01298,2024-09-25,Black Friday,CMP109,USA,New York,Mobile,Free,Female,35-44
U01299,2024-06-01,Google Ads,CMP112,USA,Austin,Desktop,Basic,Male,45-54
U01300,2024-06-30,Referral,CMP113,Australia,Sydney,Tablet,Premium,Male,18-24
U01301,2024-12-07,Referral,CMP105,Canada,Vancouver,Tablet,Premium,Female,18-24
U01302,2024-03-18,Google Ads,CMP116,Germany,Munich,Mobile,Premium,Female,35-44
U01303,2024-09-23,Organic,CMP115,Australia,Sydney,Tablet,Basic,Male,18-24
U01304,2024-04-21,Google Ads,CMP114,Australia,Sydney,Tablet,Basic,Male,35-44
U01305,2024-04-17,Black Friday,CMP119,USA,New York,Desktop,Basic,Male,35-44
U01306,2024-06-06,Organic,CMP116,Canada,Vancouver,Desktop,Basic,Female,35-44
U01307,2024-10-04,Referral,CMP111,Germany,Berlin,Mobile,Basic,Female,35-44
U01308,2024-03-31,Referral,CMP106,Canada,Vancouver,Desktop,Basic,Female,35-44
U01309,2024-12-25,Organic,CMP103,Canada,Toronto,Mobile,Premium,Male,45-54
U01310,2024-02-23,Black Friday,CMP120,Germany,Berlin,Tablet,Basic,Male,35-44
U01311,2024-08-03,Google Ads,CMP115,USA,Seattle,Desktop,Free,Male,45-54
U01312,2024-03-04,LinkedIn,CMP114,UK,Manchester,Mobile,Basic,Male,35-44
U01313,2024-05-17,Facebook,CMP110,Australia,Melbourne,Tablet,Free,Male,45-54
U01314,2024-01-17,Organic,CMP105,India,Coimbatore,Tablet,Premium,Female,35-44
U01315,2024-03-28,LinkedIn,CMP108,Canada,Vancouver,Mobile,Premium,Female,18-24
U01316,2024-10-22,Google Ads,CMP113,Germany,Berlin,Desktop,Basic,Male,45-54
U01317,2024-04-28,Black Friday,CMP105,India,Bengaluru,Mobile,Premium,Female,35-44
U01318,2024-10-10,Facebook,CMP107,USA,New York,Mobile,Free,Female,18-24
U01319,2024-11-17,Google Ads,CMP101,Canada,Toronto,Tablet,Basic,Male,25-34
U01320,2024-08-20,Black Friday,CMP112,Australia,Sydney,Mobile,Premium,Male,35-44
U01321,2024-04-09,Google Ads,CMP113,Canada,Vancouver,Tablet,Free,Female,18-24
U01322,2024-03-14,Organic,CMP119,Australia,Sydney,Mobile,Basic,Male,18-24
U01323,2024-03-13,Facebook,CMP106,UK,London,Mobile,Basic,Female,25-34
U01324,2024-07-19,LinkedIn,CMP101,India,Coimbatore,Mobile,Basic,Male,25-34
U01325,2024-12-17,LinkedIn,CMP111,Germany,Munich,Mobile,Free,Female,18-24
U01326,2024-04-01,Referral,CMP120,Australia,Sydney,Mobile,Basic,Female,45-54
U01327,2024-11-10,Referral,CMP101,Canada,Toronto,Tablet,Premium,Female,18-24
U01328,2024-04-08,Organic,CMP118,Canada,Toronto,Tablet,Premium,Male,25-34
U01329,2024-07-05,Google Ads,CMP101,India,Coimbatore,Mobile,Free,Male,25-34
U01330,2024-05-17,LinkedIn,CMP107,UK,London,Desktop,Premium,Female,45-54
U01331,2024-09-10,Referral,CMP113,Germany,Berlin,Desktop,Free,Male,35-44
U01332,2024-07-20,Referral,CMP119,India,Coimbatore,Mobile,Free,Female,45-54
U01333,2024-08-16,Referral,CMP109,Germany,Munich,Tablet,Free,Female,45-54
U01334,2024-04-12,Facebook,CMP112,Canada,Toronto,Desktop,Free,Male,35-44
U01335,2024-10-27,Facebook,CMP120,Germany,Munich,Desktop,Free,Male,25-34
U01336,2024-06-14,Google Ads,CMP112,Germany,Berlin,Mobile,Free,Female,35-44
U01337,2024-03-15,Organic,CMP101,UK,Manchester,Tablet,Free,Female,25-34
U01338,2024-08-26,Facebook,CMP108,Canada,Toronto,Desktop,Basic,Male,25-34
U01339,2024-02-22,Facebook,CMP120,Canada,Toronto,Tablet,Premium,Female,45-54
U01340,2024-06-11,Google Ads,CMP107,UK,London,Desktop,Basic,Male,35-44
U01341,2024-08-03,Organic,CMP115,India,Chennai,Tablet,Basic,Female,25-34
U01342,2024-10-22,Facebook,CMP101,India,Bengaluru,Tablet,Free,Female,35-44
U01343,2024-03-08,Organic,CMP118,Germany,Berlin,Desktop,Premium,Male,18-24
U01344,2024-08-28,LinkedIn,CMP110,India,Coimbatore,Desktop,Basic,Female,18-24
U01345,2024-10-11,LinkedIn,CMP120,UK,London,Desktop,Basic,Female,45-54
U01346,2024-11-24,Facebook,CMP120,India,Chennai,Mobile,Free,Male,18-24
U01347,2024-03-12,Facebook,CMP114,India,Chennai,Mobile,Free,Male,35-44
U01348,2024-10-02,Black Friday,CMP102,India,Coimbatore,Mobile,Free,Male,35-44
U01349,2024-02-08,Facebook,CMP120,UK,Manchester,Desktop,Premium,Male,25-34
U01350,2024-10-25,Organic,CMP105,Germany,Munich,Mobile,Premium,Female,45-54
U01351,2024-12-08,Referral,CMP117,India,Chennai,Tablet,Basic,Female,35-44
U01352,2024-06-13,LinkedIn,CMP108,Australia,Sydney,Desktop,Basic,Male,35-44
U01353,2024-10-12,Black Friday,CMP107,USA,Seattle,Mobile,Free,Female,18-24
U01354,2024-04-18,Black Friday,CMP107,India,Coimbatore,Desktop,Free,Female,18-24
U01355,2024-06-23,Referral,CMP117,USA,Seattle,Desktop,Basic,Female,25-34
U01356,2024-09-15,Google Ads,CMP108,India,Coimbatore,Desktop,Basic,Male,45-54
U01357,2024-04-06,Facebook,CMP114,India,Chennai,Tablet,Basic,Male,25-34
U01358,2024-08-24,Black Friday,CMP104,India,Chennai,Mobile,Basic,Male,35-44
U01359,2024-01-15,Black Friday,CMP117,Germany,Munich,Desktop,Basic,Male,18-24
U01360,2024-06-30,Google Ads,CMP105,Germany,Munich,Tablet,Basic,Female,18-24
U01361,2024-08-13,Facebook,CMP104,UK,London,Tablet,Basic,Female,25-34
U01362,2024-05-30,LinkedIn,CMP106,USA,Seattle,Desktop,Premium,Female,45-54
U01363,2024-02-25,Organic,CMP108,Australia,Sydney,Mobile,Free,Male,18-24
U01364,2024-10-21,Google Ads,CMP103,UK,London,Desktop,Free,Female,45-54
U01365,2024-07-20,Google Ads,CMP109,India,Coimbatore,Mobile,Free,Male,35-44
U01366,2024-11-22,Black Friday,CMP120,UK,Manchester,Tablet,Free,Male,25-34
U01367,2024-09-14,Referral,CMP116,Australia,Melbourne,Tablet,Free,Male,35-44
U01368,2024-12-14,Google Ads,CMP106,India,Coimbatore,Desktop,Free,Male,45-54
U01369,2024-08-07,Organic,CMP106,UK,Manchester,Mobile,Free,Male,35-44
U01370,2024-08-30,Organic,CMP116,Canada,Toronto,Desktop,Free,Male,18-24
U01371,2024-10-17,Facebook,CMP108,Australia,Sydney,Mobile,Free,Male,35-44
U01372,2024-06-20,LinkedIn,CMP112,Germany,Munich,Tablet,Basic,Female,35-44
U01373,2024-08-22,Facebook,CMP110,India,Bengaluru,Desktop,Premium,Female,18-24
U01374,2024-05-18,Referral,CMP101,Australia,Sydney,Desktop,Free,Male,35-44
U01375,2024-09-11,Google Ads,CMP119,India,Bengaluru,Tablet,Basic,Female,25-34
U01376,2024-02-15,LinkedIn,CMP104,USA,Austin,Tablet,Premium,Female,25-34
U01377,2024-05-15,Facebook,CMP111,Australia,Melbourne,Tablet,Basic,Female,35-44
U01378,2024-04-07,Referral,CMP117,India,Bengaluru,Desktop,Premium,Male,45-54
U01379,2024-08-20,Facebook,CMP110,Canada,Toronto,Mobile,Basic,Male,45-54
U01380,2024-12-14,Referral,CMP110,USA,Seattle,Tablet,Premium,Male,35-44
U01381,2024-09-06,Organic,CMP110,UK,London,Desktop,Free,Male,35-44
U01382,2024-10-30,Organic,CMP116,India,Coimbatore,Mobile,Basic,Female,18-24
U01383,2024-01-26,Google Ads,CMP112,UK,Manchester,Tablet,Premium,Male,18-24
U01384,2024-05-18,Black Friday,CMP107,USA,Austin,Tablet,Free,Female,25-34
U01385,2024-01-17,Facebook,CMP108,Germany,Munich,Desktop,Basic,Male,35-44
U01386,2024-06-03,Facebook,CMP106,Canada,Vancouver,Tablet,Basic,Male,25-34
U01387,2024-05-08,LinkedIn,CMP118,USA,New York,Desktop,Basic,Male,35-44
U01388,2024-10-17,LinkedIn,CMP118,Australia,Sydney,Desktop,Basic,Male,25-34
U01389,2024-09-26,Black Friday,CMP111,Germany,Munich,Desktop,Basic,Female,45-54
U01390,2024-08-03,LinkedIn,CMP101,Germany,Berlin,Desktop,Free,Male,35-44
U01391,2024-05-04,Referral,CMP112,Canada,Toronto,Tablet,Premium,Female,18-24
U01392,2024-07-20,LinkedIn,CMP101,USA,Austin,Tablet,Basic,Male,18-24
U01393,2024-01-29,Black Friday,CMP104,UK,Manchester,Tablet,Free,Female,45-54
U01394,2024-12-19,Organic,CMP104,UK,London,Tablet,Free,Male,45-54
U01395,2024-03-10,Black Friday,CMP105,USA,Austin,Tablet,Basic,Male,45-54
U01396,2024-11-15,Google Ads,CMP104,Australia,Sydney,Mobile,Free,Male,18-24
U01397,2024-05-06,Organic,CMP116,USA,New York,Tablet,Basic,Female,18-24
U01398,2024-03-03,LinkedIn,CMP116,UK,London,Mobile,Premium,Female,45-54
U01399,2024-12-02,Organic,CMP114,Canada,Toronto,Tablet,Free,Male,25-34
U01400,2024-12-02,Google Ads,CMP117,USA,Seattle,Tablet,Premium,Male,45-54
U01401,2024-09-02,Facebook,CMP104,UK,Manchester,Desktop,Premium,Female,45-54
U01402,2024-07-16,Organic,CMP115,Australia,Melbourne,Desktop,Free,Male,35-44
U01403,2024-08-22,Referral,CMP113,India,Chennai,Tablet,Basic,Male,45-54
U01404,2024-01-22,Google Ads,CMP115,UK,Manchester,Desktop,Free,Male,35-44
U01405,2024-09-13,Google Ads,CMP112,Canada,Vancouver,Tablet,Free,Male,25-34
U01406,2024-06-29,Black Friday,CMP119,Australia,Melbourne,Desktop,Premium,Male,35-44
U01407,2024-12-03,LinkedIn,CMP103,UK,Manchester,Desktop,Basic,Male,35-44
U01408,2024-03-07,Facebook,CMP119,Australia,Melbourne,Tablet,Premium,Female,18-24
U01409,2024-01-24,Black Friday,CMP106,India,Chennai,Mobile,Premium,Male,45-54
U01410,2024-12-13,Facebook,CMP108,Germany,Berlin,Mobile,Free,Female,45-54
U01411,2024-02-02,Referral,CMP109,India,Chennai,Mobile,Premium,Male,45-54
U01412,2024-07-10,Black Friday,CMP101,Canada,Toronto,Desktop,Free,Female,45-54
U01413,2024-03-09,Referral,CMP118,Australia,Sydney,Mobile,Basic,Female,45-54
U01414,2024-12-13,Google Ads,CMP107,UK,London,Desktop,Premium,Male,18-24
U01415,2024-10-25,Black Friday,CMP104,India,Chennai,Mobile,Free,Male,35-44
U01416,2024-07-27,Referral,CMP103,Canada,Vancouver,Mobile,Premium,Female,25-34
U01417,2024-04-16,LinkedIn,CMP117,Canada,Vancouver,Desktop,Premium,Male,18-24
U01418,2024-08-12,Black Friday,CMP113,Germany,Berlin,Tablet,Free,Male,35-44
U01419,2024-02-21,LinkedIn,CMP108,India,Chennai,Tablet,Premium,Female,18-24
U01420,2024-04-24,Facebook,CMP113,UK,Manchester,Mobile,Free,Female,18-24
U01421,2024-09-30,Google Ads,CMP117,Canada,Vancouver,Desktop,Premium,Male,18-24
U01422,2024-10-25,Facebook,CMP101,Germany,Berlin,Desktop,Basic,Female,25-34
U01423,2024-06-20,Google Ads,CMP107,India,Bengaluru,Tablet,Basic,Male,25-34
U01424,2024-09-09,Referral,CMP120,India,Bengaluru,Mobile,Basic,Male,45-54
U01425,2024-11-02,Referral,CMP103,Australia,Melbourne,Mobile,Basic,Male,18-24
U01426,2024-01-19,Referral,CMP108,Germany,Munich,Desktop,Basic,Female,25-34
U01427,2024-01-11,Organic,CMP107,India,Bengaluru,Tablet,Basic,Male,45-54
U01428,2024-01-27,LinkedIn,CMP105,Germany,Munich,Tablet,Basic,Male,18-24
U01429,2024-08-12,Referral,CMP112,India,Coimbatore,Mobile,Basic,Female,18-24
U01430,2024-05-01,Organic,CMP119,USA,New York,Mobile,Basic,Male,18-24
U01431,2024-05-07,Organic,CMP102,India,Chennai,Desktop,Free,Female,18-24
U01432,2024-06-09,Referral,CMP108,UK,Manchester,Mobile,Premium,Female,45-54
U01433,2024-12-02,Black Friday,CMP103,India,Chennai,Desktop,Premium,Male,45-54
U01434,2024-12-27,Facebook,CMP108,Australia,Melbourne,Tablet,Basic,Female,35-44
U01435,2024-11-30,Referral,CMP109,USA,Austin,Tablet,Premium,Male,18-24
U01436,2024-06-26,Black Friday,CMP120,Germany,Munich,Desktop,Free,Male,25-34
U01437,2024-09-23,Facebook,CMP118,USA,New York,Mobile,Basic,Male,18-24
U01438,2024-04-30,LinkedIn,CMP115,Australia,Sydney,Mobile,Basic,Male,35-44
U01439,2024-05-22,LinkedIn,CMP110,Canada,Toronto,Mobile,Basic,Female,45-54
U01440,2024-01-10,LinkedIn,CMP115,Germany,Berlin,Mobile,Free,Female,25-34
U01441,2024-12-03,Referral,CMP102,Germany,Munich,Mobile,Premium,Female,18-24
U01442,2024-11-07,Facebook,CMP119,UK,London,Mobile,Basic,Female,45-54
U01443,2024-01-30,Referral,CMP113,India,Bengaluru,Tablet,Basic,Female,45-54
U01444,2024-10-20,Referral,CMP117,Australia,Melbourne,Mobile,Basic,Female,25-34
U01445,2024-03-08,Facebook,CMP109,India,Chennai,Mobile,Premium,Female,35-44
U01446,2024-10-19,Organic,CMP120,Germany,Munich,Desktop,Basic,Female,18-24
U01447,2024-03-04,Referral,CMP111,UK,Manchester,Mobile,Basic,Female,18-24
U01448,2024-08-13,LinkedIn,CMP102,India,Coimbatore,Desktop,Premium,Male,45-54
U01449,2024-01-30,Organic,CMP109,Canada,Vancouver,Mobile,Basic,Male,35-44
U01450,2024-05-21,LinkedIn,CMP105,UK,London,Tablet,Free,Male,18-24
U01451,2024-04-29,Black Friday,CMP102,India,Chennai,Tablet,Premium,Female,35-44
U01452,2024-01-22,Black Friday,CMP108,Canada,Toronto,Tablet,Basic,Female,18-24
U01453,2024-12-13,Referral,CMP102,UK,London,Desktop,Free,Male,45-54
U01454,2024-02-27,Organic,CMP108,Canada,Toronto,Desktop,Premium,Female,45-54
U01455,2024-02-06,LinkedIn,CMP110,Australia,Sydney,Mobile,Basic,Female,35-44
U01456,2024-07-27,Facebook,CMP116,Australia,Melbourne,Tablet,Free,Male,35-44
U01457,2024-01-23,Google Ads,CMP119,UK,London,Mobile,Premium,Male,35-44
U01458,2024-09-18,Black Friday,CMP117,Australia,Melbourne,Mobile,Basic,Male,25-34
U01459,2024-07-14,Organic,CMP103,Australia,Sydney,Tablet,Premium,Female,18-24
U01460,2024-09-27,Referral,CMP116,India,Bengaluru,Tablet,Premium,Female,35-44
U01461,2024-05-17,Referral,CMP110,USA,New York,Desktop,Free,Female,25-34
U01462,2024-08-21,Black Friday,CMP104,UK,London,Desktop,Premium,Female,35-44
U01463,2024-02-10,Referral,CMP117,UK,London,Desktop,Premium,Female,25-34
U01464,2024-08-17,Google Ads,CMP119,Germany,Berlin,Tablet,Free,Female,25-34
U01465,2024-11-06,Facebook,CMP111,UK,Manchester,Mobile,Free,Female,45-54
U01466,2024-09-15,Referral,CMP116,USA,Seattle,Mobile,Free,Female,18-24
U01467,2024-03-26,LinkedIn,CMP109,India,Bengaluru,Tablet,Basic,Male,25-34
U01468,2024-01-18,Organic,CMP106,Germany,Berlin,Mobile,Premium,Female,45-54
U01469,2024-06-30,LinkedIn,CMP118,USA,New York,Tablet,Basic,Male,35-44
U01470,2024-06-21,Referral,CMP120,Canada,Toronto,Tablet,Free,Male,35-44
U01471,2024-08-17,Black Friday,CMP115,Germany,Munich,Desktop,Basic,Male,25-34
U01472,2024-10-28,Organic,CMP105,Canada,Toronto,Tablet,Premium,Female,45-54
U01473,2024-07-13,LinkedIn,CMP106,UK,Manchester,Mobile,Free,Female,45-54
U01474,2024-06-23,Referral,CMP117,India,Bengaluru,Tablet,Premium,Female,35-44
U01475,2024-06-14,Facebook,CMP106,Germany,Berlin,Mobile,Premium,Male,45-54
U01476,2024-09-22,Referral,CMP120,UK,Manchester,Mobile,Basic,Female,25-34
U01477,2024-03-01,Facebook,CMP116,UK,Manchester,Mobile,Free,Female,35-44
U01478,2024-11-06,Google Ads,CMP109,India,Chennai,Mobile,Free,Male,18-24
U01479,2024-11-02,Referral,CMP118,India,Chennai,Mobile,Basic,Male,35-44
U01480,2024-04-14,Referral,CMP114,UK,Manchester,Tablet,Free,Female,35-44
U01481,2024-02-26,Black Friday,CMP104,Australia,Melbourne,Desktop,Basic,Female,18-24
U01482,2024-03-11,Black Friday,CMP104,UK,Manchester,Mobile,Premium,Male,18-24
U01483,2024-06-16,Referral,CMP111,USA,Austin,Desktop,Premium,Male,35-44
U01484,2024-01-20,Organic,CMP117,Germany,Munich,Mobile,Premium,Male,18-24
U01485,2024-05-05,Referral,CMP113,USA,New York,Tablet,Free,Female,45-54
U01486,2024-03-18,Google Ads,CMP116,Germany,Munich,Mobile,Free,Male,25-34
U01487,2024-01-02,Organic,CMP116,Germany,Berlin,Tablet,Free,Male,45-54
U01488,2024-12-18,Referral,CMP113,UK,London,Tablet,Basic,Female,25-34
U01489,2024-06-02,Facebook,CMP116,USA,Austin,Tablet,Basic,Female,45-54
U01490,2024-05-31,Google Ads,CMP104,India,Coimbatore,Desktop,Basic,Female,25-34
U01491,2024-12-05,Organic,CMP106,Germany,Munich,Desktop,Premium,Male,35-44
U01492,2024-12-22,Black Friday,CMP105,Germany,Munich,Desktop,Premium,Female,25-34
U01493,2024-01-15,Facebook,CMP117,UK,London,Desktop,Free,Female,35-44
U01494,2024-12-11,LinkedIn,CMP113,UK,Manchester,Desktop,Basic,Female,18-24
U01495,2024-05-17,Black Friday,CMP108,Germany,Munich,Tablet,Free,Female,45-54
U01496,2024-07-28,Referral,CMP106,USA,Seattle,Mobile,Premium,Male,35-44
U01497,2024-03-07,Referral,CMP101,Canada,Toronto,Desktop,Free,Female,35-44
U01498,2024-10-10,Black Friday,CMP102,India,Bengaluru,Mobile,Basic,Male,25-34
U01499,2024-10-01,Black Friday,CMP108,Germany,Munich,Mobile,Basic,Female,45-54
U01500,2024-04-20,Black Friday,CMP108,Canada,Toronto,Mobile,Free,Male,45-54
U01501,2024-09-05,Google Ads,CMP110,India,Coimbatore,Mobile,Free,Male,18-24
U01502,2024-05-19,Organic,CMP113,Australia,Melbourne,Mobile,Premium,Female,18-24
U01503,2024-02-09,Referral,CMP114,India,Chennai,Mobile,Premium,Male,18-24
U01504,2024-10-28,Google Ads,CMP120,Germany,Munich,Desktop,Basic,Male,35-44
U01505,2024-05-20,Google Ads,CMP104,Germany,Munich,Tablet,Premium,Female,45-54
U01506,2024-05-29,Organic,CMP108,Germany,Munich,Tablet,Basic,Female,35-44
U01507,2024-12-25,Referral,CMP108,Canada,Vancouver,Mobile,Basic,Female,35-44
U01508,2024-10-06,Organic,CMP115,Australia,Sydney,Tablet,Free,Female,25-34
U01509,2024-08-16,LinkedIn,CMP119,UK,London,Tablet,Basic,Female,25-34
U01510,2024-11-18,Organic,CMP118,India,Chennai,Mobile,Basic,Male,18-24
U01511,2024-03-13,Referral,CMP116,Germany,Berlin,Mobile,Basic,Female,45-54
U01512,2024-06-08,Facebook,CMP105,Australia,Sydney,Desktop,Premium,Female,18-24
U01513,2024-05-17,Google Ads,CMP118,Australia,Melbourne,Tablet,Basic,Female,25-34
U01514,2024-06-13,Black Friday,CMP116,Germany,Berlin,Mobile,Basic,Male,45-54
U01515,2024-03-06,Google Ads,CMP117,India,Bengaluru,Mobile,Free,Male,45-54
U01516,2024-02-28,LinkedIn,CMP116,India,Chennai,Tablet,Premium,Female,25-34
U01517,2024-10-07,LinkedIn,CMP101,Germany,Munich,Mobile,Basic,Female,35-44
U01518,2024-09-24,Referral,CMP112,UK,London,Mobile,Basic,Male,35-44
U01519,2024-09-22,Facebook,CMP116,Canada,Vancouver,Mobile,Basic,Male,25-34
U01520,2024-09-25,LinkedIn,CMP101,Australia,Melbourne,Desktop,Free,Male,45-54
U01521,2024-02-04,Facebook,CMP107,India,Chennai,Tablet,Free,Female,35-44
U01522,2024-02-18,Referral,CMP115,India,Bengaluru,Mobile,Free,Female,25-34
U01523,2024-06-25,Organic,CMP107,Australia,Melbourne,Desktop,Basic,Female,35-44
U01524,2024-11-15,Facebook,CMP118,Germany,Berlin,Mobile,Premium,Male,18-24
U01525,2024-04-20,Google Ads,CMP109,UK,London,Mobile,Premium,Female,35-44
U01526,2024-10-21,Referral,CMP109,Canada,Vancouver,Mobile,Free,Male,25-34
U01527,2024-04-20,Referral,CMP105,India,Chennai,Mobile,Basic,Male,35-44
U01528,2024-02-09,Google Ads,CMP117,India,Coimbatore,Desktop,Premium,Female,35-44
U01529,2024-06-03,Organic,CMP108,Canada,Vancouver,Desktop,Basic,Female,35-44
U01530,2024-06-08,Facebook,CMP117,Canada,Toronto,Tablet,Free,Male,35-44
U01531,2024-12-30,LinkedIn,CMP118,USA,Austin,Desktop,Premium,Female,18-24
U01532,2024-10-12,Black Friday,CMP112,Germany,Berlin,Mobile,Basic,Female,35-44
U01533,2024-08-05,Referral,CMP118,USA,New York,Desktop,Basic,Male,18-24
U01534,2024-04-10,Facebook,CMP117,Germany,Berlin,Mobile,Premium,Female,35-44
U01535,2024-02-18,Facebook,CMP117,UK,London,Tablet,Basic,Male,35-44
U01536,2024-11-24,LinkedIn,CMP102,Germany,Munich,Desktop,Premium,Male,18-24
U01537,2024-08-29,Black Friday,CMP115,Canada,Vancouver,Mobile,Basic,Male,18-24
U01538,2024-07-08,Referral,CMP105,India,Bengaluru,Tablet,Free,Male,18-24
U01539,2024-08-02,Organic,CMP115,India,Bengaluru,Tablet,Free,Female,18-24
U01540,2024-10-05,Google Ads,CMP120,UK,London,Desktop,Premium,Female,25-34
U01541,2024-10-27,Facebook,CMP117,Australia,Sydney,Tablet,Basic,Female,18-24
U01542,2024-02-03,Referral,CMP105,USA,Seattle,Desktop,Free,Male,45-54
U01543,2024-01-23,Referral,CMP107,UK,Manchester,Mobile,Premium,Male,35-44
U01544,2024-05-20,Facebook,CMP104,Canada,Vancouver,Desktop,Premium,Male,45-54
U01545,2024-02-15,Organic,CMP106,India,Bengaluru,Mobile,Free,Female,18-24
U01546,2024-03-27,Google Ads,CMP112,India,Coimbatore,Mobile,Premium,Male,35-44
U01547,2024-12-14,Google Ads,CMP105,Australia,Melbourne,Mobile,Basic,Female,25-34
U01548,2024-05-22,Referral,CMP111,USA,Austin,Mobile,Free,Female,25-34
U01549,2024-03-31,Facebook,CMP115,UK,Manchester,Mobile,Basic,Female,35-44
U01550,2024-06-27,Referral,CMP115,Australia,Sydney,Mobile,Premium,Female,25-34
U01551,2024-10-02,Google Ads,CMP114,Canada,Vancouver,Tablet,Premium,Female,25-34
U01552,2024-06-24,Referral,CMP118,Australia,Melbourne,Mobile,Premium,Male,35-44
U01553,2024-04-21,Facebook,CMP102,Germany,Berlin,Tablet,Premium,Male,45-54
U01554,2024-03-12,Referral,CMP111,Germany,Munich,Tablet,Basic,Male,35-44
U01555,2024-12-25,Black Friday,CMP112,India,Chennai,Mobile,Basic,Female,35-44
U01556,2024-06-21,Organic,CMP106,Australia,Melbourne,Desktop,Free,Female,25-34
U01557,2024-01-12,Referral,CMP115,Germany,Munich,Tablet,Basic,Female,25-34
U01558,2024-05-09,Facebook,CMP120,Australia,Melbourne,Desktop,Premium,Female,35-44
U01559,2024-01-21,Referral,CMP104,USA,Austin,Desktop,Basic,Female,18-24
U01560,2024-03-24,Google Ads,CMP110,Canada,Toronto,Tablet,Free,Male,35-44
U01561,2024-01-28,Facebook,CMP105,India,Coimbatore,Desktop,Basic,Male,45-54
U01562,2024-01-01,Google Ads,CMP107,Australia,Sydney,Desktop,Basic,Male,25-34
U01563,2024-04-30,LinkedIn,CMP103,USA,Seattle,Mobile,Free,Female,18-24
U01564,2024-09-01,Facebook,CMP104,USA,Austin,Tablet,Premium,Female,25-34
U01565,2024-08-29,LinkedIn,CMP115,Australia,Sydney,Mobile,Basic,Male,35-44
U01566,2024-03-09,Facebook,CMP110,Germany,Munich,Tablet,Basic,Male,35-44
U01567,2024-09-07,Black Friday,CMP119,Australia,Sydney,Mobile,Premium,Male,25-34
U01568,2024-07-07,Facebook,CMP117,UK,London,Tablet,Premium,Female,18-24
U01569,2024-11-26,Google Ads,CMP116,USA,New York,Mobile,Free,Female,45-54
U01570,2024-02-17,LinkedIn,CMP106,UK,Manchester,Mobile,Basic,Female,45-54
U01571,2024-12-11,Organic,CMP109,Germany,Munich,Mobile,Free,Female,18-24
U01572,2024-08-26,Facebook,CMP104,India,Bengaluru,Desktop,Free,Male,35-44
U01573,2024-03-06,Referral,CMP113,Canada,Vancouver,Mobile,Basic,Female,45-54
U01574,2024-01-28,LinkedIn,CMP109,UK,London,Tablet,Basic,Female,45-54
U01575,2024-12-30,Referral,CMP112,UK,London,Mobile,Basic,Female,18-24
U01576,2024-03-17,Facebook,CMP119,India,Coimbatore,Mobile,Premium,Female,45-54
U01577,2024-01-25,Facebook,CMP102,Germany,Berlin,Desktop,Basic,Female,18-24
U01578,2024-11-02,Facebook,CMP109,Australia,Melbourne,Desktop,Premium,Female,18-24
U01579,2024-10-04,Google Ads,CMP110,UK,Manchester,Desktop,Free,Female,35-44
U01580,2024-06-01,Organic,CMP120,Australia,Sydney,Desktop,Premium,Male,45-54
U01581,2024-05-07,Organic,CMP118,USA,New York,Mobile,Premium,Male,45-54
U01582,2024-08-08,Facebook,CMP115,UK,London,Tablet,Premium,Female,18-24
U01583,2024-02-09,Facebook,CMP102,UK,London,Tablet,Premium,Male,45-54
U01584,2024-09-19,Organic,CMP111,Australia,Melbourne,Desktop,Basic,Male,25-34
U01585,2024-05-11,Black Friday,CMP103,Australia,Melbourne,Mobile,Free,Female,35-44
U01586,2024-11-11,Referral,CMP108,Canada,Toronto,Desktop,Premium,Female,25-34
U01587,2024-08-11,Black Friday,CMP106,UK,Manchester,Tablet,Premium,Male,45-54
U01588,2024-04-02,Facebook,CMP109,Australia,Sydney,Desktop,Free,Male,45-54
U01589,2024-12-02,Facebook,CMP109,USA,Austin,Tablet,Premium,Female,18-24
U01590,2024-04-23,Organic,CMP111,USA,New York,Mobile,Premium,Female,45-54
U01591,2024-10-28,Black Friday,CMP120,Germany,Munich,Tablet,Basic,Female,18-24
U01592,2024-06-24,Facebook,CMP112,UK,Manchester,Mobile,Basic,Female,25-34
U01593,2024-09-29,Google Ads,CMP113,Australia,Melbourne,Desktop,Free,Male,45-54
U01594,2024-10-14,Organic,CMP107,UK,Manchester,Desktop,Basic,Female,45-54
U01595,2024-12-11,Organic,CMP105,Germany,Berlin,Tablet,Basic,Female,45-54
U01596,2024-01-12,Referral,CMP116,UK,London,Desktop,Premium,Male,45-54
U01597,2024-11-06,Organic,CMP113,India,Chennai,Mobile,Free,Female,25-34
U01598,2024-03-22,LinkedIn,CMP118,Australia,Melbourne,Desktop,Free,Female,35-44
U01599,2024-06-12,Black Friday,CMP104,UK,Manchester,Tablet,Premium,Female,25-34
U01600,2024-07-25,LinkedIn,CMP110,Germany,Munich,Mobile,Free,Female,35-44
U01601,2024-01-02,Facebook,CMP115,Canada,Toronto,Tablet,Free,Female,45-54
U01602,2024-08-02,Google Ads,CMP101,Germany,Berlin,Mobile,Premium,Male,45-54
U01603,2024-01-12,Referral,CMP108,UK,London,Tablet,Premium,Female,18-24
U01604,2024-07-08,Black Friday,CMP120,India,Bengaluru,Desktop,Premium,Male,25-34
U01605,2024-08-22,Black Friday,CMP108,UK,London,Desktop,Premium,Male,35-44
U01606,2024-03-08,Organic,CMP101,UK,London,Tablet,Basic,Female,25-34
U01607,2024-12-16,LinkedIn,CMP108,Canada,Toronto,Desktop,Premium,Male,35-44
U01608,2024-03-22,LinkedIn,CMP103,USA,New York,Tablet,Free,Female,45-54
U01609,2024-07-16,LinkedIn,CMP109,India,Bengaluru,Tablet,Free,Male,45-54
U01610,2024-09-03,Organic,CMP110,Australia,Melbourne,Tablet,Free,Female,45-54
U01611,2024-09-18,Black Friday,CMP115,Australia,Melbourne,Mobile,Free,Male,35-44
U01612,2024-10-23,Black Friday,CMP106,India,Coimbatore,Desktop,Premium,Female,25-34
U01613,2024-05-04,Google Ads,CMP109,Germany,Berlin,Desktop,Premium,Male,45-54
U01614,2024-12-29,Google Ads,CMP109,Germany,Munich,Desktop,Premium,Female,35-44
U01615,2024-08-18,Facebook,CMP119,Australia,Melbourne,Tablet,Free,Male,25-34
U01616,2024-09-24,Organic,CMP108,UK,Manchester,Tablet,Basic,Female,35-44
U01617,2024-03-22,Black Friday,CMP110,Canada,Vancouver,Tablet,Basic,Female,25-34
U01618,2024-12-21,Google Ads,CMP120,USA,Austin,Desktop,Basic,Male,18-24
U01619,2024-04-18,Facebook,CMP105,Canada,Toronto,Desktop,Basic,Female,45-54
U01620,2024-11-12,Facebook,CMP105,USA,Seattle,Tablet,Basic,Female,45-54
U01621,2024-09-05,Google Ads,CMP117,Australia,Melbourne,Mobile,Basic,Female,18-24
U01622,2024-12-08,Facebook,CMP108,India,Coimbatore,Mobile,Free,Male,35-44
U01623,2024-11-07,Organic,CMP107,Australia,Melbourne,Desktop,Basic,Male,25-34
U01624,2024-04-13,Black Friday,CMP102,UK,Manchester,Tablet,Free,Female,18-24
U01625,2024-05-18,Referral,CMP118,Canada,Toronto,Mobile,Basic,Male,25-34
U01626,2024-05-11,Google Ads,CMP108,Australia,Sydney,Tablet,Premium,Female,25-34
U01627,2024-01-21,Facebook,CMP118,Canada,Vancouver,Mobile,Premium,Male,18-24
U01628,2024-03-08,Facebook,CMP102,Canada,Toronto,Mobile,Free,Female,45-54
U01629,2024-02-20,Organic,CMP111,Canada,Toronto,Mobile,Basic,Male,45-54
U01630,2024-02-12,Google Ads,CMP104,Germany,Berlin,Tablet,Basic,Female,18-24
U01631,2024-10-24,Organic,CMP115,Germany,Berlin,Tablet,Premium,Female,18-24
U01632,2024-05-08,Referral,CMP109,Germany,Munich,Tablet,Free,Female,45-54
U01633,2024-09-20,Black Friday,CMP110,UK,Manchester,Tablet,Free,Female,35-44
U01634,2024-12-13,Referral,CMP110,Canada,Vancouver,Mobile,Free,Female,18-24
U01635,2024-06-12,LinkedIn,CMP116,Canada,Toronto,Mobile,Free,Female,35-44
U01636,2024-02-18,Facebook,CMP118,Germany,Berlin,Mobile,Free,Male,25-34
U01637,2024-06-06,Facebook,CMP111,Canada,Vancouver,Mobile,Premium,Female,25-34
U01638,2024-10-19,Google Ads,CMP111,Australia,Sydney,Mobile,Basic,Male,25-34
U01639,2024-11-08,Google Ads,CMP111,Australia,Melbourne,Tablet,Premium,Female,35-44
U01640,2024-04-27,LinkedIn,CMP110,UK,Manchester,Mobile,Basic,Female,35-44
U01641,2024-06-10,Facebook,CMP114,Germany,Munich,Desktop,Free,Female,18-24
U01642,2024-07-28,Black Friday,CMP105,UK,Manchester,Desktop,Free,Male,25-34
U01643,2024-12-04,Facebook,CMP110,Australia,Melbourne,Mobile,Basic,Female,45-54
U01644,2024-06-15,Referral,CMP107,Canada,Toronto,Tablet,Premium,Female,35-44
U01645,2024-02-24,Google Ads,CMP106,India,Coimbatore,Tablet,Basic,Female,18-24
U01646,2024-12-03,Black Friday,CMP116,Germany,Berlin,Desktop,Premium,Female,18-24
U01647,2024-02-21,Black Friday,CMP111,India,Coimbatore,Tablet,Basic,Female,35-44
U01648,2024-02-26,Google Ads,CMP103,Germany,Munich,Tablet,Basic,Male,25-34
U01649,2024-10-28,Referral,CMP107,UK,London,Desktop,Free,Female,35-44
U01650,2024-10-12,Facebook,CMP101,Canada,Toronto,Mobile,Premium,Female,35-44
U01651,2024-08-16,Google Ads,CMP106,Australia,Melbourne,Desktop,Free,Female,35-44
U01652,2024-06-19,Black Friday,CMP109,USA,Austin,Tablet,Premium,Male,25-34
U01653,2024-03-02,LinkedIn,CMP114,Australia,Melbourne,Desktop,Free,Male,35-44
U01654,2024-01-09,LinkedIn,CMP102,Canada,Vancouver,Tablet,Basic,Female,35-44
U01655,2024-11-20,Black Friday,CMP103,India,Bengaluru,Mobile,Premium,Male,25-34
U01656,2024-09-19,Referral,CMP115,India,Bengaluru,Tablet,Free,Male,45-54
U01657,2024-05-21,LinkedIn,CMP105,Germany,Munich,Mobile,Free,Female,45-54
U01658,2024-09-27,Black Friday,CMP114,Australia,Sydney,Desktop,Premium,Female,18-24
U01659,2024-11-15,Organic,CMP101,Germany,Berlin,Desktop,Basic,Male,35-44
U01660,2024-04-24,Black Friday,CMP111,Canada,Vancouver,Tablet,Premium,Male,35-44
U01661,2024-10-22,Google Ads,CMP105,USA,New York,Desktop,Free,Male,18-24
U01662,2024-09-30,Organic,CMP105,Canada,Vancouver,Mobile,Basic,Female,25-34
U01663,2024-12-02,Google Ads,CMP110,USA,New York,Desktop,Basic,Male,25-34
U01664,2024-06-30,Google Ads,CMP115,India,Chennai,Desktop,Free,Female,25-34
U01665,2024-07-13,LinkedIn,CMP115,India,Coimbatore,Mobile,Free,Female,18-24
U01666,2024-02-17,Referral,CMP119,USA,Seattle,Tablet,Free,Male,25-34
U01667,2024-03-02,Black Friday,CMP120,Germany,Munich,Tablet,Basic,Female,25-34
U01668,2024-04-17,Referral,CMP112,India,Coimbatore,Desktop,Premium,Male,45-54
U01669,2024-01-09,LinkedIn,CMP114,India,Coimbatore,Mobile,Basic,Female,35-44
U01670,2024-02-03,Black Friday,CMP110,Germany,Berlin,Tablet,Free,Female,45-54
U01671,2024-01-09,Black Friday,CMP111,UK,London,Mobile,Free,Male,18-24
U01672,2024-03-06,Google Ads,CMP105,Canada,Vancouver,Mobile,Free,Male,35-44
U01673,2024-07-09,LinkedIn,CMP106,Canada,Vancouver,Mobile,Free,Male,25-34
U01674,2024-07-05,Google Ads,CMP101,India,Coimbatore,Mobile,Basic,Female,35-44
U01675,2024-05-15,Facebook,CMP101,Canada,Toronto,Desktop,Free,Female,18-24
U01676,2024-03-14,Organic,CMP118,Germany,Munich,Tablet,Premium,Male,25-34
U01677,2024-02-21,Facebook,CMP108,India,Chennai,Desktop,Free,Male,45-54
U01678,2024-08-25,Referral,CMP115,Germany,Berlin,Tablet,Premium,Male,35-44
U01679,2024-08-31,Facebook,CMP105,Germany,Munich,Tablet,Premium,Female,18-24
U01680,2024-09-01,Black Friday,CMP119,Germany,Berlin,Mobile,Free,Male,25-34
U01681,2024-04-25,Organic,CMP104,Australia,Melbourne,Desktop,Premium,Male,25-34
U01682,2024-04-25,Google Ads,CMP110,UK,Manchester,Tablet,Basic,Female,25-34
U01683,2024-06-16,Facebook,CMP105,Germany,Berlin,Tablet,Basic,Male,25-34
U01684,2024-04-03,Google Ads,CMP102,India,Chennai,Mobile,Basic,Female,18-24
U01685,2024-10-19,LinkedIn,CMP112,Germany,Berlin,Tablet,Premium,Female,45-54
U01686,2024-04-19,Referral,CMP109,Germany,Munich,Mobile,Premium,Female,35-44
U01687,2024-06-21,Facebook,CMP111,USA,Austin,Tablet,Basic,Male,35-44
U01688,2024-09-22,Organic,CMP112,UK,Manchester,Tablet,Free,Male,18-24
U01689,2024-04-26,Organic,CMP104,Germany,Munich,Mobile,Basic,Female,45-54
U01690,2024-08-11,Organic,CMP117,Canada,Toronto,Desktop,Premium,Male,25-34
U01691,2024-12-14,Organic,CMP107,USA,Seattle,Tablet,Basic,Male,18-24
U01692,2024-09-29,Referral,CMP108,UK,London,Desktop,Free,Male,25-34
U01693,2024-11-21,Referral,CMP108,Australia,Sydney,Tablet,Premium,Female,25-34
U01694,2024-05-22,LinkedIn,CMP110,India,Coimbatore,Tablet,Basic,Female,45-54
U01695,2024-06-13,Black Friday,CMP110,USA,New York,Mobile,Basic,Female,25-34
U01696,2024-11-09,Organic,CMP102,Canada,Vancouver,Mobile,Free,Female,25-34
U01697,2024-05-04,Google Ads,CMP114,Germany,Munich,Tablet,Free,Male,35-44
U01698,2024-02-06,Facebook,CMP105,USA,Austin,Mobile,Premium,Male,25-34
U01699,2024-08-15,Black Friday,CMP109,USA,Austin,Mobile,Premium,Male,35-44
U01700,2024-09-25,Black Friday,CMP120,India,Coimbatore,Mobile,Premium,Female,35-44
U01701,2024-03-04,Black Friday,CMP120,Canada,Vancouver,Mobile,Free,Female,35-44
U01702,2024-01-21,Facebook,CMP104,Germany,Munich,Desktop,Premium,Male,45-54
U01703,2024-05-29,Referral,CMP104,USA,New York,Tablet,Premium,Female,25-34
U01704,2024-12-06,Black Friday,CMP114,Germany,Munich,Mobile,Premium,Male,35-44
U01705,2024-05-21,Black Friday,CMP117,UK,Manchester,Desktop,Premium,Female,35-44
U01706,2024-02-12,Organic,CMP116,India,Chennai,Tablet,Basic,Male,45-54
U01707,2024-12-06,Organic,CMP116,UK,Manchester,Tablet,Premium,Female,18-24
U01708,2024-11-04,Referral,CMP104,India,Bengaluru,Mobile,Free,Male,35-44
U01709,2024-10-24,Black Friday,CMP120,Australia,Melbourne,Desktop,Premium,Male,35-44
U01710,2024-11-27,LinkedIn,CMP119,Germany,Berlin,Desktop,Premium,Female,18-24
U01711,2024-04-20,Google Ads,CMP101,Canada,Vancouver,Mobile,Basic,Female,18-24
U01712,2024-08-21,Facebook,CMP112,UK,Manchester,Mobile,Basic,Female,18-24
U01713,2024-06-15,Black Friday,CMP109,Germany,Berlin,Mobile,Premium,Female,45-54
U01714,2024-06-27,LinkedIn,CMP103,USA,Austin,Desktop,Premium,Male,35-44
U01715,2024-06-05,Black Friday,CMP103,India,Bengaluru,Desktop,Basic,Female,25-34
U01716,2024-07-14,Facebook,CMP116,USA,Austin,Desktop,Basic,Female,25-34
U01717,2024-03-27,Organic,CMP104,UK,London,Tablet,Basic,Female,25-34
U01718,2024-07-22,Black Friday,CMP103,Canada,Toronto,Mobile,Free,Female,35-44
U01719,2024-03-15,Facebook,CMP118,Australia,Melbourne,Desktop,Free,Female,18-24
U01720,2024-05-30,Referral,CMP103,Canada,Vancouver,Mobile,Basic,Male,25-34
U01721,2024-10-07,Black Friday,CMP109,USA,New York,Desktop,Free,Male,25-34
U01722,2024-04-25,Black Friday,CMP107,Germany,Berlin,Mobile,Basic,Male,18-24
U01723,2024-11-09,LinkedIn,CMP114,Germany,Berlin,Desktop,Free,Female,45-54
U01724,2024-05-13,Facebook,CMP109,Australia,Melbourne,Desktop,Basic,Male,35-44
U01725,2024-10-03,Organic,CMP105,UK,Manchester,Tablet,Free,Male,18-24
U01726,2024-09-16,LinkedIn,CMP118,Australia,Melbourne,Mobile,Premium,Male,35-44
U01727,2024-12-25,Referral,CMP108,Australia,Melbourne,Desktop,Premium,Male,45-54
U01728,2024-11-12,LinkedIn,CMP119,Germany,Munich,Mobile,Free,Male,45-54
U01729,2024-10-13,Organic,CMP112,Australia,Melbourne,Tablet,Free,Male,35-44
U01730,2024-02-03,Facebook,CMP119,Australia,Melbourne,Tablet,Free,Female,45-54
U01731,2024-12-26,LinkedIn,CMP107,USA,Seattle,Desktop,Basic,Female,35-44
U01732,2024-04-29,Referral,CMP114,Canada,Toronto,Tablet,Premium,Female,18-24
U01733,2024-11-08,Black Friday,CMP112,India,Bengaluru,Mobile,Free,Male,45-54
U01734,2024-03-23,Google Ads,CMP108,Australia,Sydney,Mobile,Free,Female,18-24
U01735,2024-06-18,Organic,CMP113,India,Bengaluru,Tablet,Premium,Female,45-54
U01736,2024-07-14,LinkedIn,CMP105,Australia,Melbourne,Mobile,Free,Female,35-44
U01737,2024-03-31,LinkedIn,CMP109,Australia,Melbourne,Mobile,Free,Female,45-54
U01738,2024-04-12,Facebook,CMP103,USA,Austin,Desktop,Free,Female,18-24
U01739,2024-11-06,Referral,CMP102,India,Bengaluru,Desktop,Free,Male,18-24
U01740,2024-09-27,Organic,CMP111,India,Coimbatore,Desktop,Free,Female,18-24
U01741,2024-03-29,Black Friday,CMP120,USA,Austin,Mobile,Premium,Male,35-44
U01742,2024-02-19,Google Ads,CMP120,Australia,Melbourne,Tablet,Free,Female,25-34
U01743,2024-09-16,LinkedIn,CMP101,USA,Seattle,Mobile,Premium,Male,35-44
U01744,2024-05-29,Facebook,CMP106,India,Bengaluru,Tablet,Free,Male,45-54
U01745,2024-04-08,Google Ads,CMP120,Canada,Vancouver,Desktop,Premium,Female,45-54
U01746,2024-02-29,Referral,CMP103,Australia,Melbourne,Mobile,Basic,Male,25-34
U01747,2024-09-08,LinkedIn,CMP102,USA,Austin,Mobile,Basic,Male,18-24
U01748,2024-12-05,Facebook,CMP117,Australia,Melbourne,Tablet,Premium,Male,35-44
U01749,2024-06-13,LinkedIn,CMP107,USA,Austin,Tablet,Basic,Female,45-54
U01750,2024-07-12,LinkedIn,CMP101,India,Coimbatore,Mobile,Basic,Female,45-54
U01751,2024-06-05,Facebook,CMP102,Germany,Berlin,Mobile,Free,Female,25-34
U01752,2024-11-24,Black Friday,CMP102,UK,London,Mobile,Basic,Female,25-34
U01753,2024-06-29,Organic,CMP114,Canada,Toronto,Tablet,Basic,Male,25-34
U01754,2024-02-20,Google Ads,CMP108,Germany,Munich,Mobile,Premium,Male,45-54
U01755,2024-04-15,Black Friday,CMP120,Canada,Toronto,Mobile,Basic,Male,18-24
U01756,2024-05-28,Google Ads,CMP111,India,Chennai,Desktop,Free,Female,45-54
U01757,2024-01-23,Google Ads,CMP120,USA,New York,Tablet,Premium,Female,45-54
U01758,2024-12-14,Black Friday,CMP110,Canada,Toronto,Tablet,Premium,Female,45-54
U01759,2024-12-19,LinkedIn,CMP114,India,Coimbatore,Desktop,Free,Female,35-44
U01760,2024-11-03,Black Friday,CMP113,India,Chennai,Tablet,Basic,Male,25-34
U01761,2024-02-06,Organic,CMP104,Australia,Sydney,Desktop,Free,Male,35-44
U01762,2024-03-26,Facebook,CMP113,Australia,Melbourne,Tablet,Basic,Female,35-44
U01763,2024-02-25,LinkedIn,CMP107,India,Chennai,Tablet,Basic,Male,25-34
U01764,2024-09-22,LinkedIn,CMP116,India,Chennai,Mobile,Free,Male,45-54
U01765,2024-04-04,Black Friday,CMP103,India,Chennai,Desktop,Premium,Female,45-54
U01766,2024-03-14,Referral,CMP102,Germany,Berlin,Mobile,Premium,Female,18-24
U01767,2024-10-18,Google Ads,CMP111,India,Coimbatore,Mobile,Basic,Female,25-34
U01768,2024-11-25,LinkedIn,CMP113,India,Chennai,Desktop,Premium,Male,25-34
U01769,2024-04-04,Google Ads,CMP111,Australia,Melbourne,Mobile,Basic,Male,25-34
U01770,2024-11-04,Facebook,CMP118,Canada,Toronto,Mobile,Premium,Female,18-24
U01771,2024-02-27,Organic,CMP114,Australia,Sydney,Tablet,Premium,Male,35-44
U01772,2024-07-08,Google Ads,CMP104,India,Bengaluru,Mobile,Free,Female,18-24
U01773,2024-10-15,LinkedIn,CMP119,India,Chennai,Mobile,Premium,Male,18-24
U01774,2024-01-11,LinkedIn,CMP119,Australia,Melbourne,Desktop,Premium,Female,45-54
U01775,2024-05-01,LinkedIn,CMP120,Australia,Melbourne,Desktop,Premium,Female,45-54
U01776,2024-03-19,Referral,CMP112,Germany,Berlin,Mobile,Basic,Male,45-54
U01777,2024-05-11,Facebook,CMP101,USA,Austin,Desktop,Free,Male,45-54
U01778,2024-07-29,Referral,CMP108,Australia,Melbourne,Mobile,Premium,Female,25-34
U01779,2024-07-26,LinkedIn,CMP115,Germany,Munich,Desktop,Basic,Female,35-44
U01780,2024-06-21,Black Friday,CMP113,UK,London,Tablet,Premium,Male,25-34
U01781,2024-04-21,Google Ads,CMP119,Australia,Sydney,Tablet,Premium,Female,45-54
U01782,2024-10-07,Facebook,CMP110,Germany,Berlin,Desktop,Free,Female,18-24
U01783,2024-10-04,LinkedIn,CMP110,Australia,Melbourne,Mobile,Free,Male,35-44
U01784,2024-10-09,Black Friday,CMP113,USA,Seattle,Desktop,Free,Female,18-24
U01785,2024-12-21,LinkedIn,CMP119,USA,Seattle,Mobile,Basic,Male,45-54
U01786,2024-10-21,Google Ads,CMP114,USA,Austin,Desktop,Free,Male,45-54
U01787,2024-06-10,Referral,CMP117,Canada,Toronto,Tablet,Free,Male,18-24
U01788,2024-01-11,Organic,CMP111,India,Chennai,Desktop,Basic,Male,25-34
U01789,2024-04-19,Organic,CMP112,UK,Manchester,Tablet,Basic,Female,35-44
U01790,2024-12-26,Facebook,CMP110,USA,New York,Tablet,Free,Male,25-34
U01791,2024-07-31,Referral,CMP120,India,Coimbatore,Mobile,Premium,Female,35-44
U01792,2024-12-19,Organic,CMP105,USA,Austin,Mobile,Free,Male,45-54
U01793,2024-08-30,LinkedIn,CMP106,Germany,Berlin,Tablet,Premium,Female,45-54
U01794,2024-10-26,Google Ads,CMP115,Canada,Toronto,Desktop,Premium,Female,35-44
U01795,2024-02-13,Organic,CMP106,UK,London,Tablet,Basic,Female,25-34
U01796,2024-02-26,Google Ads,CMP111,Australia,Melbourne,Tablet,Free,Female,45-54
U01797,2024-01-09,Referral,CMP114,Canada,Toronto,Desktop,Basic,Male,35-44
U01798,2024-09-23,LinkedIn,CMP111,India,Chennai,Mobile,Premium,Male,35-44
U01799,2024-05-14,LinkedIn,CMP111,Germany,Berlin,Desktop,Premium,Female,18-24
U01800,2024-06-19,Organic,CMP105,Canada,Toronto,Tablet,Premium,Male,35-44
U01801,2024-07-13,LinkedIn,CMP113,USA,Austin,Mobile,Premium,Female,45-54
U01802,2024-06-20,Referral,CMP114,UK,Manchester,Tablet,Basic,Male,35-44
U01803,2024-05-13,Google Ads,CMP116,Canada,Vancouver,Desktop,Free,Female,18-24
U01804,2024-12-07,Referral,CMP104,UK,London,Mobile,Free,Male,18-24
U01805,2024-03-31,Organic,CMP105,UK,London,Mobile,Free,Male,18-24
U01806,2024-06-23,Organic,CMP105,Canada,Vancouver,Tablet,Basic,Male,18-24
U01807,2024-01-29,Google Ads,CMP107,Australia,Sydney,Mobile,Free,Male,18-24
U01808,2024-08-09,Google Ads,CMP107,Australia,Sydney,Tablet,Free,Female,35-44
U01809,2024-11-16,Google Ads,CMP116,Canada,Toronto,Tablet,Basic,Male,45-54
U01810,2024-05-27,Black Friday,CMP119,Australia,Sydney,Desktop,Free,Male,18-24
U01811,2024-03-31,Facebook,CMP105,USA,Seattle,Tablet,Free,Male,18-24
U01812,2024-04-06,Facebook,CMP108,USA,New York,Desktop,Premium,Female,45-54
U01813,2024-09-16,Facebook,CMP107,Australia,Melbourne,Desktop,Basic,Male,18-24
U01814,2024-12-01,Facebook,CMP110,Australia,Sydney,Mobile,Free,Male,45-54
U01815,2024-06-25,Organic,CMP120,Australia,Melbourne,Mobile,Premium,Female,18-24
U01816,2024-12-11,Facebook,CMP119,India,Coimbatore,Tablet,Premium,Male,35-44
U01817,2024-06-12,Facebook,CMP116,Germany,Munich,Desktop,Basic,Female,35-44
U01818,2024-10-06,Google Ads,CMP108,Australia,Sydney,Mobile,Premium,Female,45-54
U01819,2024-08-26,Facebook,CMP113,Germany,Munich,Desktop,Basic,Male,25-34
U01820,2024-07-16,Organic,CMP105,Germany,Munich,Desktop,Premium,Male,45-54
U01821,2024-07-06,LinkedIn,CMP106,India,Chennai,Tablet,Free,Male,18-24
U01822,2024-01-09,LinkedIn,CMP105,Germany,Munich,Desktop,Free,Male,45-54
U01823,2024-07-19,Facebook,CMP118,USA,Austin,Mobile,Free,Female,45-54
U01824,2024-08-09,Google Ads,CMP116,Germany,Berlin,Desktop,Free,Male,35-44
U01825,2024-12-27,Referral,CMP110,Germany,Berlin,Mobile,Premium,Female,25-34
U01826,2024-08-01,Organic,CMP110,Germany,Berlin,Desktop,Premium,Female,45-54
U01827,2024-11-09,Referral,CMP105,India,Bengaluru,Desktop,Basic,Female,25-34
U01828,2024-07-08,LinkedIn,CMP103,Canada,Toronto,Desktop,Basic,Female,25-34
U01829,2024-04-17,Black Friday,CMP108,UK,Manchester,Tablet,Basic,Female,35-44
U01830,2024-10-22,Black Friday,CMP107,UK,London,Desktop,Premium,Male,25-34
U01831,2024-05-07,Referral,CMP116,Germany,Berlin,Desktop,Premium,Male,45-54
U01832,2024-03-16,Facebook,CMP103,Canada,Vancouver,Desktop,Premium,Female,18-24
U01833,2024-08-18,Google Ads,CMP109,Germany,Berlin,Desktop,Free,Female,25-34
U01834,2024-04-24,Organic,CMP111,Australia,Melbourne,Tablet,Basic,Male,35-44
U01835,2024-06-12,Facebook,CMP120,Germany,Berlin,Tablet,Free,Male,35-44
U01836,2024-02-01,Google Ads,CMP117,Australia,Melbourne,Mobile,Basic,Female,18-24
U01837,2024-06-01,Google Ads,CMP105,UK,Manchester,Mobile,Free,Female,18-24
U01838,2024-07-07,Google Ads,CMP115,Germany,Munich,Tablet,Free,Female,35-44
U01839,2024-02-25,LinkedIn,CMP109,UK,London,Tablet,Premium,Female,35-44
U01840,2024-03-24,Google Ads,CMP111,Canada,Toronto,Mobile,Free,Female,45-54
U01841,2024-07-07,Facebook,CMP113,USA,Seattle,Mobile,Premium,Female,35-44
U01842,2024-07-21,Facebook,CMP120,USA,New York,Tablet,Basic,Female,18-24
U01843,2024-09-18,Black Friday,CMP105,India,Coimbatore,Mobile,Free,Male,25-34
U01844,2024-02-22,Google Ads,CMP108,Canada,Toronto,Desktop,Basic,Female,18-24
U01845,2024-07-30,Organic,CMP116,UK,Manchester,Tablet,Free,Female,45-54
U01846,2024-12-21,Referral,CMP103,USA,New York,Desktop,Free,Male,35-44
U01847,2024-04-26,Organic,CMP118,USA,New York,Mobile,Premium,Male,45-54
U01848,2024-01-22,Google Ads,CMP108,India,Chennai,Mobile,Premium,Female,35-44
U01849,2024-07-17,Black Friday,CMP113,Australia,Sydney,Tablet,Basic,Female,18-24
U01850,2024-12-08,Black Friday,CMP114,Australia,Sydney,Mobile,Free,Male,25-34
U01851,2024-04-27,LinkedIn,CMP101,Canada,Vancouver,Tablet,Free,Female,25-34
U01852,2024-07-22,Google Ads,CMP118,USA,New York,Tablet,Premium,Female,35-44
U01853,2024-10-11,Referral,CMP113,UK,London,Mobile,Premium,Female,35-44
U01854,2024-04-10,Facebook,CMP113,UK,London,Tablet,Basic,Female,18-24
U01855,2024-08-16,Black Friday,CMP117,Canada,Vancouver,Mobile,Free,Male,18-24
U01856,2024-07-17,Black Friday,CMP107,India,Chennai,Tablet,Premium,Female,25-34
U01857,2024-10-30,Facebook,CMP115,UK,London,Tablet,Premium,Male,35-44
U01858,2024-04-21,Organic,CMP110,Canada,Toronto,Mobile,Free,Female,25-34
U01859,2024-09-12,LinkedIn,CMP111,Australia,Melbourne,Desktop,Premium,Male,45-54
U01860,2024-09-02,Referral,CMP110,Canada,Toronto,Mobile,Premium,Male,18-24
U01861,2024-01-16,Organic,CMP101,Canada,Vancouver,Mobile,Basic,Female,45-54
U01862,2024-10-17,Organic,CMP102,USA,Austin,Mobile,Premium,Male,45-54
U01863,2024-07-09,Facebook,CMP114,India,Bengaluru,Mobile,Basic,Male,18-24
U01864,2024-06-03,Facebook,CMP115,USA,New York,Mobile,Premium,Male,45-54
U01865,2024-03-30,Organic,CMP103,India,Bengaluru,Mobile,Basic,Female,35-44
U01866,2024-01-12,Referral,CMP116,Australia,Sydney,Tablet,Premium,Male,25-34
U01867,2024-02-03,Black Friday,CMP113,Germany,Berlin,Mobile,Basic,Female,45-54
U01868,2024-07-30,Organic,CMP119,USA,New York,Tablet,Free,Female,35-44
U01869,2024-09-02,Facebook,CMP101,USA,Seattle,Desktop,Free,Male,45-54
U01870,2024-01-01,Organic,CMP119,Australia,Melbourne,Tablet,Premium,Female,25-34
U01871,2024-01-25,Facebook,CMP103,UK,Manchester,Desktop,Basic,Male,35-44
U01872,2024-12-03,Black Friday,CMP118,UK,London,Desktop,Premium,Female,45-54
U01873,2024-03-30,LinkedIn,CMP112,Canada,Vancouver,Desktop,Basic,Male,45-54
U01874,2024-12-11,LinkedIn,CMP112,Canada,Vancouver,Mobile,Premium,Female,25-34
U01875,2024-06-19,Black Friday,CMP115,UK,Manchester,Tablet,Premium,Male,18-24
U01876,2024-06-24,Black Friday,CMP105,Canada,Vancouver,Tablet,Premium,Male,25-34
U01877,2024-04-15,LinkedIn,CMP103,Australia,Melbourne,Mobile,Premium,Male,18-24
U01878,2024-10-21,Facebook,CMP118,India,Bengaluru,Mobile,Premium,Male,35-44
U01879,2024-09-07,Facebook,CMP112,India,Bengaluru,Desktop,Premium,Female,25-34
U01880,2024-10-22,Black Friday,CMP114,UK,London,Mobile,Premium,Female,25-34
U01881,2024-12-21,Black Friday,CMP101,USA,Seattle,Mobile,Basic,Male,18-24
U01882,2024-12-21,Google Ads,CMP113,UK,Manchester,Mobile,Premium,Male,25-34
U01883,2024-01-13,Organic,CMP110,India,Chennai,Mobile,Free,Male,18-24
U01884,2024-05-09,Organic,CMP114,Germany,Munich,Tablet,Basic,Male,35-44
U01885,2024-06-24,Facebook,CMP107,Germany,Munich,Desktop,Premium,Female,18-24
U01886,2024-12-13,Organic,CMP116,Germany,Munich,Desktop,Free,Female,45-54
U01887,2024-07-15,Organic,CMP114,Canada,Vancouver,Tablet,Basic,Male,45-54
U01888,2024-01-20,Organic,CMP116,Germany,Munich,Tablet,Free,Male,25-34
U01889,2024-11-19,LinkedIn,CMP113,India,Bengaluru,Desktop,Free,Female,18-24
U01890,2024-06-14,Referral,CMP115,UK,London,Tablet,Basic,Male,18-24
U01891,2024-12-16,Referral,CMP101,USA,Seattle,Desktop,Free,Male,45-54
U01892,2024-05-20,Referral,CMP113,Australia,Sydney,Desktop,Premium,Male,45-54
U01893,2024-03-30,Facebook,CMP106,Germany,Berlin,Desktop,Premium,Female,45-54
U01894,2024-02-26,Google Ads,CMP103,Australia,Sydney,Desktop,Basic,Male,18-24
U01895,2024-07-17,Black Friday,CMP106,Australia,Melbourne,Mobile,Basic,Male,25-34
U01896,2024-06-23,Referral,CMP116,Australia,Sydney,Tablet,Basic,Male,18-24
U01897,2024-03-25,Google Ads,CMP120,USA,Seattle,Mobile,Basic,Female,35-44
U01898,2024-12-23,Organic,CMP117,Germany,Munich,Tablet,Premium,Male,45-54
U01899,2024-08-30,Facebook,CMP114,India,Bengaluru,Tablet,Basic,Male,18-24
U01900,2024-02-14,Black Friday,CMP112,UK,Manchester,Desktop,Premium,Male,25-34
U01901,2024-03-02,Google Ads,CMP103,India,Bengaluru,Mobile,Premium,Male,45-54
U01902,2024-12-03,Facebook,CMP118,Canada,Vancouver,Desktop,Free,Male,45-54
U01903,2024-02-29,Organic,CMP108,Canada,Toronto,Mobile,Basic,Male,45-54
U01904,2024-01-06,Organic,CMP117,UK,London,Mobile,Premium,Female,18-24
U01905,2024-06-04,Facebook,CMP108,USA,Austin,Mobile,Free,Female,45-54
U01906,2024-09-02,Organic,CMP106,USA,Austin,Tablet,Premium,Male,25-34
U01907,2024-12-07,Referral,CMP105,USA,New York,Desktop,Premium,Male,25-34
U01908,2024-05-06,LinkedIn,CMP112,Australia,Sydney,Desktop,Basic,Male,45-54
U01909,2024-01-22,LinkedIn,CMP101,UK,London,Tablet,Premium,Female,45-54
U01910,2024-08-18,Google Ads,CMP105,Canada,Vancouver,Tablet,Premium,Female,25-34
U01911,2024-05-03,Referral,CMP110,Canada,Vancouver,Mobile,Basic,Male,45-54
U01912,2024-02-03,Organic,CMP105,Canada,Toronto,Desktop,Basic,Female,35-44
U01913,2024-08-25,Facebook,CMP110,Australia,Melbourne,Desktop,Basic,Female,45-54
U01914,2024-12-18,Black Friday,CMP118,Canada,Toronto,Desktop,Basic,Male,45-54
U01915,2024-06-24,Referral,CMP120,Canada,Toronto,Desktop,Premium,Female,35-44
U01916,2024-05-27,Referral,CMP108,Canada,Vancouver,Desktop,Free,Male,35-44
U01917,2024-06-05,Facebook,CMP117,USA,Seattle,Desktop,Basic,Female,45-54
U01918,2024-12-08,Google Ads,CMP120,Australia,Sydney,Tablet,Basic,Male,35-44
U01919,2024-12-30,Referral,CMP111,Canada,Toronto,Desktop,Premium,Male,18-24
U01920,2024-05-29,Google Ads,CMP107,Australia,Melbourne,Mobile,Premium,Female,35-44
U01921,2024-05-05,LinkedIn,CMP109,Germany,Munich,Tablet,Basic,Male,35-44
U01922,2024-11-06,Facebook,CMP104,India,Coimbatore,Tablet,Basic,Male,18-24
U01923,2024-04-06,LinkedIn,CMP115,UK,Manchester,Tablet,Premium,Female,25-34
U01924,2024-05-16,LinkedIn,CMP116,India,Bengaluru,Mobile,Basic,Female,45-54
U01925,2024-06-09,Google Ads,CMP106,India,Chennai,Desktop,Free,Male,18-24
U01926,2024-05-22,Referral,CMP118,India,Coimbatore,Mobile,Free,Female,25-34
U01927,2024-01-21,Referral,CMP102,Australia,Sydney,Mobile,Basic,Female,35-44
U01928,2024-08-08,Google Ads,CMP108,USA,Seattle,Tablet,Premium,Female,35-44
U01929,2024-05-01,Organic,CMP118,USA,Seattle,Desktop,Free,Male,45-54
U01930,2024-04-14,Referral,CMP101,Canada,Toronto,Mobile,Premium,Female,45-54
U01931,2024-03-04,Google Ads,CMP114,India,Chennai,Mobile,Basic,Male,25-34
U01932,2024-04-22,Organic,CMP101,UK,London,Tablet,Basic,Female,45-54
U01933,2024-08-16,Google Ads,CMP104,USA,New York,Desktop,Premium,Female,45-54
U01934,2024-03-17,LinkedIn,CMP120,Australia,Melbourne,Mobile,Premium,Female,25-34
U01935,2024-12-10,LinkedIn,CMP117,Germany,Munich,Desktop,Free,Female,45-54
U01936,2024-08-14,Google Ads,CMP112,Canada,Toronto,Tablet,Free,Female,25-34
U01937,2024-07-25,Google Ads,CMP111,USA,Austin,Desktop,Basic,Male,35-44
U01938,2024-04-28,Referral,CMP116,Germany,Berlin,Tablet,Premium,Male,18-24
U01939,2024-08-19,Organic,CMP113,Australia,Melbourne,Desktop,Basic,Male,45-54
U01940,2024-08-11,LinkedIn,CMP114,Australia,Sydney,Desktop,Basic,Female,25-34
U01941,2024-05-17,Facebook,CMP116,UK,London,Mobile,Free,Male,18-24
U01942,2024-07-14,Organic,CMP108,UK,London,Tablet,Free,Male,18-24
U01943,2024-05-08,Referral,CMP109,India,Coimbatore,Mobile,Basic,Male,45-54
U01944,2024-05-22,Google Ads,CMP114,USA,Austin,Mobile,Premium,Male,25-34
U01945,2024-02-17,Organic,CMP119,Canada,Toronto,Desktop,Premium,Female,45-54
U01946,2024-03-26,Organic,CMP107,USA,Seattle,Tablet,Free,Male,18-24
U01947,2024-05-17,Referral,CMP104,USA,Austin,Tablet,Basic,Male,25-34
U01948,2024-09-30,Google Ads,CMP101,USA,Austin,Mobile,Basic,Male,18-24
U01949,2024-07-20,Google Ads,CMP102,USA,Austin,Mobile,Free,Male,35-44
U01950,2024-10-20,LinkedIn,CMP108,UK,Manchester,Mobile,Premium,Male,25-34
U01951,2024-03-23,Referral,CMP102,Australia,Sydney,Desktop,Free,Male,35-44
U01952,2024-08-23,LinkedIn,CMP113,Canada,Vancouver,Tablet,Basic,Female,45-54
U01953,2024-05-08,LinkedIn,CMP106,Canada,Vancouver,Mobile,Free,Male,18-24
U01954,2024-11-03,Facebook,CMP104,UK,Manchester,Desktop,Basic,Female,35-44
U01955,2024-01-13,LinkedIn,CMP107,UK,London,Mobile,Basic,Male,45-54
U01956,2024-10-29,Google Ads,CMP110,Australia,Melbourne,Mobile,Free,Male,25-34
U01957,2024-08-12,LinkedIn,CMP113,UK,Manchester,Tablet,Basic,Female,25-34
U01958,2024-08-25,LinkedIn,CMP102,USA,New York,Mobile,Premium,Male,35-44
U01959,2024-07-10,Facebook,CMP115,India,Coimbatore,Tablet,Basic,Male,35-44
U01960,2024-06-30,Referral,CMP116,Canada,Toronto,Desktop,Free,Female,35-44
U01961,2024-04-09,Referral,CMP106,UK,London,Mobile,Free,Female,18-24
U01962,2024-01-13,Google Ads,CMP117,Canada,Vancouver,Mobile,Basic,Female,35-44
U01963,2024-11-09,Facebook,CMP120,Germany,Munich,Desktop,Basic,Male,18-24
U01964,2024-08-12,LinkedIn,CMP117,Germany,Berlin,Tablet,Premium,Male,25-34
U01965,2024-07-12,Black Friday,CMP115,UK,Manchester,Mobile,Free,Male,18-24
U01966,2024-11-11,Facebook,CMP113,Germany,Berlin,Mobile,Free,Female,18-24
U01967,2024-03-09,LinkedIn,CMP119,USA,New York,Desktop,Free,Female,35-44
U01968,2024-04-17,Organic,CMP106,India,Chennai,Desktop,Premium,Female,18-24
U01969,2024-04-22,Google Ads,CMP116,Germany,Berlin,Mobile,Premium,Female,35-44
U01970,2024-11-11,Facebook,CMP116,Australia,Melbourne,Tablet,Premium,Female,35-44
U01971,2024-09-26,Black Friday,CMP119,USA,Seattle,Tablet,Basic,Male,25-34
U01972,2024-01-12,LinkedIn,CMP109,Germany,Munich,Tablet,Basic,Female,45-54
U01973,2024-01-27,Facebook,CMP109,Canada,Toronto,Mobile,Premium,Male,25-34
U01974,2024-05-07,Google Ads,CMP104,Germany,Munich,Desktop,Premium,Female,45-54
U01975,2024-10-17,Facebook,CMP103,UK,London,Mobile,Premium,Female,18-24
U01976,2024-06-09,LinkedIn,CMP113,India,Coimbatore,Mobile,Basic,Female,18-24
U01977,2024-06-19,Organic,CMP110,UK,London,Desktop,Basic,Female,25-34
U01978,2024-07-26,Google Ads,CMP110,Germany,Berlin,Tablet,Free,Female,25-34
U01979,2024-11-02,Referral,CMP113,UK,London,Mobile,Free,Male,18-24
U01980,2024-03-17,LinkedIn,CMP116,Canada,Toronto,Tablet,Premium,Male,18-24
U01981,2024-01-02,Google Ads,CMP102,Germany,Berlin,Desktop,Basic,Female,18-24
U01982,2024-01-21,Facebook,CMP111,USA,New York,Mobile,Premium,Male,18-24
U01983,2024-11-10,Google Ads,CMP106,India,Coimbatore,Desktop,Free,Female,35-44
U01984,2024-11-11,Organic,CMP120,Canada,Vancouver,Mobile,Free,Female,35-44
U01985,2024-03-21,Black Friday,CMP117,Australia,Sydney,Desktop,Premium,Male,35-44
U01986,2024-01-17,Facebook,CMP106,Germany,Munich,Desktop,Basic,Female,35-44
U01987,2024-11-30,LinkedIn,CMP114,Australia,Sydney,Desktop,Premium,Female,25-34
U01988,2024-05-03,Google Ads,CMP105,Germany,Berlin,Mobile,Free,Male,25-34
U01989,2024-02-25,Google Ads,CMP105,Germany,Berlin,Desktop,Basic,Female,25-34
U01990,2024-09-03,LinkedIn,CMP104,Germany,Munich,Tablet,Free,Female,18-24
U01991,2024-07-05,LinkedIn,CMP107,USA,Austin,Mobile,Free,Male,35-44
U01992,2024-07-18,LinkedIn,CMP115,USA,Seattle,Desktop,Premium,Female,45-54
U01993,2024-03-09,Black Friday,CMP114,UK,Manchester,Tablet,Premium,Male,18-24
U01994,2024-03-25,LinkedIn,CMP103,UK,Manchester,Desktop,Free,Male,25-34
U01995,2024-05-02,Referral,CMP116,Canada,Vancouver,Mobile,Premium,Male,45-54
U01996,2024-01-20,Black Friday,CMP112,India,Bengaluru,Desktop,Premium,Female,35-44
U01997,2024-01-02,LinkedIn,CMP117,India,Chennai,Mobile,Free,Female,35-44
U01998,2024-09-28,Referral,CMP119,Germany,Berlin,Desktop,Premium,Male,45-54
U01999,2024-10-29,Facebook,CMP118,Canada,Vancouver,Mobile,Basic,Female,18-24
U02000,2024-07-27,Black Friday,CMP103,Canada,Vancouver,Desktop,Basic,Male,35-44
U02001,2024-10-29,LinkedIn,CMP109,USA,Austin,Tablet,Free,Male,35-44
U02002,2024-07-21,Organic,CMP117,UK,London,Mobile,Free,Female,25-34
U02003,2024-07-22,LinkedIn,CMP102,India,Chennai,Desktop,Premium,Female,18-24
U02004,2024-09-13,Black Friday,CMP110,Australia,Sydney,Desktop,Premium,Male,35-44
U02005,2024-02-29,LinkedIn,CMP118,USA,Seattle,Desktop,Free,Male,18-24
U02006,2024-12-16,Organic,CMP111,Germany,Berlin,Desktop,Free,Male,25-34
U02007,2024-05-12,Black Friday,CMP110,USA,Seattle,Desktop,Basic,Male,45-54
U02008,2024-04-14,Google Ads,CMP112,Australia,Sydney,Desktop,Basic,Male,18-24
U02009,2024-03-20,Organic,CMP108,India,Chennai,Desktop,Free,Male,45-54
U02010,2024-06-21,Referral,CMP118,India,Coimbatore,Tablet,Free,Female,35-44
U02011,2024-02-12,Organic,CMP112,UK,London,Desktop,Free,Female,18-24
U02012,2024-11-13,Organic,CMP106,India,Chennai,Desktop,Free,Male,45-54
U02013,2024-11-19,Organic,CMP111,UK,Manchester,Desktop,Free,Female,25-34
U02014,2024-03-26,Referral,CMP116,USA,Seattle,Tablet,Premium,Male,25-34
U02015,2024-12-02,Referral,CMP115,Germany,Munich,Desktop,Premium,Female,25-34
U02016,2024-01-22,LinkedIn,CMP107,India,Chennai,Tablet,Basic,Male,35-44
U02017,2024-11-28,LinkedIn,CMP101,UK,Manchester,Desktop,Free,Male,18-24
U02018,2024-10-31,Referral,CMP104,Canada,Toronto,Desktop,Basic,Female,18-24
U02019,2024-11-15,Black Friday,CMP111,India,Chennai,Desktop,Premium,Female,35-44
U02020,2024-01-20,Organic,CMP110,India,Bengaluru,Mobile,Premium,Female,45-54
U02021,2024-03-19,Facebook,CMP114,UK,London,Tablet,Basic,Male,45-54
U02022,2024-06-06,Facebook,CMP114,Australia,Sydney,Mobile,Basic,Female,25-34
U02023,2024-12-30,Google Ads,CMP117,India,Bengaluru,Tablet,Free,Female,18-24
U02024,2024-02-18,Facebook,CMP111,UK,London,Mobile,Premium,Male,18-24
U02025,2024-04-28,Facebook,CMP110,India,Bengaluru,Tablet,Free,Female,35-44
U02026,2024-02-21,Organic,CMP110,Germany,Munich,Mobile,Premium,Female,35-44
U02027,2024-01-27,Organic,CMP104,USA,Seattle,Mobile,Free,Female,18-24
U02028,2024-08-28,LinkedIn,CMP118,UK,London,Desktop,Free,Male,18-24
U02029,2024-06-20,Google Ads,CMP119,USA,Seattle,Mobile,Premium,Male,45-54
U02030,2024-04-21,Black Friday,CMP105,Australia,Sydney,Tablet,Premium,Male,45-54
U02031,2024-01-03,Referral,CMP109,Australia,Sydney,Desktop,Premium,Male,18-24
U02032,2024-08-08,Referral,CMP113,USA,New York,Tablet,Basic,Female,25-34
U02033,2024-07-26,LinkedIn,CMP119,Canada,Vancouver,Desktop,Free,Male,45-54
U02034,2024-05-10,Referral,CMP116,Australia,Sydney,Mobile,Basic,Male,35-44
U02035,2024-12-19,Referral,CMP106,USA,Seattle,Tablet,Free,Male,25-34
U02036,2024-12-30,Google Ads,CMP108,India,Bengaluru,Mobile,Premium,Male,45-54
U02037,2024-03-09,Facebook,CMP104,USA,Seattle,Mobile,Premium,Male,18-24
U02038,2024-12-22,LinkedIn,CMP104,India,Coimbatore,Mobile,Basic,Male,25-34
U02039,2024-11-27,Facebook,CMP111,India,Coimbatore,Desktop,Premium,Female,45-54
U02040,2024-12-05,Black Friday,CMP105,USA,New York,Desktop,Basic,Male,25-34
U02041,2024-09-07,Facebook,CMP114,Germany,Berlin,Desktop,Free,Female,45-54
U02042,2024-03-22,Organic,CMP115,India,Bengaluru,Desktop,Free,Female,18-24
U02043,2024-05-27,Facebook,CMP109,USA,New York,Desktop,Free,Female,18-24
U02044,2024-10-27,Facebook,CMP110,Germany,Berlin,Desktop,Free,Female,45-54
U02045,2024-07-18,Google Ads,CMP116,UK,London,Desktop,Free,Male,25-34
U02046,2024-11-26,LinkedIn,CMP108,Germany,Berlin,Mobile,Basic,Female,35-44
U02047,2024-12-19,Facebook,CMP117,India,Coimbatore,Tablet,Basic,Male,18-24
U02048,2024-10-17,Google Ads,CMP110,India,Coimbatore,Mobile,Premium,Male,45-54
U02049,2024-09-27,Google Ads,CMP101,India,Coimbatore,Tablet,Premium,Female,35-44
U02050,2024-01-01,Google Ads,CMP106,Germany,Berlin,Tablet,Basic,Female,35-44
U02051,2024-12-22,Referral,CMP107,UK,Manchester,Tablet,Premium,Female,18-24
U02052,2024-07-13,Referral,CMP107,Germany,Berlin,Desktop,Free,Female,35-44
U02053,2024-08-29,Referral,CMP111,USA,Austin,Mobile,Basic,Male,18-24
U02054,2024-02-22,Google Ads,CMP108,Canada,Vancouver,Mobile,Free,Female,45-54
U02055,2024-09-30,Organic,CMP104,Australia,Melbourne,Tablet,Free,Male,25-34
U02056,2024-04-21,Organic,CMP102,UK,Manchester,Mobile,Premium,Female,18-24
U02057,2024-05-23,Referral,CMP115,Australia,Sydney,Mobile,Basic,Male,18-24
U02058,2024-02-17,Referral,CMP118,UK,London,Mobile,Basic,Female,25-34
U02059,2024-12-02,Black Friday,CMP101,Australia,Melbourne,Mobile,Basic,Female,18-24
U02060,2024-02-15,Referral,CMP108,Canada,Vancouver,Mobile,Basic,Female,35-44
U02061,2024-08-19,Black Friday,CMP106,Canada,Toronto,Tablet,Free,Male,35-44
U02062,2024-04-08,Google Ads,CMP108,USA,Seattle,Mobile,Premium,Male,25-34
U02063,2024-04-17,Google Ads,CMP110,USA,Austin,Mobile,Premium,Female,25-34
U02064,2024-11-12,Organic,CMP104,USA,Seattle,Tablet,Free,Female,35-44
U02065,2024-12-17,Google Ads,CMP103,Germany,Berlin,Desktop,Basic,Male,25-34
U02066,2024-07-10,Referral,CMP106,India,Bengaluru,Desktop,Free,Male,25-34
U02067,2024-04-18,Google Ads,CMP114,India,Chennai,Desktop,Free,Male,35-44
U02068,2024-09-23,Referral,CMP117,Australia,Melbourne,Desktop,Free,Male,45-54
U02069,2024-08-05,Referral,CMP115,USA,Austin,Desktop,Basic,Male,18-24
U02070,2024-04-10,Facebook,CMP113,Germany,Munich,Mobile,Premium,Male,25-34
U02071,2024-01-28,Black Friday,CMP118,USA,New York,Tablet,Basic,Female,25-34
U02072,2024-01-28,Google Ads,CMP118,Canada,Toronto,Mobile,Free,Male,18-24
U02073,2024-05-03,Referral,CMP103,Canada,Vancouver,Tablet,Premium,Male,35-44
U02074,2024-05-13,Referral,CMP105,UK,London,Mobile,Basic,Female,25-34
U02075,2024-03-12,Black Friday,CMP103,USA,Seattle,Mobile,Premium,Female,18-24
U02076,2024-08-04,Black Friday,CMP118,Australia,Sydney,Tablet,Basic,Female,25-34
U02077,2024-12-14,Facebook,CMP101,UK,London,Mobile,Free,Male,18-24
U02078,2024-02-12,Google Ads,CMP119,UK,London,Mobile,Premium,Male,45-54
U02079,2024-02-20,Referral,CMP112,Germany,Berlin,Tablet,Premium,Male,25-34
U02080,2024-06-29,LinkedIn,CMP104,UK,Manchester,Desktop,Basic,Male,18-24
U02081,2024-10-06,Referral,CMP119,USA,Seattle,Desktop,Basic,Female,18-24
U02082,2024-03-18,Facebook,CMP117,USA,Seattle,Mobile,Basic,Female,45-54
U02083,2024-01-21,LinkedIn,CMP115,Canada,Toronto,Mobile,Premium,Male,18-24
U02084,2024-12-04,Google Ads,CMP113,UK,Manchester,Tablet,Basic,Male,35-44
U02085,2024-09-21,Referral,CMP105,UK,Manchester,Desktop,Premium,Male,25-34
U02086,2024-07-30,Facebook,CMP117,USA,New York,Desktop,Basic,Male,35-44
U02087,2024-06-07,Referral,CMP113,USA,Seattle,Mobile,Premium,Male,45-54
U02088,2024-01-28,Google Ads,CMP108,Germany,Munich,Tablet,Premium,Female,35-44
U02089,2024-01-09,Black Friday,CMP117,Canada,Toronto,Mobile,Free,Male,35-44
U02090,2024-01-25,LinkedIn,CMP109,India,Bengaluru,Mobile,Premium,Male,35-44
U02091,2024-11-16,Facebook,CMP106,Australia,Melbourne,Desktop,Free,Male,45-54
U02092,2024-04-06,Black Friday,CMP103,Canada,Vancouver,Desktop,Free,Male,18-24
U02093,2024-03-13,LinkedIn,CMP120,Australia,Melbourne,Tablet,Free,Female,45-54
U02094,2024-06-01,Organic,CMP108,USA,Austin,Tablet,Free,Female,45-54
U02095,2024-04-19,Facebook,CMP109,India,Chennai,Desktop,Free,Female,35-44
U02096,2024-11-19,Google Ads,CMP112,Germany,Munich,Desktop,Free,Male,45-54
U02097,2024-04-27,Black Friday,CMP112,Australia,Melbourne,Tablet,Premium,Male,35-44
U02098,2024-04-08,Organic,CMP103,Australia,Melbourne,Desktop,Basic,Female,35-44
U02099,2024-05-28,Referral,CMP117,Canada,Toronto,Mobile,Premium,Male,35-44
U02100,2024-05-03,Black Friday,CMP117,Canada,Toronto,Desktop,Basic,Male,45-54
U02101,2024-11-08,Organic,CMP111,Australia,Sydney,Desktop,Premium,Male,35-44
U02102,2024-05-02,Google Ads,CMP107,USA,Austin,Mobile,Premium,Female,35-44
U02103,2024-12-28,LinkedIn,CMP108,India,Chennai,Mobile,Free,Male,45-54
U02104,2024-09-26,Black Friday,CMP104,Germany,Berlin,Tablet,Free,Male,18-24
U02105,2024-11-19,Google Ads,CMP116,Australia,Sydney,Mobile,Basic,Female,25-34
U02106,2024-01-21,Organic,CMP103,Germany,Berlin,Tablet,Premium,Female,35-44
U02107,2024-07-18,LinkedIn,CMP117,India,Coimbatore,Tablet,Premium,Male,18-24
U02108,2024-04-04,Organic,CMP101,USA,Seattle,Mobile,Basic,Female,18-24
U02109,2024-10-08,Referral,CMP117,USA,New York,Mobile,Premium,Female,35-44
U02110,2024-08-29,Black Friday,CMP116,Australia,Melbourne,Tablet,Basic,Male,45-54
U02111,2024-01-02,Black Friday,CMP107,Canada,Vancouver,Desktop,Premium,Female,25-34
U02112,2024-01-30,Facebook,CMP120,India,Chennai,Mobile,Premium,Female,18-24
U02113,2024-10-03,Google Ads,CMP108,UK,Manchester,Tablet,Basic,Female,18-24
U02114,2024-10-27,LinkedIn,CMP107,USA,New York,Tablet,Free,Male,25-34
U02115,2024-02-07,LinkedIn,CMP109,USA,Austin,Desktop,Basic,Male,18-24
U02116,2024-05-10,Black Friday,CMP110,India,Chennai,Tablet,Premium,Female,18-24
U02117,2024-07-06,Organic,CMP111,Australia,Sydney,Desktop,Basic,Female,45-54
U02118,2024-01-24,Black Friday,CMP104,Canada,Toronto,Tablet,Free,Female,18-24
U02119,2024-01-22,Organic,CMP117,USA,New York,Desktop,Basic,Female,18-24
U02120,2024-01-14,Google Ads,CMP115,Germany,Berlin,Desktop,Premium,Male,18-24
U02121,2024-03-30,Facebook,CMP111,USA,Austin,Mobile,Basic,Male,45-54
U02122,2024-10-19,LinkedIn,CMP116,India,Coimbatore,Tablet,Premium,Male,25-34
U02123,2024-09-25,Facebook,CMP102,UK,London,Mobile,Basic,Male,45-54
U02124,2024-04-09,Facebook,CMP108,UK,Manchester,Tablet,Premium,Male,45-54
U02125,2024-01-24,Google Ads,CMP112,USA,Seattle,Tablet,Free,Male,18-24
U02126,2024-12-07,LinkedIn,CMP101,UK,London,Tablet,Basic,Male,35-44
U02127,2024-05-26,Google Ads,CMP101,Canada,Vancouver,Desktop,Premium,Male,45-54
U02128,2024-11-02,Referral,CMP120,Australia,Melbourne,Tablet,Premium,Female,35-44
U02129,2024-10-09,Referral,CMP120,Australia,Melbourne,Mobile,Premium,Female,25-34
U02130,2024-10-01,Referral,CMP113,UK,London,Mobile,Basic,Male,35-44
U02131,2024-01-11,Facebook,CMP119,Canada,Toronto,Mobile,Free,Male,25-34
U02132,2024-04-24,Google Ads,CMP114,UK,Manchester,Tablet,Premium,Male,45-54
U02133,2024-11-14,Organic,CMP118,Australia,Melbourne,Mobile,Basic,Male,45-54
U02134,2024-08-01,Black Friday,CMP115,India,Chennai,Tablet,Free,Female,25-34
U02135,2024-09-23,Google Ads,CMP111,Canada,Vancouver,Tablet,Free,Male,18-24
U02136,2024-05-25,Facebook,CMP114,India,Bengaluru,Mobile,Free,Female,35-44
U02137,2024-01-16,Google Ads,CMP113,Canada,Vancouver,Tablet,Premium,Male,45-54
U02138,2024-12-04,Organic,CMP118,UK,Manchester,Tablet,Basic,Female,45-54
U02139,2024-11-18,Google Ads,CMP101,India,Bengaluru,Desktop,Basic,Male,25-34
U02140,2024-04-07,Facebook,CMP119,Canada,Vancouver,Mobile,Basic,Male,35-44
U02141,2024-07-23,Google Ads,CMP108,Canada,Vancouver,Tablet,Basic,Male,18-24
U02142,2024-03-25,Google Ads,CMP101,Germany,Berlin,Tablet,Premium,Female,45-54
U02143,2024-07-18,Organic,CMP104,India,Coimbatore,Tablet,Free,Male,18-24
U02144,2024-12-08,Referral,CMP111,USA,New York,Mobile,Free,Female,18-24
U02145,2024-11-09,Facebook,CMP103,Australia,Melbourne,Tablet,Premium,Male,35-44
U02146,2024-01-28,LinkedIn,CMP106,Germany,Berlin,Tablet,Basic,Female,25-34
U02147,2024-01-26,Facebook,CMP108,Australia,Melbourne,Desktop,Free,Female,45-54
U02148,2024-08-14,Facebook,CMP113,Canada,Toronto,Mobile,Premium,Female,25-34
U02149,2024-07-25,Black Friday,CMP105,Germany,Berlin,Desktop,Free,Male,45-54
U02150,2024-11-16,LinkedIn,CMP102,Germany,Berlin,Tablet,Premium,Male,35-44
U02151,2024-01-12,Referral,CMP118,Germany,Munich,Mobile,Free,Male,25-34
U02152,2024-08-20,Organic,CMP105,USA,Austin,Desktop,Premium,Male,25-34
U02153,2024-06-25,Organic,CMP115,Germany,Berlin,Desktop,Free,Male,25-34
U02154,2024-12-13,Organic,CMP120,India,Chennai,Mobile,Basic,Male,25-34
U02155,2024-08-04,Referral,CMP111,USA,New York,Desktop,Basic,Female,45-54
U02156,2024-03-03,Google Ads,CMP115,USA,New York,Tablet,Premium,Female,35-44
U02157,2024-05-15,Organic,CMP106,Canada,Vancouver,Mobile,Free,Female,35-44
U02158,2024-09-18,Organic,CMP114,India,Coimbatore,Desktop,Free,Male,45-54
U02159,2024-04-14,Facebook,CMP104,Australia,Melbourne,Desktop,Premium,Male,25-34
U02160,2024-08-25,LinkedIn,CMP117,Australia,Sydney,Mobile,Free,Male,25-34
U02161,2024-11-23,LinkedIn,CMP119,India,Bengaluru,Mobile,Free,Male,35-44
U02162,2024-09-22,Google Ads,CMP119,Germany,Munich,Tablet,Basic,Female,25-34
U02163,2024-08-06,Referral,CMP108,USA,New York,Tablet,Free,Female,45-54
U02164,2024-01-15,Google Ads,CMP119,UK,Manchester,Tablet,Free,Female,45-54
U02165,2024-07-25,Organic,CMP115,Australia,Melbourne,Tablet,Free,Female,45-54
U02166,2024-04-30,Referral,CMP105,Germany,Berlin,Desktop,Free,Female,25-34
U02167,2024-02-13,Google Ads,CMP106,Australia,Sydney,Tablet,Basic,Female,25-34
U02168,2024-02-14,Black Friday,CMP112,Germany,Berlin,Desktop,Premium,Female,18-24
U02169,2024-12-17,LinkedIn,CMP119,UK,London,Tablet,Free,Male,18-24
U02170,2024-10-19,Facebook,CMP119,USA,Austin,Desktop,Premium,Male,35-44
U02171,2024-04-30,Referral,CMP120,Germany,Munich,Tablet,Free,Male,25-34
U02172,2024-01-20,Organic,CMP120,UK,London,Tablet,Premium,Female,35-44
U02173,2024-09-16,Black Friday,CMP105,UK,Manchester,Tablet,Basic,Male,18-24
U02174,2024-05-25,LinkedIn,CMP118,UK,Manchester,Mobile,Premium,Female,18-24
U02175,2024-07-01,Google Ads,CMP118,USA,Austin,Desktop,Basic,Female,25-34
U02176,2024-10-03,Google Ads,CMP101,Australia,Melbourne,Desktop,Basic,Male,18-24
U02177,2024-11-17,LinkedIn,CMP116,Australia,Melbourne,Desktop,Premium,Male,45-54
U02178,2024-09-15,Black Friday,CMP105,Germany,Berlin,Desktop,Premium,Male,45-54
U02179,2024-01-20,Referral,CMP111,Australia,Sydney,Desktop,Premium,Male,25-34
U02180,2024-07-07,Black Friday,CMP109,India,Chennai,Tablet,Basic,Female,45-54
U02181,2024-11-13,Black Friday,CMP115,UK,London,Mobile,Premium,Male,25-34
U02182,2024-05-23,Google Ads,CMP111,Canada,Vancouver,Desktop,Basic,Male,45-54
U02183,2024-08-23,LinkedIn,CMP107,Canada,Toronto,Desktop,Premium,Female,25-34
U02184,2024-11-22,Black Friday,CMP105,USA,Seattle,Tablet,Premium,Female,45-54
U02185,2024-04-23,Referral,CMP119,USA,New York,Desktop,Basic,Male,35-44
U02186,2024-02-10,Black Friday,CMP111,Australia,Sydney,Tablet,Basic,Female,25-34
U02187,2024-06-24,Google Ads,CMP119,Germany,Berlin,Desktop,Premium,Male,25-34
U02188,2024-06-24,Referral,CMP112,Canada,Toronto,Mobile,Premium,Male,45-54
U02189,2024-07-08,Organic,CMP116,UK,Manchester,Desktop,Premium,Female,18-24
U02190,2024-11-08,LinkedIn,CMP110,UK,Manchester,Mobile,Free,Male,35-44
U02191,2024-11-17,Organic,CMP117,Canada,Toronto,Mobile,Basic,Female,25-34
U02192,2024-01-25,Referral,CMP111,USA,Seattle,Mobile,Basic,Male,18-24
U02193,2024-07-05,LinkedIn,CMP110,USA,New York,Desktop,Basic,Female,18-24
U02194,2024-06-16,Google Ads,CMP104,UK,London,Tablet,Free,Female,25-34
U02195,2024-08-02,Black Friday,CMP117,Germany,Berlin,Mobile,Basic,Female,35-44
U02196,2024-01-24,Referral,CMP109,India,Chennai,Tablet,Premium,Male,35-44
U02197,2024-02-14,Facebook,CMP106,India,Coimbatore,Desktop,Premium,Male,45-54
U02198,2024-10-14,Referral,CMP105,India,Coimbatore,Mobile,Basic,Female,25-34
U02199,2024-04-30,Referral,CMP118,Canada,Vancouver,Desktop,Free,Male,35-44
U02200,2024-10-12,LinkedIn,CMP102,Germany,Munich,Tablet,Premium,Female,45-54
U02201,2024-10-02,Facebook,CMP110,Germany,Berlin,Mobile,Basic,Female,35-44
U02202,2024-12-08,Referral,CMP111,UK,Manchester,Desktop,Basic,Female,25-34
U02203,2024-09-14,Facebook,CMP120,USA,New York,Mobile,Premium,Female,35-44
U02204,2024-01-14,Organic,CMP102,USA,New York,Mobile,Basic,Female,25-34
U02205,2024-10-27,Google Ads,CMP103,Australia,Sydney,Mobile,Premium,Male,35-44
U02206,2024-06-11,Google Ads,CMP101,India,Coimbatore,Desktop,Basic,Male,25-34
U02207,2024-11-20,LinkedIn,CMP118,Australia,Sydney,Tablet,Free,Female,35-44
U02208,2024-05-25,Referral,CMP120,Canada,Vancouver,Desktop,Premium,Female,25-34
U02209,2024-09-12,Google Ads,CMP114,Australia,Melbourne,Tablet,Basic,Female,45-54
U02210,2024-03-17,Organic,CMP105,Australia,Melbourne,Tablet,Premium,Male,35-44
U02211,2024-05-27,Organic,CMP117,USA,New York,Mobile,Premium,Male,25-34
U02212,2024-04-07,Google Ads,CMP107,India,Bengaluru,Mobile,Premium,Male,35-44
U02213,2024-11-15,Organic,CMP113,India,Bengaluru,Mobile,Free,Male,45-54
U02214,2024-05-14,Google Ads,CMP107,Germany,Munich,Desktop,Free,Male,45-54
U02215,2024-07-25,Black Friday,CMP103,Canada,Vancouver,Mobile,Free,Female,45-54
U02216,2024-08-25,Facebook,CMP112,UK,Manchester,Desktop,Free,Female,25-34
U02217,2024-10-19,Facebook,CMP105,India,Bengaluru,Mobile,Premium,Female,45-54
U02218,2024-12-02,Google Ads,CMP104,Canada,Vancouver,Mobile,Premium,Male,45-54
U02219,2024-03-02,LinkedIn,CMP106,Australia,Sydney,Desktop,Premium,Male,25-34
U02220,2024-08-14,Black Friday,CMP107,Australia,Sydney,Mobile,Basic,Male,25-34
U02221,2024-03-20,Referral,CMP120,Canada,Toronto,Tablet,Basic,Male,18-24
U02222,2024-08-06,Black Friday,CMP119,UK,London,Tablet,Basic,Male,25-34
U02223,2024-05-01,Facebook,CMP112,USA,Seattle,Mobile,Premium,Male,35-44
U02224,2024-10-11,Facebook,CMP114,UK,London,Desktop,Premium,Female,45-54
U02225,2024-04-22,LinkedIn,CMP110,USA,New York,Mobile,Premium,Female,35-44
U02226,2024-05-09,LinkedIn,CMP120,Canada,Toronto,Mobile,Basic,Female,18-24
U02227,2024-04-05,Google Ads,CMP115,Canada,Toronto,Mobile,Free,Female,25-34
U02228,2024-12-07,LinkedIn,CMP117,Canada,Vancouver,Tablet,Free,Male,45-54
U02229,2024-12-28,Google Ads,CMP119,UK,London,Mobile,Free,Male,18-24
U02230,2024-03-09,LinkedIn,CMP102,UK,London,Mobile,Free,Male,35-44
U02231,2024-10-10,Referral,CMP115,Germany,Munich,Desktop,Premium,Male,35-44
U02232,2024-12-07,Facebook,CMP106,Canada,Toronto,Tablet,Premium,Female,18-24
U02233,2024-01-21,Organic,CMP109,USA,Austin,Mobile,Basic,Male,35-44
U02234,2024-02-26,Organic,CMP112,Germany,Berlin,Mobile,Premium,Male,18-24
U02235,2024-03-17,Referral,CMP106,Australia,Melbourne,Tablet,Free,Male,35-44
U02236,2024-04-11,Facebook,CMP117,Germany,Berlin,Mobile,Premium,Male,18-24
U02237,2024-10-22,LinkedIn,CMP103,Germany,Berlin,Tablet,Premium,Female,18-24
U02238,2024-11-07,Google Ads,CMP113,India,Chennai,Tablet,Free,Male,18-24
U02239,2024-04-16,Organic,CMP115,USA,Austin,Desktop,Premium,Male,18-24
U02240,2024-02-28,Black Friday,CMP103,Canada,Toronto,Mobile,Basic,Female,18-24
U02241,2024-03-07,Organic,CMP104,USA,Seattle,Tablet,Free,Female,25-34
U02242,2024-06-24,Black Friday,CMP117,Australia,Melbourne,Mobile,Free,Male,18-24
U02243,2024-05-30,Google Ads,CMP114,Canada,Vancouver,Desktop,Free,Male,25-34
U02244,2024-08-21,Black Friday,CMP110,Australia,Sydney,Mobile,Basic,Male,18-24
U02245,2024-02-16,Organic,CMP118,UK,Manchester,Tablet,Premium,Male,35-44
U02246,2024-01-05,Black Friday,CMP111,Canada,Toronto,Mobile,Premium,Female,45-54
U02247,2024-03-06,Referral,CMP107,India,Bengaluru,Desktop,Basic,Female,18-24
U02248,2024-12-01,Google Ads,CMP119,India,Bengaluru,Desktop,Free,Female,18-24
U02249,2024-02-19,LinkedIn,CMP104,USA,New York,Desktop,Free,Female,35-44
U02250,2024-10-08,Referral,CMP112,UK,Manchester,Desktop,Free,Male,18-24
U02251,2024-05-12,Black Friday,CMP105,India,Chennai,Mobile,Basic,Male,45-54
U02252,2024-03-04,Referral,CMP106,UK,Manchester,Mobile,Premium,Female,35-44
U02253,2024-01-31,Referral,CMP120,USA,New York,Desktop,Premium,Male,45-54
U02254,2024-08-06,Organic,CMP114,Canada,Toronto,Mobile,Free,Female,18-24
U02255,2024-06-24,Facebook,CMP106,UK,London,Mobile,Premium,Female,18-24
U02256,2024-05-07,Organic,CMP101,India,Bengaluru,Desktop,Basic,Female,45-54
U02257,2024-07-07,Facebook,CMP120,Germany,Berlin,Desktop,Basic,Female,35-44
U02258,2024-05-25,Google Ads,CMP108,Germany,Munich,Desktop,Free,Male,35-44
U02259,2024-08-24,Organic,CMP104,Germany,Berlin,Tablet,Free,Male,18-24
U02260,2024-01-20,Organic,CMP114,USA,Seattle,Mobile,Free,Female,45-54
U02261,2024-05-21,LinkedIn,CMP106,India,Coimbatore,Tablet,Free,Male,18-24
U02262,2024-12-09,LinkedIn,CMP104,UK,London,Tablet,Free,Male,35-44
U02263,2024-12-26,LinkedIn,CMP103,India,Chennai,Tablet,Free,Female,45-54
U02264,2024-02-22,Organic,CMP115,USA,Seattle,Mobile,Basic,Male,18-24
U02265,2024-05-27,Referral,CMP109,UK,Manchester,Desktop,Free,Female,25-34
U02266,2024-02-28,Google Ads,CMP101,Australia,Sydney,Tablet,Basic,Male,35-44
U02267,2024-09-29,Black Friday,CMP112,Canada,Vancouver,Desktop,Premium,Female,35-44
U02268,2024-09-11,Google Ads,CMP104,India,Bengaluru,Mobile,Basic,Male,25-34
U02269,2024-11-06,Google Ads,CMP115,Germany,Munich,Desktop,Basic,Female,25-34
U02270,2024-02-10,Referral,CMP103,UK,London,Mobile,Premium,Female,18-24
U02271,2024-01-17,Facebook,CMP113,India,Coimbatore,Desktop,Free,Female,35-44
U02272,2024-11-16,Organic,CMP103,Canada,Toronto,Mobile,Basic,Female,45-54
U02273,2024-03-04,Organic,CMP101,UK,Manchester,Tablet,Free,Male,35-44
U02274,2024-10-20,Facebook,CMP108,India,Bengaluru,Tablet,Free,Female,25-34
U02275,2024-01-22,Referral,CMP120,UK,London,Tablet,Basic,Female,45-54
U02276,2024-11-06,LinkedIn,CMP108,Canada,Toronto,Mobile,Basic,Female,18-24
U02277,2024-07-31,Referral,CMP118,Germany,Munich,Mobile,Basic,Female,18-24
U02278,2024-03-17,LinkedIn,CMP110,USA,New York,Desktop,Basic,Female,25-34
U02279,2024-04-29,Facebook,CMP114,USA,New York,Mobile,Premium,Female,18-24
U02280,2024-11-08,Organic,CMP103,Germany,Munich,Mobile,Basic,Male,18-24
U02281,2024-04-19,Organic,CMP117,Germany,Munich,Tablet,Free,Male,18-24
U02282,2024-07-29,Google Ads,CMP101,India,Bengaluru,Tablet,Premium,Female,18-24
U02283,2024-10-06,Google Ads,CMP112,India,Bengaluru,Tablet,Premium,Female,25-34
U02284,2024-02-27,LinkedIn,CMP101,India,Bengaluru,Tablet,Premium,Female,18-24
U02285,2024-02-06,LinkedIn,CMP109,Canada,Vancouver,Tablet,Free,Male,18-24
U02286,2024-08-19,Referral,CMP117,UK,London,Tablet,Basic,Female,45-54
U02287,2024-01-06,Google Ads,CMP102,Canada,Toronto,Desktop,Premium,Male,45-54
U02288,2024-08-30,LinkedIn,CMP103,UK,London,Mobile,Basic,Male,35-44
U02289,2024-10-31,Organic,CMP103,Germany,Berlin,Tablet,Basic,Female,25-34
U02290,2024-11-03,LinkedIn,CMP118,Australia,Sydney,Desktop,Premium,Female,45-54
U02291,2024-12-06,Organic,CMP109,Australia,Sydney,Tablet,Basic,Male,18-24
U02292,2024-05-12,Referral,CMP114,India,Chennai,Desktop,Basic,Male,45-54
U02293,2024-10-09,Google Ads,CMP106,Australia,Melbourne,Desktop,Premium,Male,35-44
U02294,2024-07-12,Organic,CMP115,UK,Manchester,Mobile,Basic,Male,45-54
U02295,2024-12-25,Facebook,CMP120,Australia,Melbourne,Desktop,Premium,Male,35-44
U02296,2024-11-09,Organic,CMP109,Germany,Munich,Tablet,Basic,Male,18-24
U02297,2024-08-15,Google Ads,CMP118,India,Coimbatore,Mobile,Basic,Male,25-34
U02298,2024-07-01,Google Ads,CMP114,Canada,Vancouver,Tablet,Premium,Male,18-24
U02299,2024-09-14,Google Ads,CMP109,Canada,Vancouver,Tablet,Premium,Male,18-24
U02300,2024-08-11,Facebook,CMP113,USA,Austin,Mobile,Premium,Female,18-24
U02301,2024-08-05,Referral,CMP103,India,Chennai,Desktop,Free,Male,18-24
U02302,2024-10-27,Google Ads,CMP112,Australia,Sydney,Mobile,Premium,Female,18-24
U02303,2024-04-29,LinkedIn,CMP114,USA,New York,Desktop,Free,Male,18-24
U02304,2024-05-10,Referral,CMP117,UK,London,Desktop,Basic,Male,25-34
U02305,2024-07-03,Facebook,CMP116,UK,London,Desktop,Free,Male,45-54
U02306,2024-06-11,Organic,CMP107,Australia,Melbourne,Desktop,Free,Female,45-54
U02307,2024-02-02,Black Friday,CMP116,Germany,Berlin,Tablet,Free,Female,18-24
U02308,2024-10-06,Black Friday,CMP101,Canada,Vancouver,Desktop,Premium,Male,18-24
U02309,2024-05-19,LinkedIn,CMP109,India,Coimbatore,Tablet,Free,Male,35-44
U02310,2024-11-14,LinkedIn,CMP113,USA,Austin,Tablet,Basic,Male,45-54
U02311,2024-12-22,Referral,CMP115,Canada,Vancouver,Tablet,Basic,Female,18-24
U02312,2024-06-16,Referral,CMP109,UK,Manchester,Tablet,Free,Male,18-24
U02313,2024-11-10,Black Friday,CMP120,USA,Seattle,Mobile,Free,Female,35-44
U02314,2024-05-06,LinkedIn,CMP102,Australia,Melbourne,Mobile,Free,Female,18-24
U02315,2024-08-04,Black Friday,CMP102,Australia,Sydney,Tablet,Premium,Female,25-34
U02316,2024-08-03,Google Ads,CMP114,UK,London,Mobile,Premium,Female,35-44
U02317,2024-07-09,Organic,CMP113,Canada,Vancouver,Mobile,Free,Male,35-44
U02318,2024-03-10,Referral,CMP119,UK,Manchester,Mobile,Free,Female,45-54
U02319,2024-07-11,Facebook,CMP118,Australia,Melbourne,Desktop,Basic,Female,18-24
U02320,2024-06-16,Facebook,CMP106,Germany,Berlin,Desktop,Basic,Female,35-44
U02321,2024-09-07,Facebook,CMP118,Germany,Berlin,Tablet,Basic,Female,35-44
U02322,2024-04-23,Referral,CMP120,USA,New York,Desktop,Free,Male,35-44
U02323,2024-05-12,LinkedIn,CMP105,Germany,Berlin,Desktop,Basic,Female,18-24
U02324,2024-02-25,Black Friday,CMP111,Germany,Munich,Mobile,Free,Male,45-54
U02325,2024-03-23,Organic,CMP106,USA,New York,Desktop,Free,Female,45-54
U02326,2024-09-01,Black Friday,CMP116,Australia,Melbourne,Desktop,Free,Female,18-24
U02327,2024-07-18,Organic,CMP103,India,Chennai,Desktop,Premium,Male,18-24
U02328,2024-07-09,Facebook,CMP118,Canada,Vancouver,Mobile,Free,Male,18-24
U02329,2024-08-30,Referral,CMP113,Canada,Vancouver,Tablet,Basic,Male,25-34
U02330,2024-02-10,Referral,CMP120,USA,Austin,Desktop,Free,Female,45-54
U02331,2024-03-10,LinkedIn,CMP109,Australia,Sydney,Tablet,Basic,Male,25-34
U02332,2024-02-26,Organic,CMP107,USA,Seattle,Desktop,Free,Female,35-44
U02333,2024-04-26,Facebook,CMP119,Germany,Munich,Tablet,Free,Female,35-44
U02334,2024-11-21,Facebook,CMP109,USA,Seattle,Mobile,Basic,Male,18-24
U02335,2024-12-09,Black Friday,CMP108,Canada,Vancouver,Desktop,Basic,Female,18-24
U02336,2024-01-17,LinkedIn,CMP109,Australia,Melbourne,Tablet,Basic,Female,45-54
U02337,2024-06-22,Google Ads,CMP107,Australia,Sydney,Mobile,Free,Male,25-34
U02338,2024-08-17,Referral,CMP120,UK,Manchester,Tablet,Premium,Male,45-54
U02339,2024-08-12,Google Ads,CMP108,Germany,Munich,Tablet,Premium,Male,45-54
U02340,2024-03-27,Google Ads,CMP118,India,Bengaluru,Desktop,Premium,Male,18-24
U02341,2024-08-31,Black Friday,CMP101,UK,London,Mobile,Premium,Female,25-34
U02342,2024-01-22,Facebook,CMP107,UK,London,Desktop,Premium,Male,35-44
U02343,2024-10-06,Google Ads,CMP109,Canada,Toronto,Desktop,Free,Female,18-24
U02344,2024-01-19,Black Friday,CMP104,Australia,Sydney,Tablet,Basic,Female,45-54
U02345,2024-09-15,Referral,CMP103,UK,Manchester,Desktop,Free,Female,35-44
U02346,2024-05-10,Facebook,CMP109,Australia,Melbourne,Desktop,Free,Male,35-44
U02347,2024-12-18,LinkedIn,CMP120,India,Bengaluru,Mobile,Basic,Male,18-24
U02348,2024-11-24,Black Friday,CMP111,Australia,Sydney,Tablet,Premium,Male,25-34
U02349,2024-10-01,Referral,CMP117,Germany,Munich,Tablet,Premium,Female,45-54
U02350,2024-10-27,Referral,CMP105,Canada,Toronto,Desktop,Basic,Female,25-34
U02351,2024-09-02,Facebook,CMP115,India,Bengaluru,Mobile,Basic,Female,25-34
U02352,2024-01-19,Black Friday,CMP120,India,Bengaluru,Tablet,Basic,Female,25-34
U02353,2024-05-17,Google Ads,CMP118,USA,Seattle,Mobile,Premium,Female,25-34
U02354,2024-09-23,Google Ads,CMP119,USA,New York,Mobile,Free,Female,18-24
U02355,2024-07-19,Referral,CMP107,USA,New York,Tablet,Premium,Male,25-34
U02356,2024-03-26,Organic,CMP102,USA,New York,Mobile,Free,Male,25-34
U02357,2024-01-02,Organic,CMP117,India,Coimbatore,Desktop,Basic,Female,18-24
U02358,2024-01-24,Referral,CMP120,India,Bengaluru,Tablet,Premium,Female,45-54
U02359,2024-03-03,Referral,CMP103,India,Coimbatore,Mobile,Basic,Female,18-24
U02360,2024-05-27,Black Friday,CMP108,India,Bengaluru,Desktop,Basic,Male,18-24
U02361,2024-10-28,Organic,CMP116,Canada,Vancouver,Desktop,Premium,Male,25-34
U02362,2024-06-10,LinkedIn,CMP119,UK,Manchester,Tablet,Free,Male,18-24
U02363,2024-04-11,Organic,CMP115,Australia,Melbourne,Mobile,Free,Female,35-44
U02364,2024-06-17,Referral,CMP113,Australia,Melbourne,Mobile,Basic,Male,18-24
U02365,2024-08-11,Black Friday,CMP113,Germany,Munich,Desktop,Free,Male,18-24
U02366,2024-11-27,Facebook,CMP110,Germany,Berlin,Tablet,Free,Male,35-44
U02367,2024-01-01,Referral,CMP111,Germany,Berlin,Desktop,Premium,Female,45-54
U02368,2024-01-22,Referral,CMP101,Canada,Vancouver,Tablet,Free,Female,45-54
U02369,2024-10-07,Facebook,CMP118,USA,New York,Desktop,Premium,Female,25-34
U02370,2024-07-17,LinkedIn,CMP101,Canada,Toronto,Tablet,Basic,Male,45-54
U02371,2024-09-27,Black Friday,CMP116,Australia,Sydney,Desktop,Free,Female,45-54
U02372,2024-04-02,LinkedIn,CMP103,UK,Manchester,Desktop,Free,Male,25-34
U02373,2024-01-12,Google Ads,CMP114,India,Bengaluru,Desktop,Basic,Male,45-54
U02374,2024-01-08,Organic,CMP118,UK,London,Tablet,Basic,Male,18-24
U02375,2024-08-24,Facebook,CMP117,UK,Manchester,Mobile,Basic,Female,45-54
U02376,2024-05-28,Organic,CMP105,Australia,Melbourne,Desktop,Basic,Male,18-24
U02377,2024-02-19,Black Friday,CMP118,Canada,Toronto,Desktop,Free,Female,25-34
U02378,2024-08-11,Google Ads,CMP106,UK,London,Tablet,Basic,Female,18-24
U02379,2024-08-18,Black Friday,CMP109,India,Bengaluru,Tablet,Basic,Female,25-34
U02380,2024-02-23,Facebook,CMP110,Canada,Vancouver,Desktop,Free,Female,45-54
U02381,2024-09-15,Organic,CMP119,USA,New York,Mobile,Basic,Female,18-24
U02382,2024-12-29,Organic,CMP102,Canada,Toronto,Tablet,Basic,Male,35-44
U02383,2024-07-28,Organic,CMP115,UK,London,Mobile,Free,Female,45-54
U02384,2024-03-31,Google Ads,CMP118,Canada,Vancouver,Tablet,Basic,Male,18-24
U02385,2024-02-15,Referral,CMP117,Germany,Berlin,Mobile,Premium,Female,45-54
U02386,2024-05-03,Google Ads,CMP114,India,Chennai,Desktop,Premium,Female,18-24
U02387,2024-09-03,Organic,CMP112,India,Bengaluru,Tablet,Premium,Male,18-24
U02388,2024-02-29,Facebook,CMP101,Canada,Toronto,Desktop,Free,Male,35-44
U02389,2024-04-05,Organic,CMP102,Germany,Munich,Mobile,Basic,Male,25-34
U02390,2024-04-12,Organic,CMP115,India,Chennai,Desktop,Premium,Female,18-24
U02391,2024-01-03,Facebook,CMP103,Germany,Munich,Tablet,Premium,Female,35-44
U02392,2024-04-26,Google Ads,CMP119,Australia,Melbourne,Desktop,Premium,Male,45-54
U02393,2024-06-25,Referral,CMP109,USA,Austin,Desktop,Free,Female,18-24
U02394,2024-11-15,Referral,CMP105,Australia,Melbourne,Mobile,Basic,Male,25-34
U02395,2024-02-06,Facebook,CMP111,India,Chennai,Mobile,Basic,Female,25-34
U02396,2024-12-16,Organic,CMP115,USA,Austin,Mobile,Premium,Female,45-54
U02397,2024-05-11,Google Ads,CMP111,Canada,Toronto,Desktop,Premium,Male,45-54
U02398,2024-05-19,LinkedIn,CMP102,Canada,Vancouver,Desktop,Free,Male,35-44
U02399,2024-06-02,Referral,CMP107,Canada,Vancouver,Mobile,Basic,Male,45-54
U02400,2024-11-18,LinkedIn,CMP105,UK,London,Desktop,Basic,Male,45-54
U02401,2024-08-15,Black Friday,CMP102,UK,Manchester,Desktop,Basic,Female,35-44
U02402,2024-02-10,LinkedIn,CMP106,UK,London,Tablet,Free,Male,18-24
U02403,2024-10-03,Facebook,CMP104,UK,London,Desktop,Premium,Female,18-24
U02404,2024-12-07,Organic,CMP108,Canada,Toronto,Mobile,Free,Female,45-54
U02405,2024-02-18,Black Friday,CMP101,Canada,Toronto,Desktop,Basic,Female,45-54
U02406,2024-01-28,Black Friday,CMP106,Australia,Sydney,Tablet,Free,Female,35-44
U02407,2024-04-29,Facebook,CMP103,UK,London,Mobile,Free,Male,25-34
U02408,2024-08-12,Referral,CMP112,UK,London,Mobile,Free,Female,18-24
U02409,2024-02-10,Organic,CMP111,UK,London,Tablet,Free,Female,35-44
U02410,2024-08-13,Referral,CMP111,Australia,Sydney,Desktop,Basic,Male,45-54
U02411,2024-02-21,Black Friday,CMP107,Germany,Berlin,Desktop,Premium,Male,35-44
U02412,2024-12-28,Referral,CMP112,Australia,Sydney,Mobile,Premium,Male,18-24
U02413,2024-01-05,Facebook,CMP120,Germany,Berlin,Desktop,Premium,Male,25-34
U02414,2024-12-19,Organic,CMP101,Canada,Vancouver,Desktop,Free,Male,25-34
U02415,2024-08-07,Referral,CMP120,India,Bengaluru,Desktop,Free,Male,35-44
U02416,2024-11-16,Organic,CMP108,Canada,Vancouver,Tablet,Premium,Male,35-44
U02417,2024-06-26,Facebook,CMP119,USA,Austin,Mobile,Free,Female,45-54
U02418,2024-02-06,Organic,CMP114,India,Coimbatore,Tablet,Premium,Male,18-24
U02419,2024-07-22,LinkedIn,CMP118,Canada,Toronto,Mobile,Premium,Female,45-54
U02420,2024-09-01,Organic,CMP108,UK,Manchester,Tablet,Basic,Male,25-34
U02421,2024-12-05,Referral,CMP110,USA,Austin,Tablet,Premium,Female,25-34
U02422,2024-01-11,LinkedIn,CMP116,India,Coimbatore,Desktop,Free,Female,35-44
U02423,2024-01-05,Google Ads,CMP112,USA,New York,Mobile,Basic,Male,45-54
U02424,2024-06-09,Google Ads,CMP113,UK,London,Desktop,Free,Female,35-44
U02425,2024-04-04,Organic,CMP106,Canada,Toronto,Mobile,Free,Female,35-44
U02426,2024-02-18,Organic,CMP102,India,Bengaluru,Mobile,Premium,Female,18-24
U02427,2024-07-01,Organic,CMP118,USA,Seattle,Desktop,Premium,Female,25-34
U02428,2024-01-08,Organic,CMP103,USA,Austin,Desktop,Basic,Male,25-34
U02429,2024-11-11,Facebook,CMP111,India,Coimbatore,Desktop,Premium,Female,35-44
U02430,2024-10-16,Organic,CMP106,USA,Seattle,Tablet,Premium,Female,35-44
U02431,2024-03-26,Organic,CMP108,Germany,Berlin,Desktop,Premium,Male,18-24
U02432,2024-12-21,LinkedIn,CMP112,USA,Austin,Tablet,Free,Male,35-44
U02433,2024-08-24,Organic,CMP120,Germany,Berlin,Mobile,Basic,Male,18-24
U02434,2024-06-25,Google Ads,CMP118,USA,New York,Mobile,Free,Female,25-34
U02435,2024-02-20,Referral,CMP106,Australia,Sydney,Desktop,Premium,Male,45-54
U02436,2024-01-03,Facebook,CMP119,Australia,Sydney,Desktop,Free,Male,45-54
U02437,2024-04-18,Facebook,CMP111,Canada,Toronto,Tablet,Premium,Female,45-54
U02438,2024-12-19,Google Ads,CMP104,Germany,Munich,Tablet,Premium,Male,18-24
U02439,2024-06-22,LinkedIn,CMP118,USA,Seattle,Tablet,Free,Male,45-54
U02440,2024-11-07,Referral,CMP119,USA,Austin,Mobile,Premium,Female,35-44
U02441,2024-06-08,Black Friday,CMP104,India,Bengaluru,Mobile,Free,Female,25-34
U02442,2024-01-01,Google Ads,CMP118,India,Chennai,Tablet,Basic,Male,25-34
U02443,2024-03-10,Google Ads,CMP102,Australia,Melbourne,Mobile,Basic,Female,45-54
U02444,2024-05-22,Google Ads,CMP105,Australia,Sydney,Mobile,Basic,Female,25-34
U02445,2024-12-24,Black Friday,CMP105,India,Bengaluru,Tablet,Premium,Male,25-34
U02446,2024-01-19,Google Ads,CMP102,Australia,Melbourne,Tablet,Premium,Male,25-34
U02447,2024-03-08,Black Friday,CMP115,USA,Austin,Desktop,Free,Male,25-34
U02448,2024-07-09,Google Ads,CMP102,Australia,Sydney,Tablet,Free,Female,35-44
U02449,2024-01-25,Facebook,CMP113,Germany,Berlin,Mobile,Premium,Male,35-44
U02450,2024-10-31,LinkedIn,CMP115,USA,Austin,Desktop,Basic,Male,25-34
U02451,2024-03-08,Black Friday,CMP101,India,Bengaluru,Mobile,Premium,Male,45-54
U02452,2024-12-15,Black Friday,CMP103,Australia,Melbourne,Desktop,Basic,Male,25-34
U02453,2024-10-25,Referral,CMP107,Australia,Sydney,Mobile,Basic,Male,35-44
U02454,2024-02-04,LinkedIn,CMP113,Canada,Toronto,Mobile,Premium,Male,25-34
U02455,2024-03-01,LinkedIn,CMP101,Germany,Berlin,Desktop,Basic,Female,45-54
U02456,2024-07-20,Organic,CMP113,Germany,Berlin,Tablet,Basic,Male,18-24
U02457,2024-10-19,LinkedIn,CMP112,Canada,Vancouver,Mobile,Basic,Female,35-44
U02458,2024-06-02,Organic,CMP115,Australia,Melbourne,Desktop,Free,Female,25-34
U02459,2024-04-25,LinkedIn,CMP112,Canada,Toronto,Desktop,Premium,Female,25-34
U02460,2024-08-20,Google Ads,CMP106,USA,Austin,Mobile,Basic,Male,18-24
U02461,2024-05-31,Facebook,CMP107,USA,Austin,Tablet,Free,Female,35-44
U02462,2024-05-16,Google Ads,CMP104,Australia,Sydney,Tablet,Premium,Female,18-24
U02463,2024-11-14,Google Ads,CMP108,Germany,Munich,Tablet,Free,Female,35-44
U02464,2024-04-22,Referral,CMP111,USA,New York,Mobile,Premium,Female,45-54
U02465,2024-04-05,Black Friday,CMP102,UK,Manchester,Tablet,Free,Male,25-34
U02466,2024-05-13,Organic,CMP108,USA,New York,Mobile,Premium,Female,45-54
U02467,2024-07-26,Facebook,CMP109,India,Coimbatore,Desktop,Premium,Female,35-44
U02468,2024-09-12,LinkedIn,CMP113,UK,Manchester,Tablet,Premium,Female,25-34
U02469,2024-07-03,LinkedIn,CMP112,USA,Seattle,Desktop,Basic,Female,45-54
U02470,2024-10-31,LinkedIn,CMP103,Canada,Vancouver,Mobile,Basic,Male,18-24
U02471,2024-03-31,Facebook,CMP112,UK,London,Tablet,Premium,Male,35-44
U02472,2024-11-12,Referral,CMP103,UK,Manchester,Mobile,Basic,Male,35-44
U02473,2024-07-09,LinkedIn,CMP113,Canada,Vancouver,Desktop,Free,Male,25-34
U02474,2024-01-07,Facebook,CMP105,Germany,Berlin,Desktop,Premium,Male,35-44
U02475,2024-04-02,Organic,CMP110,Germany,Berlin,Tablet,Basic,Male,25-34
U02476,2024-03-21,Organic,CMP110,Germany,Munich,Desktop,Free,Male,45-54
U02477,2024-10-17,Google Ads,CMP115,Germany,Berlin,Mobile,Premium,Male,18-24
U02478,2024-09-30,Black Friday,CMP104,Australia,Melbourne,Tablet,Basic,Male,25-34
U02479,2024-03-02,Facebook,CMP118,India,Coimbatore,Mobile,Premium,Female,35-44
U02480,2024-03-21,Facebook,CMP109,USA,Seattle,Mobile,Basic,Female,35-44
U02481,2024-05-16,Black Friday,CMP116,Australia,Sydney,Mobile,Basic,Male,25-34
U02482,2024-11-27,Organic,CMP117,Australia,Melbourne,Desktop,Premium,Male,25-34
U02483,2024-08-15,LinkedIn,CMP105,Germany,Munich,Desktop,Premium,Female,45-54
U02484,2024-04-06,LinkedIn,CMP101,USA,New York,Desktop,Free,Male,35-44
U02485,2024-03-19,Referral,CMP103,Germany,Berlin,Desktop,Basic,Male,18-24
U02486,2024-01-13,LinkedIn,CMP106,USA,Seattle,Mobile,Free,Female,25-34
U02487,2024-06-12,Black Friday,CMP107,Germany,Berlin,Desktop,Free,Female,25-34
U02488,2024-10-20,Organic,CMP107,Australia,Melbourne,Tablet,Premium,Male,45-54
U02489,2024-03-25,Google Ads,CMP104,India,Chennai,Desktop,Premium,Female,35-44
U02490,2024-12-29,Referral,CMP113,USA,New York,Tablet,Free,Male,45-54
U02491,2024-05-06,Google Ads,CMP112,UK,Manchester,Tablet,Premium,Male,25-34
U02492,2024-03-16,Google Ads,CMP115,USA,New York,Tablet,Premium,Male,25-34
U02493,2024-01-01,Facebook,CMP116,UK,London,Desktop,Free,Male,25-34
U02494,2024-08-04,Organic,CMP117,Germany,Munich,Mobile,Basic,Female,18-24
U02495,2024-01-26,LinkedIn,CMP102,Canada,Toronto,Desktop,Premium,Female,18-24
U02496,2024-09-15,Google Ads,CMP113,USA,New York,Mobile,Free,Female,18-24
U02497,2024-03-20,Organic,CMP112,Germany,Berlin,Tablet,Premium,Male,18-24
U02498,2024-09-09,Black Friday,CMP114,Australia,Melbourne,Tablet,Basic,Female,45-54
U02499,2024-04-12,LinkedIn,CMP109,UK,London,Mobile,Free,Male,25-34
U02500,2024-03-13,Black Friday,CMP117,USA,New York,Tablet,Free,Female,35-44
U02501,2024-03-19,Referral,CMP119,UK,London,Tablet,Premium,Male,25-34
U02502,2024-06-30,Organic,CMP113,Germany,Berlin,Tablet,Basic,Male,35-44
U02503,2024-12-01,LinkedIn,CMP108,India,Bengaluru,Tablet,Basic,Male,18-24
U02504,2024-11-27,Referral,CMP102,India,Coimbatore,Desktop,Premium,Female,35-44
U02505,2024-02-23,Organic,CMP116,USA,Seattle,Desktop,Free,Female,18-24
U02506,2024-11-30,Facebook,CMP105,Canada,Toronto,Tablet,Free,Male,45-54
U02507,2024-03-30,Black Friday,CMP102,Germany,Munich,Tablet,Basic,Male,45-54
U02508,2024-12-02,LinkedIn,CMP103,UK,Manchester,Tablet,Basic,Female,18-24
U02509,2024-07-04,Facebook,CMP119,UK,London,Mobile,Premium,Male,35-44
U02510,2024-02-14,Black Friday,CMP109,Germany,Berlin,Mobile,Premium,Female,35-44
U02511,2024-08-07,Organic,CMP119,UK,London,Tablet,Premium,Female,25-34
U02512,2024-10-29,LinkedIn,CMP118,UK,Manchester,Desktop,Free,Male,45-54
U02513,2024-01-01,Organic,CMP109,USA,New York,Desktop,Free,Male,18-24
U02514,2024-11-14,LinkedIn,CMP104,Australia,Sydney,Tablet,Premium,Male,25-34
U02515,2024-06-06,Google Ads,CMP119,India,Chennai,Tablet,Basic,Female,45-54
U02516,2024-09-29,Black Friday,CMP115,Canada,Vancouver,Mobile,Premium,Female,25-34
U02517,2024-02-07,LinkedIn,CMP116,USA,Austin,Mobile,Free,Male,25-34
U02518,2024-08-12,LinkedIn,CMP101,Australia,Melbourne,Desktop,Premium,Female,45-54
U02519,2024-06-29,Black Friday,CMP107,USA,Seattle,Tablet,Premium,Female,25-34
U02520,2024-02-29,Organic,CMP113,Canada,Vancouver,Desktop,Free,Male,35-44
U02521,2024-04-03,Organic,CMP105,USA,New York,Mobile,Free,Male,35-44
U02522,2024-01-13,LinkedIn,CMP113,UK,Manchester,Desktop,Premium,Female,35-44
U02523,2024-09-02,Black Friday,CMP102,India,Chennai,Mobile,Basic,Female,45-54
U02524,2024-06-05,Referral,CMP114,UK,Manchester,Desktop,Basic,Female,45-54
U02525,2024-06-07,LinkedIn,CMP107,India,Coimbatore,Desktop,Basic,Male,35-44
U02526,2024-06-18,Organic,CMP114,India,Chennai,Desktop,Basic,Male,45-54
U02527,2024-04-11,Referral,CMP113,India,Coimbatore,Tablet,Basic,Male,45-54
U02528,2024-08-13,Organic,CMP119,India,Bengaluru,Desktop,Free,Female,25-34
U02529,2024-06-13,Organic,CMP112,USA,Seattle,Desktop,Premium,Male,25-34
U02530,2024-07-07,Organic,CMP106,UK,London,Desktop,Basic,Male,45-54
U02531,2024-06-02,Organic,CMP111,USA,Seattle,Desktop,Premium,Female,45-54
U02532,2024-06-27,LinkedIn,CMP114,UK,London,Desktop,Basic,Female,35-44
U02533,2024-04-23,Black Friday,CMP109,UK,London,Desktop,Premium,Male,45-54
U02534,2024-10-18,Referral,CMP108,Canada,Toronto,Tablet,Basic,Female,45-54
U02535,2024-05-25,Referral,CMP109,USA,Austin,Desktop,Free,Male,25-34
U02536,2024-04-24,Referral,CMP111,India,Bengaluru,Desktop,Free,Female,25-34
U02537,2024-10-21,Referral,CMP117,Australia,Melbourne,Mobile,Free,Male,18-24
U02538,2024-01-05,LinkedIn,CMP105,Canada,Toronto,Tablet,Free,Male,45-54
U02539,2024-01-23,Facebook,CMP110,Germany,Munich,Mobile,Basic,Female,35-44
U02540,2024-06-21,Referral,CMP105,Germany,Berlin,Mobile,Free,Male,18-24
U02541,2024-06-03,Referral,CMP114,UK,Manchester,Desktop,Free,Male,25-34
U02542,2024-10-17,Organic,CMP105,India,Bengaluru,Desktop,Free,Male,18-24
U02543,2024-04-14,LinkedIn,CMP111,Australia,Melbourne,Desktop,Premium,Female,25-34
U02544,2024-06-18,Facebook,CMP116,Canada,Toronto,Tablet,Basic,Male,25-34
U02545,2024-02-05,Black Friday,CMP112,UK,Manchester,Mobile,Basic,Female,45-54
U02546,2024-07-17,Organic,CMP103,USA,New York,Tablet,Premium,Female,18-24
U02547,2024-04-14,Google Ads,CMP107,UK,Manchester,Mobile,Premium,Male,18-24
U02548,2024-05-07,Facebook,CMP115,USA,Austin,Mobile,Basic,Female,25-34
U02549,2024-12-01,Organic,CMP110,India,Chennai,Tablet,Basic,Female,45-54
U02550,2024-10-03,Organic,CMP118,India,Bengaluru,Desktop,Premium,Male,35-44
U02551,2024-07-14,Organic,CMP105,Canada,Toronto,Tablet,Premium,Female,45-54
U02552,2024-05-26,LinkedIn,CMP109,India,Chennai,Mobile,Basic,Male,35-44
U02553,2024-01-30,Google Ads,CMP118,USA,Austin,Mobile,Free,Male,35-44
U02554,2024-08-04,Facebook,CMP106,Germany,Munich,Desktop,Premium,Male,25-34
U02555,2024-04-12,Referral,CMP105,USA,Seattle,Mobile,Free,Male,18-24
U02556,2024-03-09,LinkedIn,CMP119,UK,London,Mobile,Free,Male,25-34
U02557,2024-01-12,Google Ads,CMP109,USA,Austin,Desktop,Basic,Male,18-24
U02558,2024-12-09,LinkedIn,CMP112,Germany,Berlin,Desktop,Basic,Male,45-54
U02559,2024-11-08,Facebook,CMP111,Canada,Toronto,Tablet,Free,Male,35-44
U02560,2024-11-24,Google Ads,CMP102,UK,London,Mobile,Free,Female,45-54
U02561,2024-03-28,Organic,CMP107,USA,Austin,Tablet,Free,Male,25-34
U02562,2024-10-03,LinkedIn,CMP103,UK,London,Mobile,Basic,Male,25-34
U02563,2024-12-04,Facebook,CMP102,USA,Austin,Mobile,Basic,Female,35-44
U02564,2024-12-04,LinkedIn,CMP104,Canada,Vancouver,Tablet,Premium,Female,35-44
U02565,2024-05-13,Organic,CMP120,Germany,Berlin,Desktop,Free,Female,35-44
U02566,2024-11-23,Google Ads,CMP118,Canada,Vancouver,Mobile,Premium,Female,25-34
U02567,2024-06-22,Organic,CMP106,Canada,Toronto,Desktop,Premium,Male,35-44
U02568,2024-07-16,Referral,CMP110,Germany,Munich,Tablet,Premium,Male,25-34
U02569,2024-09-05,Black Friday,CMP107,USA,Austin,Tablet,Free,Male,18-24
U02570,2024-03-07,Organic,CMP102,India,Chennai,Tablet,Basic,Male,25-34
U02571,2024-12-22,Black Friday,CMP118,UK,Manchester,Tablet,Premium,Male,18-24
U02572,2024-08-20,LinkedIn,CMP110,India,Bengaluru,Mobile,Premium,Male,25-34
U02573,2024-06-29,Referral,CMP120,India,Bengaluru,Desktop,Premium,Female,25-34
U02574,2024-11-02,Black Friday,CMP104,UK,Manchester,Mobile,Free,Male,25-34
U02575,2024-09-09,Black Friday,CMP109,Germany,Berlin,Mobile,Premium,Female,25-34
U02576,2024-03-24,Facebook,CMP110,India,Chennai,Mobile,Free,Female,25-34
U02577,2024-07-11,Facebook,CMP109,Australia,Melbourne,Mobile,Free,Male,25-34
U02578,2024-04-13,Facebook,CMP110,UK,Manchester,Mobile,Basic,Female,35-44
U02579,2024-01-07,LinkedIn,CMP101,UK,London,Mobile,Basic,Female,35-44
U02580,2024-02-06,Facebook,CMP107,Canada,Vancouver,Desktop,Basic,Male,45-54
U02581,2024-08-06,Black Friday,CMP107,Australia,Sydney,Tablet,Premium,Female,45-54
U02582,2024-04-29,Google Ads,CMP115,UK,Manchester,Desktop,Basic,Male,25-34
U02583,2024-07-02,Google Ads,CMP101,Canada,Vancouver,Mobile,Basic,Female,18-24
U02584,2024-03-13,Google Ads,CMP101,Canada,Vancouver,Tablet,Premium,Male,25-34
U02585,2024-10-30,Organic,CMP103,UK,Manchester,Desktop,Free,Male,25-34
U02586,2024-10-29,Facebook,CMP119,UK,Manchester,Mobile,Basic,Male,45-54
U02587,2024-12-08,Google Ads,CMP114,Australia,Sydney,Tablet,Premium,Female,25-34
U02588,2024-01-22,LinkedIn,CMP103,Germany,Munich,Tablet,Basic,Male,35-44
U02589,2024-02-19,Google Ads,CMP104,USA,New York,Tablet,Premium,Male,18-24
U02590,2024-05-19,Referral,CMP108,Canada,Toronto,Mobile,Premium,Male,25-34
U02591,2024-03-18,Google Ads,CMP103,India,Coimbatore,Tablet,Basic,Male,35-44
U02592,2024-10-02,LinkedIn,CMP118,USA,Austin,Tablet,Basic,Female,35-44
U02593,2024-01-05,Referral,CMP104,India,Bengaluru,Desktop,Basic,Male,45-54
U02594,2024-06-07,Google Ads,CMP101,UK,London,Desktop,Free,Female,45-54
U02595,2024-11-22,LinkedIn,CMP108,Canada,Vancouver,Tablet,Basic,Female,45-54
U02596,2024-05-24,Black Friday,CMP110,Germany,Berlin,Tablet,Basic,Male,25-34
U02597,2024-05-31,Google Ads,CMP104,Australia,Sydney,Tablet,Basic,Male,25-34
U02598,2024-02-08,Google Ads,CMP101,USA,Austin,Tablet,Free,Male,35-44
U02599,2024-03-24,Facebook,CMP118,Canada,Toronto,Mobile,Basic,Female,18-24
U02600,2024-02-16,Referral,CMP115,Germany,Berlin,Desktop,Premium,Female,18-24
U02601,2024-11-29,Referral,CMP107,USA,New York,Tablet,Premium,Male,18-24
U02602,2024-04-22,LinkedIn,CMP114,Germany,Berlin,Tablet,Premium,Male,18-24
U02603,2024-02-01,Facebook,CMP107,India,Bengaluru,Mobile,Premium,Female,25-34
U02604,2024-10-05,Google Ads,CMP104,Germany,Berlin,Desktop,Premium,Male,35-44
U02605,2024-04-01,Google Ads,CMP117,UK,London,Tablet,Premium,Male,35-44
U02606,2024-10-10,Google Ads,CMP114,Australia,Sydney,Tablet,Premium,Male,18-24
U02607,2024-08-18,Referral,CMP114,Germany,Berlin,Desktop,Basic,Male,25-34
U02608,2024-03-31,Google Ads,CMP117,Canada,Vancouver,Tablet,Free,Male,45-54
U02609,2024-07-27,Organic,CMP117,Australia,Melbourne,Tablet,Free,Female,25-34
U02610,2024-07-22,Organic,CMP108,Germany,Munich,Tablet,Basic,Male,18-24
U02611,2024-02-08,Google Ads,CMP117,USA,New York,Mobile,Free,Male,18-24
U02612,2024-12-10,Referral,CMP108,Canada,Vancouver,Mobile,Basic,Male,45-54
U02613,2024-06-15,Black Friday,CMP101,Australia,Melbourne,Desktop,Basic,Female,18-24
U02614,2024-11-29,LinkedIn,CMP112,India,Bengaluru,Mobile,Free,Male,35-44
U02615,2024-05-06,Referral,CMP105,India,Coimbatore,Tablet,Basic,Female,18-24
U02616,2024-08-23,Black Friday,CMP104,Canada,Vancouver,Tablet,Basic,Male,35-44
U02617,2024-06-28,LinkedIn,CMP106,Australia,Sydney,Tablet,Premium,Male,45-54
U02618,2024-07-11,Black Friday,CMP113,UK,Manchester,Mobile,Premium,Female,18-24
U02619,2024-03-11,LinkedIn,CMP107,UK,Manchester,Tablet,Premium,Male,35-44
U02620,2024-06-15,Referral,CMP109,USA,Seattle,Desktop,Premium,Male,45-54
U02621,2024-06-01,Referral,CMP120,USA,New York,Desktop,Basic,Female,25-34
U02622,2024-11-12,LinkedIn,CMP119,Germany,Munich,Mobile,Basic,Female,45-54
U02623,2024-01-12,Organic,CMP118,Canada,Vancouver,Desktop,Premium,Female,35-44
U02624,2024-10-13,Black Friday,CMP120,UK,Manchester,Desktop,Basic,Male,25-34
U02625,2024-11-07,Facebook,CMP104,Canada,Vancouver,Desktop,Free,Female,45-54
U02626,2024-09-22,Facebook,CMP107,Australia,Melbourne,Tablet,Premium,Male,45-54
U02627,2024-05-29,Referral,CMP101,Canada,Vancouver,Desktop,Basic,Male,25-34
U02628,2024-12-05,Referral,CMP113,Australia,Sydney,Desktop,Free,Male,18-24
U02629,2024-03-24,Google Ads,CMP115,Germany,Berlin,Desktop,Basic,Female,18-24
U02630,2024-01-10,Google Ads,CMP109,Canada,Vancouver,Desktop,Premium,Male,25-34
U02631,2024-01-01,Referral,CMP119,Canada,Toronto,Tablet,Free,Female,45-54
U02632,2024-06-05,Referral,CMP118,Australia,Sydney,Tablet,Premium,Female,35-44
U02633,2024-02-24,Facebook,CMP114,Canada,Toronto,Mobile,Free,Female,35-44
U02634,2024-01-07,Organic,CMP107,India,Chennai,Tablet,Basic,Female,45-54
U02635,2024-02-22,Referral,CMP112,Canada,Toronto,Mobile,Basic,Female,35-44
U02636,2024-02-19,Facebook,CMP119,Canada,Toronto,Desktop,Premium,Female,45-54
U02637,2024-08-17,Organic,CMP117,Canada,Vancouver,Tablet,Free,Male,45-54
U02638,2024-03-23,Black Friday,CMP102,Germany,Berlin,Mobile,Premium,Male,45-54
U02639,2024-07-09,Organic,CMP102,Australia,Sydney,Desktop,Basic,Female,35-44
U02640,2024-03-08,Referral,CMP102,Canada,Vancouver,Desktop,Basic,Female,45-54
U02641,2024-10-13,Facebook,CMP106,Germany,Munich,Mobile,Basic,Male,25-34
U02642,2024-02-29,Facebook,CMP120,UK,Manchester,Desktop,Free,Female,45-54
U02643,2024-04-01,Google Ads,CMP104,USA,Seattle,Mobile,Basic,Male,25-34
U02644,2024-11-21,Black Friday,CMP110,Australia,Melbourne,Mobile,Basic,Female,35-44
U02645,2024-09-02,Facebook,CMP118,Germany,Munich,Tablet,Basic,Female,25-34
U02646,2024-11-03,Facebook,CMP106,Germany,Berlin,Mobile,Premium,Male,35-44
U02647,2024-01-04,Organic,CMP105,Germany,Munich,Desktop,Premium,Female,25-34
U02648,2024-02-22,Black Friday,CMP120,USA,New York,Mobile,Premium,Male,45-54
U02649,2024-03-06,Google Ads,CMP103,Australia,Sydney,Tablet,Basic,Male,25-34
U02650,2024-11-20,LinkedIn,CMP106,Germany,Munich,Desktop,Premium,Male,35-44
U02651,2024-10-11,Black Friday,CMP111,UK,Manchester,Mobile,Free,Female,25-34
U02652,2024-12-14,Google Ads,CMP111,UK,London,Desktop,Free,Female,45-54
U02653,2024-07-07,Organic,CMP115,Canada,Toronto,Mobile,Basic,Male,18-24
U02654,2024-07-04,Referral,CMP103,UK,Manchester,Desktop,Basic,Female,35-44
U02655,2024-08-29,Facebook,CMP107,USA,Austin,Mobile,Basic,Female,35-44
U02656,2024-02-27,Organic,CMP112,Germany,Munich,Tablet,Premium,Female,25-34
U02657,2024-05-13,Referral,CMP107,UK,London,Desktop,Free,Female,18-24
U02658,2024-04-23,Organic,CMP117,USA,New York,Desktop,Free,Male,25-34
U02659,2024-05-02,Referral,CMP120,Australia,Sydney,Desktop,Free,Female,25-34
U02660,2024-10-12,Facebook,CMP106,India,Coimbatore,Tablet,Basic,Male,18-24
U02661,2024-05-26,LinkedIn,CMP106,Canada,Vancouver,Tablet,Free,Female,25-34
U02662,2024-03-03,Black Friday,CMP110,Germany,Munich,Desktop,Premium,Male,35-44
U02663,2024-04-25,Referral,CMP102,Germany,Berlin,Tablet,Premium,Male,35-44
U02664,2024-08-05,LinkedIn,CMP107,Australia,Melbourne,Desktop,Basic,Female,18-24
U02665,2024-09-02,Black Friday,CMP113,Germany,Berlin,Tablet,Basic,Male,35-44
U02666,2024-04-24,LinkedIn,CMP105,USA,Seattle,Tablet,Premium,Female,45-54
U02667,2024-11-18,Facebook,CMP111,Germany,Berlin,Tablet,Premium,Male,18-24
U02668,2024-02-27,Referral,CMP120,India,Bengaluru,Desktop,Basic,Male,18-24
U02669,2024-09-29,Black Friday,CMP111,USA,New York,Mobile,Premium,Male,45-54
U02670,2024-12-05,Facebook,CMP110,Canada,Toronto,Tablet,Basic,Female,35-44
U02671,2024-09-20,Facebook,CMP120,Canada,Vancouver,Tablet,Basic,Female,25-34
U02672,2024-10-14,LinkedIn,CMP111,UK,Manchester,Tablet,Free,Male,18-24
U02673,2024-04-01,Organic,CMP115,USA,Seattle,Tablet,Basic,Male,25-34
U02674,2024-06-02,Referral,CMP107,Canada,Vancouver,Mobile,Basic,Male,35-44
U02675,2024-10-24,Facebook,CMP109,Canada,Vancouver,Mobile,Basic,Male,45-54
U02676,2024-09-11,Referral,CMP113,USA,Seattle,Mobile,Free,Male,25-34
U02677,2024-11-22,Google Ads,CMP117,India,Bengaluru,Desktop,Basic,Male,18-24
U02678,2024-10-22,Referral,CMP116,USA,Seattle,Mobile,Basic,Female,18-24
U02679,2024-01-12,Referral,CMP119,Australia,Sydney,Mobile,Basic,Female,18-24
U02680,2024-07-08,Google Ads,CMP118,UK,Manchester,Desktop,Premium,Male,25-34
U02681,2024-07-10,Black Friday,CMP111,India,Bengaluru,Tablet,Premium,Male,45-54
U02682,2024-01-07,Facebook,CMP107,Australia,Sydney,Tablet,Basic,Male,18-24
U02683,2024-03-03,Google Ads,CMP119,Canada,Toronto,Mobile,Free,Male,45-54
U02684,2024-06-06,Black Friday,CMP111,USA,Austin,Mobile,Free,Female,18-24
U02685,2024-10-20,Black Friday,CMP117,India,Coimbatore,Tablet,Free,Male,18-24
U02686,2024-05-25,Organic,CMP105,UK,Manchester,Mobile,Premium,Female,25-34
U02687,2024-07-24,Facebook,CMP117,India,Coimbatore,Mobile,Basic,Female,25-34
U02688,2024-08-13,Google Ads,CMP112,India,Bengaluru,Tablet,Premium,Female,25-34
U02689,2024-04-17,Google Ads,CMP120,UK,London,Tablet,Free,Female,35-44
U02690,2024-08-08,Facebook,CMP110,India,Coimbatore,Tablet,Free,Male,35-44
U02691,2024-07-16,Google Ads,CMP119,Germany,Munich,Tablet,Free,Female,35-44
U02692,2024-02-29,LinkedIn,CMP110,India,Chennai,Desktop,Premium,Male,25-34
U02693,2024-09-17,LinkedIn,CMP116,USA,New York,Desktop,Free,Male,45-54
U02694,2024-11-28,LinkedIn,CMP101,Germany,Munich,Mobile,Basic,Male,18-24
U02695,2024-07-12,Facebook,CMP103,UK,Manchester,Mobile,Free,Male,45-54
U02696,2024-06-14,Google Ads,CMP111,Australia,Melbourne,Desktop,Basic,Male,35-44
U02697,2024-03-04,Google Ads,CMP118,India,Bengaluru,Mobile,Free,Female,25-34
U02698,2024-01-05,Google Ads,CMP116,UK,Manchester,Mobile,Basic,Male,18-24
U02699,2024-05-14,Facebook,CMP109,Australia,Melbourne,Mobile,Premium,Male,35-44
U02700,2024-04-18,Referral,CMP114,India,Bengaluru,Mobile,Basic,Female,45-54
U02701,2024-05-13,Black Friday,CMP120,Australia,Sydney,Tablet,Free,Male,35-44
U02702,2024-11-10,LinkedIn,CMP109,Canada,Vancouver,Desktop,Free,Male,35-44
U02703,2024-10-02,LinkedIn,CMP105,Australia,Melbourne,Mobile,Basic,Female,25-34
U02704,2024-01-11,LinkedIn,CMP118,Australia,Sydney,Mobile,Basic,Female,18-24
U02705,2024-04-13,Google Ads,CMP119,UK,London,Tablet,Basic,Male,45-54
U02706,2024-08-14,Black Friday,CMP112,Australia,Sydney,Tablet,Free,Male,45-54
U02707,2024-05-25,LinkedIn,CMP101,Germany,Munich,Mobile,Free,Male,18-24
U02708,2024-11-14,Facebook,CMP107,India,Bengaluru,Tablet,Basic,Male,25-34
U02709,2024-10-06,LinkedIn,CMP105,USA,Austin,Desktop,Free,Male,35-44
U02710,2024-02-04,Google Ads,CMP108,Australia,Sydney,Tablet,Free,Female,45-54
U02711,2024-08-24,Organic,CMP109,USA,Austin,Mobile,Free,Male,45-54
U02712,2024-12-19,Black Friday,CMP109,Canada,Toronto,Tablet,Free,Male,35-44
U02713,2024-07-09,Referral,CMP103,USA,New York,Tablet,Basic,Female,18-24
U02714,2024-11-20,Google Ads,CMP109,USA,Seattle,Desktop,Free,Female,25-34
U02715,2024-07-18,Referral,CMP114,UK,London,Mobile,Free,Female,18-24
U02716,2024-09-10,Google Ads,CMP106,UK,Manchester,Mobile,Basic,Male,25-34
U02717,2024-08-02,Organic,CMP118,India,Bengaluru,Mobile,Free,Male,35-44
U02718,2024-07-14,LinkedIn,CMP104,Canada,Vancouver,Mobile,Free,Female,18-24
U02719,2024-03-17,LinkedIn,CMP115,Canada,Toronto,Mobile,Free,Male,18-24
U02720,2024-10-31,Google Ads,CMP113,UK,Manchester,Tablet,Free,Male,35-44
U02721,2024-04-10,Referral,CMP119,Germany,Berlin,Mobile,Basic,Female,45-54
U02722,2024-11-05,Organic,CMP102,UK,London,Desktop,Free,Male,35-44
U02723,2024-10-15,Organic,CMP115,India,Chennai,Tablet,Basic,Male,25-34
U02724,2024-01-18,LinkedIn,CMP106,Australia,Sydney,Mobile,Free,Male,45-54
U02725,2024-10-16,Black Friday,CMP117,India,Coimbatore,Mobile,Premium,Female,45-54
U02726,2024-03-13,Organic,CMP101,USA,Austin,Desktop,Premium,Female,45-54
U02727,2024-02-27,Organic,CMP119,Germany,Berlin,Tablet,Free,Female,18-24
U02728,2024-08-20,Facebook,CMP108,UK,Manchester,Mobile,Free,Male,35-44
U02729,2024-05-30,Google Ads,CMP112,USA,New York,Mobile,Premium,Female,18-24
U02730,2024-03-14,Google Ads,CMP107,UK,Manchester,Mobile,Free,Male,35-44
U02731,2024-06-05,LinkedIn,CMP116,Australia,Sydney,Desktop,Premium,Male,25-34
U02732,2024-12-11,LinkedIn,CMP112,USA,Austin,Mobile,Free,Male,45-54
U02733,2024-07-28,Black Friday,CMP115,India,Bengaluru,Desktop,Premium,Male,25-34
U02734,2024-05-18,Black Friday,CMP112,UK,Manchester,Mobile,Basic,Male,25-34
U02735,2024-02-24,Referral,CMP104,India,Coimbatore,Tablet,Premium,Male,25-34
U02736,2024-08-08,LinkedIn,CMP110,Canada,Vancouver,Desktop,Basic,Female,45-54
U02737,2024-03-05,LinkedIn,CMP113,USA,New York,Mobile,Premium,Female,35-44
U02738,2024-08-21,Organic,CMP117,UK,London,Desktop,Premium,Male,18-24
U02739,2024-10-19,LinkedIn,CMP110,India,Bengaluru,Tablet,Free,Male,45-54
U02740,2024-06-02,Organic,CMP113,India,Bengaluru,Tablet,Premium,Male,45-54
U02741,2024-11-07,Black Friday,CMP105,Australia,Sydney,Desktop,Free,Female,35-44
U02742,2024-09-18,Facebook,CMP115,Germany,Berlin,Tablet,Free,Male,25-34
U02743,2024-10-20,LinkedIn,CMP111,Canada,Vancouver,Desktop,Free,Male,18-24
U02744,2024-03-27,Google Ads,CMP107,India,Bengaluru,Tablet,Basic,Male,18-24
U02745,2024-07-02,Organic,CMP107,UK,London,Mobile,Free,Male,18-24
U02746,2024-10-07,LinkedIn,CMP108,Canada,Vancouver,Tablet,Premium,Female,45-54
U02747,2024-05-02,Organic,CMP120,Canada,Toronto,Mobile,Premium,Male,18-24
U02748,2024-05-09,LinkedIn,CMP101,India,Chennai,Tablet,Free,Female,25-34
U02749,2024-04-30,Black Friday,CMP116,USA,New York,Desktop,Premium,Female,18-24
U02750,2024-07-17,Referral,CMP111,India,Coimbatore,Tablet,Free,Female,45-54
U02751,2024-05-12,Google Ads,CMP102,Germany,Berlin,Mobile,Premium,Female,25-34
U02752,2024-05-07,Organic,CMP104,Germany,Berlin,Desktop,Free,Male,18-24
U02753,2024-06-11,Black Friday,CMP120,India,Bengaluru,Tablet,Basic,Female,35-44
U02754,2024-09-13,Referral,CMP110,USA,New York,Mobile,Free,Female,18-24
U02755,2024-02-05,Google Ads,CMP111,UK,London,Desktop,Basic,Female,18-24
U02756,2024-08-16,LinkedIn,CMP119,UK,Manchester,Desktop,Premium,Female,45-54
U02757,2024-08-09,Google Ads,CMP102,Germany,Berlin,Mobile,Premium,Male,35-44
U02758,2024-11-25,Organic,CMP105,Australia,Sydney,Tablet,Premium,Male,25-34
U02759,2024-11-30,Referral,CMP115,USA,Seattle,Desktop,Free,Male,45-54
U02760,2024-03-13,Referral,CMP112,India,Bengaluru,Mobile,Basic,Female,35-44
U02761,2024-03-10,Google Ads,CMP112,Germany,Berlin,Desktop,Basic,Male,25-34
U02762,2024-06-25,Organic,CMP101,Germany,Munich,Mobile,Free,Male,25-34
U02763,2024-10-09,Facebook,CMP104,Australia,Sydney,Tablet,Basic,Male,25-34
U02764,2024-11-19,Facebook,CMP119,UK,London,Desktop,Premium,Female,18-24
U02765,2024-01-17,LinkedIn,CMP120,India,Chennai,Mobile,Free,Female,45-54
U02766,2024-07-28,Organic,CMP103,India,Chennai,Tablet,Free,Male,45-54
U02767,2024-02-14,Organic,CMP106,India,Chennai,Mobile,Premium,Female,18-24
U02768,2024-06-28,Google Ads,CMP101,India,Bengaluru,Desktop,Premium,Female,18-24
U02769,2024-09-11,LinkedIn,CMP114,Australia,Melbourne,Mobile,Premium,Female,35-44
U02770,2024-07-14,Organic,CMP110,Australia,Sydney,Mobile,Basic,Female,25-34
U02771,2024-11-20,LinkedIn,CMP101,UK,London,Tablet,Free,Female,25-34
U02772,2024-01-04,LinkedIn,CMP107,UK,Manchester,Desktop,Free,Female,25-34
U02773,2024-06-28,LinkedIn,CMP103,Canada,Vancouver,Desktop,Premium,Male,25-34
U02774,2024-06-11,Black Friday,CMP105,India,Coimbatore,Tablet,Free,Female,45-54
U02775,2024-01-02,LinkedIn,CMP114,Canada,Vancouver,Desktop,Premium,Female,25-34
U02776,2024-03-07,Organic,CMP120,UK,Manchester,Desktop,Premium,Female,35-44
U02777,2024-11-15,LinkedIn,CMP115,UK,London,Tablet,Free,Male,25-34
U02778,2024-07-04,Organic,CMP114,India,Chennai,Tablet,Basic,Female,35-44
U02779,2024-03-15,Google Ads,CMP111,USA,Austin,Mobile,Basic,Male,35-44
U02780,2024-08-02,LinkedIn,CMP118,Australia,Sydney,Mobile,Free,Male,35-44
U02781,2024-11-22,Facebook,CMP120,Germany,Munich,Mobile,Basic,Female,25-34
U02782,2024-01-09,Black Friday,CMP109,Germany,Munich,Tablet,Free,Male,18-24
U02783,2024-12-09,Referral,CMP116,Australia,Sydney,Tablet,Premium,Male,25-34
U02784,2024-08-25,Organic,CMP114,USA,New York,Desktop,Free,Female,35-44
U02785,2024-09-13,Google Ads,CMP103,Canada,Vancouver,Tablet,Basic,Male,45-54
U02786,2024-07-26,Organic,CMP112,UK,London,Mobile,Free,Male,18-24
U02787,2024-03-23,Facebook,CMP107,UK,Manchester,Mobile,Premium,Male,25-34
U02788,2024-01-16,Black Friday,CMP113,India,Chennai,Desktop,Premium,Female,18-24
U02789,2024-05-02,Google Ads,CMP104,Germany,Munich,Mobile,Free,Male,25-34
U02790,2024-02-01,Google Ads,CMP104,Australia,Melbourne,Tablet,Premium,Male,18-24
U02791,2024-02-15,Organic,CMP101,UK,London,Desktop,Basic,Male,25-34
U02792,2024-02-24,LinkedIn,CMP104,Australia,Melbourne,Tablet,Premium,Female,18-24
U02793,2024-02-23,LinkedIn,CMP105,Australia,Melbourne,Tablet,Premium,Male,35-44
U02794,2024-02-20,Black Friday,CMP110,Canada,Vancouver,Tablet,Basic,Female,18-24
U02795,2024-11-17,Organic,CMP107,India,Coimbatore,Desktop,Free,Female,25-34
U02796,2024-12-27,Organic,CMP116,India,Chennai,Tablet,Premium,Female,18-24
U02797,2024-08-29,LinkedIn,CMP120,USA,New York,Tablet,Free,Female,18-24
U02798,2024-07-31,LinkedIn,CMP101,India,Bengaluru,Tablet,Premium,Male,45-54
U02799,2024-03-20,Google Ads,CMP120,USA,Seattle,Tablet,Basic,Female,45-54
U02800,2024-09-08,Referral,CMP107,India,Coimbatore,Desktop,Free,Male,45-54
U02801,2024-08-02,Organic,CMP101,Canada,Toronto,Desktop,Premium,Male,35-44
U02802,2024-06-29,Referral,CMP102,Germany,Berlin,Mobile,Premium,Female,35-44
U02803,2024-04-09,Google Ads,CMP113,USA,New York,Mobile,Free,Female,18-24
U02804,2024-07-15,Black Friday,CMP113,Canada,Vancouver,Desktop,Basic,Female,45-54
U02805,2024-01-11,LinkedIn,CMP112,Germany,Berlin,Desktop,Premium,Male,25-34
U02806,2024-10-22,Black Friday,CMP105,UK,London,Desktop,Free,Male,45-54
U02807,2024-06-01,LinkedIn,CMP103,USA,New York,Desktop,Free,Male,25-34
U02808,2024-07-05,Black Friday,CMP117,India,Coimbatore,Mobile,Basic,Male,18-24
U02809,2024-11-13,Google Ads,CMP119,Canada,Toronto,Desktop,Premium,Female,18-24
U02810,2024-04-22,Organic,CMP110,India,Chennai,Tablet,Basic,Male,18-24
U02811,2024-06-10,Organic,CMP105,USA,New York,Desktop,Free,Female,45-54
U02812,2024-07-05,Referral,CMP113,Australia,Melbourne,Desktop,Premium,Male,25-34
U02813,2024-12-07,Facebook,CMP108,Canada,Vancouver,Tablet,Free,Male,18-24
U02814,2024-06-15,Organic,CMP109,India,Coimbatore,Desktop,Basic,Male,45-54
U02815,2024-09-15,LinkedIn,CMP104,Canada,Vancouver,Desktop,Free,Female,35-44
U02816,2024-02-26,Referral,CMP103,USA,Austin,Desktop,Basic,Male,25-34
U02817,2024-04-29,Facebook,CMP119,Canada,Vancouver,Tablet,Free,Female,35-44
U02818,2024-05-12,LinkedIn,CMP102,USA,Seattle,Tablet,Basic,Male,25-34
U02819,2024-07-15,Google Ads,CMP110,India,Coimbatore,Desktop,Premium,Female,35-44
U02820,2024-08-04,LinkedIn,CMP105,Germany,Berlin,Desktop,Free,Female,18-24
U02821,2024-01-14,Google Ads,CMP102,Germany,Munich,Mobile,Basic,Female,35-44
U02822,2024-11-29,Referral,CMP108,Germany,Munich,Tablet,Premium,Male,25-34
U02823,2024-02-20,Facebook,CMP110,Germany,Berlin,Tablet,Free,Male,45-54
U02824,2024-05-31,Facebook,CMP117,India,Coimbatore,Tablet,Basic,Male,45-54
U02825,2024-01-26,Referral,CMP106,USA,Austin,Desktop,Basic,Female,25-34
U02826,2024-08-18,Referral,CMP117,USA,Austin,Mobile,Basic,Female,45-54
U02827,2024-05-08,Organic,CMP115,USA,Seattle,Desktop,Premium,Male,25-34
U02828,2024-09-01,Black Friday,CMP107,India,Coimbatore,Mobile,Premium,Female,45-54
U02829,2024-08-01,Google Ads,CMP112,Australia,Sydney,Mobile,Premium,Female,45-54
U02830,2024-11-06,LinkedIn,CMP101,India,Coimbatore,Tablet,Premium,Female,25-34
U02831,2024-03-31,Black Friday,CMP111,India,Coimbatore,Mobile,Basic,Male,35-44
U02832,2024-01-14,Referral,CMP120,Australia,Sydney,Desktop,Free,Female,18-24
U02833,2024-06-16,LinkedIn,CMP114,Canada,Vancouver,Mobile,Basic,Male,35-44
U02834,2024-07-29,Organic,CMP116,Germany,Munich,Desktop,Premium,Female,35-44
U02835,2024-05-10,LinkedIn,CMP103,USA,Seattle,Tablet,Free,Male,35-44
U02836,2024-03-16,LinkedIn,CMP107,USA,Austin,Tablet,Free,Female,25-34
U02837,2024-04-02,Black Friday,CMP106,India,Chennai,Tablet,Free,Female,18-24
U02838,2024-02-24,LinkedIn,CMP112,India,Bengaluru,Desktop,Basic,Male,45-54
U02839,2024-02-24,Google Ads,CMP102,Germany,Munich,Mobile,Premium,Female,18-24
U02840,2024-05-27,Referral,CMP113,UK,London,Mobile,Basic,Male,18-24
U02841,2024-08-05,Organic,CMP107,Canada,Toronto,Mobile,Free,Male,45-54
U02842,2024-10-18,Organic,CMP104,Canada,Vancouver,Mobile,Premium,Female,35-44
U02843,2024-09-10,Organic,CMP114,India,Bengaluru,Mobile,Free,Female,45-54
U02844,2024-01-10,Organic,CMP113,USA,New York,Desktop,Free,Female,18-24
U02845,2024-01-17,Referral,CMP107,UK,London,Mobile,Basic,Female,25-34
U02846,2024-05-09,LinkedIn,CMP119,UK,London,Mobile,Basic,Male,35-44
U02847,2024-08-15,Google Ads,CMP118,Germany,Berlin,Tablet,Free,Male,45-54
U02848,2024-06-15,Organic,CMP106,UK,Manchester,Tablet,Premium,Female,18-24
U02849,2024-12-23,Google Ads,CMP120,Canada,Toronto,Mobile,Basic,Male,45-54
U02850,2024-04-02,Organic,CMP106,Canada,Toronto,Desktop,Free,Female,18-24
U02851,2024-06-01,LinkedIn,CMP102,Canada,Toronto,Desktop,Premium,Female,45-54
U02852,2024-07-21,Facebook,CMP106,Australia,Melbourne,Mobile,Premium,Female,35-44
U02853,2024-04-15,LinkedIn,CMP109,Canada,Vancouver,Mobile,Basic,Male,45-54
U02854,2024-06-03,LinkedIn,CMP116,India,Coimbatore,Desktop,Free,Male,18-24
U02855,2024-10-06,Black Friday,CMP104,India,Bengaluru,Mobile,Premium,Male,25-34
U02856,2024-04-05,Facebook,CMP110,India,Chennai,Tablet,Free,Female,35-44
U02857,2024-10-04,Organic,CMP119,Canada,Toronto,Mobile,Free,Female,25-34
U02858,2024-05-06,Google Ads,CMP101,USA,New York,Mobile,Basic,Male,18-24
U02859,2024-03-19,Black Friday,CMP111,UK,Manchester,Mobile,Free,Male,35-44
U02860,2024-05-25,Black Friday,CMP102,UK,London,Desktop,Premium,Female,25-34
U02861,2024-11-15,Google Ads,CMP107,USA,New York,Desktop,Free,Female,25-34
U02862,2024-10-30,Google Ads,CMP101,Germany,Berlin,Desktop,Premium,Male,18-24
U02863,2024-03-05,Facebook,CMP103,UK,London,Tablet,Free,Female,35-44
U02864,2024-11-02,Facebook,CMP120,Germany,Berlin,Mobile,Free,Male,25-34
U02865,2024-09-11,Google Ads,CMP103,Germany,Munich,Desktop,Basic,Female,35-44
U02866,2024-03-22,Organic,CMP113,India,Chennai,Tablet,Basic,Male,25-34
U02867,2024-08-17,Referral,CMP104,UK,London,Mobile,Basic,Female,18-24
U02868,2024-12-25,Organic,CMP116,USA,Austin,Mobile,Premium,Female,25-34
U02869,2024-08-04,LinkedIn,CMP111,UK,London,Tablet,Premium,Female,35-44
U02870,2024-07-15,Google Ads,CMP101,India,Bengaluru,Desktop,Free,Female,25-34
U02871,2024-01-14,Referral,CMP119,India,Chennai,Tablet,Premium,Female,35-44
U02872,2024-03-11,Organic,CMP107,UK,London,Tablet,Free,Male,35-44
U02873,2024-12-19,Facebook,CMP112,USA,New York,Desktop,Free,Female,25-34
U02874,2024-03-12,Referral,CMP104,India,Coimbatore,Mobile,Premium,Male,45-54
U02875,2024-09-05,LinkedIn,CMP105,Canada,Vancouver,Desktop,Premium,Male,35-44
U02876,2024-12-20,Facebook,CMP105,Australia,Sydney,Mobile,Premium,Male,35-44
U02877,2024-11-17,Facebook,CMP118,Australia,Sydney,Tablet,Free,Male,35-44
U02878,2024-10-04,LinkedIn,CMP102,Germany,Munich,Desktop,Premium,Female,25-34
U02879,2024-04-16,Google Ads,CMP119,USA,Seattle,Tablet,Basic,Female,18-24
U02880,2024-07-02,Organic,CMP106,Canada,Vancouver,Desktop,Premium,Female,45-54
U02881,2024-05-20,Referral,CMP111,India,Bengaluru,Tablet,Basic,Male,25-34
U02882,2024-06-13,LinkedIn,CMP116,Australia,Sydney,Desktop,Free,Male,35-44
U02883,2024-07-22,Google Ads,CMP119,Germany,Berlin,Desktop,Basic,Male,35-44
U02884,2024-07-10,Referral,CMP113,India,Chennai,Tablet,Free,Male,25-34
U02885,2024-06-28,Organic,CMP118,India,Chennai,Desktop,Premium,Female,25-34
U02886,2024-06-02,Google Ads,CMP118,Germany,Munich,Mobile,Premium,Female,25-34
U02887,2024-11-26,Organic,CMP106,India,Chennai,Mobile,Basic,Male,35-44
U02888,2024-10-18,Google Ads,CMP120,Canada,Toronto,Mobile,Premium,Female,45-54
U02889,2024-03-28,LinkedIn,CMP102,Australia,Sydney,Desktop,Basic,Male,35-44
U02890,2024-06-24,Referral,CMP112,India,Coimbatore,Mobile,Free,Male,45-54
U02891,2024-05-25,Organic,CMP101,Australia,Sydney,Tablet,Free,Male,18-24
U02892,2024-10-21,Google Ads,CMP112,USA,New York,Tablet,Premium,Male,25-34
U02893,2024-03-23,LinkedIn,CMP103,UK,London,Tablet,Free,Female,18-24
U02894,2024-12-21,LinkedIn,CMP101,India,Bengaluru,Mobile,Basic,Female,18-24
U02895,2024-06-13,Facebook,CMP113,Germany,Berlin,Tablet,Premium,Female,18-24
U02896,2024-08-30,Google Ads,CMP113,Germany,Munich,Mobile,Premium,Female,18-24
U02897,2024-01-08,Facebook,CMP108,Canada,Vancouver,Mobile,Free,Female,45-54
U02898,2024-02-16,LinkedIn,CMP105,Germany,Berlin,Tablet,Free,Male,25-34
U02899,2024-07-29,Organic,CMP120,India,Coimbatore,Desktop,Premium,Male,45-54
U02900,2024-06-02,Google Ads,CMP104,USA,Austin,Desktop,Basic,Female,18-24
U02901,2024-04-10,Google Ads,CMP115,Germany,Munich,Tablet,Basic,Female,45-54
U02902,2024-08-03,LinkedIn,CMP107,India,Coimbatore,Tablet,Basic,Male,18-24
U02903,2024-05-22,Organic,CMP116,Germany,Munich,Desktop,Free,Female,18-24
U02904,2024-02-14,Referral,CMP120,Germany,Berlin,Mobile,Basic,Male,18-24
U02905,2024-03-27,Referral,CMP108,UK,Manchester,Desktop,Basic,Female,18-24
U02906,2024-09-11,Google Ads,CMP109,USA,Austin,Desktop,Basic,Male,45-54
U02907,2024-10-20,LinkedIn,CMP119,UK,London,Mobile,Basic,Female,35-44
U02908,2024-04-25,Google Ads,CMP114,Germany,Berlin,Desktop,Premium,Female,25-34
U02909,2024-04-11,LinkedIn,CMP109,Canada,Toronto,Tablet,Free,Male,35-44
U02910,2024-04-26,Facebook,CMP111,Canada,Vancouver,Tablet,Basic,Male,18-24
U02911,2024-07-19,Facebook,CMP108,Australia,Melbourne,Tablet,Premium,Male,18-24
U02912,2024-10-24,LinkedIn,CMP118,USA,New York,Desktop,Premium,Female,18-24
U02913,2024-06-05,Black Friday,CMP114,Germany,Berlin,Desktop,Free,Female,35-44
U02914,2024-05-21,LinkedIn,CMP102,USA,Austin,Tablet,Basic,Male,45-54
U02915,2024-11-29,LinkedIn,CMP109,UK,Manchester,Desktop,Free,Female,25-34
U02916,2024-07-25,Organic,CMP112,Canada,Vancouver,Tablet,Free,Female,18-24
U02917,2024-01-31,LinkedIn,CMP116,USA,Seattle,Mobile,Premium,Male,18-24
U02918,2024-09-21,Facebook,CMP102,UK,Manchester,Tablet,Premium,Female,18-24
U02919,2024-05-28,Facebook,CMP114,USA,Austin,Mobile,Basic,Male,25-34
U02920,2024-12-27,LinkedIn,CMP109,USA,Austin,Tablet,Premium,Male,25-34
U02921,2024-01-14,LinkedIn,CMP115,Germany,Berlin,Mobile,Basic,Female,18-24
U02922,2024-10-07,Google Ads,CMP106,USA,Austin,Desktop,Basic,Female,18-24
U02923,2024-11-10,Referral,CMP115,India,Bengaluru,Tablet,Premium,Female,35-44
U02924,2024-04-21,Facebook,CMP120,Canada,Toronto,Desktop,Basic,Male,45-54
U02925,2024-04-14,Black Friday,CMP106,UK,Manchester,Desktop,Free,Female,35-44
U02926,2024-01-12,Black Friday,CMP110,Australia,Sydney,Mobile,Free,Female,18-24
U02927,2024-05-14,Referral,CMP114,Australia,Sydney,Tablet,Basic,Female,18-24
U02928,2024-07-27,Google Ads,CMP106,Germany,Berlin,Mobile,Basic,Male,18-24
U02929,2024-08-30,Referral,CMP119,USA,New York,Tablet,Premium,Male,25-34
U02930,2024-09-08,Referral,CMP105,India,Coimbatore,Tablet,Basic,Male,25-34
U02931,2024-08-25,LinkedIn,CMP101,India,Bengaluru,Desktop,Basic,Female,25-34
U02932,2024-07-26,Facebook,CMP106,Canada,Toronto,Mobile,Premium,Male,18-24
U02933,2024-12-11,Facebook,CMP110,USA,Seattle,Tablet,Premium,Male,18-24
U02934,2024-05-24,Referral,CMP120,UK,Manchester,Desktop,Free,Female,25-34
U02935,2024-02-02,Facebook,CMP118,Canada,Vancouver,Mobile,Free,Female,35-44
U02936,2024-11-06,Google Ads,CMP109,Canada,Toronto,Tablet,Premium,Female,25-34
U02937,2024-01-28,Google Ads,CMP103,Australia,Melbourne,Tablet,Premium,Male,45-54
U02938,2024-08-29,Organic,CMP113,Canada,Vancouver,Tablet,Basic,Male,18-24
U02939,2024-06-24,Referral,CMP119,Australia,Sydney,Mobile,Basic,Female,25-34
U02940,2024-11-30,Organic,CMP111,Canada,Toronto,Mobile,Basic,Male,18-24
U02941,2024-08-31,Referral,CMP105,India,Coimbatore,Tablet,Basic,Male,45-54
U02942,2024-01-25,Organic,CMP117,USA,Seattle,Tablet,Free,Male,45-54
U02943,2024-03-22,Google Ads,CMP117,Germany,Berlin,Tablet,Basic,Male,35-44
U02944,2024-06-02,Facebook,CMP101,Canada,Toronto,Desktop,Free,Female,25-34
U02945,2024-11-24,LinkedIn,CMP109,Australia,Sydney,Mobile,Basic,Male,45-54
U02946,2024-10-30,Organic,CMP120,Australia,Melbourne,Mobile,Free,Female,45-54
U02947,2024-07-19,Organic,CMP118,USA,New York,Tablet,Free,Male,25-34
U02948,2024-11-15,LinkedIn,CMP102,India,Bengaluru,Mobile,Basic,Male,35-44
U02949,2024-05-23,Google Ads,CMP111,UK,Manchester,Tablet,Premium,Male,35-44
U02950,2024-06-20,Black Friday,CMP116,Canada,Toronto,Mobile,Free,Male,35-44
U02951,2024-12-04,Google Ads,CMP110,Australia,Sydney,Tablet,Basic,Male,45-54
U02952,2024-11-01,Referral,CMP103,India,Chennai,Mobile,Basic,Female,25-34
U02953,2024-01-05,Referral,CMP109,USA,Seattle,Desktop,Basic,Male,25-34
U02954,2024-11-08,Black Friday,CMP115,Germany,Berlin,Mobile,Basic,Male,45-54
U02955,2024-06-11,Black Friday,CMP110,USA,New York,Desktop,Basic,Male,45-54
U02956,2024-05-10,Organic,CMP118,Canada,Vancouver,Desktop,Basic,Male,25-34
U02957,2024-07-23,Facebook,CMP117,Australia,Sydney,Mobile,Basic,Female,45-54
U02958,2024-05-07,Facebook,CMP109,Canada,Vancouver,Desktop,Free,Male,25-34
U02959,2024-04-28,Organic,CMP113,Germany,Munich,Desktop,Premium,Female,35-44
U02960,2024-10-26,Google Ads,CMP112,India,Bengaluru,Desktop,Premium,Female,25-34
U02961,2024-03-10,Organic,CMP109,Australia,Sydney,Tablet,Premium,Female,25-34
U02962,2024-03-25,Referral,CMP120,Germany,Berlin,Mobile,Basic,Female,45-54
U02963,2024-02-07,Referral,CMP119,Germany,Munich,Mobile,Free,Female,45-54
U02964,2024-11-08,Referral,CMP105,Canada,Toronto,Mobile,Basic,Female,45-54
U02965,2024-10-11,LinkedIn,CMP116,Canada,Vancouver,Tablet,Free,Female,45-54
U02966,2024-01-07,Organic,CMP108,UK,Manchester,Tablet,Free,Male,35-44
U02967,2024-11-07,Organic,CMP111,USA,New York,Tablet,Premium,Male,18-24
U02968,2024-03-20,LinkedIn,CMP101,USA,New York,Mobile,Free,Female,35-44
U02969,2024-01-26,Black Friday,CMP115,Australia,Melbourne,Mobile,Premium,Male,35-44
U02970,2024-11-29,Google Ads,CMP102,Australia,Melbourne,Tablet,Premium,Male,25-34
U02971,2024-06-02,Organic,CMP107,India,Bengaluru,Tablet,Basic,Female,25-34
U02972,2024-11-21,LinkedIn,CMP105,Canada,Toronto,Tablet,Premium,Female,35-44
U02973,2024-12-09,Facebook,CMP106,Germany,Berlin,Desktop,Free,Female,25-34
U02974,2024-01-29,Google Ads,CMP108,Canada,Vancouver,Mobile,Free,Female,45-54
U02975,2024-08-07,Organic,CMP120,Canada,Vancouver,Tablet,Premium,Female,25-34
U02976,2024-10-18,Organic,CMP112,Canada,Vancouver,Tablet,Free,Male,18-24
U02977,2024-08-30,Facebook,CMP108,Australia,Sydney,Desktop,Premium,Female,45-54
U02978,2024-02-21,LinkedIn,CMP119,Canada,Vancouver,Desktop,Free,Female,18-24
U02979,2024-06-07,Facebook,CMP116,USA,Austin,Mobile,Premium,Male,35-44
U02980,2024-04-25,Black Friday,CMP107,India,Coimbatore,Tablet,Premium,Female,45-54
U02981,2024-02-19,Organic,CMP116,India,Coimbatore,Desktop,Free,Male,18-24
U02982,2024-09-11,Organic,CMP108,UK,Manchester,Mobile,Premium,Male,18-24
U02983,2024-03-16,Facebook,CMP120,Australia,Sydney,Tablet,Free,Female,25-34
U02984,2024-04-17,Organic,CMP107,Germany,Munich,Tablet,Free,Female,35-44
U02985,2024-05-20,Facebook,CMP118,Germany,Berlin,Desktop,Basic,Female,18-24
U02986,2024-08-15,Referral,CMP114,Australia,Sydney,Mobile,Basic,Male,18-24
U02987,2024-12-20,LinkedIn,CMP111,Germany,Berlin,Tablet,Free,Female,18-24
U02988,2024-12-18,Facebook,CMP103,Canada,Vancouver,Tablet,Free,Male,35-44
U02989,2024-02-10,Facebook,CMP113,UK,London,Desktop,Free,Male,35-44
U02990,2024-09-17,Facebook,CMP112,India,Bengaluru,Tablet,Free,Male,35-44
U02991,2024-08-19,Facebook,CMP120,UK,Manchester,Tablet,Basic,Male,18-24
U02992,2024-07-22,Black Friday,CMP116,India,Coimbatore,Mobile,Free,Female,18-24
U02993,2024-10-27,Organic,CMP110,USA,Austin,Desktop,Free,Female,18-24
U02994,2024-05-07,Black Friday,CMP118,Canada,Toronto,Mobile,Free,Male,25-34
U02995,2024-10-28,LinkedIn,CMP106,Germany,Berlin,Mobile,Premium,Female,45-54
U02996,2024-12-16,Black Friday,CMP101,UK,Manchester,Tablet,Premium,Male,25-34
U02997,2024-07-19,Google Ads,CMP120,UK,Manchester,Mobile,Basic,Female,45-54
U02998,2024-12-29,Google Ads,CMP107,Canada,Toronto,Desktop,Premium,Female,25-34
U02999,2024-04-12,Google Ads,CMP120,India,Coimbatore,Desktop,Basic,Male,18-24
U03000,2024-08-09,Organic,CMP117,Germany,Munich,Mobile,Premium,Male,18-24
U03001,2024-12-13,Organic,CMP120,Australia,Sydney,Tablet,Premium,Female,25-34
U03002,2024-02-10,Google Ads,CMP105,India,Coimbatore,Desktop,Free,Male,35-44
U03003,2024-10-02,Referral,CMP111,UK,London,Desktop,Free,Female,25-34
U03004,2024-04-05,Organic,CMP104,Australia,Melbourne,Mobile,Basic,Female,25-34
U03005,2024-03-16,Facebook,CMP108,India,Bengaluru,Desktop,Premium,Male,45-54
U03006,2024-09-01,Facebook,CMP109,UK,Manchester,Desktop,Premium,Male,25-34
U03007,2024-11-23,Organic,CMP115,USA,New York,Desktop,Basic,Male,35-44
U03008,2024-05-04,Facebook,CMP114,Canada,Vancouver,Desktop,Basic,Male,45-54
U03009,2024-04-02,Facebook,CMP119,USA,Austin,Mobile,Basic,Male,18-24
U03010,2024-03-11,LinkedIn,CMP103,Australia,Melbourne,Mobile,Free,Female,45-54
U03011,2024-10-11,Organic,CMP107,Germany,Munich,Tablet,Basic,Male,35-44
U03012,2024-01-27,Google Ads,CMP102,Germany,Munich,Desktop,Free,Female,18-24
U03013,2024-07-08,Google Ads,CMP117,India,Bengaluru,Mobile,Premium,Female,35-44
U03014,2024-01-05,Referral,CMP119,Canada,Toronto,Mobile,Free,Male,18-24
U03015,2024-03-25,Black Friday,CMP108,India,Bengaluru,Mobile,Free,Female,25-34
U03016,2024-01-12,Facebook,CMP111,Canada,Toronto,Tablet,Free,Female,35-44
U03017,2024-10-18,Black Friday,CMP120,Germany,Munich,Mobile,Free,Male,45-54
U03018,2024-01-22,Referral,CMP118,India,Coimbatore,Mobile,Free,Female,35-44
U03019,2024-09-09,Black Friday,CMP111,UK,Manchester,Desktop,Premium,Male,18-24
U03020,2024-06-12,Black Friday,CMP118,UK,Manchester,Tablet,Basic,Female,25-34
U03021,2024-09-20,Organic,CMP118,India,Chennai,Tablet,Premium,Male,45-54
U03022,2024-06-27,Facebook,CMP117,Australia,Sydney,Desktop,Basic,Female,45-54
U03023,2024-07-26,Google Ads,CMP120,USA,Seattle,Desktop,Free,Male,45-54
U03024,2024-11-11,Organic,CMP111,Germany,Munich,Desktop,Free,Male,45-54
U03025,2024-02-22,Google Ads,CMP110,Germany,Munich,Mobile,Basic,Male,35-44
U03026,2024-08-17,Google Ads,CMP114,Australia,Melbourne,Mobile,Free,Male,35-44
U03027,2024-02-02,Referral,CMP112,UK,London,Mobile,Basic,Male,18-24
U03028,2024-02-04,Google Ads,CMP103,Germany,Munich,Desktop,Free,Female,45-54
U03029,2024-01-28,Referral,CMP115,UK,London,Desktop,Free,Male,35-44
U03030,2024-06-03,Google Ads,CMP108,India,Bengaluru,Desktop,Basic,Female,35-44
U03031,2024-01-29,LinkedIn,CMP109,Australia,Melbourne,Mobile,Free,Female,45-54
U03032,2024-10-25,Facebook,CMP115,India,Chennai,Tablet,Premium,Male,45-54
U03033,2024-08-10,Facebook,CMP113,Australia,Sydney,Desktop,Basic,Female,18-24
U03034,2024-10-10,Google Ads,CMP111,USA,Seattle,Tablet,Basic,Female,45-54
U03035,2024-07-21,Organic,CMP112,Canada,Vancouver,Mobile,Free,Male,45-54
U03036,2024-08-30,Organic,CMP118,Australia,Melbourne,Mobile,Free,Male,25-34
U03037,2024-03-24,Referral,CMP112,India,Coimbatore,Desktop,Free,Male,25-34
U03038,2024-03-14,Black Friday,CMP120,Australia,Melbourne,Mobile,Premium,Male,25-34
U03039,2024-10-16,Facebook,CMP109,Germany,Berlin,Mobile,Premium,Male,35-44
U03040,2024-05-02,LinkedIn,CMP115,USA,Austin,Tablet,Premium,Male,35-44
U03041,2024-03-25,LinkedIn,CMP108,Germany,Berlin,Mobile,Premium,Female,25-34
U03042,2024-01-24,Google Ads,CMP106,USA,New York,Tablet,Free,Female,18-24
U03043,2024-02-03,Referral,CMP107,Germany,Berlin,Mobile,Premium,Female,35-44
U03044,2024-03-11,Facebook,CMP116,USA,Seattle,Mobile,Premium,Male,18-24
U03045,2024-12-10,Facebook,CMP111,Germany,Berlin,Desktop,Basic,Female,25-34
U03046,2024-07-18,LinkedIn,CMP111,India,Coimbatore,Tablet,Premium,Male,25-34
U03047,2024-10-09,Organic,CMP101,USA,New York,Tablet,Basic,Female,25-34
U03048,2024-04-19,Google Ads,CMP106,Australia,Melbourne,Tablet,Premium,Male,25-34
U03049,2024-09-09,LinkedIn,CMP115,Germany,Berlin,Mobile,Free,Female,18-24
U03050,2024-07-22,Facebook,CMP116,Germany,Berlin,Desktop,Free,Male,35-44
U03051,2024-01-27,LinkedIn,CMP102,USA,Austin,Tablet,Basic,Male,35-44
U03052,2024-03-10,Facebook,CMP103,Australia,Sydney,Tablet,Basic,Female,18-24
U03053,2024-03-08,Facebook,CMP101,Germany,Munich,Desktop,Basic,Male,45-54
U03054,2024-08-20,Google Ads,CMP112,Germany,Berlin,Desktop,Free,Male,18-24
U03055,2024-05-05,LinkedIn,CMP107,Australia,Melbourne,Tablet,Basic,Female,45-54
U03056,2024-02-06,Referral,CMP115,UK,Manchester,Desktop,Premium,Female,25-34
U03057,2024-02-23,Google Ads,CMP119,Canada,Vancouver,Tablet,Premium,Female,18-24
U03058,2024-05-11,Black Friday,CMP117,Canada,Vancouver,Mobile,Premium,Female,35-44
U03059,2024-01-08,Referral,CMP107,UK,London,Desktop,Basic,Female,25-34
U03060,2024-03-06,Black Friday,CMP108,USA,Seattle,Desktop,Basic,Male,25-34
U03061,2024-02-21,Black Friday,CMP118,USA,Seattle,Tablet,Premium,Male,18-24
U03062,2024-06-17,Facebook,CMP118,Canada,Vancouver,Mobile,Basic,Male,18-24
U03063,2024-12-24,Google Ads,CMP115,India,Coimbatore,Tablet,Premium,Male,25-34
U03064,2024-04-08,Referral,CMP110,Canada,Vancouver,Desktop,Free,Male,35-44
U03065,2024-07-22,LinkedIn,CMP117,Australia,Melbourne,Mobile,Premium,Male,25-34
U03066,2024-04-14,Referral,CMP118,Germany,Munich,Mobile,Basic,Female,18-24
U03067,2024-07-17,Organic,CMP113,Canada,Toronto,Tablet,Free,Female,35-44
U03068,2024-07-24,LinkedIn,CMP119,UK,Manchester,Desktop,Free,Female,45-54
U03069,2024-12-17,Referral,CMP109,Germany,Munich,Mobile,Premium,Male,18-24
U03070,2024-11-13,Google Ads,CMP107,Germany,Munich,Mobile,Free,Male,25-34
U03071,2024-08-01,LinkedIn,CMP113,India,Chennai,Mobile,Free,Female,35-44
U03072,2024-07-01,Black Friday,CMP115,UK,Manchester,Desktop,Basic,Female,45-54
U03073,2024-06-14,Facebook,CMP116,UK,Manchester,Mobile,Free,Female,45-54
U03074,2024-08-08,Organic,CMP101,UK,London,Desktop,Premium,Female,35-44
U03075,2024-09-23,Referral,CMP105,Germany,Munich,Tablet,Free,Female,18-24
U03076,2024-07-31,Facebook,CMP109,Germany,Munich,Mobile,Free,Male,35-44
U03077,2024-06-03,Organic,CMP117,UK,Manchester,Desktop,Free,Male,25-34
U03078,2024-04-13,LinkedIn,CMP118,Canada,Vancouver,Mobile,Premium,Male,35-44
U03079,2024-08-28,Black Friday,CMP103,India,Coimbatore,Mobile,Free,Female,25-34
U03080,2024-01-24,Facebook,CMP109,Canada,Toronto,Mobile,Premium,Female,18-24
U03081,2024-03-29,Black Friday,CMP111,India,Bengaluru,Mobile,Premium,Male,18-24
U03082,2024-11-07,Black Friday,CMP103,UK,London,Desktop,Premium,Male,45-54
U03083,2024-11-22,Referral,CMP116,India,Bengaluru,Desktop,Premium,Female,25-34
U03084,2024-05-19,Google Ads,CMP118,UK,Manchester,Mobile,Free,Female,45-54
U03085,2024-11-08,Referral,CMP101,UK,Manchester,Desktop,Free,Female,25-34
U03086,2024-06-30,Black Friday,CMP116,Germany,Munich,Tablet,Free,Female,45-54
U03087,2024-11-23,Google Ads,CMP119,Australia,Melbourne,Tablet,Free,Female,18-24
U03088,2024-03-12,LinkedIn,CMP101,Australia,Sydney,Tablet,Premium,Female,35-44
U03089,2024-03-16,Organic,CMP108,Australia,Sydney,Desktop,Premium,Male,35-44
U03090,2024-09-23,Referral,CMP101,UK,Manchester,Mobile,Basic,Male,18-24
U03091,2024-04-26,Referral,CMP115,India,Bengaluru,Desktop,Basic,Female,45-54
U03092,2024-08-23,Referral,CMP112,UK,London,Tablet,Basic,Male,45-54
U03093,2024-05-16,Referral,CMP106,Australia,Sydney,Mobile,Premium,Male,35-44
U03094,2024-11-24,LinkedIn,CMP117,Canada,Vancouver,Mobile,Premium,Female,25-34
U03095,2024-05-05,Google Ads,CMP106,Australia,Melbourne,Mobile,Premium,Female,45-54
U03096,2024-11-14,Google Ads,CMP115,UK,Manchester,Desktop,Basic,Male,18-24
U03097,2024-08-15,Black Friday,CMP101,USA,Austin,Desktop,Free,Male,18-24
U03098,2024-07-09,Referral,CMP103,India,Coimbatore,Tablet,Premium,Male,35-44
U03099,2024-03-16,Facebook,CMP111,Germany,Munich,Desktop,Premium,Male,45-54
U03100,2024-03-19,Google Ads,CMP115,USA,Seattle,Mobile,Free,Female,18-24
U03101,2024-08-18,Referral,CMP119,Canada,Toronto,Mobile,Free,Male,45-54
U03102,2024-12-13,Organic,CMP102,Canada,Vancouver,Desktop,Basic,Female,18-24
U03103,2024-12-09,Facebook,CMP115,Canada,Vancouver,Tablet,Basic,Female,18-24
U03104,2024-11-17,LinkedIn,CMP116,Germany,Munich,Desktop,Free,Male,18-24
U03105,2024-08-19,Google Ads,CMP115,Australia,Sydney,Desktop,Premium,Male,35-44
U03106,2024-09-09,Organic,CMP118,Canada,Vancouver,Desktop,Premium,Female,25-34
U03107,2024-07-26,Google Ads,CMP117,Canada,Vancouver,Tablet,Premium,Female,45-54
U03108,2024-04-15,Organic,CMP105,Canada,Toronto,Tablet,Basic,Female,18-24
U03109,2024-03-18,Referral,CMP113,USA,Seattle,Mobile,Free,Male,18-24
U03110,2024-11-19,Black Friday,CMP103,UK,London,Mobile,Premium,Female,18-24
U03111,2024-09-18,Organic,CMP116,USA,New York,Desktop,Basic,Male,18-24
U03112,2024-01-25,Referral,CMP105,Germany,Berlin,Desktop,Free,Male,45-54
U03113,2024-10-10,Google Ads,CMP108,Canada,Vancouver,Tablet,Premium,Female,35-44
U03114,2024-11-07,Organic,CMP108,Germany,Munich,Mobile,Basic,Female,35-44
U03115,2024-08-23,Referral,CMP114,Canada,Toronto,Mobile,Basic,Female,45-54
U03116,2024-01-07,LinkedIn,CMP108,Germany,Berlin,Mobile,Premium,Male,18-24
U03117,2024-06-14,Facebook,CMP102,UK,Manchester,Desktop,Premium,Male,35-44
U03118,2024-03-06,Organic,CMP117,Australia,Melbourne,Tablet,Premium,Male,35-44
U03119,2024-12-29,Facebook,CMP102,UK,Manchester,Desktop,Premium,Male,18-24
U03120,2024-02-09,Organic,CMP110,UK,Manchester,Mobile,Premium,Male,25-34
U03121,2024-04-26,Facebook,CMP102,Australia,Sydney,Desktop,Premium,Female,18-24
U03122,2024-06-15,LinkedIn,CMP118,Australia,Sydney,Tablet,Free,Female,45-54
U03123,2024-11-12,Referral,CMP102,Germany,Berlin,Mobile,Premium,Female,35-44
U03124,2024-07-01,Referral,CMP110,Germany,Munich,Desktop,Basic,Female,18-24
U03125,2024-04-28,Black Friday,CMP114,Germany,Munich,Mobile,Free,Female,25-34
U03126,2024-03-09,Facebook,CMP116,Canada,Toronto,Desktop,Premium,Male,18-24
U03127,2024-06-30,LinkedIn,CMP112,Canada,Vancouver,Tablet,Free,Male,45-54
U03128,2024-04-29,Referral,CMP113,India,Bengaluru,Tablet,Free,Male,25-34
U03129,2024-10-16,Facebook,CMP118,India,Coimbatore,Tablet,Premium,Female,25-34
U03130,2024-04-26,Google Ads,CMP110,USA,New York,Desktop,Premium,Female,18-24
U03131,2024-10-08,Black Friday,CMP109,UK,London,Tablet,Basic,Female,18-24
U03132,2024-08-26,Facebook,CMP110,USA,Austin,Desktop,Premium,Female,45-54
U03133,2024-03-31,Organic,CMP112,Australia,Melbourne,Tablet,Basic,Male,45-54
U03134,2024-05-17,Referral,CMP104,Australia,Melbourne,Mobile,Basic,Male,35-44
U03135,2024-01-07,Google Ads,CMP103,USA,Seattle,Tablet,Free,Female,18-24
U03136,2024-11-26,Organic,CMP108,UK,Manchester,Desktop,Premium,Female,45-54
U03137,2024-12-23,Black Friday,CMP119,India,Coimbatore,Tablet,Free,Female,45-54
U03138,2024-05-27,Black Friday,CMP105,India,Bengaluru,Tablet,Free,Female,35-44
U03139,2024-12-06,Google Ads,CMP107,Australia,Sydney,Mobile,Basic,Female,18-24
U03140,2024-10-21,Black Friday,CMP119,Australia,Melbourne,Tablet,Free,Male,25-34
U03141,2024-07-31,LinkedIn,CMP115,Germany,Berlin,Tablet,Premium,Female,45-54
U03142,2024-07-30,Organic,CMP101,Germany,Berlin,Desktop,Premium,Female,25-34
U03143,2024-05-22,Organic,CMP105,USA,New York,Mobile,Premium,Male,35-44
U03144,2024-11-10,Referral,CMP102,Canada,Toronto,Mobile,Premium,Female,45-54
U03145,2024-10-10,LinkedIn,CMP116,USA,Austin,Tablet,Premium,Male,18-24
U03146,2024-08-30,Referral,CMP103,Germany,Munich,Mobile,Premium,Female,35-44
U03147,2024-07-25,Facebook,CMP110,India,Chennai,Tablet,Free,Male,25-34
U03148,2024-06-28,LinkedIn,CMP110,India,Coimbatore,Desktop,Basic,Female,25-34
U03149,2024-07-11,Organic,CMP118,India,Coimbatore,Mobile,Basic,Male,45-54
U03150,2024-04-21,Referral,CMP119,India,Coimbatore,Tablet,Premium,Female,35-44
U03151,2024-07-01,Google Ads,CMP106,Canada,Vancouver,Tablet,Basic,Female,35-44
U03152,2024-02-17,Referral,CMP102,UK,London,Mobile,Premium,Female,18-24
U03153,2024-04-01,Facebook,CMP111,Australia,Sydney,Tablet,Premium,Male,35-44
U03154,2024-05-27,Facebook,CMP118,Australia,Melbourne,Desktop,Free,Male,25-34
U03155,2024-10-20,Facebook,CMP116,India,Chennai,Mobile,Free,Female,35-44
U03156,2024-05-21,Black Friday,CMP103,Germany,Munich,Tablet,Basic,Female,25-34
U03157,2024-03-17,Organic,CMP104,UK,Manchester,Tablet,Premium,Female,45-54
U03158,2024-10-28,Google Ads,CMP103,UK,London,Tablet,Free,Female,18-24
U03159,2024-10-25,Facebook,CMP108,UK,Manchester,Desktop,Premium,Female,45-54
U03160,2024-02-18,Google Ads,CMP102,Canada,Vancouver,Tablet,Free,Male,18-24
U03161,2024-12-22,LinkedIn,CMP108,Canada,Toronto,Desktop,Free,Male,35-44
U03162,2024-02-17,Facebook,CMP108,India,Coimbatore,Desktop,Premium,Female,25-34
U03163,2024-11-19,Organic,CMP116,India,Bengaluru,Mobile,Premium,Female,18-24
U03164,2024-01-24,Black Friday,CMP113,Canada,Vancouver,Desktop,Basic,Male,35-44
U03165,2024-08-20,LinkedIn,CMP118,India,Bengaluru,Mobile,Free,Female,25-34
U03166,2024-05-05,Organic,CMP112,Australia,Melbourne,Mobile,Premium,Male,18-24
U03167,2024-07-25,Organic,CMP106,India,Chennai,Mobile,Free,Female,35-44
U03168,2024-11-27,Facebook,CMP101,Australia,Melbourne,Mobile,Free,Female,18-24
U03169,2024-02-19,Google Ads,CMP101,UK,Manchester,Desktop,Basic,Male,18-24
U03170,2024-06-10,Facebook,CMP111,India,Bengaluru,Tablet,Premium,Male,18-24
U03171,2024-02-18,LinkedIn,CMP108,Germany,Berlin,Tablet,Premium,Male,25-34
U03172,2024-03-10,Facebook,CMP102,USA,New York,Desktop,Free,Male,25-34
U03173,2024-12-06,Organic,CMP112,USA,Austin,Mobile,Premium,Male,18-24
U03174,2024-12-05,Referral,CMP102,Australia,Sydney,Mobile,Free,Female,35-44
U03175,2024-04-17,Referral,CMP104,USA,New York,Mobile,Premium,Male,35-44
U03176,2024-04-02,LinkedIn,CMP104,Canada,Toronto,Mobile,Free,Female,35-44
U03177,2024-07-29,Facebook,CMP111,Australia,Sydney,Mobile,Basic,Male,45-54
U03178,2024-06-01,Referral,CMP115,UK,Manchester,Mobile,Free,Female,45-54
U03179,2024-08-07,Facebook,CMP106,USA,Seattle,Mobile,Premium,Female,25-34
U03180,2024-08-11,Black Friday,CMP116,Germany,Berlin,Desktop,Premium,Female,25-34
U03181,2024-11-14,Google Ads,CMP112,Germany,Munich,Mobile,Basic,Male,45-54
U03182,2024-07-25,Facebook,CMP119,UK,London,Desktop,Basic,Female,25-34
U03183,2024-07-08,Black Friday,CMP117,USA,New York,Tablet,Basic,Female,35-44
U03184,2024-02-23,LinkedIn,CMP112,UK,London,Mobile,Basic,Female,25-34
U03185,2024-05-27,Facebook,CMP113,Germany,Munich,Tablet,Basic,Male,35-44
U03186,2024-04-16,Referral,CMP114,Canada,Toronto,Tablet,Premium,Female,25-34
U03187,2024-03-19,Google Ads,CMP113,UK,Manchester,Tablet,Free,Female,18-24
U03188,2024-06-22,Organic,CMP106,Germany,Munich,Tablet,Premium,Female,25-34
U03189,2024-11-16,Google Ads,CMP111,Canada,Vancouver,Mobile,Premium,Female,45-54
U03190,2024-10-07,Referral,CMP114,UK,London,Tablet,Premium,Male,45-54
U03191,2024-02-21,Black Friday,CMP118,Germany,Berlin,Desktop,Premium,Female,25-34
U03192,2024-11-11,Referral,CMP103,Canada,Vancouver,Mobile,Basic,Male,18-24
U03193,2024-02-21,Referral,CMP107,Germany,Munich,Mobile,Free,Male,18-24
U03194,2024-09-11,LinkedIn,CMP105,USA,Austin,Mobile,Basic,Male,18-24
U03195,2024-02-18,Referral,CMP120,UK,Manchester,Desktop,Premium,Male,25-34
U03196,2024-07-16,Facebook,CMP119,Australia,Sydney,Mobile,Free,Male,35-44
U03197,2024-07-22,Referral,CMP110,USA,Austin,Desktop,Free,Female,35-44
U03198,2024-03-14,Referral,CMP106,Australia,Melbourne,Tablet,Basic,Female,45-54
U03199,2024-04-15,Referral,CMP104,USA,Austin,Mobile,Premium,Female,18-24
U03200,2024-04-20,Referral,CMP109,Germany,Berlin,Tablet,Free,Male,45-54
U03201,2024-12-25,Black Friday,CMP110,Germany,Munich,Mobile,Premium,Female,45-54
U03202,2024-12-10,LinkedIn,CMP118,India,Chennai,Mobile,Basic,Male,18-24
U03203,2024-01-17,LinkedIn,CMP104,India,Chennai,Desktop,Premium,Male,18-24
U03204,2024-07-24,Google Ads,CMP119,Australia,Melbourne,Tablet,Premium,Male,18-24
U03205,2024-04-09,Google Ads,CMP109,USA,Austin,Mobile,Basic,Female,45-54
U03206,2024-12-02,Black Friday,CMP109,USA,Seattle,Mobile,Basic,Male,35-44
U03207,2024-02-15,Organic,CMP103,Australia,Melbourne,Desktop,Premium,Male,18-24
U03208,2024-02-07,Referral,CMP103,UK,London,Desktop,Free,Female,18-24
U03209,2024-01-13,Facebook,CMP106,India,Chennai,Mobile,Premium,Female,45-54
U03210,2024-03-01,Referral,CMP102,Germany,Berlin,Tablet,Premium,Male,25-34
U03211,2024-05-29,Organic,CMP107,USA,Austin,Tablet,Premium,Female,35-44
U03212,2024-10-10,Google Ads,CMP102,UK,London,Desktop,Free,Male,45-54
U03213,2024-02-01,LinkedIn,CMP119,Australia,Sydney,Desktop,Premium,Male,25-34
U03214,2024-10-05,Organic,CMP103,Germany,Munich,Desktop,Free,Male,45-54
U03215,2024-02-29,Google Ads,CMP104,USA,Seattle,Tablet,Basic,Male,25-34
U03216,2024-06-04,Black Friday,CMP101,Germany,Berlin,Tablet,Premium,Male,35-44
U03217,2024-02-17,Google Ads,CMP118,India,Coimbatore,Tablet,Basic,Female,25-34
U03218,2024-09-05,Organic,CMP120,Australia,Sydney,Desktop,Basic,Female,45-54
U03219,2024-07-13,LinkedIn,CMP107,UK,London,Mobile,Premium,Male,18-24
U03220,2024-11-22,Facebook,CMP120,Germany,Berlin,Tablet,Basic,Male,35-44
U03221,2024-03-27,Black Friday,CMP105,USA,New York,Desktop,Basic,Male,18-24
U03222,2024-12-29,Organic,CMP111,USA,New York,Desktop,Free,Female,45-54
U03223,2024-12-04,LinkedIn,CMP103,USA,Austin,Tablet,Basic,Female,35-44
U03224,2024-03-26,Google Ads,CMP116,UK,Manchester,Mobile,Free,Male,35-44
U03225,2024-05-24,Black Friday,CMP103,Germany,Munich,Tablet,Premium,Female,35-44
U03226,2024-08-06,Referral,CMP110,Germany,Berlin,Mobile,Free,Female,18-24
U03227,2024-10-29,Black Friday,CMP111,Australia,Melbourne,Desktop,Basic,Female,25-34
U03228,2024-07-06,Referral,CMP110,UK,London,Mobile,Basic,Male,45-54
U03229,2024-03-20,LinkedIn,CMP105,Germany,Munich,Desktop,Basic,Male,35-44
U03230,2024-07-14,LinkedIn,CMP101,India,Bengaluru,Mobile,Free,Female,35-44
U03231,2024-02-26,Organic,CMP113,USA,Seattle,Tablet,Basic,Male,35-44
U03232,2024-01-21,Referral,CMP115,Australia,Sydney,Mobile,Free,Female,45-54
U03233,2024-10-04,Organic,CMP109,Canada,Toronto,Desktop,Free,Male,18-24
U03234,2024-08-29,Google Ads,CMP107,Germany,Berlin,Mobile,Basic,Male,25-34
U03235,2024-04-27,Referral,CMP105,USA,New York,Mobile,Premium,Male,35-44
U03236,2024-01-07,Facebook,CMP116,Canada,Vancouver,Mobile,Premium,Male,35-44
U03237,2024-11-06,Referral,CMP110,Canada,Toronto,Mobile,Basic,Male,18-24
U03238,2024-10-10,LinkedIn,CMP120,UK,London,Mobile,Basic,Male,18-24
U03239,2024-05-06,Black Friday,CMP101,UK,Manchester,Mobile,Basic,Female,25-34
U03240,2024-03-25,Referral,CMP119,Australia,Sydney,Mobile,Basic,Female,18-24
U03241,2024-11-23,Black Friday,CMP112,Australia,Melbourne,Tablet,Free,Female,25-34
U03242,2024-01-15,Referral,CMP101,USA,New York,Mobile,Basic,Male,35-44
U03243,2024-12-30,Google Ads,CMP110,UK,London,Tablet,Basic,Male,18-24
U03244,2024-12-01,Facebook,CMP116,UK,Manchester,Desktop,Basic,Male,18-24
U03245,2024-03-30,Black Friday,CMP117,India,Bengaluru,Tablet,Premium,Male,18-24
U03246,2024-07-16,Facebook,CMP116,USA,Seattle,Tablet,Premium,Male,25-34
U03247,2024-08-25,Referral,CMP104,Canada,Toronto,Mobile,Free,Female,35-44
U03248,2024-05-02,LinkedIn,CMP120,Australia,Sydney,Desktop,Basic,Female,35-44
U03249,2024-09-09,Referral,CMP119,UK,Manchester,Tablet,Free,Female,25-34
U03250,2024-10-21,Organic,CMP114,Australia,Melbourne,Tablet,Premium,Male,35-44
U03251,2024-07-02,Referral,CMP120,USA,Seattle,Desktop,Free,Female,18-24
U03252,2024-01-25,Facebook,CMP114,Germany,Munich,Mobile,Free,Female,35-44
U03253,2024-07-09,Organic,CMP103,Germany,Munich,Desktop,Free,Female,45-54
U03254,2024-02-17,LinkedIn,CMP118,USA,New York,Desktop,Premium,Male,25-34
U03255,2024-07-02,Black Friday,CMP101,USA,Seattle,Desktop,Free,Female,45-54
U03256,2024-11-11,Google Ads,CMP120,Canada,Vancouver,Desktop,Basic,Female,45-54
U03257,2024-09-12,Facebook,CMP101,USA,Seattle,Desktop,Premium,Male,25-34
U03258,2024-03-13,Google Ads,CMP107,UK,Manchester,Tablet,Free,Male,35-44
U03259,2024-02-10,Black Friday,CMP105,Germany,Munich,Mobile,Premium,Female,35-44
U03260,2024-05-06,Referral,CMP104,Germany,Munich,Tablet,Basic,Female,45-54
U03261,2024-05-24,Organic,CMP113,Canada,Toronto,Desktop,Premium,Female,18-24
U03262,2024-03-24,Google Ads,CMP112,UK,Manchester,Mobile,Free,Male,25-34
U03263,2024-12-02,Referral,CMP111,USA,Seattle,Tablet,Basic,Female,25-34
U03264,2024-04-23,Facebook,CMP118,India,Chennai,Tablet,Basic,Male,18-24
U03265,2024-05-23,Google Ads,CMP120,India,Coimbatore,Desktop,Free,Male,45-54
U03266,2024-03-21,LinkedIn,CMP110,India,Chennai,Tablet,Free,Male,18-24
U03267,2024-06-03,LinkedIn,CMP115,India,Bengaluru,Mobile,Free,Female,25-34
U03268,2024-10-29,LinkedIn,CMP113,USA,Seattle,Mobile,Basic,Male,45-54
U03269,2024-04-23,Facebook,CMP102,USA,New York,Mobile,Free,Male,18-24
U03270,2024-06-03,Facebook,CMP101,Canada,Toronto,Mobile,Free,Female,18-24
U03271,2024-12-09,Organic,CMP104,Canada,Toronto,Tablet,Free,Male,35-44
U03272,2024-11-12,LinkedIn,CMP120,USA,Austin,Mobile,Premium,Male,18-24
U03273,2024-01-30,Organic,CMP106,Australia,Melbourne,Desktop,Free,Female,25-34
U03274,2024-04-04,LinkedIn,CMP109,UK,Manchester,Mobile,Premium,Female,35-44
U03275,2024-11-03,Organic,CMP115,UK,London,Mobile,Free,Female,35-44
U03276,2024-04-21,Black Friday,CMP108,USA,New York,Desktop,Premium,Female,45-54
U03277,2024-09-30,Facebook,CMP111,India,Coimbatore,Desktop,Basic,Female,25-34
U03278,2024-08-15,Black Friday,CMP104,India,Bengaluru,Desktop,Basic,Male,18-24
U03279,2024-02-11,LinkedIn,CMP116,Australia,Melbourne,Desktop,Premium,Female,35-44
U03280,2024-01-30,Google Ads,CMP116,UK,Manchester,Mobile,Free,Male,25-34
U03281,2024-10-10,Black Friday,CMP111,India,Coimbatore,Tablet,Free,Female,18-24
U03282,2024-11-15,Google Ads,CMP105,India,Chennai,Mobile,Premium,Male,45-54
U03283,2024-09-01,Referral,CMP115,Australia,Sydney,Desktop,Premium,Female,45-54
U03284,2024-04-14,Google Ads,CMP105,UK,London,Mobile,Premium,Female,18-24
U03285,2024-10-03,Referral,CMP105,UK,London,Mobile,Basic,Female,35-44
U03286,2024-07-31,LinkedIn,CMP103,USA,New York,Desktop,Free,Female,25-34
U03287,2024-01-12,Organic,CMP108,India,Coimbatore,Desktop,Free,Male,25-34
U03288,2024-12-25,Organic,CMP107,Australia,Sydney,Desktop,Basic,Female,45-54
U03289,2024-07-13,Google Ads,CMP105,Canada,Vancouver,Tablet,Premium,Female,18-24
U03290,2024-09-08,Referral,CMP107,Australia,Melbourne,Desktop,Basic,Male,35-44
U03291,2024-04-17,Google Ads,CMP102,Canada,Toronto,Mobile,Basic,Male,45-54
U03292,2024-06-29,Black Friday,CMP114,USA,Austin,Desktop,Free,Female,45-54
U03293,2024-04-22,Organic,CMP105,UK,Manchester,Mobile,Basic,Female,35-44
U03294,2024-04-22,LinkedIn,CMP112,USA,Seattle,Desktop,Basic,Female,45-54
U03295,2024-07-29,Referral,CMP115,UK,Manchester,Tablet,Basic,Male,25-34
U03296,2024-05-22,Facebook,CMP112,Canada,Toronto,Mobile,Basic,Female,25-34
U03297,2024-06-10,LinkedIn,CMP119,India,Chennai,Tablet,Basic,Female,45-54
U03298,2024-09-30,Organic,CMP105,UK,London,Desktop,Free,Female,45-54
U03299,2024-12-30,Google Ads,CMP120,Germany,Berlin,Tablet,Basic,Male,45-54
U03300,2024-10-26,Facebook,CMP109,USA,New York,Mobile,Free,Male,35-44
U03301,2024-08-11,Facebook,CMP101,Australia,Sydney,Mobile,Free,Female,45-54
U03302,2024-08-24,Black Friday,CMP101,Canada,Vancouver,Desktop,Basic,Female,25-34
U03303,2024-07-10,Referral,CMP110,India,Bengaluru,Tablet,Free,Female,18-24
U03304,2024-04-14,Black Friday,CMP120,USA,Seattle,Mobile,Free,Female,45-54
U03305,2024-10-11,Google Ads,CMP108,Australia,Sydney,Desktop,Premium,Male,18-24
U03306,2024-10-17,Black Friday,CMP109,Australia,Melbourne,Mobile,Premium,Female,45-54
U03307,2024-07-23,LinkedIn,CMP101,Australia,Melbourne,Mobile,Basic,Male,25-34
U03308,2024-09-23,Google Ads,CMP101,Germany,Berlin,Mobile,Free,Male,18-24
U03309,2024-01-26,Black Friday,CMP117,Australia,Melbourne,Tablet,Basic,Male,45-54
U03310,2024-05-09,Google Ads,CMP107,Canada,Toronto,Desktop,Basic,Female,18-24
U03311,2024-09-17,Black Friday,CMP118,USA,Seattle,Desktop,Basic,Male,25-34
U03312,2024-07-14,Facebook,CMP109,India,Bengaluru,Desktop,Basic,Male,18-24
U03313,2024-10-14,LinkedIn,CMP109,UK,London,Mobile,Free,Male,35-44
U03314,2024-11-14,Organic,CMP119,UK,London,Desktop,Free,Male,18-24
U03315,2024-02-25,Facebook,CMP113,UK,London,Desktop,Basic,Male,18-24
U03316,2024-04-20,Black Friday,CMP117,Canada,Toronto,Desktop,Basic,Male,18-24
U03317,2024-05-24,Facebook,CMP108,India,Chennai,Desktop,Basic,Female,35-44
U03318,2024-02-08,Google Ads,CMP111,Australia,Sydney,Tablet,Premium,Male,35-44
U03319,2024-09-20,Google Ads,CMP116,Australia,Melbourne,Desktop,Basic,Female,18-24
U03320,2024-04-10,Referral,CMP101,India,Chennai,Desktop,Premium,Female,45-54
U03321,2024-05-24,Organic,CMP116,Germany,Munich,Tablet,Basic,Male,18-24
U03322,2024-11-07,Google Ads,CMP115,India,Bengaluru,Mobile,Basic,Male,45-54
U03323,2024-12-25,LinkedIn,CMP103,India,Chennai,Desktop,Premium,Female,45-54
U03324,2024-09-21,Organic,CMP103,Germany,Munich,Desktop,Basic,Female,25-34
U03325,2024-12-05,Google Ads,CMP114,USA,New York,Desktop,Free,Female,18-24
U03326,2024-06-19,Google Ads,CMP112,Canada,Toronto,Desktop,Basic,Male,35-44
U03327,2024-08-04,LinkedIn,CMP105,UK,Manchester,Mobile,Basic,Male,25-34
U03328,2024-10-23,Referral,CMP117,Australia,Sydney,Desktop,Free,Female,45-54
U03329,2024-12-03,Organic,CMP115,USA,Seattle,Desktop,Basic,Male,18-24
U03330,2024-12-14,Referral,CMP109,UK,Manchester,Desktop,Premium,Female,25-34
U03331,2024-01-03,Organic,CMP105,USA,Seattle,Desktop,Free,Male,45-54
U03332,2024-04-01,LinkedIn,CMP114,Germany,Berlin,Desktop,Basic,Male,35-44
U03333,2024-12-29,Google Ads,CMP111,India,Chennai,Tablet,Basic,Female,45-54
U03334,2024-02-24,Organic,CMP118,USA,Austin,Mobile,Free,Female,25-34
U03335,2024-01-05,LinkedIn,CMP108,Australia,Sydney,Desktop,Basic,Female,45-54
U03336,2024-02-29,Referral,CMP110,India,Chennai,Desktop,Free,Female,45-54
U03337,2024-04-11,Referral,CMP102,India,Chennai,Desktop,Free,Male,18-24
U03338,2024-01-25,Black Friday,CMP109,USA,New York,Mobile,Basic,Female,45-54
U03339,2024-04-20,Organic,CMP112,Australia,Melbourne,Tablet,Premium,Female,45-54
U03340,2024-02-18,Black Friday,CMP114,Canada,Toronto,Tablet,Premium,Female,18-24
U03341,2024-07-11,Black Friday,CMP120,UK,Manchester,Desktop,Basic,Female,45-54
U03342,2024-07-27,Organic,CMP120,UK,Manchester,Tablet,Free,Male,35-44
U03343,2024-05-16,Organic,CMP120,India,Bengaluru,Desktop,Free,Male,35-44
U03344,2024-03-11,LinkedIn,CMP112,Australia,Sydney,Desktop,Premium,Male,25-34
U03345,2024-03-06,Referral,CMP103,India,Coimbatore,Mobile,Premium,Male,45-54
U03346,2024-01-11,Black Friday,CMP110,UK,Manchester,Tablet,Free,Female,18-24
U03347,2024-02-28,LinkedIn,CMP119,UK,London,Mobile,Basic,Male,18-24
U03348,2024-01-23,LinkedIn,CMP105,India,Coimbatore,Mobile,Free,Male,25-34
U03349,2024-07-24,Referral,CMP119,UK,London,Tablet,Basic,Female,35-44
U03350,2024-11-02,Referral,CMP107,Germany,Berlin,Desktop,Basic,Male,35-44
U03351,2024-09-08,Referral,CMP106,India,Chennai,Desktop,Premium,Female,45-54
U03352,2024-10-18,Facebook,CMP113,India,Chennai,Tablet,Premium,Female,45-54
U03353,2024-05-25,Google Ads,CMP105,Australia,Sydney,Mobile,Free,Female,25-34
U03354,2024-12-02,LinkedIn,CMP112,Germany,Berlin,Tablet,Free,Female,45-54
U03355,2024-10-02,Facebook,CMP119,UK,London,Tablet,Basic,Male,35-44
U03356,2024-01-02,Organic,CMP105,India,Chennai,Tablet,Basic,Male,18-24
U03357,2024-06-04,Black Friday,CMP113,Australia,Sydney,Desktop,Free,Male,35-44
U03358,2024-05-23,Google Ads,CMP116,USA,New York,Desktop,Premium,Male,18-24
U03359,2024-11-26,Black Friday,CMP107,Australia,Sydney,Desktop,Basic,Male,45-54
U03360,2024-11-02,Google Ads,CMP101,Australia,Sydney,Mobile,Free,Male,18-24
U03361,2024-09-26,Referral,CMP108,Canada,Toronto,Tablet,Basic,Male,18-24
U03362,2024-06-07,Organic,CMP106,Canada,Toronto,Desktop,Premium,Female,18-24
U03363,2024-06-20,Referral,CMP106,Canada,Toronto,Tablet,Premium,Male,18-24
U03364,2024-05-14,Google Ads,CMP115,Australia,Melbourne,Desktop,Free,Male,45-54
U03365,2024-07-20,Referral,CMP101,USA,Seattle,Mobile,Free,Male,45-54
U03366,2024-09-23,Facebook,CMP119,India,Coimbatore,Desktop,Premium,Female,45-54
U03367,2024-01-02,Black Friday,CMP108,UK,London,Mobile,Free,Female,25-34
U03368,2024-12-11,Google Ads,CMP101,Australia,Melbourne,Desktop,Free,Female,35-44
U03369,2024-03-12,Referral,CMP119,India,Chennai,Tablet,Basic,Male,45-54
U03370,2024-11-06,LinkedIn,CMP114,USA,Seattle,Desktop,Premium,Male,18-24
U03371,2024-07-26,LinkedIn,CMP116,Germany,Berlin,Tablet,Basic,Female,45-54
U03372,2024-03-05,Referral,CMP118,Australia,Sydney,Desktop,Free,Female,35-44
U03373,2024-01-13,Black Friday,CMP113,India,Bengaluru,Mobile,Basic,Female,25-34
U03374,2024-10-30,Google Ads,CMP114,USA,Austin,Desktop,Basic,Male,25-34
U03375,2024-08-17,LinkedIn,CMP103,Australia,Melbourne,Desktop,Free,Male,18-24
U03376,2024-08-25,Referral,CMP119,UK,London,Desktop,Premium,Male,25-34
U03377,2024-06-14,Referral,CMP116,UK,Manchester,Desktop,Free,Female,35-44
U03378,2024-11-04,LinkedIn,CMP110,Germany,Berlin,Tablet,Free,Female,18-24
U03379,2024-06-11,Organic,CMP110,India,Chennai,Desktop,Free,Female,35-44
U03380,2024-09-04,Referral,CMP107,Canada,Toronto,Mobile,Premium,Female,45-54
U03381,2024-06-28,Referral,CMP118,India,Coimbatore,Mobile,Premium,Male,35-44
U03382,2024-09-26,Organic,CMP102,Germany,Munich,Mobile,Free,Male,35-44
U03383,2024-05-18,Black Friday,CMP106,Canada,Vancouver,Tablet,Basic,Female,45-54
U03384,2024-01-26,Google Ads,CMP101,Australia,Sydney,Tablet,Free,Male,18-24
U03385,2024-02-22,Google Ads,CMP111,Australia,Sydney,Mobile,Premium,Female,18-24
U03386,2024-09-09,Google Ads,CMP119,UK,London,Desktop,Premium,Female,25-34
U03387,2024-04-02,Google Ads,CMP107,USA,Austin,Tablet,Free,Male,18-24
U03388,2024-07-15,Organic,CMP101,USA,Austin,Tablet,Free,Male,25-34
U03389,2024-05-13,LinkedIn,CMP114,USA,New York,Desktop,Premium,Female,35-44
U03390,2024-05-02,Black Friday,CMP110,Germany,Berlin,Tablet,Basic,Female,18-24
U03391,2024-11-24,Facebook,CMP113,UK,Manchester,Desktop,Premium,Female,35-44
U03392,2024-01-26,LinkedIn,CMP118,Australia,Melbourne,Mobile,Basic,Female,35-44
U03393,2024-07-09,Facebook,CMP111,USA,Seattle,Mobile,Basic,Female,45-54
U03394,2024-10-08,Black Friday,CMP114,Canada,Vancouver,Tablet,Free,Female,25-34
U03395,2024-05-31,Black Friday,CMP108,Canada,Vancouver,Tablet,Premium,Female,25-34
U03396,2024-08-01,Google Ads,CMP114,Germany,Munich,Desktop,Premium,Female,25-34
U03397,2024-03-19,Black Friday,CMP115,India,Coimbatore,Desktop,Premium,Female,18-24
U03398,2024-09-17,Facebook,CMP108,Canada,Toronto,Tablet,Basic,Male,35-44
U03399,2024-06-02,Black Friday,CMP114,USA,Seattle,Tablet,Basic,Male,35-44
U03400,2024-01-13,Facebook,CMP111,Australia,Sydney,Desktop,Premium,Male,25-34
U03401,2024-09-29,LinkedIn,CMP115,UK,London,Tablet,Free,Male,45-54
U03402,2024-04-10,Google Ads,CMP120,UK,London,Tablet,Free,Female,45-54
U03403,2024-04-26,LinkedIn,CMP105,Australia,Melbourne,Desktop,Premium,Female,18-24
U03404,2024-05-03,Organic,CMP103,Canada,Vancouver,Mobile,Basic,Female,18-24
U03405,2024-06-30,Black Friday,CMP105,India,Bengaluru,Tablet,Premium,Male,35-44
U03406,2024-06-24,Black Friday,CMP106,India,Bengaluru,Mobile,Basic,Male,35-44
U03407,2024-04-26,Google Ads,CMP115,India,Bengaluru,Desktop,Premium,Male,25-34
U03408,2024-09-08,Facebook,CMP107,Canada,Toronto,Tablet,Premium,Male,18-24
U03409,2024-03-13,Black Friday,CMP112,USA,Seattle,Mobile,Basic,Male,45-54
U03410,2024-07-02,LinkedIn,CMP109,USA,New York,Tablet,Basic,Female,25-34
U03411,2024-12-07,Organic,CMP102,UK,Manchester,Desktop,Free,Male,35-44
U03412,2024-06-27,Facebook,CMP103,UK,Manchester,Tablet,Basic,Male,18-24
U03413,2024-10-26,Facebook,CMP104,USA,New York,Desktop,Premium,Female,35-44
U03414,2024-07-02,Black Friday,CMP108,UK,Manchester,Tablet,Free,Female,25-34
U03415,2024-08-30,Referral,CMP104,USA,Austin,Desktop,Free,Male,45-54
U03416,2024-05-08,Organic,CMP105,Germany,Berlin,Tablet,Basic,Female,35-44
U03417,2024-08-04,Black Friday,CMP106,Australia,Melbourne,Desktop,Free,Male,45-54
U03418,2024-01-15,Facebook,CMP117,Canada,Toronto,Tablet,Premium,Female,45-54
U03419,2024-03-22,Referral,CMP120,India,Chennai,Desktop,Premium,Male,18-24
U03420,2024-11-04,Google Ads,CMP101,Germany,Berlin,Tablet,Premium,Female,18-24
U03421,2024-08-11,LinkedIn,CMP102,Australia,Melbourne,Desktop,Free,Female,25-34
U03422,2024-03-05,Black Friday,CMP114,Australia,Melbourne,Mobile,Premium,Male,25-34
U03423,2024-04-20,Google Ads,CMP117,UK,London,Desktop,Premium,Female,18-24
U03424,2024-12-02,Black Friday,CMP105,UK,London,Mobile,Basic,Male,45-54
U03425,2024-06-01,Organic,CMP105,UK,London,Tablet,Free,Male,25-34
U03426,2024-05-10,LinkedIn,CMP112,USA,Austin,Desktop,Basic,Female,25-34
U03427,2024-11-06,Organic,CMP104,Canada,Vancouver,Desktop,Premium,Male,35-44
U03428,2024-11-17,Google Ads,CMP103,UK,London,Tablet,Basic,Male,45-54
U03429,2024-11-10,Google Ads,CMP103,UK,London,Tablet,Premium,Male,45-54
U03430,2024-09-04,Black Friday,CMP104,India,Coimbatore,Mobile,Basic,Male,18-24
U03431,2024-12-10,Referral,CMP105,Germany,Munich,Desktop,Free,Female,25-34
U03432,2024-03-23,Organic,CMP114,Canada,Toronto,Tablet,Premium,Male,18-24
U03433,2024-09-14,Google Ads,CMP120,Germany,Berlin,Mobile,Free,Male,45-54
U03434,2024-10-17,Facebook,CMP115,India,Chennai,Tablet,Basic,Female,45-54
U03435,2024-02-28,Facebook,CMP105,India,Bengaluru,Tablet,Premium,Female,45-54
U03436,2024-01-01,Black Friday,CMP110,Germany,Munich,Tablet,Premium,Male,35-44
U03437,2024-04-10,Facebook,CMP109,India,Coimbatore,Mobile,Free,Male,18-24
U03438,2024-03-08,LinkedIn,CMP117,Australia,Sydney,Tablet,Basic,Male,25-34
U03439,2024-06-07,Facebook,CMP102,Australia,Sydney,Tablet,Basic,Female,45-54
U03440,2024-07-22,Google Ads,CMP102,India,Coimbatore,Mobile,Premium,Male,35-44
U03441,2024-07-27,Black Friday,CMP115,Australia,Melbourne,Desktop,Premium,Male,25-34
U03442,2024-05-02,Referral,CMP117,Germany,Berlin,Mobile,Free,Male,25-34
U03443,2024-08-16,Organic,CMP102,USA,Austin,Mobile,Free,Male,35-44
U03444,2024-07-11,Organic,CMP118,India,Coimbatore,Mobile,Free,Male,18-24
U03445,2024-04-30,Black Friday,CMP118,Canada,Toronto,Desktop,Free,Male,18-24
U03446,2024-10-08,Google Ads,CMP103,Australia,Melbourne,Tablet,Free,Female,25-34
U03447,2024-07-31,Google Ads,CMP118,India,Bengaluru,Tablet,Premium,Male,45-54
U03448,2024-05-05,LinkedIn,CMP120,Australia,Sydney,Desktop,Premium,Female,45-54
U03449,2024-08-07,Google Ads,CMP102,Germany,Berlin,Mobile,Basic,Male,18-24
U03450,2024-05-11,Black Friday,CMP104,Australia,Sydney,Desktop,Free,Female,18-24
U03451,2024-08-10,Facebook,CMP118,USA,Austin,Mobile,Premium,Female,18-24
U03452,2024-04-02,LinkedIn,CMP101,USA,Seattle,Desktop,Free,Male,18-24
U03453,2024-11-14,Black Friday,CMP110,UK,Manchester,Desktop,Basic,Female,45-54
U03454,2024-03-13,LinkedIn,CMP112,Canada,Vancouver,Desktop,Free,Male,45-54
U03455,2024-08-07,Organic,CMP108,Germany,Munich,Desktop,Premium,Male,45-54
U03456,2024-03-13,Google Ads,CMP119,Germany,Munich,Desktop,Free,Male,45-54
U03457,2024-07-14,Referral,CMP108,Germany,Berlin,Desktop,Basic,Female,25-34
U03458,2024-08-22,Google Ads,CMP118,India,Bengaluru,Desktop,Premium,Female,18-24
U03459,2024-03-25,Google Ads,CMP107,Australia,Melbourne,Tablet,Basic,Male,35-44
U03460,2024-06-01,LinkedIn,CMP106,Germany,Munich,Desktop,Free,Male,18-24
U03461,2024-05-31,Organic,CMP103,Australia,Melbourne,Desktop,Free,Female,25-34
U03462,2024-11-16,Organic,CMP112,Australia,Sydney,Desktop,Premium,Male,18-24
U03463,2024-11-03,Referral,CMP114,Germany,Berlin,Desktop,Basic,Female,18-24
U03464,2024-05-08,Facebook,CMP113,Germany,Munich,Tablet,Premium,Female,18-24
U03465,2024-04-20,Referral,CMP118,Germany,Berlin,Mobile,Free,Female,25-34
U03466,2024-09-06,Referral,CMP108,Australia,Melbourne,Tablet,Free,Male,35-44
U03467,2024-10-22,Black Friday,CMP105,USA,Seattle,Tablet,Free,Male,45-54
U03468,2024-01-30,Facebook,CMP120,Germany,Berlin,Desktop,Free,Male,35-44
U03469,2024-01-26,Black Friday,CMP105,Germany,Berlin,Mobile,Premium,Female,25-34
U03470,2024-03-06,Google Ads,CMP109,Canada,Vancouver,Mobile,Premium,Male,18-24
U03471,2024-02-14,Organic,CMP115,Canada,Vancouver,Tablet,Free,Female,35-44
U03472,2024-12-12,Referral,CMP120,Germany,Munich,Tablet,Basic,Female,45-54
U03473,2024-11-15,Organic,CMP111,Canada,Toronto,Mobile,Free,Female,18-24
U03474,2024-02-26,Referral,CMP114,UK,Manchester,Desktop,Basic,Male,18-24
U03475,2024-01-05,Organic,CMP116,Germany,Berlin,Tablet,Premium,Female,45-54
U03476,2024-05-04,LinkedIn,CMP107,India,Chennai,Mobile,Premium,Female,35-44
U03477,2024-06-29,Google Ads,CMP114,Germany,Berlin,Desktop,Premium,Female,45-54
U03478,2024-04-21,Referral,CMP117,Germany,Berlin,Mobile,Premium,Male,18-24
U03479,2024-07-19,Google Ads,CMP102,Canada,Toronto,Mobile,Premium,Male,45-54
U03480,2024-02-09,LinkedIn,CMP112,Germany,Berlin,Tablet,Premium,Male,18-24
U03481,2024-07-18,Black Friday,CMP107,USA,Austin,Mobile,Free,Male,45-54
U03482,2024-11-10,Facebook,CMP109,Canada,Toronto,Mobile,Basic,Male,25-34
U03483,2024-08-31,Google Ads,CMP120,Australia,Melbourne,Tablet,Basic,Female,35-44
U03484,2024-09-14,Facebook,CMP114,USA,New York,Tablet,Premium,Male,25-34
U03485,2024-09-03,Black Friday,CMP107,UK,London,Mobile,Basic,Female,18-24
U03486,2024-08-12,Organic,CMP120,UK,London,Desktop,Premium,Male,35-44
U03487,2024-09-09,Google Ads,CMP104,Germany,Berlin,Tablet,Free,Female,18-24
U03488,2024-03-03,Referral,CMP113,Australia,Sydney,Tablet,Premium,Female,35-44
U03489,2024-05-12,Google Ads,CMP118,India,Coimbatore,Desktop,Free,Male,35-44
U03490,2024-07-18,Organic,CMP120,USA,New York,Mobile,Basic,Female,35-44
U03491,2024-11-14,Black Friday,CMP119,India,Coimbatore,Tablet,Premium,Female,35-44
U03492,2024-10-23,LinkedIn,CMP105,Canada,Vancouver,Tablet,Free,Male,18-24
U03493,2024-08-23,Black Friday,CMP107,Germany,Munich,Tablet,Free,Female,45-54
U03494,2024-09-17,Organic,CMP107,India,Chennai,Tablet,Basic,Male,45-54
U03495,2024-08-19,LinkedIn,CMP105,India,Chennai,Desktop,Premium,Male,35-44
U03496,2024-01-06,Google Ads,CMP110,Australia,Sydney,Tablet,Free,Male,35-44
U03497,2024-02-18,Referral,CMP117,Australia,Sydney,Mobile,Basic,Male,25-34
U03498,2024-04-30,Facebook,CMP110,Germany,Berlin,Mobile,Premium,Male,35-44
U03499,2024-05-28,Google Ads,CMP110,UK,Manchester,Mobile,Premium,Male,25-34
U03500,2024-12-20,Google Ads,CMP112,UK,London,Tablet,Premium,Female,45-54
U03501,2024-07-29,Black Friday,CMP103,UK,London,Tablet,Premium,Female,18-24
U03502,2024-06-21,Facebook,CMP101,Germany,Munich,Mobile,Basic,Female,35-44
U03503,2024-04-08,Referral,CMP120,Canada,Toronto,Mobile,Basic,Male,35-44
U03504,2024-06-08,Google Ads,CMP110,Australia,Melbourne,Mobile,Premium,Male,25-34
U03505,2024-07-16,Black Friday,CMP103,India,Chennai,Tablet,Free,Female,45-54
U03506,2024-06-12,Facebook,CMP106,Canada,Toronto,Mobile,Premium,Male,25-34
U03507,2024-09-02,Black Friday,CMP113,Germany,Munich,Tablet,Premium,Female,25-34
U03508,2024-03-26,Facebook,CMP108,Canada,Toronto,Tablet,Basic,Male,35-44
U03509,2024-02-17,Black Friday,CMP118,India,Chennai,Tablet,Premium,Male,25-34
U03510,2024-06-05,Facebook,CMP105,USA,Austin,Mobile,Basic,Female,25-34
U03511,2024-09-19,Google Ads,CMP109,Australia,Melbourne,Mobile,Free,Female,25-34
U03512,2024-05-01,Google Ads,CMP116,UK,Manchester,Mobile,Premium,Female,45-54
U03513,2024-11-09,Black Friday,CMP102,UK,Manchester,Desktop,Basic,Male,35-44
U03514,2024-05-07,Referral,CMP106,Australia,Melbourne,Tablet,Free,Female,35-44
U03515,2024-01-11,Facebook,CMP107,Germany,Munich,Mobile,Premium,Female,25-34
U03516,2024-10-13,Referral,CMP120,Australia,Melbourne,Tablet,Basic,Female,18-24
U03517,2024-05-07,LinkedIn,CMP120,Canada,Vancouver,Desktop,Basic,Male,35-44
U03518,2024-11-03,LinkedIn,CMP113,India,Coimbatore,Mobile,Basic,Female,18-24
U03519,2024-10-08,Google Ads,CMP101,Canada,Toronto,Tablet,Premium,Female,35-44
U03520,2024-03-10,Referral,CMP115,Canada,Toronto,Desktop,Basic,Female,45-54
U03521,2024-09-21,LinkedIn,CMP115,Germany,Munich,Desktop,Free,Female,18-24
U03522,2024-08-22,Black Friday,CMP101,Australia,Melbourne,Tablet,Free,Male,35-44
U03523,2024-11-14,Organic,CMP103,Germany,Berlin,Mobile,Premium,Female,45-54
U03524,2024-02-22,LinkedIn,CMP116,UK,Manchester,Desktop,Basic,Female,18-24
U03525,2024-11-30,Organic,CMP118,UK,Manchester,Mobile,Premium,Male,45-54
U03526,2024-09-08,Facebook,CMP109,Australia,Sydney,Mobile,Basic,Male,35-44
U03527,2024-11-08,LinkedIn,CMP119,Australia,Melbourne,Mobile,Basic,Female,18-24
U03528,2024-11-26,LinkedIn,CMP114,UK,London,Desktop,Basic,Female,18-24
U03529,2024-03-10,Black Friday,CMP109,Australia,Sydney,Tablet,Basic,Male,45-54
U03530,2024-12-25,Referral,CMP106,Canada,Vancouver,Desktop,Free,Female,18-24
U03531,2024-03-07,Organic,CMP108,UK,Manchester,Tablet,Basic,Female,25-34
U03532,2024-07-11,Referral,CMP103,UK,Manchester,Mobile,Premium,Female,25-34
U03533,2024-07-27,Organic,CMP113,Canada,Toronto,Desktop,Premium,Female,25-34
U03534,2024-01-10,Organic,CMP101,Australia,Sydney,Mobile,Basic,Female,35-44
U03535,2024-02-13,Black Friday,CMP107,Canada,Toronto,Desktop,Premium,Female,25-34
U03536,2024-12-28,LinkedIn,CMP112,Germany,Munich,Desktop,Free,Male,45-54
U03537,2024-06-16,Google Ads,CMP102,Germany,Berlin,Tablet,Basic,Male,35-44
U03538,2024-06-04,Facebook,CMP107,Australia,Melbourne,Desktop,Premium,Female,25-34
U03539,2024-04-29,Referral,CMP103,India,Bengaluru,Mobile,Free,Male,35-44
U03540,2024-08-13,LinkedIn,CMP103,Australia,Melbourne,Tablet,Premium,Male,45-54
U03541,2024-04-22,LinkedIn,CMP110,India,Coimbatore,Desktop,Basic,Female,45-54
U03542,2024-03-29,LinkedIn,CMP105,Australia,Melbourne,Mobile,Basic,Female,35-44
U03543,2024-12-22,Referral,CMP120,India,Bengaluru,Tablet,Basic,Female,35-44
U03544,2024-09-10,Referral,CMP109,UK,Manchester,Tablet,Free,Female,35-44
U03545,2024-03-11,Facebook,CMP107,Canada,Vancouver,Tablet,Basic,Female,18-24
U03546,2024-05-02,LinkedIn,CMP115,Germany,Munich,Tablet,Basic,Female,18-24
U03547,2024-05-15,Organic,CMP116,USA,Austin,Desktop,Basic,Male,35-44
U03548,2024-11-01,Facebook,CMP107,Germany,Munich,Mobile,Free,Female,45-54
U03549,2024-04-16,Google Ads,CMP102,Australia,Sydney,Mobile,Premium,Male,35-44
U03550,2024-01-18,Facebook,CMP113,Germany,Munich,Tablet,Premium,Male,25-34
U03551,2024-05-28,Facebook,CMP111,Australia,Sydney,Tablet,Basic,Female,35-44
U03552,2024-05-05,Google Ads,CMP107,UK,London,Desktop,Basic,Male,18-24
U03553,2024-01-19,LinkedIn,CMP101,UK,London,Mobile,Free,Male,35-44
U03554,2024-10-26,Facebook,CMP114,Australia,Sydney,Mobile,Premium,Female,35-44
U03555,2024-02-11,Referral,CMP104,India,Bengaluru,Desktop,Premium,Male,45-54
U03556,2024-05-21,LinkedIn,CMP103,Germany,Munich,Tablet,Basic,Female,45-54
U03557,2024-08-05,Referral,CMP114,India,Bengaluru,Desktop,Premium,Male,35-44
U03558,2024-08-24,Referral,CMP114,Australia,Melbourne,Tablet,Premium,Female,25-34
U03559,2024-12-28,Organic,CMP112,Canada,Toronto,Desktop,Basic,Female,35-44
U03560,2024-01-09,Black Friday,CMP120,Canada,Toronto,Desktop,Premium,Male,25-34
U03561,2024-12-20,Organic,CMP106,USA,Seattle,Tablet,Free,Female,45-54
U03562,2024-05-26,Facebook,CMP109,India,Coimbatore,Tablet,Free,Female,25-34
U03563,2024-03-20,Facebook,CMP102,India,Coimbatore,Mobile,Free,Male,45-54
U03564,2024-07-11,Facebook,CMP116,India,Coimbatore,Desktop,Free,Male,18-24
U03565,2024-05-09,Black Friday,CMP117,Germany,Munich,Mobile,Basic,Female,35-44
U03566,2024-06-03,Organic,CMP107,USA,Austin,Tablet,Basic,Female,18-24
U03567,2024-01-09,Black Friday,CMP106,Australia,Sydney,Tablet,Basic,Male,35-44
U03568,2024-02-12,Black Friday,CMP114,Canada,Vancouver,Desktop,Basic,Female,35-44
U03569,2024-02-18,Organic,CMP107,USA,Austin,Mobile,Premium,Male,18-24
U03570,2024-03-13,Referral,CMP112,UK,London,Desktop,Basic,Female,18-24
U03571,2024-06-27,Referral,CMP117,USA,Seattle,Desktop,Premium,Male,18-24
U03572,2024-09-07,Referral,CMP111,Canada,Vancouver,Tablet,Premium,Male,35-44
U03573,2024-12-27,Organic,CMP106,Australia,Melbourne,Desktop,Basic,Male,45-54
U03574,2024-08-23,Referral,CMP106,UK,London,Tablet,Free,Male,25-34
U03575,2024-06-08,Referral,CMP103,Canada,Toronto,Tablet,Free,Male,18-24
U03576,2024-05-12,Google Ads,CMP109,Germany,Berlin,Tablet,Premium,Male,35-44
U03577,2024-03-21,Black Friday,CMP120,India,Coimbatore,Tablet,Basic,Male,18-24
U03578,2024-10-27,Organic,CMP106,Australia,Sydney,Tablet,Basic,Male,45-54
U03579,2024-04-08,Organic,CMP103,UK,Manchester,Tablet,Basic,Male,25-34
U03580,2024-05-07,Facebook,CMP112,India,Coimbatore,Mobile,Free,Male,35-44
U03581,2024-04-24,Google Ads,CMP102,India,Coimbatore,Desktop,Free,Female,45-54
U03582,2024-09-29,Black Friday,CMP104,India,Chennai,Tablet,Premium,Female,35-44
U03583,2024-11-10,Facebook,CMP111,Canada,Vancouver,Desktop,Basic,Female,25-34
U03584,2024-06-05,Facebook,CMP104,UK,London,Tablet,Premium,Male,25-34
U03585,2024-07-27,Referral,CMP109,Canada,Vancouver,Mobile,Free,Female,35-44
U03586,2024-12-16,Referral,CMP104,India,Chennai,Desktop,Free,Female,45-54
U03587,2024-12-19,Organic,CMP101,Canada,Toronto,Tablet,Premium,Male,25-34
U03588,2024-12-06,Google Ads,CMP104,UK,Manchester,Tablet,Free,Female,25-34
U03589,2024-03-18,Organic,CMP116,Australia,Melbourne,Tablet,Basic,Male,45-54
U03590,2024-11-12,LinkedIn,CMP105,Canada,Toronto,Tablet,Free,Female,45-54
U03591,2024-10-20,Organic,CMP101,Australia,Sydney,Desktop,Premium,Male,25-34
U03592,2024-12-04,Black Friday,CMP112,Australia,Melbourne,Mobile,Free,Female,18-24
U03593,2024-12-26,Google Ads,CMP105,USA,New York,Mobile,Premium,Female,35-44
U03594,2024-10-13,Referral,CMP116,UK,London,Desktop,Free,Female,18-24
U03595,2024-03-15,Facebook,CMP103,Canada,Vancouver,Desktop,Free,Male,35-44
U03596,2024-12-12,Black Friday,CMP101,Canada,Toronto,Tablet,Premium,Female,18-24
U03597,2024-07-13,Facebook,CMP118,India,Chennai,Mobile,Free,Female,18-24
U03598,2024-08-02,Facebook,CMP116,UK,Manchester,Desktop,Basic,Female,18-24
U03599,2024-10-23,Facebook,CMP103,India,Bengaluru,Tablet,Premium,Female,45-54
U03600,2024-07-19,Facebook,CMP107,Australia,Sydney,Mobile,Basic,Female,35-44
U03601,2024-08-08,Google Ads,CMP117,USA,Seattle,Desktop,Premium,Female,45-54
U03602,2024-06-26,Black Friday,CMP120,Germany,Berlin,Mobile,Free,Female,18-24
U03603,2024-08-01,Google Ads,CMP105,Australia,Sydney,Mobile,Free,Male,45-54
U03604,2024-01-05,LinkedIn,CMP119,UK,Manchester,Tablet,Basic,Male,18-24
U03605,2024-04-19,Organic,CMP107,Canada,Vancouver,Mobile,Premium,Female,35-44
U03606,2024-05-05,Google Ads,CMP119,Canada,Vancouver,Desktop,Free,Male,35-44
U03607,2024-08-23,Black Friday,CMP102,Canada,Vancouver,Mobile,Basic,Female,25-34
U03608,2024-10-14,Referral,CMP112,USA,New York,Tablet,Basic,Female,25-34
U03609,2024-11-23,Referral,CMP111,India,Bengaluru,Mobile,Free,Female,45-54
U03610,2024-01-05,Facebook,CMP117,Canada,Vancouver,Tablet,Premium,Female,35-44
U03611,2024-07-13,Black Friday,CMP105,Australia,Sydney,Desktop,Premium,Male,25-34
U03612,2024-09-26,Black Friday,CMP118,USA,New York,Mobile,Premium,Male,25-34
U03613,2024-05-05,Google Ads,CMP102,UK,Manchester,Tablet,Premium,Female,45-54
U03614,2024-10-01,Facebook,CMP114,Australia,Melbourne,Desktop,Premium,Female,18-24
U03615,2024-11-08,Facebook,CMP111,Germany,Berlin,Desktop,Basic,Female,35-44
U03616,2024-10-21,Facebook,CMP105,Germany,Berlin,Mobile,Basic,Male,18-24
U03617,2024-09-01,Facebook,CMP111,UK,London,Tablet,Premium,Female,35-44
U03618,2024-10-02,LinkedIn,CMP109,Australia,Sydney,Tablet,Free,Female,45-54
U03619,2024-12-16,LinkedIn,CMP115,USA,Austin,Mobile,Premium,Male,45-54
U03620,2024-08-05,Facebook,CMP108,UK,Manchester,Tablet,Basic,Female,35-44
U03621,2024-02-06,Black Friday,CMP114,UK,Manchester,Mobile,Premium,Female,45-54
U03622,2024-09-28,LinkedIn,CMP108,Canada,Toronto,Mobile,Premium,Male,35-44
U03623,2024-09-15,Organic,CMP104,USA,Austin,Mobile,Free,Male,35-44
U03624,2024-10-21,Black Friday,CMP105,Germany,Berlin,Desktop,Free,Male,35-44
U03625,2024-10-04,Google Ads,CMP110,Australia,Sydney,Desktop,Basic,Female,18-24
U03626,2024-10-17,Referral,CMP109,Australia,Melbourne,Tablet,Premium,Male,18-24
U03627,2024-11-20,Organic,CMP109,Canada,Toronto,Mobile,Free,Female,18-24
U03628,2024-02-06,Google Ads,CMP115,UK,London,Desktop,Premium,Female,45-54
U03629,2024-09-05,Facebook,CMP111,India,Coimbatore,Desktop,Basic,Male,35-44
U03630,2024-05-05,Google Ads,CMP113,Canada,Toronto,Tablet,Basic,Female,35-44
U03631,2024-07-25,Black Friday,CMP105,Australia,Melbourne,Mobile,Free,Female,25-34
U03632,2024-07-21,Facebook,CMP120,Australia,Sydney,Mobile,Premium,Male,35-44
U03633,2024-07-28,Black Friday,CMP105,Germany,Munich,Tablet,Free,Male,18-24
U03634,2024-07-01,Black Friday,CMP107,UK,London,Mobile,Premium,Female,45-54
U03635,2024-06-23,Referral,CMP105,UK,London,Mobile,Basic,Male,45-54
U03636,2024-05-13,Referral,CMP112,USA,Austin,Desktop,Premium,Female,35-44
U03637,2024-07-21,LinkedIn,CMP118,India,Bengaluru,Mobile,Basic,Female,18-24
U03638,2024-12-07,Black Friday,CMP119,Canada,Toronto,Tablet,Premium,Male,45-54
U03639,2024-09-04,Facebook,CMP103,UK,London,Tablet,Premium,Female,35-44
U03640,2024-02-19,Referral,CMP106,UK,Manchester,Mobile,Premium,Male,45-54
U03641,2024-05-21,Referral,CMP106,Canada,Toronto,Tablet,Premium,Female,45-54
U03642,2024-05-19,LinkedIn,CMP114,Germany,Munich,Desktop,Basic,Male,45-54
U03643,2024-01-10,Facebook,CMP110,UK,Manchester,Tablet,Premium,Male,35-44
U03644,2024-04-23,Referral,CMP116,Germany,Munich,Mobile,Basic,Female,25-34
U03645,2024-03-13,Organic,CMP119,Australia,Melbourne,Tablet,Free,Female,45-54
U03646,2024-12-21,Facebook,CMP104,USA,Austin,Mobile,Basic,Female,45-54
U03647,2024-03-04,Black Friday,CMP102,India,Chennai,Mobile,Basic,Female,45-54
U03648,2024-08-20,Facebook,CMP120,USA,Austin,Mobile,Premium,Male,35-44
U03649,2024-12-21,LinkedIn,CMP105,Canada,Toronto,Desktop,Basic,Female,35-44
U03650,2024-07-24,Organic,CMP108,UK,Manchester,Desktop,Premium,Female,35-44
U03651,2024-02-18,Referral,CMP111,Germany,Munich,Desktop,Free,Female,25-34
U03652,2024-05-01,Referral,CMP112,USA,Austin,Desktop,Premium,Male,35-44
U03653,2024-09-05,Referral,CMP110,Australia,Melbourne,Desktop,Premium,Male,45-54
U03654,2024-07-25,Google Ads,CMP117,India,Coimbatore,Tablet,Premium,Male,25-34
U03655,2024-07-29,Google Ads,CMP107,USA,Seattle,Tablet,Premium,Female,45-54
U03656,2024-01-01,Organic,CMP115,UK,London,Desktop,Basic,Female,18-24
U03657,2024-05-10,LinkedIn,CMP119,Australia,Melbourne,Tablet,Premium,Male,35-44
U03658,2024-03-04,Facebook,CMP111,Canada,Vancouver,Mobile,Premium,Male,45-54
U03659,2024-05-25,Black Friday,CMP113,UK,London,Mobile,Basic,Male,25-34
U03660,2024-11-07,Organic,CMP101,Germany,Berlin,Desktop,Basic,Male,18-24
U03661,2024-02-23,Black Friday,CMP102,Germany,Munich,Desktop,Premium,Female,18-24
U03662,2024-09-07,LinkedIn,CMP120,Canada,Toronto,Tablet,Basic,Female,18-24
U03663,2024-07-22,Google Ads,CMP104,Australia,Melbourne,Tablet,Free,Female,45-54
U03664,2024-07-24,Google Ads,CMP112,Australia,Sydney,Desktop,Basic,Male,35-44
U03665,2024-12-10,Black Friday,CMP117,UK,Manchester,Mobile,Basic,Male,45-54
U03666,2024-03-06,Referral,CMP118,USA,New York,Desktop,Free,Male,25-34
U03667,2024-06-25,Google Ads,CMP120,India,Chennai,Mobile,Basic,Male,18-24
U03668,2024-11-05,Facebook,CMP106,Germany,Munich,Tablet,Basic,Male,45-54
U03669,2024-07-26,Google Ads,CMP111,Australia,Melbourne,Tablet,Premium,Female,45-54
U03670,2024-02-02,Facebook,CMP117,Australia,Sydney,Mobile,Premium,Male,18-24
U03671,2024-08-21,Black Friday,CMP108,Australia,Melbourne,Tablet,Basic,Female,25-34
U03672,2024-07-18,Referral,CMP106,India,Coimbatore,Mobile,Premium,Female,25-34
U03673,2024-08-29,Facebook,CMP103,Canada,Toronto,Tablet,Premium,Female,45-54
U03674,2024-10-25,Organic,CMP105,India,Bengaluru,Mobile,Free,Male,18-24
U03675,2024-05-15,Black Friday,CMP106,Australia,Melbourne,Mobile,Basic,Male,18-24
U03676,2024-10-26,Black Friday,CMP118,Germany,Berlin,Desktop,Premium,Female,45-54
U03677,2024-06-12,Facebook,CMP109,Germany,Munich,Desktop,Premium,Male,25-34
U03678,2024-07-10,Facebook,CMP109,Australia,Melbourne,Mobile,Free,Male,35-44
U03679,2024-02-13,LinkedIn,CMP115,USA,New York,Tablet,Free,Female,25-34
U03680,2024-01-30,Referral,CMP118,USA,New York,Tablet,Premium,Male,45-54
U03681,2024-08-07,Facebook,CMP104,Canada,Vancouver,Desktop,Free,Female,45-54
U03682,2024-12-09,Google Ads,CMP101,USA,New York,Desktop,Premium,Male,25-34
U03683,2024-05-04,Facebook,CMP102,UK,London,Mobile,Free,Female,25-34
U03684,2024-10-04,LinkedIn,CMP101,USA,New York,Mobile,Premium,Female,45-54
U03685,2024-05-29,LinkedIn,CMP102,Germany,Berlin,Desktop,Premium,Female,45-54
U03686,2024-02-25,Google Ads,CMP115,Canada,Vancouver,Mobile,Premium,Female,18-24
U03687,2024-09-04,Black Friday,CMP116,Germany,Berlin,Tablet,Basic,Male,18-24
U03688,2024-09-12,Organic,CMP110,USA,Seattle,Tablet,Premium,Female,18-24
U03689,2024-12-02,Organic,CMP117,UK,Manchester,Tablet,Free,Male,25-34
U03690,2024-12-09,LinkedIn,CMP110,USA,Seattle,Desktop,Basic,Female,45-54
U03691,2024-08-27,Organic,CMP119,UK,London,Desktop,Free,Female,25-34
U03692,2024-11-07,Organic,CMP113,Australia,Melbourne,Tablet,Free,Female,18-24
U03693,2024-04-27,Google Ads,CMP111,UK,London,Tablet,Premium,Female,18-24
U03694,2024-03-04,Organic,CMP112,Canada,Toronto,Mobile,Basic,Male,45-54
U03695,2024-08-25,LinkedIn,CMP109,India,Chennai,Mobile,Basic,Male,18-24
U03696,2024-11-02,Black Friday,CMP113,USA,Seattle,Mobile,Basic,Male,45-54
U03697,2024-01-02,Google Ads,CMP104,USA,Austin,Tablet,Premium,Male,45-54
U03698,2024-07-06,Referral,CMP101,UK,London,Tablet,Free,Male,35-44
U03699,2024-10-06,Referral,CMP110,USA,New York,Tablet,Premium,Male,18-24
U03700,2024-07-28,LinkedIn,CMP108,UK,Manchester,Mobile,Basic,Female,35-44
U03701,2024-05-09,Referral,CMP107,Germany,Munich,Mobile,Free,Male,18-24
U03702,2024-06-04,Organic,CMP105,India,Bengaluru,Mobile,Free,Male,35-44
U03703,2024-07-07,Black Friday,CMP119,Canada,Vancouver,Tablet,Premium,Male,25-34
U03704,2024-06-22,LinkedIn,CMP104,Canada,Vancouver,Desktop,Free,Female,18-24
U03705,2024-04-08,Facebook,CMP114,India,Bengaluru,Desktop,Free,Female,18-24
U03706,2024-03-07,Black Friday,CMP113,UK,London,Desktop,Free,Female,35-44
U03707,2024-10-03,Black Friday,CMP118,USA,Seattle,Desktop,Free,Male,45-54
U03708,2024-07-16,Facebook,CMP104,Canada,Vancouver,Desktop,Basic,Female,45-54
U03709,2024-02-01,LinkedIn,CMP109,India,Chennai,Desktop,Basic,Female,25-34
U03710,2024-02-10,LinkedIn,CMP108,Australia,Sydney,Mobile,Free,Male,35-44
U03711,2024-10-24,Black Friday,CMP115,Germany,Munich,Desktop,Basic,Female,18-24
U03712,2024-01-01,Referral,CMP109,UK,London,Tablet,Basic,Female,25-34
U03713,2024-02-29,Organic,CMP112,Canada,Vancouver,Mobile,Basic,Female,25-34
U03714,2024-09-04,LinkedIn,CMP120,India,Bengaluru,Desktop,Premium,Female,45-54
U03715,2024-07-30,Organic,CMP104,India,Chennai,Desktop,Premium,Female,45-54
U03716,2024-06-06,Facebook,CMP110,Germany,Munich,Desktop,Basic,Female,25-34
U03717,2024-09-19,LinkedIn,CMP105,Canada,Toronto,Desktop,Premium,Male,35-44
U03718,2024-09-16,Facebook,CMP101,UK,London,Tablet,Free,Female,45-54
U03719,2024-09-27,Black Friday,CMP114,UK,London,Desktop,Basic,Male,45-54
U03720,2024-02-04,Referral,CMP105,USA,Austin,Tablet,Basic,Male,45-54
U03721,2024-08-13,LinkedIn,CMP120,Germany,Munich,Desktop,Free,Male,45-54
U03722,2024-03-14,Google Ads,CMP116,Germany,Munich,Tablet,Free,Female,18-24
U03723,2024-12-09,Organic,CMP115,India,Chennai,Desktop,Free,Male,45-54
U03724,2024-03-29,Black Friday,CMP102,USA,Austin,Tablet,Premium,Male,35-44
U03725,2024-04-13,Google Ads,CMP107,USA,Seattle,Mobile,Free,Male,25-34
U03726,2024-11-11,Google Ads,CMP109,Canada,Vancouver,Desktop,Free,Female,18-24
U03727,2024-07-12,Facebook,CMP108,Canada,Toronto,Desktop,Premium,Female,25-34
U03728,2024-04-07,LinkedIn,CMP118,UK,Manchester,Desktop,Free,Female,18-24
U03729,2024-03-10,Facebook,CMP108,Canada,Vancouver,Tablet,Free,Male,45-54
U03730,2024-05-15,Referral,CMP118,UK,Manchester,Desktop,Premium,Female,35-44
U03731,2024-05-05,Organic,CMP119,India,Bengaluru,Tablet,Free,Female,25-34
U03732,2024-07-04,Facebook,CMP105,UK,London,Desktop,Free,Female,45-54
U03733,2024-06-03,Facebook,CMP111,USA,New York,Desktop,Premium,Female,45-54
U03734,2024-10-05,Organic,CMP106,Germany,Berlin,Mobile,Premium,Male,25-34
U03735,2024-03-03,Organic,CMP116,USA,New York,Mobile,Premium,Female,45-54
U03736,2024-07-31,Referral,CMP119,USA,Seattle,Mobile,Premium,Female,45-54
U03737,2024-03-22,LinkedIn,CMP107,Canada,Toronto,Desktop,Free,Female,35-44
U03738,2024-07-28,Referral,CMP104,USA,Austin,Tablet,Premium,Female,35-44
U03739,2024-06-02,LinkedIn,CMP101,India,Chennai,Mobile,Free,Male,45-54
U03740,2024-01-03,Facebook,CMP103,India,Bengaluru,Mobile,Free,Female,35-44
U03741,2024-06-22,Organic,CMP105,Australia,Sydney,Mobile,Premium,Male,18-24
U03742,2024-02-12,LinkedIn,CMP112,Australia,Melbourne,Desktop,Basic,Male,45-54
U03743,2024-05-21,LinkedIn,CMP120,Canada,Toronto,Tablet,Premium,Male,18-24
U03744,2024-05-17,LinkedIn,CMP105,Germany,Munich,Desktop,Premium,Male,18-24
U03745,2024-07-01,LinkedIn,CMP119,USA,Austin,Desktop,Basic,Male,18-24
U03746,2024-04-27,LinkedIn,CMP102,Australia,Melbourne,Tablet,Basic,Female,25-34
U03747,2024-04-13,Referral,CMP112,India,Bengaluru,Desktop,Free,Male,25-34
U03748,2024-07-22,Black Friday,CMP101,Canada,Vancouver,Mobile,Free,Female,35-44
U03749,2024-08-16,Google Ads,CMP108,Canada,Toronto,Desktop,Basic,Male,35-44
U03750,2024-12-05,Facebook,CMP117,Canada,Toronto,Tablet,Premium,Female,18-24
U03751,2024-02-18,Organic,CMP104,UK,Manchester,Desktop,Premium,Female,25-34
U03752,2024-01-15,Google Ads,CMP112,Canada,Toronto,Tablet,Free,Male,18-24
U03753,2024-10-14,Referral,CMP112,USA,New York,Mobile,Free,Male,45-54
U03754,2024-01-02,Referral,CMP107,UK,Manchester,Tablet,Basic,Male,18-24
U03755,2024-06-24,Black Friday,CMP112,Canada,Vancouver,Mobile,Free,Female,25-34
U03756,2024-11-05,LinkedIn,CMP103,Australia,Melbourne,Tablet,Free,Male,45-54
U03757,2024-06-20,Facebook,CMP104,Germany,Munich,Mobile,Basic,Female,25-34
U03758,2024-10-25,Google Ads,CMP113,Germany,Berlin,Desktop,Premium,Male,25-34
U03759,2024-12-20,Google Ads,CMP110,India,Bengaluru,Tablet,Basic,Female,25-34
U03760,2024-11-26,Black Friday,CMP115,Germany,Munich,Mobile,Basic,Female,25-34
U03761,2024-11-21,Google Ads,CMP111,UK,Manchester,Tablet,Basic,Female,25-34
U03762,2024-11-05,Facebook,CMP116,Germany,Berlin,Desktop,Basic,Female,25-34
U03763,2024-09-22,Black Friday,CMP102,Australia,Sydney,Tablet,Premium,Male,25-34
U03764,2024-05-18,Black Friday,CMP101,Canada,Vancouver,Mobile,Basic,Female,45-54
U03765,2024-01-26,Organic,CMP102,Australia,Melbourne,Mobile,Premium,Male,45-54
U03766,2024-12-23,LinkedIn,CMP108,UK,Manchester,Desktop,Free,Female,25-34
U03767,2024-07-26,Black Friday,CMP105,Germany,Berlin,Desktop,Basic,Male,18-24
U03768,2024-04-23,Referral,CMP108,Germany,Berlin,Tablet,Free,Female,18-24
U03769,2024-02-21,Facebook,CMP105,Australia,Melbourne,Mobile,Free,Male,45-54
U03770,2024-04-04,LinkedIn,CMP110,USA,New York,Desktop,Basic,Female,45-54
U03771,2024-10-19,Organic,CMP103,India,Bengaluru,Desktop,Free,Male,25-34
U03772,2024-06-17,Referral,CMP109,Canada,Vancouver,Desktop,Free,Male,25-34
U03773,2024-11-27,Referral,CMP114,UK,Manchester,Tablet,Basic,Female,18-24
U03774,2024-06-29,Referral,CMP101,USA,New York,Mobile,Basic,Male,35-44
U03775,2024-08-26,Google Ads,CMP113,Australia,Melbourne,Mobile,Free,Male,25-34
U03776,2024-11-05,Organic,CMP119,Canada,Toronto,Tablet,Premium,Male,45-54
U03777,2024-06-02,LinkedIn,CMP103,Germany,Munich,Desktop,Free,Female,45-54
U03778,2024-05-07,Black Friday,CMP111,Australia,Melbourne,Desktop,Premium,Male,35-44
U03779,2024-03-31,Google Ads,CMP104,Australia,Melbourne,Tablet,Basic,Male,18-24
U03780,2024-08-09,Facebook,CMP109,Germany,Berlin,Tablet,Free,Female,25-34
U03781,2024-12-16,LinkedIn,CMP119,Canada,Toronto,Desktop,Basic,Male,25-34
U03782,2024-12-18,Google Ads,CMP117,UK,Manchester,Tablet,Premium,Male,35-44
U03783,2024-08-21,Google Ads,CMP117,USA,New York,Mobile,Free,Male,45-54
U03784,2024-04-29,Facebook,CMP108,UK,London,Mobile,Free,Male,45-54
U03785,2024-06-07,Google Ads,CMP105,India,Coimbatore,Desktop,Basic,Male,35-44
U03786,2024-04-07,LinkedIn,CMP106,Australia,Sydney,Mobile,Free,Female,18-24
U03787,2024-06-14,LinkedIn,CMP102,India,Chennai,Mobile,Free,Female,18-24
U03788,2024-01-15,Black Friday,CMP103,Germany,Munich,Desktop,Basic,Female,18-24
U03789,2024-10-27,Black Friday,CMP102,UK,Manchester,Mobile,Free,Female,35-44
U03790,2024-07-20,Organic,CMP103,UK,London,Desktop,Basic,Male,25-34
U03791,2024-06-13,Referral,CMP102,USA,Austin,Tablet,Free,Male,25-34
U03792,2024-06-25,Facebook,CMP108,India,Bengaluru,Tablet,Basic,Female,18-24
U03793,2024-11-11,LinkedIn,CMP104,Australia,Melbourne,Tablet,Basic,Female,35-44
U03794,2024-09-11,LinkedIn,CMP114,India,Chennai,Mobile,Premium,Male,35-44
U03795,2024-07-28,Organic,CMP114,USA,New York,Tablet,Basic,Male,18-24
U03796,2024-12-09,Referral,CMP112,Australia,Melbourne,Mobile,Basic,Male,18-24
U03797,2024-01-01,LinkedIn,CMP103,Germany,Munich,Mobile,Basic,Male,18-24
U03798,2024-06-09,Referral,CMP113,Canada,Vancouver,Tablet,Premium,Female,45-54
U03799,2024-08-23,Facebook,CMP107,India,Bengaluru,Mobile,Premium,Female,18-24
U03800,2024-09-15,Black Friday,CMP119,India,Chennai,Mobile,Free,Male,35-44
U03801,2024-08-01,Organic,CMP102,Australia,Sydney,Tablet,Free,Female,18-24
U03802,2024-10-02,Google Ads,CMP102,Canada,Vancouver,Desktop,Premium,Male,45-54
U03803,2024-05-04,Referral,CMP104,Canada,Vancouver,Tablet,Basic,Female,18-24
U03804,2024-09-27,Facebook,CMP114,Australia,Sydney,Desktop,Premium,Male,45-54
U03805,2024-06-20,Referral,CMP118,Germany,Berlin,Desktop,Basic,Male,18-24
U03806,2024-01-07,Google Ads,CMP116,Germany,Berlin,Mobile,Premium,Male,35-44
U03807,2024-08-17,Black Friday,CMP107,USA,Austin,Mobile,Basic,Female,35-44
U03808,2024-01-10,Referral,CMP108,Germany,Berlin,Tablet,Free,Male,45-54
U03809,2024-11-05,Referral,CMP120,Germany,Munich,Mobile,Premium,Female,35-44
U03810,2024-05-25,Referral,CMP107,Canada,Vancouver,Desktop,Free,Female,45-54
U03811,2024-09-03,Referral,CMP102,UK,Manchester,Desktop,Premium,Female,45-54
U03812,2024-07-09,Referral,CMP111,India,Coimbatore,Mobile,Free,Female,35-44
U03813,2024-06-30,Organic,CMP112,Germany,Munich,Desktop,Free,Female,25-34
U03814,2024-02-15,Organic,CMP115,Canada,Toronto,Tablet,Free,Male,18-24
U03815,2024-03-09,Referral,CMP112,UK,Manchester,Desktop,Free,Male,45-54
U03816,2024-12-26,LinkedIn,CMP108,Germany,Berlin,Tablet,Free,Male,45-54
U03817,2024-09-10,Referral,CMP116,Australia,Sydney,Tablet,Free,Female,18-24
U03818,2024-07-09,Referral,CMP116,UK,London,Mobile,Free,Male,35-44
U03819,2024-12-06,Google Ads,CMP112,India,Coimbatore,Desktop,Basic,Male,18-24
U03820,2024-06-24,Referral,CMP102,UK,London,Tablet,Premium,Male,45-54
U03821,2024-07-24,LinkedIn,CMP108,Australia,Melbourne,Mobile,Basic,Female,18-24
U03822,2024-07-19,Organic,CMP107,USA,Austin,Mobile,Premium,Male,18-24
U03823,2024-01-15,Referral,CMP103,India,Coimbatore,Mobile,Basic,Male,35-44
U03824,2024-11-12,Organic,CMP116,USA,Seattle,Tablet,Basic,Male,45-54
U03825,2024-10-17,Black Friday,CMP114,Canada,Vancouver,Desktop,Basic,Female,25-34
U03826,2024-09-19,LinkedIn,CMP107,Canada,Vancouver,Mobile,Premium,Female,25-34
U03827,2024-03-15,Google Ads,CMP115,UK,Manchester,Tablet,Basic,Male,18-24
U03828,2024-03-25,Google Ads,CMP102,USA,New York,Mobile,Basic,Male,35-44
U03829,2024-07-14,LinkedIn,CMP115,Australia,Sydney,Mobile,Basic,Male,35-44
U03830,2024-09-22,Black Friday,CMP102,Canada,Vancouver,Mobile,Premium,Male,18-24
U03831,2024-06-21,LinkedIn,CMP113,India,Coimbatore,Mobile,Premium,Male,25-34
U03832,2024-04-21,Google Ads,CMP116,Canada,Vancouver,Desktop,Basic,Male,45-54
U03833,2024-04-09,Organic,CMP111,Germany,Berlin,Desktop,Basic,Female,35-44
U03834,2024-06-04,Google Ads,CMP101,UK,London,Mobile,Basic,Male,35-44
U03835,2024-10-01,LinkedIn,CMP107,Canada,Toronto,Mobile,Basic,Male,45-54
U03836,2024-02-09,Facebook,CMP102,UK,London,Mobile,Free,Male,25-34
U03837,2024-07-13,LinkedIn,CMP119,Australia,Sydney,Desktop,Free,Male,45-54
U03838,2024-01-04,Organic,CMP101,Germany,Munich,Desktop,Free,Male,18-24
U03839,2024-10-24,Google Ads,CMP111,Canada,Vancouver,Tablet,Premium,Male,35-44
U03840,2024-09-05,Referral,CMP118,Germany,Berlin,Desktop,Free,Male,25-34
U03841,2024-05-14,Facebook,CMP103,India,Chennai,Mobile,Premium,Male,18-24
U03842,2024-10-14,Organic,CMP110,Australia,Sydney,Desktop,Free,Male,25-34
U03843,2024-06-10,Organic,CMP115,Australia,Sydney,Desktop,Basic,Female,18-24
U03844,2024-09-14,LinkedIn,CMP101,UK,Manchester,Mobile,Basic,Female,18-24
U03845,2024-05-31,Referral,CMP115,Australia,Sydney,Mobile,Free,Male,18-24
U03846,2024-05-14,LinkedIn,CMP109,UK,Manchester,Desktop,Free,Male,45-54
U03847,2024-06-16,LinkedIn,CMP120,Australia,Melbourne,Mobile,Basic,Female,18-24
U03848,2024-04-23,LinkedIn,CMP109,USA,Austin,Tablet,Premium,Female,18-24
U03849,2024-11-05,Google Ads,CMP120,USA,New York,Tablet,Free,Female,35-44
U03850,2024-02-15,Black Friday,CMP113,USA,Austin,Mobile,Free,Female,18-24
U03851,2024-04-24,LinkedIn,CMP115,USA,Austin,Mobile,Free,Male,35-44
U03852,2024-09-07,Google Ads,CMP103,Germany,Berlin,Mobile,Free,Female,35-44
U03853,2024-05-31,Organic,CMP106,Germany,Munich,Mobile,Basic,Male,45-54
U03854,2024-05-27,Organic,CMP109,India,Coimbatore,Desktop,Premium,Female,45-54
U03855,2024-11-02,Referral,CMP113,UK,Manchester,Tablet,Basic,Male,45-54
U03856,2024-01-07,Google Ads,CMP113,Australia,Sydney,Mobile,Free,Female,45-54
U03857,2024-01-03,LinkedIn,CMP116,India,Chennai,Tablet,Basic,Female,35-44
U03858,2024-10-31,Google Ads,CMP102,USA,Austin,Tablet,Free,Male,18-24
U03859,2024-08-14,Referral,CMP114,India,Chennai,Mobile,Basic,Male,25-34
U03860,2024-02-17,Facebook,CMP110,UK,London,Desktop,Basic,Female,45-54
U03861,2024-05-23,Google Ads,CMP108,USA,Seattle,Tablet,Premium,Female,45-54
U03862,2024-12-25,Facebook,CMP106,UK,London,Tablet,Free,Female,18-24
U03863,2024-04-18,Google Ads,CMP112,Australia,Sydney,Mobile,Free,Female,25-34
U03864,2024-07-15,LinkedIn,CMP112,Australia,Sydney,Tablet,Basic,Male,45-54
U03865,2024-11-27,Google Ads,CMP104,Germany,Munich,Mobile,Premium,Female,45-54
U03866,2024-12-21,Facebook,CMP117,USA,Austin,Tablet,Premium,Male,25-34
U03867,2024-10-13,Referral,CMP113,UK,Manchester,Tablet,Free,Male,45-54
U03868,2024-12-03,Referral,CMP115,Germany,Berlin,Desktop,Premium,Male,25-34
U03869,2024-05-20,Google Ads,CMP104,Canada,Vancouver,Tablet,Basic,Female,18-24
U03870,2024-08-08,Facebook,CMP112,India,Bengaluru,Tablet,Free,Female,25-34
U03871,2024-06-12,Referral,CMP105,Germany,Berlin,Tablet,Free,Female,25-34
U03872,2024-06-22,LinkedIn,CMP119,India,Bengaluru,Tablet,Free,Female,35-44
U03873,2024-07-20,LinkedIn,CMP107,UK,Manchester,Mobile,Free,Female,35-44
U03874,2024-07-03,Organic,CMP108,Germany,Berlin,Desktop,Premium,Male,45-54
U03875,2024-12-22,Black Friday,CMP118,India,Coimbatore,Desktop,Premium,Male,35-44
U03876,2024-06-13,Referral,CMP102,USA,Austin,Mobile,Premium,Male,45-54
U03877,2024-01-28,Organic,CMP103,India,Chennai,Tablet,Premium,Male,18-24
U03878,2024-06-16,Organic,CMP114,Germany,Berlin,Tablet,Basic,Male,35-44
U03879,2024-05-09,Referral,CMP117,Australia,Sydney,Mobile,Free,Male,18-24
U03880,2024-01-25,Black Friday,CMP118,Australia,Sydney,Tablet,Free,Female,45-54
U03881,2024-10-20,Organic,CMP118,Canada,Vancouver,Desktop,Free,Male,25-34
U03882,2024-02-07,Facebook,CMP109,India,Bengaluru,Mobile,Basic,Female,25-34
U03883,2024-11-17,Facebook,CMP111,Germany,Munich,Mobile,Premium,Male,25-34
U03884,2024-02-06,Referral,CMP105,Canada,Toronto,Mobile,Basic,Male,18-24
U03885,2024-09-26,LinkedIn,CMP110,Australia,Sydney,Desktop,Basic,Male,25-34
U03886,2024-01-15,Google Ads,CMP114,USA,Austin,Mobile,Premium,Female,25-34
U03887,2024-08-04,Google Ads,CMP111,Canada,Toronto,Desktop,Basic,Female,35-44
U03888,2024-01-08,Google Ads,CMP108,USA,Seattle,Tablet,Free,Male,25-34
U03889,2024-06-24,Referral,CMP105,USA,Seattle,Desktop,Basic,Male,25-34
U03890,2024-07-13,Google Ads,CMP115,Canada,Vancouver,Tablet,Premium,Female,25-34
U03891,2024-04-05,Google Ads,CMP120,UK,Manchester,Desktop,Basic,Female,35-44
U03892,2024-05-07,Black Friday,CMP114,Australia,Melbourne,Tablet,Free,Male,18-24
U03893,2024-06-07,Google Ads,CMP102,USA,Austin,Desktop,Free,Male,35-44
U03894,2024-10-14,LinkedIn,CMP103,Germany,Munich,Desktop,Premium,Female,18-24
U03895,2024-11-23,Black Friday,CMP106,Germany,Munich,Tablet,Basic,Male,25-34
U03896,2024-07-01,Organic,CMP105,Canada,Toronto,Tablet,Premium,Female,45-54
U03897,2024-04-30,Google Ads,CMP104,Germany,Munich,Mobile,Premium,Female,45-54
U03898,2024-01-12,Google Ads,CMP107,USA,Austin,Tablet,Basic,Male,18-24
U03899,2024-03-30,Facebook,CMP112,Canada,Vancouver,Desktop,Free,Female,25-34
U03900,2024-11-04,LinkedIn,CMP119,UK,Manchester,Desktop,Free,Male,35-44
U03901,2024-08-19,Black Friday,CMP103,UK,London,Mobile,Basic,Male,45-54
U03902,2024-08-21,Google Ads,CMP117,India,Coimbatore,Mobile,Basic,Female,45-54
U03903,2024-08-08,Organic,CMP106,India,Coimbatore,Tablet,Basic,Male,25-34
U03904,2024-04-16,Organic,CMP118,India,Chennai,Desktop,Basic,Male,18-24
U03905,2024-09-17,Google Ads,CMP119,Australia,Sydney,Tablet,Basic,Male,45-54
U03906,2024-04-24,Organic,CMP102,USA,Austin,Tablet,Premium,Male,18-24
U03907,2024-03-28,LinkedIn,CMP108,Australia,Melbourne,Desktop,Basic,Female,25-34
U03908,2024-04-04,LinkedIn,CMP105,India,Chennai,Mobile,Premium,Female,18-24
U03909,2024-10-08,Google Ads,CMP118,UK,Manchester,Desktop,Premium,Male,45-54
U03910,2024-12-15,Google Ads,CMP116,Australia,Melbourne,Mobile,Premium,Female,35-44
U03911,2024-02-03,Referral,CMP111,USA,Austin,Desktop,Free,Male,18-24
U03912,2024-07-05,Organic,CMP117,India,Chennai,Tablet,Basic,Female,25-34
U03913,2024-03-06,Google Ads,CMP107,Germany,Berlin,Mobile,Free,Female,18-24
U03914,2024-08-19,Google Ads,CMP108,USA,Austin,Mobile,Free,Male,18-24
U03915,2024-12-27,Black Friday,CMP109,USA,Seattle,Mobile,Premium,Female,25-34
U03916,2024-08-21,Google Ads,CMP119,UK,London,Desktop,Premium,Male,18-24
U03917,2024-11-06,LinkedIn,CMP113,India,Chennai,Mobile,Basic,Female,45-54
U03918,2024-10-12,Black Friday,CMP110,Germany,Berlin,Mobile,Free,Male,35-44
U03919,2024-07-10,Facebook,CMP103,UK,London,Desktop,Free,Female,45-54
U03920,2024-05-15,LinkedIn,CMP101,Canada,Toronto,Tablet,Premium,Female,35-44
U03921,2024-06-18,Organic,CMP104,Canada,Vancouver,Tablet,Premium,Male,45-54
U03922,2024-07-27,Google Ads,CMP119,UK,Manchester,Tablet,Free,Male,25-34
U03923,2024-05-31,Organic,CMP112,India,Chennai,Desktop,Free,Female,45-54
U03924,2024-02-20,Black Friday,CMP107,Australia,Sydney,Desktop,Free,Female,35-44
U03925,2024-03-22,Google Ads,CMP106,Australia,Sydney,Tablet,Premium,Male,35-44
U03926,2024-09-14,Google Ads,CMP115,Canada,Vancouver,Tablet,Basic,Male,35-44
U03927,2024-05-18,Organic,CMP110,Australia,Melbourne,Desktop,Free,Female,25-34
U03928,2024-11-01,Organic,CMP104,UK,London,Mobile,Basic,Male,35-44
U03929,2024-06-12,Black Friday,CMP114,Canada,Toronto,Desktop,Basic,Male,45-54
U03930,2024-01-21,Organic,CMP115,USA,Austin,Tablet,Premium,Male,25-34
U03931,2024-01-11,Facebook,CMP118,UK,London,Tablet,Premium,Female,18-24
U03932,2024-10-05,Organic,CMP110,Germany,Berlin,Mobile,Premium,Male,35-44
U03933,2024-12-25,Black Friday,CMP110,UK,Manchester,Tablet,Free,Male,35-44
U03934,2024-06-29,LinkedIn,CMP115,Canada,Vancouver,Desktop,Basic,Male,18-24
U03935,2024-12-14,LinkedIn,CMP119,USA,Seattle,Mobile,Free,Female,35-44
U03936,2024-08-27,Google Ads,CMP115,Germany,Munich,Desktop,Premium,Male,18-24
U03937,2024-07-18,Referral,CMP119,India,Coimbatore,Tablet,Premium,Female,18-24
U03938,2024-02-25,Black Friday,CMP106,UK,London,Mobile,Free,Male,45-54
U03939,2024-12-29,Referral,CMP113,Canada,Toronto,Mobile,Premium,Male,35-44
U03940,2024-08-22,Black Friday,CMP103,Germany,Berlin,Tablet,Premium,Male,18-24
U03941,2024-12-17,Facebook,CMP113,Germany,Berlin,Tablet,Free,Male,45-54
U03942,2024-10-22,Google Ads,CMP115,Canada,Toronto,Tablet,Basic,Female,18-24
U03943,2024-04-22,Referral,CMP116,USA,Seattle,Tablet,Premium,Female,25-34
U03944,2024-09-19,Black Friday,CMP118,UK,Manchester,Tablet,Premium,Male,35-44
U03945,2024-04-30,LinkedIn,CMP113,Canada,Toronto,Mobile,Premium,Male,18-24
U03946,2024-08-28,LinkedIn,CMP119,USA,Austin,Tablet,Premium,Female,35-44
U03947,2024-06-09,Black Friday,CMP109,Germany,Munich,Desktop,Free,Male,45-54
U03948,2024-07-25,Google Ads,CMP114,Canada,Toronto,Desktop,Premium,Female,35-44
U03949,2024-11-30,Facebook,CMP115,USA,Austin,Tablet,Free,Female,18-24
U03950,2024-05-12,Facebook,CMP119,USA,Seattle,Tablet,Free,Female,18-24
U03951,2024-08-24,Black Friday,CMP119,Canada,Vancouver,Desktop,Premium,Female,45-54
U03952,2024-09-16,Black Friday,CMP116,USA,Austin,Desktop,Premium,Male,45-54
U03953,2024-09-01,Facebook,CMP107,Canada,Vancouver,Tablet,Free,Female,25-34
U03954,2024-01-30,Black Friday,CMP104,Germany,Munich,Desktop,Basic,Male,25-34
U03955,2024-06-10,Organic,CMP101,Australia,Melbourne,Tablet,Premium,Male,45-54
U03956,2024-10-25,Google Ads,CMP107,USA,New York,Tablet,Premium,Female,35-44
U03957,2024-01-07,Google Ads,CMP114,USA,Seattle,Tablet,Premium,Female,25-34
U03958,2024-10-10,Black Friday,CMP102,UK,London,Mobile,Free,Male,45-54
U03959,2024-06-10,Google Ads,CMP115,USA,New York,Desktop,Premium,Female,18-24
U03960,2024-05-25,LinkedIn,CMP105,Canada,Vancouver,Tablet,Premium,Male,25-34
U03961,2024-03-12,Google Ads,CMP109,USA,Austin,Desktop,Free,Female,45-54
U03962,2024-11-09,Organic,CMP119,UK,London,Tablet,Basic,Female,35-44
U03963,2024-06-25,LinkedIn,CMP102,Australia,Sydney,Mobile,Free,Female,18-24
U03964,2024-08-28,Organic,CMP107,UK,Manchester,Desktop,Basic,Female,35-44
U03965,2024-08-28,Organic,CMP106,Germany,Berlin,Tablet,Premium,Male,18-24
U03966,2024-11-21,LinkedIn,CMP101,USA,Austin,Desktop,Free,Female,45-54
U03967,2024-02-22,Google Ads,CMP105,USA,Seattle,Tablet,Free,Male,35-44
U03968,2024-07-16,Facebook,CMP114,UK,Manchester,Mobile,Premium,Male,35-44
U03969,2024-07-08,Facebook,CMP111,UK,Manchester,Mobile,Free,Female,25-34
U03970,2024-12-27,LinkedIn,CMP101,UK,Manchester,Desktop,Basic,Female,25-34
U03971,2024-04-28,Google Ads,CMP116,Australia,Melbourne,Mobile,Premium,Male,35-44
U03972,2024-12-13,Organic,CMP101,Germany,Berlin,Tablet,Premium,Male,45-54
U03973,2024-10-16,Black Friday,CMP105,Germany,Munich,Tablet,Free,Male,25-34
U03974,2024-03-17,Referral,CMP115,India,Coimbatore,Desktop,Premium,Male,45-54
U03975,2024-02-23,Referral,CMP102,Germany,Munich,Tablet,Basic,Male,18-24
U03976,2024-06-23,Organic,CMP106,Australia,Sydney,Mobile,Free,Male,35-44
U03977,2024-06-07,Organic,CMP115,Canada,Vancouver,Tablet,Basic,Male,18-24
U03978,2024-07-14,Black Friday,CMP103,USA,Seattle,Tablet,Free,Male,25-34
U03979,2024-10-28,Black Friday,CMP103,Australia,Sydney,Tablet,Basic,Male,18-24
U03980,2024-01-02,Google Ads,CMP101,UK,Manchester,Mobile,Free,Male,45-54
U03981,2024-01-22,Referral,CMP105,India,Chennai,Tablet,Free,Female,45-54
U03982,2024-05-23,LinkedIn,CMP102,USA,Austin,Desktop,Premium,Female,45-54
U03983,2024-10-04,LinkedIn,CMP106,Canada,Toronto,Mobile,Basic,Male,25-34
U03984,2024-03-22,Black Friday,CMP117,Australia,Sydney,Mobile,Free,Female,18-24
U03985,2024-05-29,LinkedIn,CMP114,UK,Manchester,Tablet,Premium,Female,25-34
U03986,2024-05-18,LinkedIn,CMP101,Germany,Munich,Tablet,Free,Female,35-44
U03987,2024-08-13,Black Friday,CMP109,USA,Austin,Mobile,Basic,Female,25-34
U03988,2024-08-19,LinkedIn,CMP109,Canada,Vancouver,Desktop,Premium,Female,18-24
U03989,2024-08-14,Black Friday,CMP120,India,Coimbatore,Desktop,Basic,Female,45-54
U03990,2024-08-22,LinkedIn,CMP103,India,Chennai,Tablet,Premium,Female,25-34
U03991,2024-10-06,Google Ads,CMP113,UK,London,Tablet,Free,Male,45-54
U03992,2024-12-17,Organic,CMP113,Australia,Melbourne,Mobile,Basic,Male,18-24
U03993,2024-06-23,LinkedIn,CMP103,USA,Seattle,Tablet,Basic,Male,35-44
U03994,2024-07-17,Black Friday,CMP113,Australia,Sydney,Mobile,Free,Female,45-54
U03995,2024-06-05,Referral,CMP112,Germany,Berlin,Mobile,Basic,Male,18-24
U03996,2024-03-30,Google Ads,CMP118,UK,Manchester,Mobile,Basic,Female,18-24
U03997,2024-07-23,Organic,CMP119,India,Bengaluru,Mobile,Premium,Female,18-24
U03998,2024-09-24,Organic,CMP104,Germany,Munich,Mobile,Premium,Female,45-54
U03999,2024-02-22,Google Ads,CMP102,UK,Manchester,Desktop,Premium,Male,18-24
U04000,2024-08-29,Organic,CMP110,UK,London,Mobile,Basic,Female,45-54
U04001,2024-11-01,LinkedIn,CMP105,Germany,Munich,Desktop,Free,Male,35-44
U04002,2024-02-04,Organic,CMP119,India,Chennai,Mobile,Premium,Female,18-24
U04003,2024-02-24,Referral,CMP112,Germany,Berlin,Tablet,Free,Male,35-44
U04004,2024-01-25,Facebook,CMP110,USA,Seattle,Desktop,Free,Male,25-34
U04005,2024-01-17,Organic,CMP106,India,Bengaluru,Desktop,Basic,Female,35-44
U04006,2024-11-27,Black Friday,CMP111,Germany,Berlin,Tablet,Basic,Female,45-54
U04007,2024-06-07,Google Ads,CMP112,UK,London,Desktop,Premium,Female,25-34
U04008,2024-01-29,Organic,CMP113,UK,Manchester,Mobile,Basic,Male,45-54
U04009,2024-05-29,Black Friday,CMP112,India,Chennai,Mobile,Free,Female,25-34
U04010,2024-08-15,LinkedIn,CMP119,Germany,Munich,Desktop,Premium,Male,45-54
U04011,2024-01-03,Facebook,CMP111,Canada,Vancouver,Mobile,Basic,Female,18-24
U04012,2024-07-04,Facebook,CMP120,Canada,Vancouver,Tablet,Premium,Male,35-44
U04013,2024-05-19,Referral,CMP102,Canada,Toronto,Mobile,Basic,Female,25-34
U04014,2024-05-25,Organic,CMP112,Australia,Melbourne,Desktop,Basic,Female,18-24
U04015,2024-10-16,Referral,CMP118,Canada,Vancouver,Mobile,Free,Female,35-44
U04016,2024-05-04,Google Ads,CMP115,UK,London,Mobile,Free,Male,18-24
U04017,2024-12-24,Facebook,CMP103,Canada,Vancouver,Desktop,Premium,Female,35-44
U04018,2024-11-01,Google Ads,CMP103,USA,New York,Desktop,Premium,Female,18-24
U04019,2024-09-13,Google Ads,CMP102,Australia,Melbourne,Tablet,Premium,Male,35-44
U04020,2024-12-20,Organic,CMP102,Canada,Toronto,Mobile,Premium,Female,35-44
U04021,2024-03-20,Referral,CMP116,UK,London,Mobile,Basic,Female,35-44
U04022,2024-10-06,Referral,CMP117,USA,Austin,Tablet,Free,Male,18-24
U04023,2024-05-24,Black Friday,CMP109,Germany,Munich,Desktop,Basic,Female,18-24
U04024,2024-05-30,Referral,CMP108,USA,Austin,Mobile,Basic,Female,45-54
U04025,2024-04-02,Facebook,CMP114,India,Chennai,Desktop,Free,Female,35-44
U04026,2024-10-01,Facebook,CMP112,India,Chennai,Tablet,Free,Female,45-54
U04027,2024-08-07,Referral,CMP117,Canada,Vancouver,Tablet,Premium,Female,45-54
U04028,2024-06-18,Facebook,CMP111,UK,Manchester,Desktop,Basic,Male,25-34
U04029,2024-05-22,Organic,CMP120,India,Chennai,Tablet,Premium,Male,45-54
U04030,2024-01-02,Facebook,CMP120,Australia,Melbourne,Mobile,Premium,Female,35-44
U04031,2024-12-05,Black Friday,CMP119,India,Chennai,Desktop,Basic,Male,18-24
U04032,2024-02-26,Facebook,CMP117,USA,Austin,Desktop,Basic,Male,45-54
U04033,2024-12-08,LinkedIn,CMP104,UK,London,Desktop,Basic,Female,25-34
U04034,2024-12-27,Black Friday,CMP108,USA,New York,Desktop,Free,Female,35-44
U04035,2024-11-10,Referral,CMP101,UK,Manchester,Mobile,Free,Female,18-24
U04036,2024-03-08,Google Ads,CMP115,Australia,Melbourne,Mobile,Free,Male,25-34
U04037,2024-08-13,Google Ads,CMP116,Australia,Sydney,Tablet,Basic,Male,35-44
U04038,2024-06-01,Facebook,CMP114,Germany,Berlin,Mobile,Free,Male,18-24
U04039,2024-04-17,Black Friday,CMP101,Canada,Vancouver,Tablet,Free,Female,18-24
U04040,2024-07-21,Organic,CMP111,Germany,Munich,Desktop,Premium,Female,45-54
U04041,2024-07-11,Facebook,CMP114,USA,Austin,Tablet,Basic,Male,18-24
U04042,2024-03-25,Referral,CMP117,Australia,Sydney,Desktop,Free,Male,25-34
U04043,2024-12-05,Black Friday,CMP118,Canada,Vancouver,Desktop,Premium,Male,35-44
U04044,2024-11-10,LinkedIn,CMP119,UK,Manchester,Mobile,Premium,Male,35-44
U04045,2024-08-17,Facebook,CMP105,India,Chennai,Mobile,Free,Male,25-34
U04046,2024-11-11,Referral,CMP115,Canada,Toronto,Tablet,Free,Male,25-34
U04047,2024-01-09,LinkedIn,CMP113,USA,Seattle,Desktop,Basic,Male,45-54
U04048,2024-09-03,LinkedIn,CMP105,Canada,Vancouver,Tablet,Premium,Female,25-34
U04049,2024-08-29,Referral,CMP115,USA,Seattle,Desktop,Free,Male,25-34
U04050,2024-01-04,LinkedIn,CMP115,Canada,Toronto,Desktop,Basic,Male,18-24
U04051,2024-07-27,Black Friday,CMP118,USA,New York,Mobile,Basic,Female,35-44
U04052,2024-09-02,Facebook,CMP114,USA,New York,Mobile,Premium,Male,45-54
U04053,2024-09-12,Black Friday,CMP102,Australia,Sydney,Desktop,Basic,Male,35-44
U04054,2024-09-28,Black Friday,CMP119,UK,Manchester,Mobile,Free,Male,45-54
U04055,2024-04-22,Black Friday,CMP105,Australia,Sydney,Tablet,Basic,Female,18-24
U04056,2024-06-08,Google Ads,CMP109,Australia,Sydney,Tablet,Free,Female,35-44
U04057,2024-06-21,LinkedIn,CMP117,UK,London,Tablet,Basic,Female,18-24
U04058,2024-05-30,Organic,CMP114,India,Coimbatore,Tablet,Premium,Male,35-44
U04059,2024-10-25,Black Friday,CMP110,Germany,Munich,Tablet,Basic,Male,45-54
U04060,2024-06-24,Referral,CMP101,Germany,Munich,Desktop,Premium,Female,45-54
U04061,2024-09-12,Google Ads,CMP107,Australia,Sydney,Tablet,Free,Male,25-34
U04062,2024-05-25,Referral,CMP111,Canada,Vancouver,Tablet,Basic,Female,18-24
U04063,2024-01-06,LinkedIn,CMP106,Australia,Sydney,Tablet,Premium,Female,35-44
U04064,2024-10-25,Black Friday,CMP109,Canada,Toronto,Desktop,Basic,Male,45-54
U04065,2024-07-30,Black Friday,CMP118,India,Bengaluru,Desktop,Free,Male,18-24
U04066,2024-03-06,Organic,CMP108,Australia,Sydney,Tablet,Premium,Male,18-24
U04067,2024-05-03,Referral,CMP116,Australia,Sydney,Desktop,Free,Male,25-34
U04068,2024-07-01,Referral,CMP120,Germany,Berlin,Desktop,Premium,Male,18-24
U04069,2024-10-03,Organic,CMP104,Australia,Melbourne,Mobile,Free,Female,35-44
U04070,2024-04-11,LinkedIn,CMP115,UK,London,Mobile,Premium,Female,45-54
U04071,2024-03-25,LinkedIn,CMP103,Canada,Vancouver,Desktop,Basic,Female,35-44
U04072,2024-08-24,Referral,CMP110,Australia,Melbourne,Desktop,Basic,Female,35-44
U04073,2024-07-07,Facebook,CMP111,India,Bengaluru,Mobile,Premium,Female,25-34
U04074,2024-10-15,Black Friday,CMP103,Australia,Melbourne,Mobile,Basic,Female,35-44
U04075,2024-02-08,Google Ads,CMP120,Canada,Vancouver,Mobile,Premium,Female,25-34
U04076,2024-12-05,Google Ads,CMP102,UK,Manchester,Tablet,Premium,Male,18-24
U04077,2024-07-20,Facebook,CMP104,Australia,Sydney,Tablet,Premium,Male,18-24
U04078,2024-06-02,LinkedIn,CMP110,UK,Manchester,Desktop,Free,Male,25-34
U04079,2024-01-21,Google Ads,CMP116,Australia,Melbourne,Tablet,Basic,Female,25-34
U04080,2024-01-14,Black Friday,CMP118,Canada,Toronto,Desktop,Free,Male,35-44
U04081,2024-12-15,Google Ads,CMP103,USA,New York,Tablet,Basic,Female,18-24
U04082,2024-12-25,Referral,CMP107,USA,Austin,Mobile,Basic,Male,35-44
U04083,2024-02-16,Black Friday,CMP103,USA,Seattle,Mobile,Basic,Male,35-44
U04084,2024-09-01,Facebook,CMP119,Canada,Toronto,Tablet,Free,Female,45-54
U04085,2024-11-07,Organic,CMP105,UK,London,Mobile,Basic,Female,45-54
U04086,2024-01-05,Referral,CMP120,India,Chennai,Mobile,Free,Female,25-34
U04087,2024-05-14,Black Friday,CMP112,Canada,Vancouver,Mobile,Free,Male,45-54
U04088,2024-12-20,LinkedIn,CMP114,USA,Seattle,Desktop,Free,Male,45-54
U04089,2024-05-02,Google Ads,CMP104,UK,London,Mobile,Free,Male,18-24
U04090,2024-12-22,Google Ads,CMP117,Australia,Sydney,Mobile,Free,Male,35-44
U04091,2024-10-30,Referral,CMP102,UK,London,Tablet,Premium,Male,18-24
U04092,2024-10-23,Black Friday,CMP114,Germany,Munich,Desktop,Free,Male,18-24
U04093,2024-10-20,Black Friday,CMP119,India,Bengaluru,Mobile,Premium,Male,18-24
U04094,2024-12-09,Google Ads,CMP111,USA,Austin,Tablet,Premium,Male,18-24
U04095,2024-08-14,Google Ads,CMP114,USA,Seattle,Desktop,Basic,Male,35-44
U04096,2024-12-30,Organic,CMP116,Australia,Sydney,Mobile,Premium,Male,18-24
U04097,2024-11-12,Referral,CMP116,India,Coimbatore,Mobile,Basic,Male,18-24
U04098,2024-05-02,Google Ads,CMP106,Australia,Sydney,Mobile,Basic,Female,35-44
U04099,2024-08-08,LinkedIn,CMP103,India,Coimbatore,Tablet,Basic,Female,35-44
U04100,2024-01-30,LinkedIn,CMP115,Australia,Melbourne,Tablet,Free,Female,45-54
U04101,2024-03-18,Organic,CMP113,USA,Seattle,Mobile,Free,Female,18-24
U04102,2024-04-10,LinkedIn,CMP117,Australia,Sydney,Mobile,Premium,Male,35-44
U04103,2024-12-19,Organic,CMP107,Germany,Munich,Mobile,Free,Female,45-54
U04104,2024-08-24,Organic,CMP112,India,Bengaluru,Tablet,Basic,Female,45-54
U04105,2024-07-22,Referral,CMP108,Australia,Sydney,Mobile,Free,Female,18-24
U04106,2024-01-15,Organic,CMP111,Germany,Berlin,Mobile,Premium,Female,18-24
U04107,2024-05-20,Organic,CMP118,Australia,Melbourne,Mobile,Free,Male,25-34
U04108,2024-06-01,Organic,CMP113,USA,Austin,Tablet,Basic,Female,35-44
U04109,2024-12-22,Black Friday,CMP117,Canada,Toronto,Tablet,Premium,Male,25-34
U04110,2024-08-27,Referral,CMP101,UK,Manchester,Mobile,Free,Female,25-34
U04111,2024-12-17,Referral,CMP111,UK,Manchester,Desktop,Basic,Male,25-34
U04112,2024-11-13,Referral,CMP114,India,Chennai,Mobile,Basic,Male,25-34
U04113,2024-08-07,Referral,CMP118,Germany,Berlin,Tablet,Premium,Female,25-34
U04114,2024-07-21,Black Friday,CMP107,Canada,Toronto,Mobile,Premium,Male,18-24
U04115,2024-05-12,Google Ads,CMP114,Australia,Melbourne,Desktop,Basic,Female,45-54
U04116,2024-08-03,Referral,CMP114,UK,Manchester,Tablet,Basic,Male,45-54
U04117,2024-04-28,Organic,CMP105,Germany,Berlin,Desktop,Free,Male,45-54
U04118,2024-06-19,Google Ads,CMP119,UK,Manchester,Desktop,Basic,Male,18-24
U04119,2024-05-13,Referral,CMP110,UK,London,Tablet,Free,Male,35-44
U04120,2024-05-09,Facebook,CMP115,India,Chennai,Tablet,Free,Female,25-34
U04121,2024-12-25,Organic,CMP103,Germany,Munich,Tablet,Basic,Male,18-24
U04122,2024-06-06,Organic,CMP107,Germany,Munich,Mobile,Free,Male,45-54
U04123,2024-01-12,Facebook,CMP111,UK,Manchester,Desktop,Basic,Female,25-34
U04124,2024-07-22,Google Ads,CMP113,Canada,Vancouver,Mobile,Basic,Female,18-24
U04125,2024-05-16,Google Ads,CMP110,India,Bengaluru,Desktop,Premium,Female,35-44
U04126,2024-06-22,Facebook,CMP114,Canada,Vancouver,Mobile,Free,Male,18-24
U04127,2024-02-14,Referral,CMP114,India,Bengaluru,Mobile,Free,Female,25-34
U04128,2024-04-22,LinkedIn,CMP119,Canada,Vancouver,Desktop,Premium,Male,18-24
U04129,2024-11-29,LinkedIn,CMP107,Australia,Melbourne,Tablet,Free,Female,18-24
U04130,2024-10-24,Black Friday,CMP115,UK,London,Tablet,Free,Female,18-24
U04131,2024-11-05,Organic,CMP114,Canada,Vancouver,Mobile,Premium,Male,18-24
U04132,2024-04-06,Black Friday,CMP109,Germany,Berlin,Mobile,Basic,Female,35-44
U04133,2024-04-06,LinkedIn,CMP115,Australia,Sydney,Mobile,Premium,Female,25-34
U04134,2024-09-06,Facebook,CMP119,Canada,Vancouver,Tablet,Free,Female,25-34
U04135,2024-10-31,Facebook,CMP110,UK,Manchester,Desktop,Premium,Female,35-44
U04136,2024-03-11,Black Friday,CMP116,India,Bengaluru,Tablet,Basic,Female,25-34
U04137,2024-08-31,Google Ads,CMP117,UK,London,Mobile,Free,Female,18-24
U04138,2024-11-27,Google Ads,CMP109,Germany,Munich,Desktop,Premium,Female,35-44
U04139,2024-10-26,Google Ads,CMP111,USA,Seattle,Mobile,Basic,Male,25-34
U04140,2024-03-24,Facebook,CMP117,Germany,Munich,Tablet,Free,Male,18-24
U04141,2024-02-16,Organic,CMP115,Germany,Berlin,Mobile,Premium,Female,35-44
U04142,2024-08-17,Organic,CMP108,Germany,Berlin,Desktop,Premium,Female,35-44
U04143,2024-02-16,Facebook,CMP106,Australia,Sydney,Desktop,Premium,Female,25-34
U04144,2024-10-04,Black Friday,CMP107,USA,Austin,Mobile,Premium,Female,35-44
U04145,2024-07-26,LinkedIn,CMP119,Australia,Sydney,Tablet,Free,Male,25-34
U04146,2024-07-31,LinkedIn,CMP109,UK,Manchester,Tablet,Basic,Male,18-24
U04147,2024-06-23,Referral,CMP105,Canada,Toronto,Tablet,Basic,Male,35-44
U04148,2024-02-07,Organic,CMP116,Australia,Sydney,Mobile,Basic,Male,18-24
U04149,2024-06-02,Facebook,CMP109,Germany,Munich,Tablet,Premium,Male,18-24
U04150,2024-10-25,Google Ads,CMP102,Canada,Vancouver,Desktop,Basic,Male,35-44
U04151,2024-09-07,Black Friday,CMP117,USA,Seattle,Tablet,Basic,Male,25-34
U04152,2024-09-11,Black Friday,CMP116,Australia,Melbourne,Tablet,Premium,Female,45-54
U04153,2024-01-03,LinkedIn,CMP118,India,Bengaluru,Mobile,Premium,Male,35-44
U04154,2024-05-04,Facebook,CMP104,USA,New York,Mobile,Premium,Male,25-34
U04155,2024-03-25,LinkedIn,CMP119,Germany,Berlin,Tablet,Basic,Female,45-54
U04156,2024-01-10,Referral,CMP114,USA,Austin,Tablet,Free,Male,35-44
U04157,2024-08-23,LinkedIn,CMP110,India,Coimbatore,Tablet,Premium,Male,18-24
U04158,2024-01-01,Google Ads,CMP116,India,Chennai,Tablet,Premium,Male,45-54
U04159,2024-01-24,LinkedIn,CMP117,USA,New York,Tablet,Premium,Female,45-54
U04160,2024-10-23,Google Ads,CMP102,USA,Austin,Tablet,Free,Male,35-44
U04161,2024-09-15,Referral,CMP105,UK,Manchester,Desktop,Premium,Female,45-54
U04162,2024-07-28,Google Ads,CMP120,Australia,Melbourne,Desktop,Free,Female,35-44
U04163,2024-12-10,Facebook,CMP113,UK,Manchester,Desktop,Free,Female,45-54
U04164,2024-07-21,Black Friday,CMP109,UK,London,Tablet,Premium,Male,18-24
U04165,2024-08-16,Facebook,CMP116,Canada,Vancouver,Tablet,Basic,Male,18-24
U04166,2024-04-09,Facebook,CMP105,UK,London,Mobile,Free,Female,25-34
U04167,2024-07-22,Google Ads,CMP102,Canada,Toronto,Mobile,Premium,Female,35-44
U04168,2024-06-25,Facebook,CMP115,USA,New York,Mobile,Free,Male,45-54
U04169,2024-05-12,Black Friday,CMP113,India,Chennai,Desktop,Free,Female,35-44
U04170,2024-03-16,Google Ads,CMP109,Australia,Melbourne,Desktop,Premium,Female,35-44
U04171,2024-03-03,Facebook,CMP118,USA,New York,Desktop,Premium,Male,18-24
U04172,2024-07-02,LinkedIn,CMP114,USA,Seattle,Mobile,Free,Male,45-54
U04173,2024-08-10,Google Ads,CMP109,USA,New York,Mobile,Premium,Female,45-54
U04174,2024-03-22,Google Ads,CMP115,Canada,Toronto,Mobile,Basic,Male,25-34
U04175,2024-06-21,Google Ads,CMP104,Canada,Toronto,Mobile,Free,Female,18-24
U04176,2024-01-04,Black Friday,CMP119,Canada,Vancouver,Mobile,Premium,Male,35-44
U04177,2024-01-18,Black Friday,CMP115,USA,New York,Desktop,Free,Male,25-34
U04178,2024-04-10,Organic,CMP118,Australia,Sydney,Tablet,Basic,Female,45-54
U04179,2024-11-20,Google Ads,CMP112,India,Bengaluru,Desktop,Premium,Male,35-44
U04180,2024-08-25,LinkedIn,CMP104,USA,Seattle,Tablet,Premium,Female,18-24
U04181,2024-09-01,Referral,CMP113,Germany,Berlin,Tablet,Premium,Female,35-44
U04182,2024-07-08,Facebook,CMP110,Australia,Melbourne,Tablet,Premium,Male,18-24
U04183,2024-07-07,Black Friday,CMP118,Germany,Berlin,Desktop,Premium,Male,45-54
U04184,2024-05-28,Facebook,CMP107,India,Bengaluru,Mobile,Premium,Female,25-34
U04185,2024-11-27,LinkedIn,CMP117,Canada,Vancouver,Tablet,Free,Female,25-34
U04186,2024-09-26,Google Ads,CMP119,Canada,Toronto,Mobile,Premium,Female,45-54
U04187,2024-12-12,Referral,CMP107,Australia,Sydney,Mobile,Premium,Female,18-24
U04188,2024-05-01,Organic,CMP120,USA,Seattle,Desktop,Premium,Female,35-44
U04189,2024-07-04,Black Friday,CMP101,India,Chennai,Desktop,Free,Female,45-54
U04190,2024-08-10,Black Friday,CMP117,Australia,Melbourne,Tablet,Premium,Male,45-54
U04191,2024-11-26,Google Ads,CMP110,Germany,Munich,Desktop,Basic,Male,35-44
U04192,2024-10-17,Black Friday,CMP118,Canada,Vancouver,Mobile,Free,Female,18-24
U04193,2024-01-01,Referral,CMP111,USA,New York,Desktop,Free,Female,45-54
U04194,2024-03-27,Organic,CMP111,USA,Austin,Tablet,Basic,Male,45-54
U04195,2024-05-31,Referral,CMP114,USA,New York,Tablet,Premium,Female,35-44
U04196,2024-11-01,Organic,CMP107,UK,Manchester,Desktop,Premium,Female,45-54
U04197,2024-07-04,Black Friday,CMP112,Germany,Berlin,Mobile,Basic,Male,45-54
U04198,2024-04-21,Organic,CMP105,India,Bengaluru,Mobile,Free,Male,45-54
U04199,2024-04-14,Black Friday,CMP113,Germany,Berlin,Tablet,Premium,Male,35-44
U04200,2024-07-18,LinkedIn,CMP107,Australia,Sydney,Mobile,Premium,Male,35-44
U04201,2024-09-15,Facebook,CMP119,Germany,Berlin,Tablet,Free,Female,45-54
U04202,2024-01-03,Referral,CMP104,India,Chennai,Tablet,Free,Female,45-54
U04203,2024-07-21,Black Friday,CMP101,Australia,Melbourne,Mobile,Premium,Male,45-54
U04204,2024-06-07,LinkedIn,CMP118,UK,London,Tablet,Basic,Female,35-44
U04205,2024-11-18,Organic,CMP116,UK,Manchester,Mobile,Premium,Male,25-34
U04206,2024-09-10,LinkedIn,CMP110,India,Bengaluru,Tablet,Premium,Female,18-24
U04207,2024-01-08,Facebook,CMP116,UK,London,Tablet,Basic,Female,45-54
U04208,2024-10-21,Facebook,CMP116,UK,London,Tablet,Free,Female,18-24
U04209,2024-12-30,Google Ads,CMP117,UK,London,Tablet,Basic,Female,45-54
U04210,2024-06-25,Referral,CMP107,India,Coimbatore,Tablet,Basic,Female,45-54
U04211,2024-02-16,Referral,CMP118,Canada,Toronto,Desktop,Basic,Male,35-44
U04212,2024-06-30,Referral,CMP113,India,Bengaluru,Desktop,Premium,Male,18-24
U04213,2024-07-21,Black Friday,CMP111,USA,New York,Mobile,Free,Male,45-54
U04214,2024-05-23,Referral,CMP106,Germany,Munich,Mobile,Basic,Male,35-44
U04215,2024-05-08,LinkedIn,CMP120,Canada,Vancouver,Mobile,Free,Male,18-24
U04216,2024-12-17,LinkedIn,CMP102,UK,London,Tablet,Basic,Male,18-24
U04217,2024-09-23,Organic,CMP107,Canada,Vancouver,Desktop,Basic,Female,45-54
U04218,2024-08-06,Facebook,CMP119,India,Chennai,Mobile,Basic,Female,35-44
U04219,2024-08-13,LinkedIn,CMP114,UK,London,Tablet,Premium,Male,45-54
U04220,2024-02-11,Google Ads,CMP104,USA,Austin,Mobile,Free,Female,35-44
U04221,2024-06-28,LinkedIn,CMP117,Canada,Toronto,Tablet,Premium,Male,18-24
U04222,2024-06-03,Facebook,CMP117,India,Bengaluru,Mobile,Free,Male,35-44
U04223,2024-03-08,LinkedIn,CMP113,Canada,Toronto,Mobile,Free,Female,35-44
U04224,2024-01-01,Google Ads,CMP119,India,Coimbatore,Desktop,Free,Male,18-24
U04225,2024-01-16,Google Ads,CMP110,India,Coimbatore,Desktop,Free,Male,35-44
U04226,2024-10-13,LinkedIn,CMP103,India,Bengaluru,Desktop,Premium,Male,25-34
U04227,2024-07-24,Black Friday,CMP112,Australia,Sydney,Desktop,Basic,Male,18-24
U04228,2024-12-09,Referral,CMP108,Australia,Melbourne,Tablet,Basic,Male,45-54
U04229,2024-12-04,Organic,CMP116,Germany,Berlin,Tablet,Free,Female,25-34
U04230,2024-11-01,Black Friday,CMP106,USA,Seattle,Tablet,Basic,Male,45-54
U04231,2024-12-25,Referral,CMP114,India,Chennai,Mobile,Premium,Male,25-34
U04232,2024-03-12,Google Ads,CMP109,India,Bengaluru,Desktop,Free,Male,18-24
U04233,2024-10-15,Organic,CMP102,UK,London,Desktop,Premium,Male,45-54
U04234,2024-09-10,Referral,CMP118,UK,Manchester,Desktop,Free,Female,35-44
U04235,2024-10-03,LinkedIn,CMP113,India,Chennai,Mobile,Premium,Male,45-54
U04236,2024-03-08,Organic,CMP108,Australia,Sydney,Desktop,Premium,Female,18-24
U04237,2024-08-07,LinkedIn,CMP103,UK,London,Mobile,Free,Female,18-24
U04238,2024-11-25,Referral,CMP103,India,Chennai,Tablet,Premium,Male,25-34
U04239,2024-12-13,Referral,CMP108,Canada,Toronto,Mobile,Free,Female,35-44
U04240,2024-10-25,Referral,CMP116,Australia,Sydney,Mobile,Basic,Male,25-34
U04241,2024-02-28,Black Friday,CMP111,UK,Manchester,Tablet,Premium,Male,18-24
U04242,2024-10-25,LinkedIn,CMP104,Australia,Melbourne,Tablet,Free,Female,35-44
U04243,2024-01-16,Google Ads,CMP103,UK,London,Mobile,Free,Male,45-54
U04244,2024-01-04,Organic,CMP113,Canada,Vancouver,Mobile,Premium,Male,35-44
U04245,2024-05-10,LinkedIn,CMP102,Australia,Sydney,Tablet,Premium,Female,18-24
U04246,2024-05-11,Referral,CMP108,India,Coimbatore,Desktop,Premium,Female,35-44
U04247,2024-05-23,Facebook,CMP101,Canada,Vancouver,Mobile,Premium,Female,18-24
U04248,2024-07-30,Black Friday,CMP115,USA,Austin,Desktop,Basic,Female,25-34
U04249,2024-12-16,Black Friday,CMP118,Canada,Vancouver,Tablet,Premium,Male,45-54
U04250,2024-05-12,Referral,CMP109,USA,New York,Desktop,Free,Male,35-44
U04251,2024-11-13,LinkedIn,CMP115,UK,Manchester,Mobile,Basic,Male,35-44
U04252,2024-08-20,LinkedIn,CMP120,Germany,Berlin,Tablet,Basic,Male,18-24
U04253,2024-02-19,Facebook,CMP116,Germany,Berlin,Tablet,Premium,Female,18-24
U04254,2024-08-28,Black Friday,CMP113,UK,Manchester,Tablet,Free,Male,45-54
U04255,2024-03-07,LinkedIn,CMP113,Canada,Toronto,Mobile,Basic,Female,25-34
U04256,2024-10-03,LinkedIn,CMP101,Germany,Berlin,Desktop,Premium,Male,35-44
U04257,2024-07-23,Referral,CMP114,Canada,Vancouver,Tablet,Free,Male,45-54
U04258,2024-07-08,Google Ads,CMP116,Germany,Munich,Tablet,Basic,Male,25-34
U04259,2024-02-02,LinkedIn,CMP105,UK,London,Mobile,Premium,Male,35-44
U04260,2024-03-16,Google Ads,CMP107,UK,Manchester,Mobile,Basic,Female,18-24
U04261,2024-01-01,Facebook,CMP117,Canada,Vancouver,Tablet,Basic,Male,45-54
U04262,2024-04-02,Facebook,CMP102,India,Coimbatore,Mobile,Free,Female,25-34
U04263,2024-06-18,Organic,CMP107,USA,Seattle,Mobile,Premium,Female,35-44
U04264,2024-07-30,Facebook,CMP120,India,Bengaluru,Mobile,Basic,Male,25-34
U04265,2024-03-17,Black Friday,CMP104,USA,New York,Tablet,Free,Male,35-44
U04266,2024-05-12,Google Ads,CMP104,Australia,Melbourne,Tablet,Premium,Male,35-44
U04267,2024-01-16,LinkedIn,CMP117,Canada,Toronto,Desktop,Premium,Male,45-54
U04268,2024-09-03,Referral,CMP105,Canada,Vancouver,Mobile,Free,Male,18-24
U04269,2024-08-06,Google Ads,CMP108,Canada,Toronto,Mobile,Basic,Male,18-24
U04270,2024-11-30,Organic,CMP119,India,Coimbatore,Mobile,Basic,Male,45-54
U04271,2024-06-25,Referral,CMP120,Germany,Munich,Mobile,Premium,Female,35-44
U04272,2024-09-15,LinkedIn,CMP110,Germany,Munich,Mobile,Basic,Male,35-44
U04273,2024-09-14,Referral,CMP105,Canada,Toronto,Tablet,Basic,Male,35-44
U04274,2024-06-08,Black Friday,CMP106,UK,London,Tablet,Basic,Male,35-44
U04275,2024-02-29,LinkedIn,CMP117,India,Bengaluru,Tablet,Free,Male,35-44
U04276,2024-01-24,Facebook,CMP111,USA,Austin,Mobile,Premium,Male,45-54
U04277,2024-03-22,Facebook,CMP115,India,Coimbatore,Desktop,Basic,Female,45-54
U04278,2024-12-28,Referral,CMP105,India,Bengaluru,Tablet,Basic,Female,35-44
U04279,2024-12-27,Referral,CMP115,Australia,Sydney,Tablet,Premium,Male,18-24
U04280,2024-11-16,Facebook,CMP107,Germany,Berlin,Tablet,Free,Female,35-44
U04281,2024-11-05,Organic,CMP112,USA,Seattle,Mobile,Basic,Male,18-24
U04282,2024-12-02,Organic,CMP116,Australia,Melbourne,Tablet,Free,Female,35-44
U04283,2024-04-22,Black Friday,CMP104,India,Chennai,Desktop,Free,Female,35-44
U04284,2024-07-01,Referral,CMP120,USA,Austin,Desktop,Basic,Female,35-44
U04285,2024-05-18,Google Ads,CMP103,USA,Seattle,Tablet,Basic,Male,18-24
U04286,2024-12-15,Google Ads,CMP108,UK,London,Desktop,Premium,Female,25-34
U04287,2024-11-14,Referral,CMP115,Germany,Berlin,Mobile,Free,Male,25-34
U04288,2024-11-20,Google Ads,CMP110,UK,Manchester,Tablet,Premium,Female,35-44
U04289,2024-12-30,Black Friday,CMP112,Canada,Vancouver,Tablet,Free,Male,45-54
U04290,2024-09-19,Organic,CMP105,Germany,Berlin,Desktop,Premium,Male,45-54
U04291,2024-11-06,Google Ads,CMP115,UK,Manchester,Mobile,Premium,Male,45-54
U04292,2024-05-27,Organic,CMP107,Canada,Toronto,Mobile,Free,Male,25-34
U04293,2024-04-27,Facebook,CMP109,Canada,Toronto,Desktop,Free,Female,45-54
U04294,2024-04-15,Organic,CMP110,Australia,Sydney,Desktop,Premium,Female,35-44
U04295,2024-08-23,Black Friday,CMP116,Germany,Munich,Mobile,Basic,Male,25-34
U04296,2024-07-25,LinkedIn,CMP112,Germany,Munich,Mobile,Free,Female,45-54
U04297,2024-03-12,Referral,CMP105,USA,New York,Mobile,Premium,Male,18-24
U04298,2024-10-24,Referral,CMP114,USA,Seattle,Mobile,Basic,Female,45-54
U04299,2024-03-09,Facebook,CMP107,Germany,Berlin,Mobile,Free,Female,35-44
U04300,2024-11-25,LinkedIn,CMP119,Canada,Toronto,Tablet,Free,Female,45-54
U04301,2024-12-03,Organic,CMP109,Germany,Munich,Mobile,Free,Male,25-34
U04302,2024-05-09,Facebook,CMP107,Australia,Melbourne,Tablet,Premium,Female,18-24
U04303,2024-02-27,Black Friday,CMP110,Canada,Vancouver,Desktop,Free,Male,35-44
U04304,2024-04-02,Organic,CMP113,India,Bengaluru,Mobile,Basic,Male,45-54
U04305,2024-12-28,Facebook,CMP118,India,Bengaluru,Tablet,Free,Female,35-44
U04306,2024-11-16,Organic,CMP103,Canada,Vancouver,Tablet,Basic,Female,35-44
U04307,2024-10-09,Black Friday,CMP112,Australia,Melbourne,Mobile,Free,Male,45-54
U04308,2024-10-20,Organic,CMP107,USA,Austin,Mobile,Premium,Female,35-44
U04309,2024-10-22,Google Ads,CMP116,Germany,Munich,Desktop,Basic,Female,45-54
U04310,2024-09-06,Referral,CMP107,UK,Manchester,Tablet,Basic,Male,25-34
U04311,2024-06-07,LinkedIn,CMP109,India,Bengaluru,Mobile,Premium,Female,25-34
U04312,2024-10-11,Referral,CMP118,India,Coimbatore,Mobile,Basic,Female,25-34
U04313,2024-04-08,Referral,CMP120,USA,New York,Tablet,Basic,Female,18-24
U04314,2024-07-05,Organic,CMP104,India,Chennai,Mobile,Free,Male,35-44
U04315,2024-06-06,Organic,CMP110,Canada,Vancouver,Mobile,Premium,Male,45-54
U04316,2024-05-08,Referral,CMP106,Germany,Berlin,Desktop,Premium,Male,18-24
U04317,2024-01-02,Referral,CMP113,Australia,Sydney,Desktop,Basic,Female,18-24
U04318,2024-06-08,Black Friday,CMP120,Australia,Sydney,Desktop,Basic,Male,18-24
U04319,2024-07-14,Referral,CMP119,Germany,Munich,Desktop,Premium,Male,45-54
U04320,2024-08-19,Organic,CMP119,USA,Seattle,Desktop,Free,Male,25-34
U04321,2024-04-09,Google Ads,CMP114,Germany,Munich,Mobile,Premium,Male,18-24
U04322,2024-07-05,LinkedIn,CMP119,Canada,Vancouver,Mobile,Basic,Female,45-54
U04323,2024-02-23,Black Friday,CMP112,Australia,Melbourne,Tablet,Basic,Male,25-34
U04324,2024-09-07,Organic,CMP104,Germany,Berlin,Tablet,Basic,Female,18-24
U04325,2024-08-26,LinkedIn,CMP107,Australia,Sydney,Tablet,Basic,Male,45-54
U04326,2024-09-17,LinkedIn,CMP117,UK,Manchester,Mobile,Free,Female,45-54
U04327,2024-04-12,Referral,CMP113,UK,Manchester,Tablet,Basic,Male,25-34
U04328,2024-07-29,Facebook,CMP116,UK,London,Mobile,Basic,Male,25-34
U04329,2024-09-07,LinkedIn,CMP114,Germany,Munich,Tablet,Basic,Female,35-44
U04330,2024-09-22,Black Friday,CMP113,Germany,Munich,Tablet,Basic,Female,45-54
U04331,2024-02-10,Facebook,CMP108,UK,Manchester,Desktop,Basic,Female,18-24
U04332,2024-11-22,Facebook,CMP101,USA,Austin,Mobile,Basic,Female,25-34
U04333,2024-11-03,Organic,CMP118,Australia,Melbourne,Tablet,Premium,Female,35-44
U04334,2024-04-26,Referral,CMP109,Australia,Melbourne,Mobile,Free,Female,35-44
U04335,2024-05-23,Organic,CMP116,Canada,Toronto,Desktop,Free,Male,25-34
U04336,2024-09-30,LinkedIn,CMP119,UK,London,Mobile,Premium,Male,25-34
U04337,2024-07-27,LinkedIn,CMP110,Canada,Toronto,Tablet,Basic,Male,45-54
U04338,2024-04-23,Google Ads,CMP102,Germany,Munich,Mobile,Basic,Male,45-54
U04339,2024-04-21,Black Friday,CMP109,USA,New York,Desktop,Free,Male,25-34
U04340,2024-07-27,Referral,CMP108,UK,Manchester,Tablet,Premium,Female,25-34
U04341,2024-04-13,LinkedIn,CMP115,UK,Manchester,Tablet,Basic,Female,45-54
U04342,2024-08-09,Organic,CMP108,Australia,Sydney,Mobile,Basic,Male,45-54
U04343,2024-05-15,Facebook,CMP120,India,Chennai,Mobile,Premium,Female,18-24
U04344,2024-01-28,Organic,CMP106,India,Bengaluru,Desktop,Basic,Male,45-54
U04345,2024-09-30,Black Friday,CMP120,India,Coimbatore,Mobile,Basic,Female,35-44
U04346,2024-10-30,LinkedIn,CMP119,Germany,Munich,Mobile,Premium,Male,25-34
U04347,2024-01-12,Organic,CMP109,Germany,Munich,Mobile,Basic,Female,35-44
U04348,2024-05-18,LinkedIn,CMP117,Australia,Sydney,Desktop,Free,Female,25-34
U04349,2024-07-28,Google Ads,CMP115,India,Chennai,Tablet,Basic,Female,35-44
U04350,2024-08-09,Organic,CMP116,Germany,Berlin,Tablet,Premium,Male,25-34
U04351,2024-11-03,Google Ads,CMP113,USA,New York,Mobile,Premium,Male,25-34
U04352,2024-04-06,LinkedIn,CMP109,Germany,Munich,Tablet,Premium,Female,18-24
U04353,2024-12-24,Google Ads,CMP108,Australia,Melbourne,Desktop,Premium,Female,18-24
U04354,2024-06-20,Referral,CMP101,Australia,Melbourne,Tablet,Free,Male,45-54
U04355,2024-11-24,Organic,CMP101,UK,Manchester,Desktop,Free,Female,18-24
U04356,2024-08-20,Google Ads,CMP118,Canada,Vancouver,Desktop,Premium,Female,25-34
U04357,2024-01-06,Facebook,CMP117,USA,Austin,Desktop,Free,Female,35-44
U04358,2024-12-03,Black Friday,CMP101,UK,Manchester,Desktop,Premium,Male,45-54
U04359,2024-04-04,Organic,CMP120,Canada,Toronto,Mobile,Free,Female,25-34
U04360,2024-12-05,Facebook,CMP108,Germany,Berlin,Desktop,Basic,Female,35-44
U04361,2024-05-13,Organic,CMP118,UK,Manchester,Tablet,Premium,Male,18-24
U04362,2024-04-12,Black Friday,CMP102,USA,Austin,Tablet,Basic,Female,18-24
U04363,2024-06-24,LinkedIn,CMP120,USA,Seattle,Mobile,Free,Female,25-34
U04364,2024-04-15,Organic,CMP105,Australia,Melbourne,Desktop,Free,Male,18-24
U04365,2024-11-03,Google Ads,CMP112,USA,Austin,Desktop,Basic,Male,25-34
U04366,2024-01-16,Referral,CMP119,Germany,Berlin,Desktop,Basic,Male,25-34
U04367,2024-12-15,Google Ads,CMP106,Germany,Berlin,Mobile,Free,Female,25-34
U04368,2024-02-17,Facebook,CMP101,Canada,Toronto,Desktop,Free,Male,18-24
U04369,2024-12-06,Google Ads,CMP102,Canada,Vancouver,Tablet,Free,Male,35-44
U04370,2024-09-27,Black Friday,CMP102,India,Bengaluru,Mobile,Free,Female,35-44
U04371,2024-09-28,Black Friday,CMP115,UK,London,Tablet,Basic,Female,45-54
U04372,2024-11-03,Google Ads,CMP119,Germany,Berlin,Desktop,Premium,Female,35-44
U04373,2024-05-01,Organic,CMP112,Canada,Toronto,Tablet,Free,Female,25-34
U04374,2024-12-13,Referral,CMP105,USA,Austin,Desktop,Free,Female,18-24
U04375,2024-09-15,Google Ads,CMP112,UK,Manchester,Tablet,Basic,Female,18-24
U04376,2024-06-21,Referral,CMP102,UK,London,Mobile,Premium,Male,45-54
U04377,2024-11-13,Facebook,CMP109,UK,Manchester,Desktop,Free,Female,18-24
U04378,2024-12-28,Referral,CMP118,UK,Manchester,Tablet,Premium,Male,35-44
U04379,2024-01-16,Referral,CMP105,Canada,Vancouver,Desktop,Basic,Female,18-24
U04380,2024-05-01,Organic,CMP115,UK,Manchester,Tablet,Basic,Female,35-44
U04381,2024-11-03,Google Ads,CMP112,Australia,Melbourne,Tablet,Premium,Male,18-24
U04382,2024-09-16,Google Ads,CMP105,Australia,Melbourne,Desktop,Basic,Female,45-54
U04383,2024-08-19,LinkedIn,CMP116,Australia,Melbourne,Desktop,Premium,Male,35-44
U04384,2024-05-25,Organic,CMP105,Australia,Sydney,Tablet,Basic,Male,35-44
U04385,2024-10-27,LinkedIn,CMP120,USA,Austin,Tablet,Free,Male,45-54
U04386,2024-02-01,Facebook,CMP111,Australia,Melbourne,Tablet,Basic,Female,45-54
U04387,2024-08-24,Black Friday,CMP104,UK,Manchester,Desktop,Free,Male,35-44
U04388,2024-08-03,LinkedIn,CMP104,Australia,Sydney,Desktop,Basic,Male,35-44
U04389,2024-01-16,LinkedIn,CMP114,USA,Austin,Desktop,Premium,Male,45-54
U04390,2024-06-03,Google Ads,CMP105,India,Coimbatore,Mobile,Premium,Female,45-54
U04391,2024-07-03,Organic,CMP110,USA,Austin,Mobile,Premium,Male,35-44
U04392,2024-02-22,Black Friday,CMP102,Germany,Berlin,Desktop,Basic,Female,35-44
U04393,2024-10-11,Facebook,CMP112,USA,Austin,Tablet,Basic,Female,45-54
U04394,2024-04-05,LinkedIn,CMP118,India,Bengaluru,Mobile,Free,Female,45-54
U04395,2024-12-24,LinkedIn,CMP117,Germany,Berlin,Tablet,Premium,Female,18-24
U04396,2024-06-03,Referral,CMP103,Australia,Sydney,Tablet,Basic,Male,35-44
U04397,2024-04-12,LinkedIn,CMP103,India,Coimbatore,Desktop,Premium,Female,35-44
U04398,2024-03-22,Black Friday,CMP119,India,Coimbatore,Tablet,Free,Male,45-54
U04399,2024-10-11,Organic,CMP120,Germany,Berlin,Mobile,Premium,Female,18-24
U04400,2024-09-25,Referral,CMP117,Canada,Vancouver,Tablet,Premium,Male,18-24
U04401,2024-01-18,Facebook,CMP118,UK,London,Tablet,Free,Male,18-24
U04402,2024-07-08,Google Ads,CMP102,USA,New York,Desktop,Basic,Male,18-24
U04403,2024-11-08,Google Ads,CMP108,Australia,Sydney,Tablet,Basic,Male,45-54
U04404,2024-10-27,Google Ads,CMP101,India,Bengaluru,Tablet,Free,Female,25-34
U04405,2024-12-01,Referral,CMP118,India,Bengaluru,Mobile,Premium,Female,35-44
U04406,2024-08-18,Organic,CMP114,Canada,Vancouver,Desktop,Basic,Male,35-44
U04407,2024-03-10,Organic,CMP118,Australia,Sydney,Desktop,Premium,Male,25-34
U04408,2024-05-30,Black Friday,CMP113,USA,Austin,Desktop,Basic,Female,25-34
U04409,2024-07-30,Facebook,CMP101,UK,Manchester,Desktop,Premium,Male,25-34
U04410,2024-09-10,LinkedIn,CMP114,Canada,Toronto,Desktop,Premium,Female,18-24
U04411,2024-12-15,Referral,CMP116,Australia,Melbourne,Desktop,Basic,Male,35-44
U04412,2024-07-17,LinkedIn,CMP103,Canada,Vancouver,Desktop,Basic,Male,35-44
U04413,2024-05-07,Facebook,CMP111,India,Coimbatore,Desktop,Basic,Male,25-34
U04414,2024-11-10,Organic,CMP105,UK,Manchester,Tablet,Free,Female,35-44
U04415,2024-10-28,LinkedIn,CMP114,Germany,Berlin,Mobile,Premium,Male,25-34
U04416,2024-10-22,Google Ads,CMP105,USA,Austin,Desktop,Premium,Female,25-34
U04417,2024-04-05,Google Ads,CMP115,India,Chennai,Mobile,Basic,Female,18-24
U04418,2024-07-17,Black Friday,CMP103,Australia,Sydney,Tablet,Basic,Female,35-44
U04419,2024-12-27,Facebook,CMP116,Canada,Toronto,Mobile,Basic,Female,35-44
U04420,2024-10-26,Black Friday,CMP111,Germany,Munich,Tablet,Basic,Female,45-54
U04421,2024-09-14,Referral,CMP101,Germany,Berlin,Desktop,Basic,Male,25-34
U04422,2024-07-21,Black Friday,CMP116,Australia,Melbourne,Desktop,Premium,Female,35-44
U04423,2024-04-19,Google Ads,CMP106,Germany,Munich,Mobile,Basic,Female,18-24
U04424,2024-05-10,Facebook,CMP107,Germany,Munich,Desktop,Free,Male,18-24
U04425,2024-05-29,Organic,CMP117,USA,Austin,Desktop,Basic,Female,18-24
U04426,2024-07-07,Organic,CMP108,USA,Austin,Mobile,Premium,Male,35-44
U04427,2024-12-09,Organic,CMP111,Australia,Melbourne,Desktop,Premium,Male,25-34
U04428,2024-04-24,Referral,CMP111,UK,London,Tablet,Free,Female,25-34
U04429,2024-04-05,Black Friday,CMP119,USA,Seattle,Desktop,Basic,Female,25-34
U04430,2024-04-05,Black Friday,CMP119,Germany,Berlin,Desktop,Free,Male,25-34
U04431,2024-10-07,Organic,CMP113,India,Chennai,Tablet,Premium,Male,45-54
U04432,2024-01-23,Facebook,CMP105,India,Chennai,Tablet,Free,Female,35-44
U04433,2024-08-23,Facebook,CMP119,Australia,Melbourne,Desktop,Premium,Male,35-44
U04434,2024-03-08,Organic,CMP106,Germany,Munich,Tablet,Premium,Female,18-24
U04435,2024-02-27,Google Ads,CMP111,UK,London,Mobile,Basic,Male,45-54
U04436,2024-09-02,Black Friday,CMP112,Australia,Sydney,Mobile,Free,Female,18-24
U04437,2024-01-06,Google Ads,CMP105,Canada,Toronto,Desktop,Premium,Female,35-44
U04438,2024-06-22,LinkedIn,CMP104,USA,Austin,Desktop,Free,Male,18-24
U04439,2024-05-25,Organic,CMP120,USA,New York,Desktop,Basic,Male,18-24
U04440,2024-04-01,LinkedIn,CMP114,Germany,Munich,Desktop,Free,Male,25-34
U04441,2024-04-13,Organic,CMP114,Germany,Munich,Desktop,Premium,Male,45-54
U04442,2024-03-15,LinkedIn,CMP111,UK,Manchester,Desktop,Free,Female,45-54
U04443,2024-03-12,Black Friday,CMP108,India,Coimbatore,Tablet,Basic,Male,25-34
U04444,2024-08-20,Facebook,CMP104,Australia,Sydney,Mobile,Basic,Female,45-54
U04445,2024-01-22,Referral,CMP101,Germany,Munich,Desktop,Free,Male,25-34
U04446,2024-02-12,Referral,CMP103,Australia,Melbourne,Desktop,Premium,Male,25-34
U04447,2024-05-03,Google Ads,CMP119,UK,London,Tablet,Free,Male,35-44
U04448,2024-05-19,Facebook,CMP119,Canada,Vancouver,Mobile,Basic,Female,45-54
U04449,2024-01-29,Referral,CMP110,Germany,Berlin,Mobile,Free,Male,18-24
U04450,2024-03-16,Google Ads,CMP113,UK,Manchester,Desktop,Premium,Female,35-44
U04451,2024-02-26,Organic,CMP105,Canada,Toronto,Desktop,Free,Male,35-44
U04452,2024-12-29,Referral,CMP117,UK,London,Desktop,Free,Male,25-34
U04453,2024-04-07,LinkedIn,CMP112,UK,London,Mobile,Basic,Male,25-34
U04454,2024-01-04,LinkedIn,CMP112,UK,Manchester,Mobile,Basic,Male,18-24
U04455,2024-10-22,Facebook,CMP104,Canada,Vancouver,Desktop,Free,Female,45-54
U04456,2024-01-17,Black Friday,CMP105,Australia,Sydney,Desktop,Free,Female,45-54
U04457,2024-02-01,Google Ads,CMP111,India,Bengaluru,Tablet,Premium,Male,25-34
U04458,2024-04-18,Referral,CMP116,Australia,Sydney,Desktop,Premium,Female,45-54
U04459,2024-09-27,LinkedIn,CMP113,India,Bengaluru,Desktop,Basic,Male,35-44
U04460,2024-11-05,LinkedIn,CMP108,India,Bengaluru,Tablet,Free,Male,18-24
U04461,2024-01-30,Facebook,CMP112,Australia,Sydney,Desktop,Premium,Male,25-34
U04462,2024-11-29,LinkedIn,CMP119,India,Chennai,Desktop,Basic,Female,18-24
U04463,2024-09-22,Black Friday,CMP109,Canada,Vancouver,Mobile,Basic,Female,35-44
U04464,2024-06-30,Black Friday,CMP111,USA,Seattle,Mobile,Basic,Female,18-24
U04465,2024-12-05,LinkedIn,CMP112,Germany,Berlin,Tablet,Basic,Female,25-34
U04466,2024-01-07,Referral,CMP111,Germany,Munich,Mobile,Premium,Male,45-54
U04467,2024-02-26,Black Friday,CMP106,Canada,Vancouver,Mobile,Free,Female,18-24
U04468,2024-03-03,LinkedIn,CMP117,Canada,Toronto,Tablet,Free,Male,25-34
U04469,2024-08-11,Referral,CMP103,India,Bengaluru,Desktop,Premium,Male,18-24
U04470,2024-11-30,Organic,CMP102,Germany,Berlin,Mobile,Basic,Female,25-34
U04471,2024-09-27,Facebook,CMP117,India,Coimbatore,Desktop,Basic,Female,18-24
U04472,2024-02-13,Black Friday,CMP119,UK,Manchester,Mobile,Premium,Female,25-34
U04473,2024-02-21,Referral,CMP111,India,Coimbatore,Tablet,Premium,Female,35-44
U04474,2024-08-10,LinkedIn,CMP115,India,Chennai,Tablet,Basic,Female,45-54
U04475,2024-12-22,Black Friday,CMP104,Canada,Toronto,Mobile,Free,Female,18-24
U04476,2024-04-14,LinkedIn,CMP108,UK,Manchester,Desktop,Premium,Male,35-44
U04477,2024-01-23,LinkedIn,CMP112,India,Chennai,Desktop,Basic,Female,45-54
U04478,2024-11-23,Google Ads,CMP112,Germany,Berlin,Tablet,Free,Male,45-54
U04479,2024-09-11,Referral,CMP115,UK,Manchester,Desktop,Basic,Male,35-44
U04480,2024-11-10,Black Friday,CMP111,Canada,Vancouver,Mobile,Premium,Male,35-44
U04481,2024-07-16,Referral,CMP119,Canada,Vancouver,Mobile,Free,Female,25-34
U04482,2024-01-19,Referral,CMP107,India,Chennai,Tablet,Basic,Female,45-54
U04483,2024-11-23,Organic,CMP105,Canada,Vancouver,Desktop,Free,Male,45-54
U04484,2024-10-26,Google Ads,CMP107,Canada,Vancouver,Mobile,Premium,Male,25-34
U04485,2024-11-17,Google Ads,CMP118,India,Coimbatore,Tablet,Free,Male,35-44
U04486,2024-11-24,Referral,CMP105,Germany,Munich,Desktop,Free,Male,35-44
U04487,2024-06-18,LinkedIn,CMP106,USA,New York,Mobile,Premium,Female,45-54
U04488,2024-05-09,Referral,CMP104,Germany,Berlin,Mobile,Premium,Male,45-54
U04489,2024-10-29,Referral,CMP107,Australia,Melbourne,Tablet,Basic,Male,45-54
U04490,2024-04-28,Google Ads,CMP105,Canada,Toronto,Tablet,Free,Male,45-54
U04491,2024-11-26,Referral,CMP114,Germany,Munich,Mobile,Free,Female,45-54
U04492,2024-07-10,Black Friday,CMP102,Australia,Melbourne,Desktop,Basic,Female,45-54
U04493,2024-10-15,LinkedIn,CMP110,India,Chennai,Mobile,Free,Female,25-34
U04494,2024-06-03,Facebook,CMP107,Australia,Melbourne,Mobile,Premium,Male,18-24
U04495,2024-12-19,LinkedIn,CMP112,UK,London,Tablet,Free,Female,25-34
U04496,2024-01-26,Facebook,CMP117,Canada,Toronto,Tablet,Free,Female,35-44
U04497,2024-08-18,Facebook,CMP114,Australia,Sydney,Tablet,Basic,Male,25-34
U04498,2024-10-22,LinkedIn,CMP118,India,Coimbatore,Desktop,Free,Female,35-44
U04499,2024-01-09,Referral,CMP109,Germany,Berlin,Tablet,Premium,Female,35-44
U04500,2024-02-24,Black Friday,CMP103,India,Chennai,Desktop,Free,Female,45-54
U04501,2024-05-13,Google Ads,CMP112,Canada,Vancouver,Tablet,Free,Male,18-24
U04502,2024-02-24,Organic,CMP117,Canada,Vancouver,Tablet,Premium,Male,25-34
U04503,2024-03-20,Referral,CMP108,Australia,Melbourne,Desktop,Basic,Male,35-44
U04504,2024-09-14,Organic,CMP104,Australia,Sydney,Desktop,Premium,Female,18-24
U04505,2024-04-06,LinkedIn,CMP112,UK,Manchester,Mobile,Premium,Male,45-54
U04506,2024-05-26,Google Ads,CMP113,Australia,Sydney,Desktop,Basic,Female,35-44
U04507,2024-08-01,Organic,CMP106,USA,New York,Mobile,Basic,Female,45-54
U04508,2024-11-14,Black Friday,CMP106,Australia,Sydney,Tablet,Free,Female,18-24
U04509,2024-09-07,LinkedIn,CMP108,India,Bengaluru,Desktop,Free,Female,45-54
U04510,2024-07-15,Referral,CMP111,India,Coimbatore,Desktop,Premium,Male,18-24
U04511,2024-08-01,Google Ads,CMP119,India,Bengaluru,Mobile,Free,Female,35-44
U04512,2024-02-25,Google Ads,CMP111,Germany,Berlin,Mobile,Basic,Male,25-34
U04513,2024-01-01,Google Ads,CMP110,USA,Seattle,Mobile,Basic,Female,45-54
U04514,2024-02-04,Referral,CMP102,Germany,Munich,Desktop,Basic,Male,35-44
U04515,2024-05-18,Google Ads,CMP107,India,Bengaluru,Mobile,Basic,Female,35-44
U04516,2024-01-07,Referral,CMP111,USA,Seattle,Mobile,Basic,Female,35-44
U04517,2024-10-09,LinkedIn,CMP120,India,Chennai,Tablet,Basic,Female,25-34
U04518,2024-10-16,Black Friday,CMP111,India,Chennai,Tablet,Basic,Male,25-34
U04519,2024-02-13,Organic,CMP104,Canada,Vancouver,Mobile,Premium,Female,18-24
U04520,2024-05-28,Facebook,CMP101,India,Chennai,Mobile,Premium,Female,45-54
U04521,2024-10-22,Google Ads,CMP119,Canada,Toronto,Desktop,Free,Female,35-44
U04522,2024-03-19,Organic,CMP106,India,Bengaluru,Mobile,Free,Female,35-44
U04523,2024-01-22,Organic,CMP120,USA,Seattle,Tablet,Basic,Female,45-54
U04524,2024-11-12,Referral,CMP117,Canada,Vancouver,Desktop,Basic,Female,18-24
U04525,2024-12-19,Google Ads,CMP115,Canada,Toronto,Tablet,Free,Male,45-54
U04526,2024-08-22,Facebook,CMP120,Australia,Sydney,Desktop,Basic,Female,18-24
U04527,2024-06-09,Google Ads,CMP104,USA,Seattle,Tablet,Free,Male,18-24
U04528,2024-04-07,Referral,CMP111,India,Chennai,Mobile,Free,Female,45-54
U04529,2024-09-30,Google Ads,CMP110,USA,New York,Tablet,Basic,Male,25-34
U04530,2024-03-16,Black Friday,CMP109,Australia,Melbourne,Mobile,Basic,Female,18-24
U04531,2024-11-18,Google Ads,CMP101,USA,New York,Desktop,Free,Female,25-34
U04532,2024-05-03,LinkedIn,CMP115,Canada,Toronto,Desktop,Basic,Female,18-24
U04533,2024-06-08,Referral,CMP107,USA,Seattle,Tablet,Premium,Female,45-54
U04534,2024-12-28,LinkedIn,CMP110,Germany,Berlin,Tablet,Premium,Female,45-54
U04535,2024-03-09,Organic,CMP115,India,Bengaluru,Desktop,Free,Female,18-24
U04536,2024-01-11,Google Ads,CMP102,USA,Austin,Mobile,Free,Female,25-34
U04537,2024-05-25,Google Ads,CMP112,Germany,Munich,Mobile,Basic,Female,35-44
U04538,2024-02-03,Black Friday,CMP118,Germany,Berlin,Tablet,Free,Female,45-54
U04539,2024-12-29,Google Ads,CMP119,Australia,Melbourne,Tablet,Free,Male,18-24
U04540,2024-10-09,Referral,CMP119,USA,New York,Desktop,Premium,Male,25-34
U04541,2024-08-23,Black Friday,CMP114,Canada,Toronto,Desktop,Premium,Male,35-44
U04542,2024-04-02,Google Ads,CMP112,Australia,Melbourne,Tablet,Free,Male,35-44
U04543,2024-10-23,Organic,CMP103,USA,Seattle,Desktop,Premium,Male,18-24
U04544,2024-11-29,Facebook,CMP108,USA,Austin,Tablet,Basic,Male,35-44
U04545,2024-01-04,Black Friday,CMP101,Germany,Munich,Desktop,Basic,Male,35-44
U04546,2024-10-16,Black Friday,CMP119,UK,Manchester,Mobile,Basic,Female,45-54
U04547,2024-09-15,Black Friday,CMP114,Germany,Berlin,Mobile,Free,Male,35-44
U04548,2024-10-23,Organic,CMP120,UK,Manchester,Tablet,Basic,Female,35-44
U04549,2024-03-28,Facebook,CMP119,USA,Austin,Desktop,Free,Male,25-34
U04550,2024-12-28,Black Friday,CMP111,India,Bengaluru,Mobile,Basic,Female,18-24
U04551,2024-10-24,Google Ads,CMP112,Germany,Berlin,Tablet,Premium,Male,18-24
U04552,2024-11-01,LinkedIn,CMP110,Germany,Munich,Mobile,Premium,Male,45-54
U04553,2024-04-27,Facebook,CMP120,Germany,Berlin,Desktop,Premium,Male,35-44
U04554,2024-02-03,Google Ads,CMP116,Germany,Berlin,Mobile,Free,Female,25-34
U04555,2024-08-02,LinkedIn,CMP117,Australia,Melbourne,Mobile,Premium,Male,25-34
U04556,2024-04-20,Referral,CMP104,Australia,Sydney,Tablet,Free,Female,18-24
U04557,2024-09-26,Black Friday,CMP119,Canada,Toronto,Desktop,Basic,Female,35-44
U04558,2024-03-12,Organic,CMP106,India,Coimbatore,Tablet,Basic,Female,25-34
U04559,2024-09-11,Organic,CMP103,USA,Austin,Tablet,Free,Male,18-24
U04560,2024-01-09,Referral,CMP113,Canada,Toronto,Mobile,Free,Female,35-44
U04561,2024-10-24,Black Friday,CMP101,UK,London,Mobile,Premium,Male,18-24
U04562,2024-05-04,LinkedIn,CMP110,Australia,Melbourne,Tablet,Free,Male,18-24
U04563,2024-03-07,Referral,CMP105,India,Coimbatore,Mobile,Premium,Female,18-24
U04564,2024-10-05,LinkedIn,CMP102,India,Chennai,Tablet,Basic,Female,18-24
U04565,2024-08-05,Referral,CMP116,Australia,Melbourne,Tablet,Premium,Male,25-34
U04566,2024-02-02,Referral,CMP120,UK,Manchester,Mobile,Free,Male,18-24
U04567,2024-05-23,Black Friday,CMP110,USA,Seattle,Desktop,Basic,Male,25-34
U04568,2024-06-06,Google Ads,CMP104,UK,London,Desktop,Basic,Male,18-24
U04569,2024-01-11,LinkedIn,CMP101,UK,London,Mobile,Premium,Female,18-24
U04570,2024-04-12,Google Ads,CMP111,India,Coimbatore,Desktop,Premium,Female,35-44
U04571,2024-03-09,Black Friday,CMP116,India,Chennai,Tablet,Premium,Male,25-34
U04572,2024-11-01,LinkedIn,CMP115,UK,London,Tablet,Free,Female,45-54
U04573,2024-02-09,Referral,CMP120,Australia,Melbourne,Tablet,Premium,Female,45-54
U04574,2024-08-04,Black Friday,CMP115,Germany,Munich,Mobile,Free,Female,45-54
U04575,2024-12-02,Google Ads,CMP107,India,Bengaluru,Tablet,Free,Male,45-54
U04576,2024-11-25,Google Ads,CMP102,Australia,Melbourne,Tablet,Basic,Male,18-24
U04577,2024-05-20,Organic,CMP119,UK,Manchester,Desktop,Basic,Female,18-24
U04578,2024-11-26,LinkedIn,CMP108,Australia,Melbourne,Mobile,Premium,Male,45-54
U04579,2024-10-23,LinkedIn,CMP110,Australia,Sydney,Mobile,Premium,Male,35-44
U04580,2024-09-05,Referral,CMP111,UK,London,Tablet,Free,Female,25-34
U04581,2024-12-04,Black Friday,CMP105,Germany,Berlin,Desktop,Basic,Female,25-34
U04582,2024-04-30,Google Ads,CMP115,Canada,Toronto,Tablet,Premium,Female,35-44
U04583,2024-01-16,Google Ads,CMP117,Germany,Munich,Desktop,Basic,Male,25-34
U04584,2024-01-28,LinkedIn,CMP103,Australia,Melbourne,Mobile,Basic,Female,25-34
U04585,2024-01-29,Facebook,CMP112,Australia,Melbourne,Tablet,Basic,Male,35-44
U04586,2024-05-16,Organic,CMP115,UK,Manchester,Desktop,Basic,Male,25-34
U04587,2024-02-24,Black Friday,CMP102,India,Coimbatore,Mobile,Premium,Male,35-44
U04588,2024-01-12,Facebook,CMP116,Canada,Toronto,Mobile,Free,Female,45-54
U04589,2024-02-24,LinkedIn,CMP112,Australia,Melbourne,Tablet,Premium,Male,35-44
U04590,2024-02-18,Black Friday,CMP110,India,Bengaluru,Desktop,Basic,Female,18-24
U04591,2024-09-24,Facebook,CMP109,Germany,Berlin,Desktop,Free,Female,35-44
U04592,2024-09-11,Black Friday,CMP109,India,Bengaluru,Tablet,Basic,Female,18-24
U04593,2024-02-28,Organic,CMP117,India,Coimbatore,Desktop,Free,Male,25-34
U04594,2024-03-21,LinkedIn,CMP102,UK,Manchester,Tablet,Basic,Male,18-24
U04595,2024-08-25,Google Ads,CMP110,USA,Austin,Tablet,Basic,Female,35-44
U04596,2024-11-03,Organic,CMP107,Australia,Sydney,Desktop,Free,Male,45-54
U04597,2024-08-14,Referral,CMP117,Canada,Toronto,Desktop,Basic,Male,35-44
U04598,2024-08-27,Facebook,CMP117,India,Chennai,Mobile,Premium,Male,18-24
U04599,2024-02-17,LinkedIn,CMP110,Canada,Toronto,Mobile,Free,Male,35-44
U04600,2024-07-01,LinkedIn,CMP112,Australia,Sydney,Tablet,Free,Male,45-54
U04601,2024-07-07,Organic,CMP116,Canada,Toronto,Mobile,Free,Female,25-34
U04602,2024-08-23,Google Ads,CMP105,UK,Manchester,Desktop,Premium,Female,35-44
U04603,2024-01-15,Facebook,CMP107,Australia,Melbourne,Mobile,Basic,Male,25-34
U04604,2024-04-15,Organic,CMP111,India,Coimbatore,Mobile,Premium,Male,18-24
U04605,2024-10-30,Black Friday,CMP105,India,Chennai,Desktop,Free,Female,18-24
U04606,2024-05-06,LinkedIn,CMP119,Australia,Sydney,Mobile,Free,Female,25-34
U04607,2024-03-31,Black Friday,CMP110,India,Coimbatore,Mobile,Premium,Female,45-54
U04608,2024-11-30,Black Friday,CMP112,USA,New York,Tablet,Basic,Male,35-44
U04609,2024-08-05,Organic,CMP114,India,Chennai,Tablet,Basic,Female,35-44
U04610,2024-03-13,Black Friday,CMP103,Germany,Munich,Desktop,Basic,Male,45-54
U04611,2024-06-11,Google Ads,CMP113,Canada,Toronto,Tablet,Premium,Female,18-24
U04612,2024-09-30,Facebook,CMP120,India,Bengaluru,Tablet,Basic,Male,25-34
U04613,2024-04-08,Google Ads,CMP112,USA,Seattle,Desktop,Premium,Male,35-44
U04614,2024-09-18,Black Friday,CMP107,India,Bengaluru,Tablet,Premium,Female,25-34
U04615,2024-09-17,Organic,CMP111,Canada,Toronto,Desktop,Basic,Male,45-54
U04616,2024-12-06,Organic,CMP119,Canada,Vancouver,Mobile,Basic,Female,35-44
U04617,2024-03-08,Google Ads,CMP109,UK,Manchester,Desktop,Basic,Female,35-44
U04618,2024-05-26,Referral,CMP113,UK,Manchester,Tablet,Free,Male,35-44
U04619,2024-08-06,Organic,CMP102,UK,Manchester,Mobile,Basic,Male,45-54
U04620,2024-06-01,LinkedIn,CMP105,Canada,Vancouver,Desktop,Basic,Male,45-54
U04621,2024-08-24,Google Ads,CMP118,Canada,Vancouver,Tablet,Basic,Female,18-24
U04622,2024-10-25,Google Ads,CMP104,India,Chennai,Desktop,Free,Female,25-34
U04623,2024-07-03,Facebook,CMP107,UK,Manchester,Mobile,Free,Female,18-24
U04624,2024-10-20,Google Ads,CMP105,Canada,Vancouver,Desktop,Free,Female,25-34
U04625,2024-07-22,Facebook,CMP104,USA,Seattle,Desktop,Basic,Male,18-24
U04626,2024-12-17,Organic,CMP107,Germany,Berlin,Desktop,Free,Male,35-44
U04627,2024-05-06,Black Friday,CMP120,Australia,Melbourne,Desktop,Free,Female,35-44
U04628,2024-03-20,Google Ads,CMP114,Australia,Sydney,Desktop,Premium,Female,45-54
U04629,2024-05-14,Facebook,CMP120,UK,Manchester,Tablet,Premium,Female,45-54
U04630,2024-09-16,Google Ads,CMP115,India,Bengaluru,Mobile,Premium,Male,45-54
U04631,2024-12-29,Black Friday,CMP105,UK,Manchester,Tablet,Free,Male,25-34
U04632,2024-03-15,Facebook,CMP101,Australia,Sydney,Mobile,Premium,Male,45-54
U04633,2024-12-06,LinkedIn,CMP113,USA,New York,Desktop,Basic,Female,18-24
U04634,2024-12-07,Organic,CMP109,UK,Manchester,Desktop,Premium,Female,18-24
U04635,2024-02-11,Referral,CMP113,USA,New York,Tablet,Free,Male,18-24
U04636,2024-06-28,Google Ads,CMP105,India,Bengaluru,Tablet,Premium,Male,18-24
U04637,2024-09-01,Facebook,CMP111,Australia,Melbourne,Mobile,Premium,Male,45-54
U04638,2024-08-03,LinkedIn,CMP109,Germany,Berlin,Mobile,Premium,Male,35-44
U04639,2024-12-23,Google Ads,CMP108,UK,Manchester,Mobile,Premium,Male,45-54
U04640,2024-09-23,Referral,CMP114,USA,Seattle,Tablet,Free,Male,35-44
U04641,2024-03-02,Organic,CMP105,India,Coimbatore,Mobile,Basic,Female,25-34
U04642,2024-02-04,Google Ads,CMP109,UK,Manchester,Tablet,Premium,Female,35-44
U04643,2024-04-20,Organic,CMP112,Germany,Munich,Desktop,Free,Male,18-24
U04644,2024-07-01,Organic,CMP118,USA,Seattle,Tablet,Free,Male,45-54
U04645,2024-04-23,Black Friday,CMP119,India,Coimbatore,Mobile,Basic,Male,25-34
U04646,2024-08-27,Google Ads,CMP104,Germany,Berlin,Tablet,Basic,Male,35-44
U04647,2024-02-13,Facebook,CMP117,Australia,Melbourne,Mobile,Free,Female,35-44
U04648,2024-11-06,Black Friday,CMP101,Australia,Sydney,Desktop,Premium,Male,18-24
U04649,2024-11-07,LinkedIn,CMP105,India,Chennai,Mobile,Premium,Female,18-24
U04650,2024-03-21,Referral,CMP119,India,Coimbatore,Desktop,Free,Male,35-44
U04651,2024-10-18,Organic,CMP105,Germany,Berlin,Mobile,Free,Female,45-54
U04652,2024-06-28,LinkedIn,CMP112,India,Coimbatore,Tablet,Free,Male,25-34
U04653,2024-04-10,Referral,CMP117,India,Bengaluru,Mobile,Basic,Male,35-44
U04654,2024-02-04,Facebook,CMP101,Germany,Berlin,Tablet,Basic,Male,25-34
U04655,2024-01-13,LinkedIn,CMP117,India,Bengaluru,Tablet,Basic,Female,35-44
U04656,2024-09-21,LinkedIn,CMP111,Australia,Melbourne,Tablet,Premium,Female,18-24
U04657,2024-10-27,Referral,CMP104,UK,Manchester,Desktop,Free,Female,45-54
U04658,2024-03-31,LinkedIn,CMP114,USA,Seattle,Desktop,Premium,Female,25-34
U04659,2024-08-16,Referral,CMP114,USA,Austin,Mobile,Premium,Male,35-44
U04660,2024-12-19,Organic,CMP110,USA,New York,Tablet,Premium,Female,35-44
U04661,2024-01-24,Black Friday,CMP109,Australia,Melbourne,Mobile,Free,Female,45-54
U04662,2024-05-13,Google Ads,CMP110,Australia,Sydney,Tablet,Basic,Male,45-54
U04663,2024-07-12,Facebook,CMP102,Germany,Munich,Tablet,Premium,Female,35-44
U04664,2024-09-29,LinkedIn,CMP109,UK,London,Mobile,Free,Female,45-54
U04665,2024-08-22,Google Ads,CMP114,Australia,Melbourne,Mobile,Premium,Female,25-34
U04666,2024-11-30,LinkedIn,CMP118,Canada,Vancouver,Mobile,Basic,Female,18-24
U04667,2024-02-07,Facebook,CMP119,USA,New York,Mobile,Basic,Female,35-44
U04668,2024-12-12,Referral,CMP117,Australia,Sydney,Desktop,Free,Female,18-24
U04669,2024-05-18,Organic,CMP110,Germany,Berlin,Desktop,Premium,Male,45-54
U04670,2024-06-25,Referral,CMP115,India,Coimbatore,Desktop,Premium,Male,45-54
U04671,2024-12-22,Google Ads,CMP102,Canada,Toronto,Tablet,Premium,Male,45-54
U04672,2024-04-16,LinkedIn,CMP104,UK,London,Desktop,Basic,Female,25-34
U04673,2024-02-07,Google Ads,CMP101,USA,New York,Tablet,Basic,Female,35-44
U04674,2024-10-27,Facebook,CMP108,India,Chennai,Tablet,Basic,Male,35-44
U04675,2024-07-17,Organic,CMP101,Germany,Berlin,Desktop,Basic,Male,45-54
U04676,2024-11-30,Organic,CMP107,Canada,Toronto,Mobile,Basic,Male,25-34
U04677,2024-11-22,Facebook,CMP107,Germany,Berlin,Tablet,Premium,Female,45-54
U04678,2024-10-01,Referral,CMP120,UK,Manchester,Tablet,Basic,Male,45-54
U04679,2024-01-23,Organic,CMP101,Germany,Munich,Desktop,Basic,Male,35-44
U04680,2024-05-02,LinkedIn,CMP102,USA,New York,Desktop,Premium,Male,45-54
U04681,2024-06-07,Google Ads,CMP113,UK,Manchester,Mobile,Premium,Female,25-34
U04682,2024-09-14,LinkedIn,CMP114,Australia,Sydney,Mobile,Basic,Female,45-54
U04683,2024-06-03,Black Friday,CMP111,India,Coimbatore,Desktop,Premium,Female,45-54
U04684,2024-03-03,Google Ads,CMP110,Canada,Vancouver,Desktop,Free,Female,25-34
U04685,2024-09-07,Facebook,CMP108,Canada,Toronto,Desktop,Free,Female,25-34
U04686,2024-08-02,Black Friday,CMP109,USA,Seattle,Tablet,Free,Male,25-34
U04687,2024-03-10,Black Friday,CMP108,USA,Seattle,Tablet,Premium,Male,18-24
U04688,2024-06-09,Organic,CMP101,Canada,Vancouver,Tablet,Free,Male,25-34
U04689,2024-12-04,Organic,CMP110,Australia,Melbourne,Tablet,Basic,Female,45-54
U04690,2024-08-20,Organic,CMP112,Germany,Munich,Mobile,Premium,Female,45-54
U04691,2024-07-18,Facebook,CMP111,India,Coimbatore,Tablet,Premium,Male,18-24
U04692,2024-02-20,Black Friday,CMP110,Germany,Munich,Desktop,Premium,Female,45-54
U04693,2024-12-07,LinkedIn,CMP112,Germany,Munich,Tablet,Basic,Female,45-54
U04694,2024-05-08,LinkedIn,CMP102,Germany,Munich,Mobile,Free,Female,25-34
U04695,2024-10-27,Facebook,CMP111,Germany,Munich,Mobile,Free,Female,35-44
U04696,2024-02-01,Referral,CMP120,UK,Manchester,Tablet,Free,Female,25-34
U04697,2024-08-27,Facebook,CMP109,UK,London,Mobile,Free,Female,18-24
U04698,2024-12-17,Referral,CMP112,Australia,Sydney,Desktop,Premium,Male,45-54
U04699,2024-12-13,Black Friday,CMP117,USA,Austin,Tablet,Basic,Male,18-24
U04700,2024-07-13,Google Ads,CMP110,Germany,Munich,Desktop,Free,Male,25-34
U04701,2024-03-24,Facebook,CMP108,India,Chennai,Mobile,Free,Male,25-34
U04702,2024-05-03,Organic,CMP104,India,Chennai,Tablet,Basic,Male,45-54
U04703,2024-06-30,Referral,CMP118,UK,Manchester,Desktop,Premium,Female,35-44
U04704,2024-07-09,Black Friday,CMP110,USA,Austin,Mobile,Premium,Female,18-24
U04705,2024-06-24,Facebook,CMP107,India,Coimbatore,Tablet,Basic,Female,35-44
U04706,2024-08-20,Referral,CMP107,Australia,Melbourne,Mobile,Basic,Male,45-54
U04707,2024-12-30,Black Friday,CMP108,India,Coimbatore,Desktop,Basic,Female,45-54
U04708,2024-05-06,Google Ads,CMP118,Australia,Melbourne,Tablet,Premium,Female,35-44
U04709,2024-02-04,Black Friday,CMP118,Germany,Berlin,Desktop,Premium,Female,18-24
U04710,2024-12-20,Referral,CMP120,India,Bengaluru,Tablet,Free,Female,25-34
U04711,2024-05-15,Referral,CMP110,Germany,Munich,Desktop,Premium,Male,25-34
U04712,2024-07-20,Referral,CMP110,Australia,Sydney,Desktop,Premium,Female,18-24
U04713,2024-09-05,LinkedIn,CMP107,Canada,Vancouver,Desktop,Premium,Male,18-24
U04714,2024-01-03,Black Friday,CMP116,USA,New York,Tablet,Free,Female,25-34
U04715,2024-01-05,Referral,CMP115,USA,New York,Mobile,Free,Male,35-44
U04716,2024-11-22,Referral,CMP102,India,Bengaluru,Desktop,Basic,Female,25-34
U04717,2024-06-05,Facebook,CMP114,Australia,Sydney,Mobile,Free,Male,45-54
U04718,2024-06-21,LinkedIn,CMP107,Germany,Berlin,Tablet,Free,Female,18-24
U04719,2024-09-24,Facebook,CMP107,USA,Seattle,Mobile,Basic,Male,35-44
U04720,2024-05-03,Referral,CMP103,Australia,Melbourne,Mobile,Free,Male,45-54
U04721,2024-06-09,Referral,CMP117,UK,Manchester,Mobile,Premium,Female,25-34
U04722,2024-02-01,Facebook,CMP117,USA,Austin,Mobile,Basic,Male,45-54
U04723,2024-05-23,Organic,CMP120,UK,London,Tablet,Free,Male,18-24
U04724,2024-10-26,Referral,CMP120,Australia,Melbourne,Mobile,Free,Female,35-44
U04725,2024-01-03,Google Ads,CMP103,UK,London,Tablet,Free,Female,45-54
U04726,2024-02-19,Referral,CMP106,Australia,Sydney,Tablet,Basic,Male,25-34
U04727,2024-09-07,Black Friday,CMP108,Germany,Munich,Desktop,Basic,Female,35-44
U04728,2024-08-13,Organic,CMP115,Germany,Berlin,Desktop,Basic,Female,25-34
U04729,2024-06-21,Facebook,CMP118,UK,London,Desktop,Basic,Male,25-34
U04730,2024-07-18,LinkedIn,CMP104,Germany,Munich,Tablet,Free,Male,25-34
U04731,2024-11-06,Google Ads,CMP115,UK,London,Mobile,Free,Female,18-24
U04732,2024-11-24,Google Ads,CMP109,India,Chennai,Tablet,Free,Male,45-54
U04733,2024-03-21,Referral,CMP118,Germany,Munich,Tablet,Free,Female,45-54
U04734,2024-08-30,Google Ads,CMP119,USA,New York,Mobile,Premium,Male,25-34
U04735,2024-08-18,Black Friday,CMP120,India,Chennai,Mobile,Basic,Female,25-34
U04736,2024-10-17,Facebook,CMP111,Australia,Melbourne,Tablet,Free,Female,25-34
U04737,2024-02-13,Organic,CMP114,Australia,Sydney,Mobile,Free,Female,35-44
U04738,2024-11-02,Organic,CMP101,India,Bengaluru,Desktop,Basic,Male,45-54
U04739,2024-05-08,LinkedIn,CMP109,USA,Austin,Desktop,Free,Male,45-54
U04740,2024-10-28,Facebook,CMP105,India,Chennai,Tablet,Premium,Male,18-24
U04741,2024-08-25,Google Ads,CMP106,Australia,Melbourne,Desktop,Premium,Male,35-44
U04742,2024-03-21,Referral,CMP102,Germany,Munich,Tablet,Basic,Female,18-24
U04743,2024-01-29,Google Ads,CMP107,Canada,Vancouver,Mobile,Free,Male,18-24
U04744,2024-10-28,Organic,CMP114,India,Chennai,Tablet,Free,Female,45-54
U04745,2024-11-26,LinkedIn,CMP111,Germany,Munich,Desktop,Basic,Female,18-24
U04746,2024-09-02,Referral,CMP110,USA,Austin,Tablet,Free,Male,35-44
U04747,2024-05-20,Black Friday,CMP107,Germany,Berlin,Mobile,Premium,Female,45-54
U04748,2024-06-30,Black Friday,CMP114,Australia,Melbourne,Mobile,Basic,Female,45-54
U04749,2024-04-12,Organic,CMP115,UK,Manchester,Desktop,Free,Female,18-24
U04750,2024-09-20,Organic,CMP116,UK,Manchester,Tablet,Premium,Female,35-44
U04751,2024-12-26,Facebook,CMP119,Canada,Vancouver,Desktop,Basic,Male,18-24
U04752,2024-11-23,Black Friday,CMP108,USA,Austin,Tablet,Basic,Male,25-34
U04753,2024-10-18,Black Friday,CMP109,Germany,Munich,Tablet,Free,Male,18-24
U04754,2024-10-15,Google Ads,CMP105,USA,Austin,Mobile,Premium,Female,35-44
U04755,2024-06-29,Referral,CMP112,Germany,Berlin,Desktop,Premium,Male,25-34
U04756,2024-09-05,LinkedIn,CMP102,Germany,Munich,Mobile,Basic,Male,45-54
U04757,2024-06-06,Organic,CMP106,USA,Seattle,Desktop,Free,Male,25-34
U04758,2024-09-06,Google Ads,CMP119,USA,Seattle,Mobile,Free,Male,25-34
U04759,2024-07-04,Google Ads,CMP110,Australia,Sydney,Tablet,Free,Male,35-44
U04760,2024-01-17,Black Friday,CMP110,India,Bengaluru,Desktop,Free,Female,18-24
U04761,2024-08-23,Black Friday,CMP119,Germany,Munich,Mobile,Premium,Male,45-54
U04762,2024-10-02,Black Friday,CMP110,USA,Austin,Desktop,Basic,Male,18-24
U04763,2024-08-12,Google Ads,CMP110,Canada,Vancouver,Desktop,Basic,Female,45-54
U04764,2024-11-07,Black Friday,CMP118,UK,London,Desktop,Premium,Male,35-44
U04765,2024-04-17,LinkedIn,CMP117,Canada,Toronto,Tablet,Premium,Female,18-24
U04766,2024-09-28,Facebook,CMP119,UK,London,Desktop,Premium,Female,25-34
U04767,2024-10-19,Google Ads,CMP113,Germany,Munich,Tablet,Free,Male,25-34
U04768,2024-06-16,Black Friday,CMP106,Germany,Munich,Mobile,Premium,Female,45-54
U04769,2024-10-03,Referral,CMP106,Australia,Melbourne,Mobile,Premium,Female,45-54
U04770,2024-03-31,Black Friday,CMP108,USA,Austin,Tablet,Basic,Female,45-54
U04771,2024-07-22,Organic,CMP112,India,Chennai,Desktop,Premium,Female,18-24
U04772,2024-10-06,LinkedIn,CMP117,India,Coimbatore,Mobile,Premium,Female,45-54
U04773,2024-11-11,Facebook,CMP109,USA,Seattle,Desktop,Free,Male,35-44
U04774,2024-02-12,LinkedIn,CMP120,Canada,Vancouver,Desktop,Free,Male,35-44
U04775,2024-05-19,Referral,CMP118,India,Chennai,Tablet,Premium,Male,18-24
U04776,2024-10-05,Referral,CMP101,USA,New York,Desktop,Premium,Male,35-44
U04777,2024-08-28,Referral,CMP103,Germany,Berlin,Tablet,Free,Female,45-54
U04778,2024-11-04,Black Friday,CMP120,USA,Seattle,Mobile,Free,Male,25-34
U04779,2024-01-15,LinkedIn,CMP107,India,Chennai,Tablet,Basic,Male,18-24
U04780,2024-01-04,Google Ads,CMP108,Australia,Sydney,Desktop,Free,Male,18-24
U04781,2024-04-09,LinkedIn,CMP107,USA,Seattle,Mobile,Basic,Male,25-34
U04782,2024-02-10,LinkedIn,CMP102,USA,New York,Mobile,Free,Female,45-54
U04783,2024-04-05,Organic,CMP106,India,Bengaluru,Desktop,Premium,Male,25-34
U04784,2024-02-20,LinkedIn,CMP116,Australia,Melbourne,Desktop,Premium,Male,18-24
U04785,2024-12-23,Black Friday,CMP104,India,Bengaluru,Tablet,Premium,Male,45-54
U04786,2024-07-11,Google Ads,CMP106,UK,Manchester,Desktop,Premium,Male,35-44
U04787,2024-04-21,LinkedIn,CMP104,Canada,Vancouver,Mobile,Basic,Female,45-54
U04788,2024-06-04,Referral,CMP104,Germany,Berlin,Desktop,Premium,Male,45-54
U04789,2024-01-06,LinkedIn,CMP105,USA,Seattle,Mobile,Free,Female,18-24
U04790,2024-01-24,Google Ads,CMP117,Canada,Toronto,Tablet,Premium,Male,35-44
U04791,2024-11-17,Referral,CMP104,Australia,Sydney,Mobile,Free,Male,45-54
U04792,2024-12-07,Organic,CMP101,Australia,Melbourne,Tablet,Premium,Male,25-34
U04793,2024-05-15,Organic,CMP118,Australia,Sydney,Mobile,Premium,Female,25-34
U04794,2024-12-30,LinkedIn,CMP106,Germany,Munich,Mobile,Premium,Male,25-34
U04795,2024-02-15,Organic,CMP104,USA,Austin,Desktop,Premium,Female,35-44
U04796,2024-03-25,Black Friday,CMP107,Canada,Toronto,Desktop,Basic,Male,18-24
U04797,2024-02-12,LinkedIn,CMP117,Germany,Berlin,Mobile,Basic,Female,45-54
U04798,2024-03-10,Organic,CMP106,Canada,Vancouver,Mobile,Basic,Male,45-54
U04799,2024-05-11,LinkedIn,CMP115,USA,New York,Mobile,Free,Male,18-24
U04800,2024-11-10,Facebook,CMP103,Canada,Vancouver,Tablet,Basic,Male,18-24
U04801,2024-05-24,Organic,CMP112,Australia,Sydney,Mobile,Premium,Female,18-24
U04802,2024-02-01,Facebook,CMP101,Australia,Melbourne,Desktop,Basic,Male,35-44
U04803,2024-09-13,Google Ads,CMP118,UK,Manchester,Desktop,Basic,Female,18-24
U04804,2024-04-29,Referral,CMP109,Germany,Munich,Desktop,Premium,Female,18-24
U04805,2024-01-04,Black Friday,CMP108,Canada,Toronto,Tablet,Basic,Female,35-44
U04806,2024-12-03,Organic,CMP111,UK,London,Desktop,Basic,Male,18-24
U04807,2024-09-11,LinkedIn,CMP106,USA,Austin,Tablet,Premium,Female,25-34
U04808,2024-03-11,Google Ads,CMP119,Canada,Toronto,Mobile,Premium,Male,25-34
U04809,2024-01-06,Organic,CMP103,UK,London,Mobile,Free,Female,18-24
U04810,2024-08-06,LinkedIn,CMP118,USA,New York,Mobile,Premium,Male,35-44
U04811,2024-01-16,Facebook,CMP102,USA,Austin,Desktop,Free,Male,45-54
U04812,2024-11-22,Facebook,CMP116,Australia,Sydney,Tablet,Free,Female,18-24
U04813,2024-12-08,Facebook,CMP118,Germany,Munich,Desktop,Premium,Female,45-54
U04814,2024-04-09,Black Friday,CMP103,Australia,Sydney,Desktop,Free,Female,18-24
U04815,2024-06-06,Facebook,CMP118,Australia,Sydney,Mobile,Premium,Male,18-24
U04816,2024-03-04,Facebook,CMP111,India,Bengaluru,Desktop,Basic,Female,45-54
U04817,2024-08-12,Organic,CMP119,Germany,Munich,Mobile,Basic,Female,18-24
U04818,2024-02-19,Organic,CMP119,Germany,Berlin,Mobile,Basic,Female,35-44
U04819,2024-06-18,LinkedIn,CMP115,India,Chennai,Mobile,Free,Male,18-24
U04820,2024-05-08,Facebook,CMP108,Australia,Melbourne,Desktop,Premium,Male,45-54
U04821,2024-08-23,Google Ads,CMP111,Australia,Sydney,Tablet,Free,Male,35-44
U04822,2024-11-21,Black Friday,CMP106,Canada,Vancouver,Tablet,Premium,Female,25-34
U04823,2024-07-03,Referral,CMP116,Australia,Sydney,Desktop,Free,Male,25-34
U04824,2024-11-17,Facebook,CMP116,Australia,Sydney,Mobile,Premium,Female,18-24
U04825,2024-11-09,Referral,CMP117,USA,Austin,Tablet,Basic,Male,35-44
U04826,2024-07-15,Referral,CMP110,UK,Manchester,Mobile,Premium,Female,25-34
U04827,2024-10-26,Google Ads,CMP111,Canada,Vancouver,Tablet,Basic,Male,25-34
U04828,2024-11-04,Referral,CMP118,India,Coimbatore,Tablet,Basic,Female,25-34
U04829,2024-03-20,Google Ads,CMP111,Germany,Berlin,Mobile,Basic,Male,45-54
U04830,2024-11-18,Organic,CMP104,USA,Austin,Desktop,Free,Male,35-44
U04831,2024-01-31,Facebook,CMP105,India,Chennai,Desktop,Basic,Male,35-44
U04832,2024-12-18,Google Ads,CMP114,UK,London,Desktop,Free,Female,25-34
U04833,2024-04-21,Facebook,CMP115,USA,New York,Desktop,Basic,Female,35-44
U04834,2024-07-04,Organic,CMP110,Australia,Sydney,Desktop,Basic,Male,18-24
U04835,2024-02-09,LinkedIn,CMP111,India,Coimbatore,Tablet,Basic,Female,35-44
U04836,2024-09-01,Facebook,CMP106,Australia,Sydney,Tablet,Premium,Female,25-34
U04837,2024-11-16,LinkedIn,CMP108,UK,London,Desktop,Free,Male,18-24
U04838,2024-03-03,Facebook,CMP116,Germany,Berlin,Desktop,Premium,Female,35-44
U04839,2024-04-01,Referral,CMP117,Canada,Vancouver,Mobile,Basic,Female,25-34
U04840,2024-06-14,Black Friday,CMP120,USA,Seattle,Tablet,Basic,Female,18-24
U04841,2024-07-03,Organic,CMP102,USA,Austin,Desktop,Free,Female,35-44
U04842,2024-11-29,Referral,CMP108,India,Coimbatore,Desktop,Premium,Male,25-34
U04843,2024-01-25,LinkedIn,CMP118,UK,London,Desktop,Basic,Male,18-24
U04844,2024-01-14,Referral,CMP103,Australia,Sydney,Desktop,Basic,Female,25-34
U04845,2024-09-01,Black Friday,CMP113,Canada,Toronto,Desktop,Free,Male,18-24
U04846,2024-05-17,LinkedIn,CMP101,Australia,Melbourne,Desktop,Premium,Female,18-24
U04847,2024-01-14,Referral,CMP114,Germany,Berlin,Tablet,Basic,Female,18-24
U04848,2024-03-16,Referral,CMP116,India,Bengaluru,Tablet,Premium,Male,45-54
U04849,2024-06-22,LinkedIn,CMP103,India,Coimbatore,Desktop,Free,Female,18-24
U04850,2024-02-22,Google Ads,CMP111,India,Chennai,Mobile,Premium,Male,18-24
U04851,2024-07-31,Organic,CMP109,India,Chennai,Mobile,Basic,Male,45-54
U04852,2024-09-18,Black Friday,CMP105,USA,New York,Mobile,Free,Female,18-24
U04853,2024-05-15,Black Friday,CMP120,Australia,Melbourne,Mobile,Basic,Male,45-54
U04854,2024-11-12,LinkedIn,CMP120,Germany,Munich,Tablet,Basic,Male,18-24
U04855,2024-02-01,Organic,CMP110,Australia,Sydney,Desktop,Basic,Male,35-44
U04856,2024-07-19,Black Friday,CMP116,India,Chennai,Desktop,Free,Male,45-54
U04857,2024-02-04,Facebook,CMP119,Australia,Melbourne,Mobile,Premium,Female,35-44
U04858,2024-08-21,Black Friday,CMP116,UK,Manchester,Mobile,Basic,Male,25-34
U04859,2024-01-15,Facebook,CMP116,UK,Manchester,Tablet,Basic,Male,45-54
U04860,2024-08-15,Organic,CMP116,Germany,Munich,Tablet,Premium,Male,18-24
U04861,2024-07-07,Google Ads,CMP120,Canada,Vancouver,Tablet,Premium,Male,35-44
U04862,2024-01-03,Google Ads,CMP119,UK,London,Mobile,Basic,Female,18-24
U04863,2024-03-09,Facebook,CMP118,Canada,Vancouver,Tablet,Premium,Female,45-54
U04864,2024-01-08,LinkedIn,CMP107,Canada,Vancouver,Desktop,Premium,Female,45-54
U04865,2024-01-09,Facebook,CMP103,Germany,Berlin,Mobile,Free,Male,35-44
U04866,2024-03-07,Google Ads,CMP105,Germany,Munich,Desktop,Premium,Female,18-24
U04867,2024-09-26,Google Ads,CMP109,India,Coimbatore,Tablet,Basic,Male,35-44
U04868,2024-11-06,Google Ads,CMP111,Australia,Melbourne,Desktop,Free,Female,25-34
U04869,2024-05-21,Google Ads,CMP116,Australia,Melbourne,Tablet,Premium,Female,18-24
U04870,2024-08-16,LinkedIn,CMP112,Australia,Melbourne,Desktop,Free,Female,35-44
U04871,2024-10-13,Black Friday,CMP112,Australia,Sydney,Desktop,Free,Male,25-34
U04872,2024-06-18,Referral,CMP110,Australia,Melbourne,Desktop,Premium,Male,18-24
U04873,2024-12-03,Facebook,CMP106,Germany,Berlin,Desktop,Premium,Male,35-44
U04874,2024-10-15,LinkedIn,CMP111,Australia,Sydney,Mobile,Premium,Female,45-54
U04875,2024-05-10,Referral,CMP119,Australia,Sydney,Mobile,Free,Male,35-44
U04876,2024-05-17,LinkedIn,CMP101,India,Chennai,Tablet,Basic,Male,35-44
U04877,2024-10-19,Organic,CMP105,Australia,Melbourne,Mobile,Basic,Female,45-54
U04878,2024-06-12,Black Friday,CMP118,USA,Austin,Mobile,Premium,Male,45-54
U04879,2024-07-11,Google Ads,CMP111,Australia,Sydney,Tablet,Basic,Female,18-24
U04880,2024-06-08,Black Friday,CMP114,USA,Seattle,Mobile,Free,Female,18-24
U04881,2024-09-18,Google Ads,CMP101,UK,Manchester,Mobile,Free,Female,45-54
U04882,2024-02-09,Referral,CMP120,India,Coimbatore,Tablet,Basic,Male,45-54
U04883,2024-03-14,Google Ads,CMP113,Canada,Vancouver,Tablet,Free,Male,18-24
U04884,2024-05-26,Black Friday,CMP120,India,Chennai,Desktop,Free,Female,18-24
U04885,2024-05-05,Black Friday,CMP108,USA,New York,Tablet,Basic,Female,35-44
U04886,2024-02-14,Black Friday,CMP110,Canada,Toronto,Desktop,Premium,Female,18-24
U04887,2024-12-06,Black Friday,CMP101,USA,Seattle,Tablet,Free,Male,25-34
U04888,2024-08-29,Referral,CMP102,Canada,Toronto,Tablet,Free,Male,25-34
U04889,2024-07-31,Black Friday,CMP114,Germany,Munich,Desktop,Basic,Female,25-34
U04890,2024-08-01,LinkedIn,CMP113,UK,Manchester,Desktop,Basic,Female,35-44
U04891,2024-11-12,Google Ads,CMP109,India,Bengaluru,Mobile,Premium,Female,35-44
U04892,2024-04-13,Black Friday,CMP104,UK,London,Mobile,Free,Female,25-34
U04893,2024-10-20,Facebook,CMP107,UK,London,Mobile,Premium,Male,25-34
U04894,2024-12-19,Google Ads,CMP103,USA,New York,Desktop,Premium,Male,35-44
U04895,2024-12-01,Facebook,CMP111,Canada,Toronto,Desktop,Free,Male,45-54
U04896,2024-05-08,LinkedIn,CMP105,India,Coimbatore,Mobile,Basic,Female,35-44
U04897,2024-02-24,Black Friday,CMP104,UK,Manchester,Desktop,Premium,Female,45-54
U04898,2024-03-21,LinkedIn,CMP110,India,Bengaluru,Mobile,Premium,Female,25-34
U04899,2024-08-20,Referral,CMP115,Australia,Sydney,Mobile,Free,Female,18-24
U04900,2024-08-11,Facebook,CMP116,Canada,Toronto,Desktop,Free,Male,25-34
U04901,2024-04-27,Facebook,CMP117,Australia,Sydney,Desktop,Basic,Male,25-34
U04902,2024-07-10,Google Ads,CMP118,Canada,Vancouver,Tablet,Premium,Male,35-44
U04903,2024-11-04,Organic,CMP113,UK,Manchester,Tablet,Premium,Male,35-44
U04904,2024-06-09,Black Friday,CMP110,Germany,Munich,Desktop,Basic,Female,25-34
U04905,2024-05-01,Organic,CMP101,Canada,Vancouver,Mobile,Basic,Male,35-44
U04906,2024-03-20,Referral,CMP113,Australia,Melbourne,Tablet,Basic,Female,35-44
U04907,2024-09-09,Organic,CMP117,India,Bengaluru,Desktop,Basic,Female,18-24
U04908,2024-03-04,Facebook,CMP113,Australia,Melbourne,Mobile,Premium,Male,45-54
U04909,2024-09-07,Black Friday,CMP111,USA,New York,Tablet,Free,Male,18-24
U04910,2024-12-19,Black Friday,CMP103,UK,Manchester,Desktop,Premium,Male,45-54
U04911,2024-05-03,Black Friday,CMP114,UK,London,Tablet,Free,Male,45-54
U04912,2024-02-20,Black Friday,CMP110,USA,New York,Tablet,Basic,Male,18-24
U04913,2024-07-16,Facebook,CMP116,UK,Manchester,Mobile,Basic,Female,35-44
U04914,2024-11-27,Black Friday,CMP117,USA,Seattle,Tablet,Free,Male,45-54
U04915,2024-09-07,Referral,CMP111,Australia,Sydney,Desktop,Premium,Male,45-54
U04916,2024-07-19,Referral,CMP103,Canada,Vancouver,Desktop,Premium,Female,18-24
U04917,2024-12-20,Facebook,CMP114,UK,Manchester,Mobile,Basic,Female,35-44
U04918,2024-01-23,Google Ads,CMP114,Canada,Toronto,Desktop,Basic,Female,18-24
U04919,2024-06-23,Facebook,CMP111,Canada,Toronto,Tablet,Basic,Male,18-24
U04920,2024-04-22,Referral,CMP111,USA,Austin,Mobile,Free,Male,35-44
U04921,2024-07-09,Referral,CMP105,India,Coimbatore,Desktop,Premium,Female,18-24
U04922,2024-10-30,Organic,CMP105,USA,Seattle,Tablet,Basic,Female,35-44
U04923,2024-10-12,LinkedIn,CMP119,Australia,Melbourne,Tablet,Basic,Female,45-54
U04924,2024-04-11,Referral,CMP114,India,Chennai,Mobile,Basic,Male,45-54
U04925,2024-11-17,Facebook,CMP107,India,Coimbatore,Tablet,Free,Male,35-44
U04926,2024-10-15,Organic,CMP114,Australia,Melbourne,Mobile,Free,Male,18-24
U04927,2024-03-09,Facebook,CMP113,Germany,Berlin,Mobile,Basic,Female,25-34
U04928,2024-02-25,Organic,CMP119,Canada,Vancouver,Mobile,Basic,Male,35-44
U04929,2024-12-07,Google Ads,CMP113,UK,London,Desktop,Free,Male,25-34
U04930,2024-01-07,Google Ads,CMP112,Germany,Munich,Desktop,Free,Female,45-54
U04931,2024-08-20,LinkedIn,CMP120,UK,Manchester,Mobile,Premium,Female,18-24
U04932,2024-01-01,Organic,CMP102,UK,London,Tablet,Free,Female,25-34
U04933,2024-01-10,Google Ads,CMP110,USA,Seattle,Mobile,Premium,Female,35-44
U04934,2024-12-21,Google Ads,CMP111,Germany,Berlin,Tablet,Premium,Male,35-44
U04935,2024-07-30,Organic,CMP118,India,Bengaluru,Tablet,Free,Male,25-34
U04936,2024-10-03,Black Friday,CMP114,India,Bengaluru,Tablet,Premium,Female,45-54
U04937,2024-03-12,Organic,CMP118,Australia,Melbourne,Mobile,Premium,Male,18-24
U04938,2024-02-18,Google Ads,CMP117,Australia,Sydney,Desktop,Basic,Male,25-34
U04939,2024-11-22,LinkedIn,CMP113,Germany,Munich,Mobile,Basic,Female,45-54
U04940,2024-03-30,Organic,CMP108,Canada,Toronto,Desktop,Basic,Female,35-44
U04941,2024-01-06,Google Ads,CMP116,USA,Seattle,Mobile,Premium,Male,35-44
U04942,2024-01-16,LinkedIn,CMP112,USA,New York,Desktop,Premium,Male,18-24
U04943,2024-12-03,Google Ads,CMP109,USA,Seattle,Desktop,Free,Female,35-44
U04944,2024-07-31,Organic,CMP119,Germany,Munich,Mobile,Premium,Male,18-24
U04945,2024-07-08,Referral,CMP115,Germany,Berlin,Desktop,Free,Male,45-54
U04946,2024-06-17,Facebook,CMP120,USA,Austin,Tablet,Premium,Male,35-44
U04947,2024-03-22,Referral,CMP117,Australia,Sydney,Tablet,Premium,Male,18-24
U04948,2024-02-07,Organic,CMP109,UK,Manchester,Desktop,Basic,Female,35-44
U04949,2024-10-21,Google Ads,CMP113,India,Bengaluru,Mobile,Basic,Female,45-54
U04950,2024-07-30,Google Ads,CMP117,UK,London,Mobile,Premium,Female,18-24
U04951,2024-10-17,Facebook,CMP109,Australia,Sydney,Mobile,Premium,Female,35-44
U04952,2024-10-24,Google Ads,CMP109,UK,Manchester,Desktop,Basic,Female,45-54
U04953,2024-02-09,Google Ads,CMP118,Australia,Melbourne,Desktop,Premium,Female,18-24
U04954,2024-01-18,Referral,CMP103,Australia,Melbourne,Tablet,Basic,Female,45-54
U04955,2024-09-20,Google Ads,CMP107,USA,Seattle,Tablet,Premium,Female,25-34
U04956,2024-07-15,Organic,CMP119,India,Coimbatore,Mobile,Free,Female,18-24
U04957,2024-07-31,Organic,CMP118,Germany,Munich,Tablet,Free,Female,18-24
U04958,2024-12-27,LinkedIn,CMP118,Canada,Toronto,Desktop,Free,Male,25-34
U04959,2024-01-15,Black Friday,CMP107,USA,Seattle,Tablet,Free,Male,25-34
U04960,2024-01-06,Referral,CMP114,Canada,Vancouver,Desktop,Basic,Male,45-54
U04961,2024-03-24,Google Ads,CMP115,India,Chennai,Desktop,Basic,Male,45-54
U04962,2024-07-04,LinkedIn,CMP101,Germany,Munich,Tablet,Free,Male,35-44
U04963,2024-07-26,Facebook,CMP116,Australia,Melbourne,Mobile,Premium,Female,45-54
U04964,2024-09-01,Facebook,CMP109,India,Coimbatore,Desktop,Free,Male,18-24
U04965,2024-07-19,Black Friday,CMP120,UK,London,Tablet,Premium,Female,35-44
U04966,2024-08-05,Black Friday,CMP118,Canada,Vancouver,Tablet,Free,Male,35-44
U04967,2024-09-21,LinkedIn,CMP118,Canada,Toronto,Mobile,Free,Female,25-34
U04968,2024-02-18,Referral,CMP106,USA,Austin,Desktop,Free,Female,35-44
U04969,2024-09-10,Organic,CMP102,Canada,Vancouver,Tablet,Free,Female,18-24
U04970,2024-02-16,LinkedIn,CMP104,UK,Manchester,Tablet,Basic,Male,18-24
U04971,2024-01-14,Referral,CMP102,India,Chennai,Desktop,Free,Female,35-44
U04972,2024-07-19,Black Friday,CMP108,Germany,Munich,Tablet,Basic,Female,25-34
U04973,2024-07-24,Google Ads,CMP119,Canada,Toronto,Tablet,Premium,Female,18-24
U04974,2024-04-17,Referral,CMP117,India,Coimbatore,Tablet,Basic,Female,18-24
U04975,2024-09-25,Google Ads,CMP104,USA,New York,Mobile,Basic,Female,25-34
U04976,2024-12-04,Black Friday,CMP109,Canada,Toronto,Desktop,Premium,Male,18-24
U04977,2024-02-14,Black Friday,CMP102,Canada,Toronto,Desktop,Premium,Female,18-24
U04978,2024-10-22,Google Ads,CMP119,UK,Manchester,Mobile,Free,Female,45-54
U04979,2024-11-14,Black Friday,CMP119,Canada,Toronto,Tablet,Premium,Male,25-34
U04980,2024-05-06,Referral,CMP115,Canada,Vancouver,Desktop,Basic,Female,18-24
U04981,2024-11-19,Google Ads,CMP117,Germany,Munich,Mobile,Free,Female,18-24
U04982,2024-11-27,Referral,CMP120,USA,Austin,Tablet,Free,Female,35-44
U04983,2024-05-28,Black Friday,CMP107,Australia,Sydney,Tablet,Free,Male,45-54
U04984,2024-05-02,Black Friday,CMP119,USA,Seattle,Mobile,Premium,Female,18-24
U04985,2024-04-02,LinkedIn,CMP108,Germany,Berlin,Mobile,Basic,Male,35-44
U04986,2024-06-07,Organic,CMP118,Canada,Vancouver,Mobile,Free,Male,18-24
U04987,2024-02-09,Referral,CMP114,Germany,Berlin,Desktop,Basic,Female,45-54
U04988,2024-08-19,Organic,CMP119,Germany,Berlin,Tablet,Premium,Male,18-24
U04989,2024-04-26,Google Ads,CMP117,India,Coimbatore,Desktop,Basic,Female,18-24
U04990,2024-07-02,Referral,CMP106,Canada,Toronto,Tablet,Free,Male,45-54
U04991,2024-01-07,LinkedIn,CMP116,Germany,Munich,Mobile,Premium,Male,35-44
U04992,2024-11-01,Black Friday,CMP106,Germany,Munich,Desktop,Basic,Female,18-24
U04993,2024-04-06,Facebook,CMP119,Germany,Munich,Desktop,Basic,Female,18-24
U04994,2024-12-21,Facebook,CMP111,Australia,Sydney,Desktop,Basic,Male,35-44
U04995,2024-08-15,Facebook,CMP110,Australia,Sydney,Desktop,Free,Female,18-24
U04996,2024-12-28,Referral,CMP112,India,Chennai,Mobile,Free,Female,45-54
U04997,2024-08-31,Google Ads,CMP118,USA,Austin,Mobile,Basic,Female,45-54
U04998,2024-05-26,LinkedIn,CMP116,Australia,Sydney,Tablet,Basic,Male,45-54
U04999,2024-09-29,Referral,CMP118,India,Chennai,Tablet,Premium,Male,18-24
U05000,2024-10-25,Facebook,CMP114,USA,Austin,Tablet,Free,Male,45-54
U05001,2024-06-12,LinkedIn,CMP102,Canada,Toronto,Tablet,Basic,Female,45-54
U05002,2024-04-13,Google Ads,CMP107,Australia,Sydney,Mobile,Basic,Female,25-34
U05003,2024-05-22,LinkedIn,CMP102,UK,Manchester,Mobile,Basic,Female,45-54
U05004,2024-09-28,Google Ads,CMP113,Australia,Sydney,Tablet,Premium,Male,25-34
U05005,2024-03-26,Black Friday,CMP105,UK,Manchester,Mobile,Basic,Male,45-54
U05006,2024-03-23,Black Friday,CMP117,Australia,Melbourne,Tablet,Basic,Female,45-54
U05007,2024-08-01,Google Ads,CMP107,Australia,Melbourne,Mobile,Free,Female,35-44
U05008,2024-08-28,LinkedIn,CMP106,Canada,Vancouver,Tablet,Free,Male,18-24
U05009,2024-11-08,Google Ads,CMP119,USA,Austin,Mobile,Premium,Male,25-34
U05010,2024-03-12,Black Friday,CMP101,Canada,Vancouver,Mobile,Basic,Male,35-44
U05011,2024-02-18,Facebook,CMP109,Canada,Vancouver,Desktop,Basic,Male,25-34
U05012,2024-06-11,Referral,CMP108,Canada,Toronto,Desktop,Free,Male,25-34
U05013,2024-06-26,Google Ads,CMP101,Germany,Berlin,Mobile,Premium,Male,45-54
U05014,2024-08-31,Facebook,CMP110,USA,Seattle,Mobile,Basic,Female,45-54
U05015,2024-07-03,Organic,CMP114,Germany,Munich,Tablet,Free,Male,25-34
U05016,2024-03-16,Facebook,CMP102,Australia,Melbourne,Mobile,Premium,Female,35-44
U05017,2024-07-16,Black Friday,CMP107,UK,Manchester,Desktop,Basic,Male,25-34
U05018,2024-04-17,Referral,CMP106,India,Coimbatore,Tablet,Basic,Male,35-44
U05019,2024-07-21,Black Friday,CMP107,Germany,Munich,Mobile,Free,Female,25-34
U05020,2024-05-04,Referral,CMP110,India,Coimbatore,Mobile,Free,Female,25-34
U05021,2024-07-20,Referral,CMP101,USA,New York,Mobile,Premium,Female,35-44
U05022,2024-11-07,Referral,CMP110,India,Bengaluru,Desktop,Basic,Male,18-24
U05023,2024-08-09,Facebook,CMP108,USA,Seattle,Mobile,Free,Male,18-24
U05024,2024-12-19,LinkedIn,CMP114,India,Chennai,Desktop,Basic,Male,25-34
U05025,2024-09-25,Facebook,CMP111,UK,Manchester,Mobile,Basic,Male,35-44
U05026,2024-08-20,LinkedIn,CMP105,Canada,Toronto,Tablet,Basic,Male,18-24
U05027,2024-11-20,Referral,CMP110,India,Bengaluru,Desktop,Free,Male,45-54
U05028,2024-07-31,Organic,CMP102,Australia,Sydney,Desktop,Free,Female,45-54
U05029,2024-10-29,Black Friday,CMP104,India,Coimbatore,Desktop,Premium,Female,25-34
U05030,2024-09-18,Referral,CMP104,Australia,Melbourne,Mobile,Basic,Female,18-24
U05031,2024-01-13,LinkedIn,CMP116,Germany,Munich,Desktop,Basic,Male,25-34
U05032,2024-02-08,Facebook,CMP102,Germany,Berlin,Tablet,Basic,Male,25-34
U05033,2024-09-25,Google Ads,CMP112,Canada,Vancouver,Tablet,Basic,Male,45-54
U05034,2024-02-09,Black Friday,CMP101,India,Bengaluru,Desktop,Free,Female,18-24
U05035,2024-03-27,Black Friday,CMP101,USA,Austin,Tablet,Premium,Male,45-54
U05036,2024-08-10,Organic,CMP109,Germany,Munich,Mobile,Free,Male,18-24
U05037,2024-09-12,Facebook,CMP115,India,Bengaluru,Desktop,Basic,Female,18-24
U05038,2024-03-28,Referral,CMP106,Canada,Vancouver,Tablet,Free,Male,18-24
U05039,2024-04-02,Black Friday,CMP118,Canada,Toronto,Desktop,Premium,Male,18-24
U05040,2024-09-17,Black Friday,CMP112,Canada,Toronto,Mobile,Basic,Female,18-24
U05041,2024-03-02,LinkedIn,CMP120,USA,Austin,Mobile,Basic,Male,35-44
U05042,2024-01-30,Black Friday,CMP108,Germany,Berlin,Desktop,Premium,Male,25-34
U05043,2024-11-03,Google Ads,CMP102,UK,London,Tablet,Free,Female,18-24
U05044,2024-03-27,Facebook,CMP120,Germany,Munich,Mobile,Free,Male,35-44
U05045,2024-05-31,Black Friday,CMP108,India,Coimbatore,Tablet,Basic,Female,35-44
U05046,2024-04-17,Referral,CMP119,Canada,Vancouver,Mobile,Premium,Female,18-24
U05047,2024-04-07,Organic,CMP117,USA,Austin,Tablet,Basic,Male,35-44
U05048,2024-10-11,Black Friday,CMP108,Germany,Berlin,Tablet,Premium,Male,35-44
U05049,2024-01-11,Organic,CMP109,UK,Manchester,Tablet,Free,Female,18-24
U05050,2024-06-10,Referral,CMP105,India,Chennai,Desktop,Basic,Male,18-24
U05051,2024-01-31,Organic,CMP116,Canada,Vancouver,Desktop,Basic,Female,25-34
U05052,2024-10-17,Black Friday,CMP103,India,Coimbatore,Mobile,Basic,Female,18-24
U05053,2024-01-16,Black Friday,CMP109,USA,Austin,Desktop,Premium,Female,45-54
U05054,2024-06-17,LinkedIn,CMP107,Australia,Melbourne,Desktop,Basic,Female,45-54
U05055,2024-07-12,LinkedIn,CMP105,India,Chennai,Desktop,Basic,Male,35-44
U05056,2024-08-28,Organic,CMP105,UK,London,Tablet,Free,Male,25-34
U05057,2024-08-11,Referral,CMP107,Canada,Toronto,Desktop,Free,Female,18-24
U05058,2024-06-05,Referral,CMP108,USA,Austin,Mobile,Basic,Male,25-34
U05059,2024-07-21,Black Friday,CMP111,Canada,Vancouver,Desktop,Basic,Male,45-54
U05060,2024-08-02,Facebook,CMP118,Canada,Toronto,Mobile,Premium,Male,45-54
U05061,2024-04-10,LinkedIn,CMP117,Germany,Berlin,Desktop,Basic,Male,35-44
U05062,2024-11-27,Organic,CMP108,Canada,Vancouver,Mobile,Basic,Female,35-44
U05063,2024-03-21,Referral,CMP108,Canada,Toronto,Mobile,Free,Female,25-34
U05064,2024-11-02,Google Ads,CMP113,UK,London,Tablet,Premium,Female,25-34
U05065,2024-04-02,Referral,CMP115,Canada,Toronto,Desktop,Premium,Male,18-24
U05066,2024-02-13,Referral,CMP120,UK,Manchester,Tablet,Basic,Female,35-44
U05067,2024-05-19,LinkedIn,CMP107,Australia,Melbourne,Desktop,Free,Female,18-24
U05068,2024-10-21,LinkedIn,CMP118,Germany,Berlin,Tablet,Basic,Female,45-54
U05069,2024-06-21,LinkedIn,CMP115,Canada,Toronto,Tablet,Basic,Male,18-24
U05070,2024-12-05,Black Friday,CMP109,USA,New York,Desktop,Basic,Male,45-54
U05071,2024-10-04,Referral,CMP104,Australia,Sydney,Tablet,Premium,Male,35-44
U05072,2024-02-26,Black Friday,CMP116,Australia,Melbourne,Desktop,Premium,Female,25-34
U05073,2024-01-17,Black Friday,CMP106,Germany,Berlin,Tablet,Premium,Female,45-54
U05074,2024-02-04,Black Friday,CMP114,Australia,Sydney,Desktop,Basic,Female,25-34
U05075,2024-04-28,Google Ads,CMP110,Germany,Berlin,Mobile,Free,Female,35-44
U05076,2024-08-13,Black Friday,CMP114,Canada,Vancouver,Mobile,Free,Female,35-44
U05077,2024-09-01,Google Ads,CMP118,Australia,Sydney,Tablet,Free,Male,25-34
U05078,2024-09-08,Referral,CMP118,Canada,Vancouver,Tablet,Free,Female,18-24
U05079,2024-11-15,Organic,CMP117,Germany,Munich,Mobile,Premium,Female,35-44
U05080,2024-07-07,LinkedIn,CMP108,USA,New York,Tablet,Basic,Male,45-54
U05081,2024-08-01,Organic,CMP117,USA,Austin,Desktop,Premium,Female,45-54
U05082,2024-01-12,Organic,CMP114,Germany,Munich,Desktop,Premium,Male,35-44
U05083,2024-06-05,Organic,CMP102,India,Bengaluru,Tablet,Basic,Male,45-54
U05084,2024-07-08,Organic,CMP105,Germany,Berlin,Mobile,Free,Female,35-44
U05085,2024-01-21,Referral,CMP116,Germany,Berlin,Tablet,Basic,Male,25-34
U05086,2024-10-14,Black Friday,CMP111,Canada,Vancouver,Mobile,Basic,Male,35-44
U05087,2024-05-12,Black Friday,CMP116,Canada,Toronto,Desktop,Free,Female,25-34
U05088,2024-07-29,Black Friday,CMP111,Germany,Munich,Desktop,Premium,Female,45-54
U05089,2024-10-13,Black Friday,CMP108,Australia,Melbourne,Mobile,Free,Female,25-34
U05090,2024-10-27,Black Friday,CMP105,Australia,Melbourne,Tablet,Premium,Male,45-54
U05091,2024-12-20,LinkedIn,CMP104,Germany,Munich,Mobile,Premium,Female,18-24
U05092,2024-11-21,LinkedIn,CMP110,India,Chennai,Tablet,Free,Female,18-24
U05093,2024-03-21,LinkedIn,CMP102,UK,London,Desktop,Free,Male,18-24
U05094,2024-07-28,LinkedIn,CMP116,Australia,Melbourne,Desktop,Free,Female,18-24
U05095,2024-08-12,Google Ads,CMP115,India,Bengaluru,Tablet,Premium,Female,18-24
U05096,2024-08-12,Google Ads,CMP111,Germany,Berlin,Desktop,Basic,Male,45-54
U05097,2024-03-21,Black Friday,CMP120,Canada,Toronto,Tablet,Basic,Male,18-24
U05098,2024-09-06,LinkedIn,CMP115,Australia,Melbourne,Mobile,Free,Female,18-24
U05099,2024-03-14,Facebook,CMP110,Australia,Sydney,Mobile,Basic,Male,18-24
U05100,2024-06-12,Facebook,CMP114,Canada,Vancouver,Desktop,Free,Female,45-54
U05101,2024-01-28,LinkedIn,CMP115,UK,London,Tablet,Free,Male,45-54
U05102,2024-11-13,LinkedIn,CMP104,India,Coimbatore,Tablet,Premium,Female,18-24
U05103,2024-12-05,LinkedIn,CMP103,USA,New York,Desktop,Free,Female,25-34
U05104,2024-02-17,Google Ads,CMP102,USA,Seattle,Desktop,Basic,Female,45-54
U05105,2024-07-26,Facebook,CMP101,UK,Manchester,Mobile,Premium,Male,35-44
U05106,2024-03-21,Black Friday,CMP104,Australia,Melbourne,Tablet,Basic,Male,35-44
U05107,2024-04-24,Google Ads,CMP117,Australia,Melbourne,Mobile,Basic,Male,35-44
U05108,2024-10-10,Google Ads,CMP117,India,Chennai,Desktop,Basic,Male,25-34
U05109,2024-02-29,LinkedIn,CMP115,USA,Seattle,Tablet,Premium,Female,35-44
U05110,2024-07-01,Facebook,CMP105,UK,Manchester,Mobile,Basic,Male,18-24
U05111,2024-08-13,Black Friday,CMP112,India,Bengaluru,Desktop,Basic,Male,35-44
U05112,2024-03-21,Facebook,CMP102,Canada,Vancouver,Tablet,Basic,Female,35-44
U05113,2024-02-17,Google Ads,CMP111,USA,Seattle,Tablet,Premium,Female,25-34
U05114,2024-06-11,LinkedIn,CMP120,Canada,Toronto,Desktop,Free,Female,45-54
U05115,2024-01-13,LinkedIn,CMP106,India,Coimbatore,Tablet,Basic,Male,35-44
U05116,2024-02-14,Referral,CMP115,Germany,Munich,Mobile,Premium,Male,45-54
U05117,2024-09-23,Referral,CMP111,UK,London,Mobile,Free,Female,25-34
U05118,2024-05-16,Facebook,CMP117,UK,London,Tablet,Free,Female,45-54
U05119,2024-12-18,Organic,CMP107,USA,Austin,Desktop,Free,Female,35-44
U05120,2024-12-15,Organic,CMP111,Germany,Berlin,Tablet,Basic,Female,25-34
U05121,2024-03-18,Google Ads,CMP109,USA,Austin,Mobile,Premium,Male,18-24
U05122,2024-02-24,Referral,CMP104,UK,London,Tablet,Premium,Female,18-24
U05123,2024-11-11,Referral,CMP109,Canada,Toronto,Tablet,Premium,Female,25-34
U05124,2024-08-17,Referral,CMP104,UK,London,Desktop,Premium,Male,45-54
U05125,2024-11-03,Organic,CMP101,USA,Seattle,Mobile,Basic,Male,35-44
U05126,2024-12-01,Organic,CMP118,Canada,Toronto,Desktop,Free,Male,25-34
U05127,2024-05-24,Organic,CMP111,Australia,Sydney,Tablet,Premium,Male,18-24
U05128,2024-06-22,Black Friday,CMP108,Germany,Munich,Tablet,Premium,Female,18-24
U05129,2024-11-20,Organic,CMP108,USA,New York,Mobile,Basic,Female,35-44
U05130,2024-08-02,Google Ads,CMP103,India,Chennai,Desktop,Basic,Female,45-54
U05131,2024-05-12,Referral,CMP104,USA,New York,Tablet,Premium,Female,25-34
U05132,2024-07-22,Organic,CMP115,USA,Austin,Tablet,Premium,Female,35-44
U05133,2024-11-02,Google Ads,CMP113,India,Chennai,Tablet,Free,Male,25-34
U05134,2024-04-24,Black Friday,CMP109,India,Bengaluru,Desktop,Basic,Female,35-44
U05135,2024-09-10,Organic,CMP114,Australia,Melbourne,Desktop,Basic,Male,25-34
U05136,2024-01-12,Referral,CMP120,UK,Manchester,Mobile,Basic,Male,45-54
U05137,2024-05-28,Organic,CMP113,Australia,Melbourne,Desktop,Free,Female,25-34
U05138,2024-12-27,Facebook,CMP107,Canada,Toronto,Mobile,Free,Male,45-54
U05139,2024-03-16,Black Friday,CMP118,UK,Manchester,Desktop,Basic,Male,25-34
U05140,2024-07-30,Google Ads,CMP119,India,Coimbatore,Desktop,Basic,Female,35-44
U05141,2024-10-05,Organic,CMP117,Germany,Berlin,Tablet,Basic,Male,25-34
U05142,2024-06-08,Referral,CMP108,India,Coimbatore,Desktop,Premium,Female,25-34
U05143,2024-12-11,LinkedIn,CMP117,Australia,Melbourne,Tablet,Premium,Male,25-34
U05144,2024-01-08,Referral,CMP113,Germany,Munich,Desktop,Premium,Male,25-34
U05145,2024-07-08,Referral,CMP114,Australia,Sydney,Desktop,Basic,Male,25-34
U05146,2024-05-02,Referral,CMP108,Germany,Berlin,Mobile,Basic,Female,25-34
U05147,2024-05-10,Referral,CMP107,India,Bengaluru,Tablet,Premium,Female,35-44
U05148,2024-11-21,Referral,CMP102,Germany,Berlin,Mobile,Premium,Male,18-24
U05149,2024-08-20,Organic,CMP101,Germany,Munich,Mobile,Premium,Female,35-44
U05150,2024-01-10,Black Friday,CMP113,USA,Seattle,Tablet,Basic,Female,45-54
U05151,2024-04-24,Black Friday,CMP107,UK,Manchester,Mobile,Premium,Female,25-34
U05152,2024-11-14,Organic,CMP107,India,Chennai,Mobile,Premium,Male,45-54
U05153,2024-12-05,LinkedIn,CMP115,Australia,Sydney,Desktop,Basic,Female,35-44
U05154,2024-08-28,Black Friday,CMP105,Germany,Berlin,Tablet,Free,Male,18-24
U05155,2024-05-31,Referral,CMP108,India,Bengaluru,Desktop,Free,Female,25-34
U05156,2024-07-20,Organic,CMP118,India,Coimbatore,Desktop,Premium,Female,35-44
U05157,2024-11-25,Google Ads,CMP110,USA,New York,Mobile,Basic,Male,25-34
U05158,2024-11-11,Google Ads,CMP109,USA,New York,Desktop,Basic,Female,45-54
U05159,2024-04-02,LinkedIn,CMP109,Germany,Munich,Desktop,Premium,Female,18-24
U05160,2024-03-25,Black Friday,CMP117,India,Bengaluru,Desktop,Free,Male,18-24
U05161,2024-05-24,Facebook,CMP114,Canada,Toronto,Mobile,Premium,Female,25-34
U05162,2024-09-28,Referral,CMP113,USA,Seattle,Tablet,Basic,Female,25-34
U05163,2024-01-09,Black Friday,CMP110,Australia,Melbourne,Desktop,Premium,Male,35-44
U05164,2024-12-05,Referral,CMP110,Canada,Vancouver,Desktop,Free,Female,25-34
U05165,2024-12-15,Google Ads,CMP117,Canada,Vancouver,Mobile,Free,Male,25-34
U05166,2024-06-11,LinkedIn,CMP103,UK,Manchester,Tablet,Premium,Female,35-44
U05167,2024-07-29,LinkedIn,CMP115,Australia,Sydney,Tablet,Premium,Female,25-34
U05168,2024-07-31,Organic,CMP108,Australia,Melbourne,Tablet,Premium,Female,35-44
U05169,2024-10-26,Black Friday,CMP103,USA,New York,Tablet,Premium,Female,45-54
U05170,2024-03-29,Black Friday,CMP111,USA,Seattle,Mobile,Free,Female,45-54
U05171,2024-04-19,LinkedIn,CMP119,Germany,Munich,Mobile,Basic,Male,45-54
U05172,2024-06-29,Referral,CMP120,UK,Manchester,Tablet,Basic,Male,45-54
U05173,2024-10-10,Black Friday,CMP105,Australia,Sydney,Mobile,Free,Male,18-24
U05174,2024-01-16,Black Friday,CMP109,India,Chennai,Tablet,Basic,Female,18-24
U05175,2024-07-21,Facebook,CMP103,USA,Austin,Desktop,Basic,Female,18-24
U05176,2024-05-09,Organic,CMP119,Canada,Vancouver,Desktop,Free,Male,18-24
U05177,2024-01-01,Facebook,CMP112,Australia,Melbourne,Mobile,Basic,Male,25-34
U05178,2024-09-04,Black Friday,CMP110,Australia,Melbourne,Desktop,Basic,Male,35-44
U05179,2024-09-21,Organic,CMP112,USA,New York,Desktop,Free,Female,25-34
U05180,2024-06-18,Google Ads,CMP107,India,Coimbatore,Mobile,Free,Female,25-34
U05181,2024-08-09,Facebook,CMP115,Germany,Munich,Desktop,Basic,Male,35-44
U05182,2024-03-07,Facebook,CMP118,Germany,Munich,Desktop,Free,Male,18-24
U05183,2024-01-05,Black Friday,CMP119,UK,Manchester,Tablet,Free,Female,18-24
U05184,2024-08-28,Organic,CMP106,Germany,Berlin,Desktop,Free,Male,45-54
U05185,2024-05-15,LinkedIn,CMP114,Germany,Munich,Tablet,Basic,Female,25-34
U05186,2024-02-16,Organic,CMP106,Germany,Munich,Mobile,Basic,Female,45-54
U05187,2024-09-13,Google Ads,CMP102,Australia,Sydney,Mobile,Basic,Male,45-54
U05188,2024-10-20,Black Friday,CMP105,UK,Manchester,Desktop,Premium,Female,45-54
U05189,2024-09-07,Facebook,CMP101,USA,Austin,Tablet,Free,Male,45-54
U05190,2024-03-31,Black Friday,CMP108,Canada,Vancouver,Desktop,Basic,Female,45-54
U05191,2024-12-13,Google Ads,CMP113,India,Chennai,Desktop,Premium,Male,45-54
U05192,2024-12-09,Organic,CMP119,USA,Austin,Mobile,Basic,Female,45-54
U05193,2024-12-23,Facebook,CMP108,UK,London,Tablet,Basic,Male,35-44
U05194,2024-07-20,Google Ads,CMP101,Germany,Berlin,Tablet,Basic,Male,45-54
U05195,2024-03-15,Organic,CMP102,Australia,Melbourne,Tablet,Free,Female,35-44
U05196,2024-01-29,Referral,CMP115,Germany,Berlin,Desktop,Premium,Male,18-24
U05197,2024-04-14,Black Friday,CMP112,Australia,Sydney,Tablet,Premium,Female,25-34
U05198,2024-11-05,Facebook,CMP106,Germany,Munich,Tablet,Free,Female,45-54
U05199,2024-08-13,LinkedIn,CMP102,Germany,Munich,Desktop,Basic,Male,45-54
U05200,2024-02-15,Black Friday,CMP119,USA,Seattle,Desktop,Premium,Male,35-44
U05201,2024-05-29,Referral,CMP106,Australia,Melbourne,Mobile,Free,Male,25-34
U05202,2024-04-21,Organic,CMP107,Australia,Sydney,Desktop,Premium,Male,45-54
U05203,2024-05-14,Organic,CMP106,Germany,Berlin,Mobile,Basic,Female,18-24
U05204,2024-07-03,LinkedIn,CMP103,Germany,Berlin,Tablet,Premium,Male,35-44
U05205,2024-03-29,Black Friday,CMP112,Australia,Sydney,Tablet,Premium,Female,45-54
U05206,2024-02-13,LinkedIn,CMP112,Germany,Munich,Tablet,Premium,Male,25-34
U05207,2024-04-22,Facebook,CMP112,Australia,Sydney,Tablet,Premium,Female,45-54
U05208,2024-12-08,LinkedIn,CMP107,India,Chennai,Tablet,Free,Male,25-34
U05209,2024-11-07,Google Ads,CMP112,USA,New York,Tablet,Basic,Female,18-24
U05210,2024-07-10,Google Ads,CMP112,Australia,Melbourne,Desktop,Basic,Male,45-54
U05211,2024-09-26,Facebook,CMP116,Australia,Melbourne,Desktop,Basic,Female,35-44
U05212,2024-01-18,Black Friday,CMP105,Germany,Berlin,Mobile,Free,Male,35-44
U05213,2024-12-16,Referral,CMP118,India,Chennai,Tablet,Basic,Female,45-54
U05214,2024-06-07,Organic,CMP111,UK,London,Tablet,Free,Female,18-24
U05215,2024-02-25,Referral,CMP118,India,Bengaluru,Desktop,Basic,Female,35-44
U05216,2024-05-09,LinkedIn,CMP103,Germany,Berlin,Desktop,Premium,Female,45-54
U05217,2024-04-09,Black Friday,CMP110,Germany,Munich,Desktop,Free,Male,25-34
U05218,2024-06-02,LinkedIn,CMP109,Germany,Munich,Mobile,Free,Female,25-34
U05219,2024-03-20,LinkedIn,CMP106,Australia,Sydney,Tablet,Free,Female,18-24
U05220,2024-04-02,LinkedIn,CMP110,USA,New York,Tablet,Premium,Female,25-34
U05221,2024-05-27,Organic,CMP111,UK,London,Mobile,Premium,Female,18-24
U05222,2024-06-12,Organic,CMP109,Australia,Melbourne,Mobile,Basic,Male,45-54
U05223,2024-11-24,LinkedIn,CMP106,Canada,Toronto,Desktop,Basic,Female,45-54
U05224,2024-04-30,LinkedIn,CMP101,Germany,Munich,Tablet,Free,Male,45-54
U05225,2024-06-01,Black Friday,CMP108,Germany,Munich,Desktop,Basic,Male,45-54
U05226,2024-11-26,Referral,CMP112,Canada,Vancouver,Desktop,Premium,Female,35-44
U05227,2024-08-19,Google Ads,CMP104,India,Bengaluru,Tablet,Premium,Female,35-44
U05228,2024-05-15,Referral,CMP113,Australia,Sydney,Desktop,Free,Female,25-34
U05229,2024-06-22,Facebook,CMP116,Germany,Munich,Desktop,Basic,Male,45-54
U05230,2024-11-23,Organic,CMP105,USA,New York,Tablet,Basic,Female,45-54
U05231,2024-07-08,Organic,CMP120,Germany,Berlin,Tablet,Premium,Female,35-44
U05232,2024-07-10,Referral,CMP118,Germany,Berlin,Mobile,Premium,Male,18-24
U05233,2024-11-23,Organic,CMP111,India,Bengaluru,Mobile,Basic,Female,35-44
U05234,2024-02-28,Google Ads,CMP113,Germany,Munich,Tablet,Basic,Female,18-24
U05235,2024-06-14,Referral,CMP103,Australia,Sydney,Desktop,Basic,Male,35-44
U05236,2024-07-28,Black Friday,CMP116,USA,New York,Mobile,Free,Male,25-34
U05237,2024-01-29,Facebook,CMP108,Germany,Berlin,Desktop,Free,Female,45-54
U05238,2024-06-09,Black Friday,CMP118,Canada,Toronto,Tablet,Basic,Male,25-34
U05239,2024-12-26,Referral,CMP113,India,Chennai,Tablet,Basic,Female,35-44
U05240,2024-11-20,Referral,CMP118,Germany,Berlin,Tablet,Basic,Male,45-54
U05241,2024-08-05,Organic,CMP119,USA,Austin,Desktop,Free,Male,45-54
U05242,2024-07-16,Organic,CMP119,Germany,Munich,Tablet,Premium,Female,35-44
U05243,2024-06-20,Organic,CMP110,India,Coimbatore,Desktop,Premium,Male,45-54
U05244,2024-12-26,Referral,CMP113,USA,New York,Tablet,Premium,Male,18-24
U05245,2024-01-09,Referral,CMP108,Germany,Berlin,Tablet,Free,Female,35-44
U05246,2024-03-16,Referral,CMP106,Germany,Munich,Desktop,Basic,Male,18-24
U05247,2024-06-19,Facebook,CMP103,Canada,Vancouver,Desktop,Basic,Male,18-24
U05248,2024-08-22,Facebook,CMP107,Germany,Munich,Mobile,Basic,Female,18-24
U05249,2024-10-29,LinkedIn,CMP102,Canada,Vancouver,Mobile,Basic,Female,35-44
U05250,2024-04-12,Referral,CMP101,Australia,Melbourne,Mobile,Premium,Female,35-44
U05251,2024-11-12,LinkedIn,CMP105,Australia,Melbourne,Tablet,Free,Female,18-24
U05252,2024-08-20,Black Friday,CMP101,Australia,Melbourne,Mobile,Free,Male,45-54
U05253,2024-11-06,LinkedIn,CMP106,Germany,Berlin,Mobile,Premium,Male,35-44
U05254,2024-07-17,Google Ads,CMP118,Canada,Vancouver,Mobile,Free,Female,35-44
U05255,2024-04-24,Referral,CMP118,Germany,Berlin,Mobile,Basic,Male,35-44
U05256,2024-02-13,LinkedIn,CMP104,USA,Austin,Mobile,Free,Female,25-34
U05257,2024-10-16,Referral,CMP112,India,Bengaluru,Mobile,Free,Female,35-44
U05258,2024-12-15,Google Ads,CMP114,Canada,Toronto,Desktop,Basic,Male,25-34
U05259,2024-10-01,LinkedIn,CMP111,Germany,Munich,Mobile,Basic,Female,45-54
U05260,2024-07-09,Referral,CMP112,UK,Manchester,Mobile,Premium,Female,35-44
U05261,2024-02-21,Facebook,CMP115,India,Coimbatore,Tablet,Free,Female,18-24
U05262,2024-05-30,Google Ads,CMP111,India,Bengaluru,Tablet,Premium,Male,18-24
U05263,2024-11-17,Facebook,CMP111,Canada,Vancouver,Mobile,Free,Female,45-54
U05264,2024-09-14,Facebook,CMP116,UK,London,Mobile,Premium,Male,25-34
U05265,2024-05-27,Organic,CMP110,India,Chennai,Desktop,Free,Female,35-44
U05266,2024-10-23,Organic,CMP113,USA,Austin,Mobile,Premium,Male,45-54
U05267,2024-12-14,Organic,CMP111,India,Bengaluru,Desktop,Premium,Female,45-54
U05268,2024-02-15,Black Friday,CMP110,USA,New York,Tablet,Basic,Female,35-44
U05269,2024-01-24,Organic,CMP110,India,Coimbatore,Tablet,Basic,Male,25-34
U05270,2024-03-07,LinkedIn,CMP101,Australia,Melbourne,Tablet,Premium,Male,45-54
U05271,2024-06-07,Facebook,CMP120,Canada,Toronto,Desktop,Basic,Female,18-24
U05272,2024-12-13,Black Friday,CMP113,USA,New York,Tablet,Free,Female,35-44
U05273,2024-09-06,Google Ads,CMP110,USA,Austin,Desktop,Premium,Male,45-54
U05274,2024-01-20,Black Friday,CMP108,Canada,Toronto,Desktop,Free,Female,25-34
U05275,2024-05-13,Black Friday,CMP120,UK,Manchester,Desktop,Premium,Male,18-24
U05276,2024-01-21,Organic,CMP109,Australia,Melbourne,Mobile,Premium,Male,35-44
U05277,2024-12-25,Referral,CMP118,Australia,Melbourne,Desktop,Premium,Male,35-44
U05278,2024-02-23,Organic,CMP119,UK,Manchester,Mobile,Premium,Female,18-24
U05279,2024-10-16,Referral,CMP115,Canada,Toronto,Mobile,Basic,Male,18-24
U05280,2024-07-22,Referral,CMP118,Germany,Berlin,Mobile,Free,Male,35-44
U05281,2024-07-13,Organic,CMP106,Canada,Toronto,Desktop,Free,Male,45-54
U05282,2024-05-09,Facebook,CMP114,UK,Manchester,Mobile,Basic,Female,25-34
U05283,2024-02-27,Facebook,CMP108,USA,Austin,Mobile,Free,Female,45-54
U05284,2024-10-30,LinkedIn,CMP113,Canada,Toronto,Mobile,Premium,Female,45-54
U05285,2024-11-23,Facebook,CMP116,Canada,Vancouver,Desktop,Free,Male,45-54
U05286,2024-03-02,Google Ads,CMP108,Germany,Berlin,Desktop,Basic,Male,45-54
U05287,2024-01-19,Google Ads,CMP113,UK,London,Desktop,Basic,Female,18-24
U05288,2024-08-01,Organic,CMP109,UK,Manchester,Mobile,Basic,Male,45-54
U05289,2024-05-13,Facebook,CMP117,UK,London,Tablet,Basic,Female,35-44
U05290,2024-05-11,Black Friday,CMP119,India,Chennai,Mobile,Premium,Female,18-24
U05291,2024-05-10,Referral,CMP116,Canada,Vancouver,Mobile,Free,Male,25-34
U05292,2024-08-15,Referral,CMP113,USA,Austin,Tablet,Free,Female,25-34
U05293,2024-08-31,LinkedIn,CMP101,Australia,Melbourne,Desktop,Premium,Male,35-44
U05294,2024-08-11,Facebook,CMP101,UK,London,Desktop,Premium,Male,25-34
U05295,2024-06-29,Facebook,CMP105,USA,Austin,Desktop,Basic,Female,18-24
U05296,2024-10-12,Google Ads,CMP114,USA,Seattle,Mobile,Free,Male,35-44
U05297,2024-03-03,Facebook,CMP112,Australia,Sydney,Mobile,Premium,Female,35-44
U05298,2024-03-08,Facebook,CMP105,Australia,Melbourne,Desktop,Free,Female,45-54
U05299,2024-10-04,Black Friday,CMP102,Canada,Vancouver,Tablet,Premium,Male,18-24
U05300,2024-08-12,LinkedIn,CMP103,USA,New York,Desktop,Free,Male,35-44
U05301,2024-01-17,Black Friday,CMP106,Australia,Sydney,Desktop,Premium,Male,25-34
U05302,2024-03-18,LinkedIn,CMP106,Germany,Munich,Mobile,Free,Male,45-54
U05303,2024-03-05,LinkedIn,CMP114,Germany,Munich,Desktop,Basic,Female,18-24
U05304,2024-10-24,Facebook,CMP113,Australia,Melbourne,Tablet,Premium,Female,35-44
U05305,2024-10-25,Google Ads,CMP119,Australia,Melbourne,Desktop,Premium,Male,18-24
U05306,2024-04-13,LinkedIn,CMP112,Germany,Munich,Mobile,Premium,Female,45-54
U05307,2024-09-15,Black Friday,CMP120,UK,London,Tablet,Basic,Male,45-54
U05308,2024-11-28,LinkedIn,CMP117,Germany,Berlin,Mobile,Free,Male,18-24
U05309,2024-07-22,Black Friday,CMP107,India,Chennai,Desktop,Basic,Male,35-44
U05310,2024-05-04,Organic,CMP107,UK,London,Mobile,Free,Male,35-44
U05311,2024-12-06,Organic,CMP117,Australia,Sydney,Mobile,Basic,Female,35-44
U05312,2024-10-03,Google Ads,CMP108,India,Coimbatore,Mobile,Premium,Male,18-24
U05313,2024-11-01,Referral,CMP117,USA,Seattle,Tablet,Premium,Female,25-34
U05314,2024-02-06,Facebook,CMP109,India,Bengaluru,Mobile,Premium,Female,18-24
U05315,2024-07-03,Google Ads,CMP109,Germany,Berlin,Desktop,Premium,Male,18-24
U05316,2024-12-10,LinkedIn,CMP101,Germany,Munich,Mobile,Free,Female,35-44
U05317,2024-01-31,LinkedIn,CMP102,UK,London,Desktop,Premium,Male,25-34
U05318,2024-06-08,Referral,CMP120,Germany,Berlin,Mobile,Basic,Male,25-34
U05319,2024-08-06,Organic,CMP108,Australia,Melbourne,Mobile,Basic,Male,18-24
U05320,2024-01-31,Facebook,CMP102,Canada,Toronto,Desktop,Basic,Female,18-24
U05321,2024-07-21,Black Friday,CMP120,USA,Seattle,Mobile,Free,Female,35-44
U05322,2024-04-04,Referral,CMP113,Germany,Munich,Desktop,Free,Male,45-54
U05323,2024-10-09,LinkedIn,CMP118,India,Bengaluru,Mobile,Free,Female,18-24
U05324,2024-08-14,LinkedIn,CMP107,USA,New York,Tablet,Premium,Female,18-24
U05325,2024-05-23,Referral,CMP101,USA,New York,Tablet,Free,Male,18-24
U05326,2024-01-27,Black Friday,CMP113,UK,London,Desktop,Free,Female,18-24
U05327,2024-11-19,Black Friday,CMP110,USA,Austin,Desktop,Premium,Female,45-54
U05328,2024-11-15,Black Friday,CMP118,Canada,Toronto,Mobile,Free,Male,45-54
U05329,2024-04-26,Organic,CMP111,Canada,Toronto,Mobile,Premium,Male,25-34
U05330,2024-03-10,LinkedIn,CMP106,Canada,Vancouver,Desktop,Free,Male,35-44
U05331,2024-10-30,Black Friday,CMP108,Australia,Melbourne,Desktop,Basic,Female,25-34
U05332,2024-11-24,Referral,CMP118,India,Coimbatore,Desktop,Basic,Female,45-54
U05333,2024-10-06,Organic,CMP116,India,Bengaluru,Tablet,Free,Female,45-54
U05334,2024-04-20,LinkedIn,CMP120,Germany,Berlin,Desktop,Basic,Female,35-44
U05335,2024-11-27,Facebook,CMP111,India,Bengaluru,Mobile,Premium,Female,35-44
U05336,2024-01-20,Black Friday,CMP116,India,Bengaluru,Desktop,Free,Male,25-34
U05337,2024-02-29,Google Ads,CMP104,Germany,Berlin,Mobile,Basic,Male,35-44
U05338,2024-04-08,Google Ads,CMP104,USA,Austin,Tablet,Basic,Female,35-44
U05339,2024-01-10,Organic,CMP103,India,Coimbatore,Desktop,Free,Male,25-34
U05340,2024-04-16,Google Ads,CMP101,UK,Manchester,Mobile,Free,Female,18-24
U05341,2024-12-17,Google Ads,CMP103,Canada,Vancouver,Tablet,Basic,Male,45-54
U05342,2024-07-23,Google Ads,CMP104,USA,Austin,Mobile,Basic,Male,25-34
U05343,2024-04-07,Organic,CMP103,India,Coimbatore,Mobile,Premium,Female,18-24
U05344,2024-11-04,Facebook,CMP111,Canada,Vancouver,Tablet,Basic,Male,35-44
U05345,2024-02-26,Black Friday,CMP119,Canada,Vancouver,Mobile,Premium,Male,18-24
U05346,2024-01-03,LinkedIn,CMP115,UK,London,Tablet,Basic,Male,45-54
U05347,2024-04-25,Referral,CMP112,UK,London,Desktop,Basic,Male,35-44
U05348,2024-04-03,Organic,CMP108,UK,London,Mobile,Premium,Male,45-54
U05349,2024-09-02,Organic,CMP113,India,Coimbatore,Desktop,Premium,Female,18-24
U05350,2024-03-27,Referral,CMP106,UK,London,Desktop,Basic,Female,45-54
U05351,2024-05-27,Black Friday,CMP110,India,Bengaluru,Mobile,Basic,Female,18-24
U05352,2024-09-12,Google Ads,CMP105,UK,London,Tablet,Basic,Female,35-44
U05353,2024-03-24,Organic,CMP111,Germany,Munich,Tablet,Premium,Male,45-54
U05354,2024-10-10,Organic,CMP116,USA,New York,Desktop,Free,Male,18-24
U05355,2024-05-12,Black Friday,CMP109,USA,New York,Mobile,Basic,Female,35-44
U05356,2024-06-05,LinkedIn,CMP107,Germany,Berlin,Tablet,Free,Female,18-24
U05357,2024-08-28,Facebook,CMP103,Australia,Sydney,Tablet,Basic,Female,35-44
U05358,2024-06-07,Black Friday,CMP102,UK,Manchester,Desktop,Premium,Male,25-34
U05359,2024-05-10,Organic,CMP103,India,Coimbatore,Desktop,Free,Female,18-24
U05360,2024-07-17,Google Ads,CMP102,India,Chennai,Mobile,Premium,Male,45-54
U05361,2024-04-19,Google Ads,CMP103,Canada,Toronto,Desktop,Free,Male,25-34
U05362,2024-06-11,Referral,CMP113,Germany,Munich,Desktop,Basic,Male,18-24
U05363,2024-02-02,Organic,CMP111,Canada,Vancouver,Mobile,Basic,Male,45-54
U05364,2024-10-10,Facebook,CMP103,USA,New York,Desktop,Basic,Male,35-44
U05365,2024-12-18,Facebook,CMP103,USA,New York,Desktop,Basic,Female,35-44
U05366,2024-12-03,LinkedIn,CMP105,Germany,Munich,Tablet,Free,Male,25-34
U05367,2024-02-01,LinkedIn,CMP110,Australia,Sydney,Tablet,Free,Male,45-54
U05368,2024-09-18,LinkedIn,CMP102,UK,London,Tablet,Premium,Female,18-24
U05369,2024-11-17,Facebook,CMP120,Australia,Sydney,Mobile,Basic,Female,45-54
U05370,2024-06-12,Organic,CMP116,USA,Austin,Desktop,Basic,Female,25-34
U05371,2024-04-29,LinkedIn,CMP109,India,Bengaluru,Desktop,Free,Female,18-24
U05372,2024-06-14,Facebook,CMP104,Australia,Sydney,Tablet,Free,Female,18-24
U05373,2024-04-24,Black Friday,CMP110,Australia,Melbourne,Tablet,Free,Male,18-24
U05374,2024-09-11,Referral,CMP102,Canada,Vancouver,Tablet,Basic,Female,45-54
U05375,2024-07-11,Organic,CMP118,India,Bengaluru,Mobile,Free,Female,18-24
U05376,2024-12-22,Facebook,CMP109,Australia,Melbourne,Desktop,Basic,Female,25-34
U05377,2024-05-01,Black Friday,CMP108,UK,Manchester,Tablet,Premium,Female,25-34
U05378,2024-08-09,LinkedIn,CMP102,Canada,Toronto,Tablet,Basic,Female,25-34
U05379,2024-07-04,Organic,CMP116,USA,Austin,Mobile,Basic,Male,25-34
U05380,2024-08-30,Organic,CMP104,India,Bengaluru,Desktop,Premium,Female,45-54
U05381,2024-05-17,Organic,CMP120,Australia,Melbourne,Mobile,Premium,Male,35-44
U05382,2024-12-02,Organic,CMP120,UK,Manchester,Desktop,Premium,Male,18-24
U05383,2024-09-28,LinkedIn,CMP105,UK,Manchester,Desktop,Premium,Male,45-54
U05384,2024-04-15,Referral,CMP120,Australia,Sydney,Desktop,Free,Female,18-24
U05385,2024-02-16,Facebook,CMP109,Canada,Toronto,Tablet,Premium,Female,25-34
U05386,2024-09-06,Black Friday,CMP120,Canada,Toronto,Tablet,Premium,Male,45-54
U05387,2024-09-14,Organic,CMP104,USA,New York,Tablet,Free,Female,35-44
U05388,2024-11-04,Referral,CMP105,USA,New York,Mobile,Free,Male,25-34
U05389,2024-06-17,LinkedIn,CMP116,Germany,Berlin,Desktop,Free,Male,35-44
U05390,2024-08-07,LinkedIn,CMP106,India,Bengaluru,Desktop,Premium,Male,35-44
U05391,2024-02-17,Facebook,CMP106,USA,Austin,Tablet,Premium,Female,25-34
U05392,2024-03-14,Facebook,CMP116,USA,New York,Tablet,Basic,Female,25-34
U05393,2024-02-21,Facebook,CMP105,Australia,Sydney,Tablet,Basic,Male,18-24
U05394,2024-08-12,Google Ads,CMP116,Canada,Vancouver,Mobile,Basic,Female,18-24
U05395,2024-11-12,Referral,CMP110,Australia,Sydney,Desktop,Free,Female,25-34
U05396,2024-12-05,Google Ads,CMP101,UK,Manchester,Desktop,Premium,Female,45-54
U05397,2024-11-07,Referral,CMP108,Australia,Melbourne,Desktop,Premium,Male,45-54
U05398,2024-04-17,Referral,CMP112,Germany,Munich,Mobile,Free,Male,45-54
U05399,2024-12-14,Google Ads,CMP119,India,Chennai,Mobile,Free,Female,18-24
U05400,2024-02-22,Black Friday,CMP103,Australia,Sydney,Tablet,Free,Male,18-24
U05401,2024-01-16,Facebook,CMP107,Germany,Munich,Tablet,Free,Male,35-44
U05402,2024-07-26,Facebook,CMP117,Canada,Vancouver,Tablet,Premium,Male,25-34
U05403,2024-04-18,Black Friday,CMP105,USA,New York,Mobile,Free,Male,45-54
U05404,2024-05-07,Facebook,CMP116,Canada,Toronto,Tablet,Premium,Female,25-34
U05405,2024-10-26,Google Ads,CMP116,India,Chennai,Tablet,Basic,Female,25-34
U05406,2024-09-02,Google Ads,CMP104,Canada,Toronto,Mobile,Basic,Male,25-34
U05407,2024-07-11,Organic,CMP117,Australia,Sydney,Tablet,Premium,Male,45-54
U05408,2024-02-04,Organic,CMP120,UK,London,Mobile,Basic,Female,35-44
U05409,2024-11-02,Referral,CMP108,Canada,Toronto,Mobile,Basic,Female,45-54
U05410,2024-04-28,Organic,CMP104,Canada,Toronto,Mobile,Basic,Male,35-44
U05411,2024-10-21,LinkedIn,CMP106,UK,Manchester,Desktop,Basic,Female,18-24
U05412,2024-08-13,Organic,CMP101,Germany,Munich,Mobile,Basic,Female,25-34
U05413,2024-04-14,Referral,CMP104,UK,London,Tablet,Free,Male,25-34
U05414,2024-09-21,Organic,CMP105,UK,Manchester,Desktop,Basic,Male,35-44
U05415,2024-09-20,Black Friday,CMP112,Germany,Berlin,Desktop,Free,Female,45-54
U05416,2024-05-30,Facebook,CMP108,India,Chennai,Tablet,Free,Female,18-24
U05417,2024-07-14,LinkedIn,CMP116,Germany,Berlin,Tablet,Premium,Female,25-34
U05418,2024-04-29,Organic,CMP119,India,Chennai,Tablet,Basic,Male,18-24
U05419,2024-10-29,Facebook,CMP108,UK,London,Tablet,Free,Female,25-34
U05420,2024-02-28,Facebook,CMP102,USA,New York,Desktop,Basic,Male,45-54
U05421,2024-01-05,LinkedIn,CMP119,USA,Seattle,Tablet,Free,Male,45-54
U05422,2024-02-19,Referral,CMP105,Canada,Toronto,Mobile,Basic,Female,25-34
U05423,2024-01-24,Google Ads,CMP104,Germany,Munich,Mobile,Basic,Female,35-44
U05424,2024-03-06,LinkedIn,CMP118,UK,Manchester,Desktop,Free,Male,35-44
U05425,2024-06-13,LinkedIn,CMP111,India,Chennai,Tablet,Premium,Male,35-44
U05426,2024-04-22,LinkedIn,CMP120,Germany,Berlin,Mobile,Free,Female,25-34
U05427,2024-01-18,Facebook,CMP116,Canada,Toronto,Mobile,Basic,Female,18-24
U05428,2024-10-02,Referral,CMP120,India,Coimbatore,Tablet,Premium,Female,35-44
U05429,2024-06-13,Facebook,CMP115,Germany,Berlin,Tablet,Basic,Female,35-44
U05430,2024-04-04,Facebook,CMP109,India,Chennai,Tablet,Basic,Male,35-44
U05431,2024-12-19,Facebook,CMP114,Australia,Melbourne,Desktop,Free,Male,18-24
U05432,2024-02-29,LinkedIn,CMP116,Australia,Melbourne,Tablet,Premium,Male,18-24
U05433,2024-01-13,Google Ads,CMP109,India,Bengaluru,Mobile,Basic,Male,35-44
U05434,2024-11-18,Organic,CMP113,Canada,Vancouver,Mobile,Premium,Male,35-44
U05435,2024-05-19,Facebook,CMP110,Germany,Munich,Mobile,Free,Male,18-24
U05436,2024-05-30,Organic,CMP110,India,Bengaluru,Desktop,Basic,Female,35-44
U05437,2024-11-15,LinkedIn,CMP117,Germany,Berlin,Desktop,Premium,Female,35-44
U05438,2024-03-28,LinkedIn,CMP101,UK,Manchester,Tablet,Premium,Male,35-44
U05439,2024-07-21,Google Ads,CMP111,Germany,Munich,Desktop,Free,Male,25-34
U05440,2024-09-28,Black Friday,CMP116,India,Bengaluru,Desktop,Premium,Male,18-24
U05441,2024-09-16,Google Ads,CMP104,India,Coimbatore,Desktop,Free,Female,18-24
U05442,2024-10-12,Organic,CMP112,Australia,Melbourne,Tablet,Free,Female,25-34
U05443,2024-02-25,Organic,CMP115,UK,London,Desktop,Basic,Male,45-54
U05444,2024-12-16,LinkedIn,CMP116,UK,Manchester,Mobile,Free,Male,25-34
U05445,2024-03-21,Google Ads,CMP104,Australia,Melbourne,Desktop,Basic,Male,25-34
U05446,2024-07-04,LinkedIn,CMP104,UK,Manchester,Tablet,Basic,Female,35-44
U05447,2024-07-13,LinkedIn,CMP110,Canada,Vancouver,Tablet,Premium,Male,35-44
U05448,2024-12-15,Organic,CMP118,UK,London,Mobile,Premium,Male,18-24
U05449,2024-05-03,Black Friday,CMP105,Germany,Munich,Tablet,Premium,Female,45-54
U05450,2024-12-30,Black Friday,CMP106,Canada,Vancouver,Tablet,Premium,Female,18-24
U05451,2024-05-16,Referral,CMP119,UK,Manchester,Mobile,Free,Female,45-54
U05452,2024-06-22,Facebook,CMP113,Canada,Toronto,Tablet,Free,Female,45-54
U05453,2024-10-13,Black Friday,CMP116,India,Chennai,Desktop,Basic,Female,45-54
U05454,2024-05-10,LinkedIn,CMP107,Canada,Vancouver,Tablet,Free,Female,25-34
U05455,2024-05-20,Facebook,CMP104,USA,Seattle,Mobile,Premium,Female,18-24
U05456,2024-08-04,Referral,CMP119,USA,Austin,Desktop,Basic,Female,45-54
U05457,2024-08-09,Black Friday,CMP113,Germany,Berlin,Tablet,Premium,Male,18-24
U05458,2024-11-03,Facebook,CMP106,USA,Austin,Desktop,Free,Female,25-34
U05459,2024-02-27,LinkedIn,CMP119,Germany,Munich,Mobile,Premium,Female,45-54
U05460,2024-08-17,Referral,CMP104,UK,London,Tablet,Basic,Female,25-34
U05461,2024-10-29,Black Friday,CMP114,Australia,Melbourne,Mobile,Premium,Female,35-44
U05462,2024-08-16,LinkedIn,CMP104,Germany,Munich,Mobile,Basic,Female,45-54
U05463,2024-01-29,Facebook,CMP101,USA,Seattle,Mobile,Basic,Female,35-44
U05464,2024-05-11,Facebook,CMP102,Canada,Vancouver,Desktop,Basic,Male,35-44
U05465,2024-07-18,Google Ads,CMP116,Australia,Melbourne,Desktop,Premium,Female,35-44
U05466,2024-06-21,Facebook,CMP116,Australia,Melbourne,Tablet,Basic,Male,25-34
U05467,2024-06-22,Facebook,CMP106,Australia,Sydney,Tablet,Basic,Male,35-44
U05468,2024-04-20,Black Friday,CMP115,India,Chennai,Desktop,Premium,Female,25-34
U05469,2024-09-27,Black Friday,CMP105,Australia,Melbourne,Desktop,Premium,Female,45-54
U05470,2024-01-31,Referral,CMP119,Australia,Melbourne,Mobile,Premium,Female,45-54
U05471,2024-01-12,LinkedIn,CMP114,USA,Seattle,Tablet,Free,Male,45-54
U05472,2024-08-10,Facebook,CMP109,Australia,Sydney,Tablet,Premium,Female,25-34
U05473,2024-12-20,Organic,CMP102,UK,Manchester,Tablet,Basic,Male,45-54
U05474,2024-06-30,LinkedIn,CMP116,USA,Austin,Tablet,Premium,Female,25-34
U05475,2024-05-22,Organic,CMP114,Germany,Munich,Tablet,Free,Male,45-54
U05476,2024-04-08,LinkedIn,CMP119,Australia,Melbourne,Mobile,Premium,Female,25-34
U05477,2024-06-24,Google Ads,CMP112,Canada,Toronto,Mobile,Basic,Male,35-44
U05478,2024-08-06,LinkedIn,CMP117,Canada,Toronto,Desktop,Premium,Male,25-34
U05479,2024-01-28,Black Friday,CMP102,Germany,Berlin,Tablet,Free,Male,25-34
U05480,2024-06-06,Referral,CMP101,Australia,Sydney,Mobile,Basic,Female,25-34
U05481,2024-04-01,Referral,CMP106,Germany,Munich,Tablet,Basic,Male,18-24
U05482,2024-02-16,LinkedIn,CMP119,Australia,Melbourne,Tablet,Premium,Male,18-24
U05483,2024-11-26,Google Ads,CMP119,Australia,Melbourne,Desktop,Basic,Male,25-34
U05484,2024-02-04,Referral,CMP105,India,Bengaluru,Desktop,Premium,Male,35-44
U05485,2024-08-10,Referral,CMP112,UK,London,Mobile,Premium,Male,18-24
U05486,2024-04-06,Referral,CMP102,USA,Austin,Tablet,Basic,Female,45-54
U05487,2024-11-26,Facebook,CMP105,Canada,Toronto,Tablet,Basic,Male,25-34
U05488,2024-09-03,Black Friday,CMP110,UK,London,Tablet,Premium,Female,45-54
U05489,2024-05-04,Black Friday,CMP116,Germany,Berlin,Desktop,Premium,Female,18-24
U05490,2024-05-04,Black Friday,CMP106,India,Coimbatore,Desktop,Free,Male,45-54
U05491,2024-10-21,Organic,CMP113,USA,New York,Desktop,Free,Female,35-44
U05492,2024-04-11,LinkedIn,CMP115,USA,Seattle,Tablet,Free,Female,35-44
U05493,2024-12-11,Referral,CMP108,Australia,Melbourne,Mobile,Basic,Female,45-54
U05494,2024-10-28,Black Friday,CMP117,USA,Seattle,Tablet,Premium,Female,18-24
U05495,2024-03-28,LinkedIn,CMP115,Canada,Toronto,Tablet,Basic,Female,35-44
U05496,2024-09-11,LinkedIn,CMP120,Canada,Toronto,Mobile,Basic,Male,45-54
U05497,2024-07-13,Google Ads,CMP120,Australia,Melbourne,Tablet,Basic,Female,25-34
U05498,2024-05-24,Black Friday,CMP111,India,Coimbatore,Mobile,Free,Male,25-34
U05499,2024-01-10,Organic,CMP109,UK,London,Tablet,Free,Female,18-24
U05500,2024-10-17,Google Ads,CMP120,India,Coimbatore,Mobile,Premium,Male,45-54
U05501,2024-01-29,LinkedIn,CMP112,USA,Austin,Tablet,Free,Female,45-54
U05502,2024-04-23,Facebook,CMP101,UK,London,Tablet,Free,Female,25-34
U05503,2024-02-02,Organic,CMP101,Australia,Sydney,Tablet,Basic,Female,35-44
U05504,2024-07-21,Google Ads,CMP103,Germany,Berlin,Desktop,Free,Male,18-24
U05505,2024-12-06,LinkedIn,CMP109,Australia,Sydney,Mobile,Basic,Female,45-54
U05506,2024-01-15,Google Ads,CMP101,Germany,Berlin,Mobile,Premium,Female,25-34
U05507,2024-08-20,Google Ads,CMP120,USA,Austin,Tablet,Premium,Male,18-24
U05508,2024-01-03,Black Friday,CMP110,India,Bengaluru,Mobile,Basic,Male,18-24
U05509,2024-10-09,Google Ads,CMP106,Canada,Vancouver,Mobile,Free,Female,18-24
U05510,2024-04-16,LinkedIn,CMP111,Canada,Vancouver,Tablet,Premium,Female,45-54
U05511,2024-01-28,Black Friday,CMP111,USA,New York,Desktop,Free,Female,18-24
U05512,2024-05-21,Organic,CMP103,Germany,Berlin,Mobile,Basic,Female,18-24
U05513,2024-02-12,Black Friday,CMP108,UK,London,Tablet,Free,Female,45-54
U05514,2024-01-30,LinkedIn,CMP113,USA,Seattle,Mobile,Premium,Female,45-54
U05515,2024-09-05,LinkedIn,CMP114,Canada,Toronto,Desktop,Basic,Female,45-54
U05516,2024-03-17,LinkedIn,CMP112,UK,London,Desktop,Free,Male,35-44
U05517,2024-07-24,Organic,CMP113,UK,Manchester,Tablet,Premium,Female,18-24
U05518,2024-09-08,Facebook,CMP104,UK,London,Desktop,Basic,Male,18-24
U05519,2024-06-02,Referral,CMP104,Canada,Vancouver,Mobile,Basic,Male,18-24
U05520,2024-10-17,Black Friday,CMP111,Germany,Munich,Desktop,Free,Male,45-54
U05521,2024-09-08,Referral,CMP113,Australia,Melbourne,Mobile,Basic,Female,35-44
U05522,2024-02-16,Facebook,CMP105,UK,Manchester,Mobile,Premium,Female,45-54
U05523,2024-11-18,Referral,CMP118,India,Chennai,Tablet,Basic,Male,18-24
U05524,2024-06-17,Google Ads,CMP115,India,Bengaluru,Tablet,Premium,Female,25-34
U05525,2024-07-29,Facebook,CMP120,Canada,Vancouver,Mobile,Basic,Male,35-44
U05526,2024-02-02,Black Friday,CMP119,Germany,Berlin,Desktop,Free,Male,45-54
U05527,2024-07-14,Referral,CMP103,Australia,Melbourne,Tablet,Free,Male,45-54
U05528,2024-09-30,Facebook,CMP108,India,Coimbatore,Desktop,Premium,Female,25-34
U05529,2024-12-09,Referral,CMP115,USA,Austin,Desktop,Premium,Male,18-24
U05530,2024-06-09,Organic,CMP115,UK,London,Desktop,Free,Male,45-54
U05531,2024-08-09,Organic,CMP115,India,Coimbatore,Mobile,Premium,Male,18-24
U05532,2024-08-17,Referral,CMP109,Germany,Berlin,Tablet,Basic,Female,35-44
U05533,2024-08-21,Organic,CMP117,Germany,Munich,Desktop,Basic,Male,45-54
U05534,2024-08-07,Google Ads,CMP103,Germany,Berlin,Mobile,Premium,Male,35-44
U05535,2024-10-27,Facebook,CMP107,India,Chennai,Tablet,Premium,Male,18-24
U05536,2024-07-04,LinkedIn,CMP106,USA,Seattle,Desktop,Premium,Female,25-34
U05537,2024-04-10,LinkedIn,CMP109,Germany,Berlin,Tablet,Premium,Male,25-34
U05538,2024-12-17,Facebook,CMP119,India,Bengaluru,Desktop,Basic,Female,45-54
U05539,2024-10-29,Referral,CMP118,Australia,Sydney,Mobile,Free,Male,35-44
U05540,2024-07-26,Organic,CMP118,USA,New York,Desktop,Free,Male,18-24
U05541,2024-03-17,LinkedIn,CMP102,UK,London,Desktop,Premium,Male,18-24
U05542,2024-11-30,Black Friday,CMP108,Germany,Munich,Mobile,Free,Female,35-44
U05543,2024-11-12,Referral,CMP104,UK,Manchester,Mobile,Basic,Female,45-54
U05544,2024-02-09,Black Friday,CMP114,Germany,Berlin,Tablet,Basic,Female,45-54
U05545,2024-04-08,Organic,CMP105,Germany,Munich,Mobile,Basic,Female,25-34
U05546,2024-03-14,Referral,CMP105,India,Chennai,Desktop,Basic,Female,18-24
U05547,2024-10-08,LinkedIn,CMP120,India,Coimbatore,Mobile,Premium,Female,45-54
U05548,2024-04-14,Referral,CMP116,Australia,Sydney,Tablet,Free,Female,18-24
U05549,2024-01-29,Black Friday,CMP101,India,Coimbatore,Desktop,Basic,Female,35-44
U05550,2024-05-03,Referral,CMP108,Australia,Sydney,Mobile,Basic,Female,18-24
U05551,2024-04-25,Facebook,CMP114,Australia,Sydney,Tablet,Premium,Female,18-24
U05552,2024-07-15,Referral,CMP108,UK,Manchester,Desktop,Premium,Male,35-44
U05553,2024-05-24,Referral,CMP102,Germany,Munich,Tablet,Premium,Male,18-24
U05554,2024-05-14,Organic,CMP105,Germany,Munich,Tablet,Premium,Male,25-34
U05555,2024-08-21,Facebook,CMP112,Germany,Berlin,Mobile,Free,Male,35-44
U05556,2024-11-18,Organic,CMP120,India,Bengaluru,Desktop,Basic,Female,35-44
U05557,2024-09-03,Referral,CMP117,USA,New York,Tablet,Basic,Male,45-54
U05558,2024-06-06,LinkedIn,CMP106,India,Bengaluru,Mobile,Premium,Female,18-24
U05559,2024-08-15,Facebook,CMP111,USA,New York,Mobile,Free,Female,25-34
U05560,2024-10-01,Organic,CMP111,UK,Manchester,Mobile,Free,Male,35-44
U05561,2024-03-21,LinkedIn,CMP103,UK,London,Desktop,Premium,Female,35-44
U05562,2024-01-07,Facebook,CMP104,Australia,Sydney,Tablet,Premium,Male,35-44
U05563,2024-02-14,Organic,CMP112,Canada,Toronto,Desktop,Free,Male,18-24
U05564,2024-01-02,Facebook,CMP102,Germany,Munich,Tablet,Basic,Male,35-44
U05565,2024-08-07,Referral,CMP107,Canada,Toronto,Mobile,Basic,Female,25-34
U05566,2024-07-14,Referral,CMP119,Canada,Vancouver,Desktop,Free,Female,25-34
U05567,2024-01-22,Google Ads,CMP112,Canada,Toronto,Mobile,Premium,Male,45-54
U05568,2024-01-27,LinkedIn,CMP107,UK,Manchester,Mobile,Basic,Male,25-34
U05569,2024-06-03,Google Ads,CMP116,India,Chennai,Tablet,Basic,Male,25-34
U05570,2024-11-26,Referral,CMP103,UK,London,Desktop,Basic,Female,25-34
U05571,2024-08-08,Google Ads,CMP114,UK,Manchester,Tablet,Premium,Male,18-24
U05572,2024-12-02,Black Friday,CMP111,UK,Manchester,Desktop,Basic,Male,35-44
U05573,2024-01-17,Referral,CMP111,Canada,Toronto,Desktop,Basic,Male,18-24
U05574,2024-09-30,Referral,CMP118,Germany,Munich,Desktop,Free,Male,18-24
U05575,2024-03-06,Organic,CMP109,USA,New York,Mobile,Free,Male,25-34
U05576,2024-02-23,Referral,CMP113,Australia,Sydney,Mobile,Basic,Male,25-34
U05577,2024-09-10,Facebook,CMP101,India,Chennai,Desktop,Free,Female,45-54
U05578,2024-08-07,Facebook,CMP115,Canada,Toronto,Desktop,Premium,Male,45-54
U05579,2024-01-22,Google Ads,CMP115,Australia,Melbourne,Desktop,Premium,Female,45-54
U05580,2024-04-13,Referral,CMP101,Germany,Munich,Mobile,Basic,Male,18-24
U05581,2024-10-11,Google Ads,CMP107,Canada,Toronto,Mobile,Premium,Female,18-24
U05582,2024-02-17,Referral,CMP118,Canada,Toronto,Desktop,Basic,Female,18-24
U05583,2024-11-19,LinkedIn,CMP112,Australia,Sydney,Tablet,Premium,Female,25-34
U05584,2024-02-23,Referral,CMP117,India,Bengaluru,Tablet,Premium,Female,25-34
U05585,2024-07-25,Referral,CMP106,Germany,Berlin,Desktop,Premium,Female,18-24
U05586,2024-01-08,LinkedIn,CMP117,Germany,Berlin,Mobile,Basic,Male,35-44
U05587,2024-03-24,Google Ads,CMP118,UK,Manchester,Desktop,Basic,Male,45-54
U05588,2024-10-06,Black Friday,CMP115,India,Bengaluru,Mobile,Free,Female,18-24
U05589,2024-12-06,Referral,CMP115,Canada,Vancouver,Mobile,Free,Male,18-24
U05590,2024-10-12,Referral,CMP107,India,Coimbatore,Tablet,Premium,Male,35-44
U05591,2024-05-12,Referral,CMP115,UK,London,Desktop,Premium,Male,25-34
U05592,2024-05-10,Facebook,CMP118,Germany,Munich,Tablet,Basic,Male,45-54
U05593,2024-01-31,Organic,CMP107,USA,New York,Tablet,Premium,Male,45-54
U05594,2024-12-26,Black Friday,CMP114,Germany,Munich,Mobile,Basic,Female,35-44
U05595,2024-04-23,Organic,CMP117,Australia,Melbourne,Tablet,Premium,Male,25-34
U05596,2024-08-15,Google Ads,CMP111,Canada,Toronto,Desktop,Free,Male,45-54
U05597,2024-09-26,LinkedIn,CMP101,Canada,Vancouver,Mobile,Basic,Female,45-54
U05598,2024-10-03,Organic,CMP108,Australia,Melbourne,Mobile,Premium,Male,35-44
U05599,2024-03-26,LinkedIn,CMP111,India,Coimbatore,Mobile,Basic,Female,35-44
U05600,2024-05-09,Google Ads,CMP104,USA,Austin,Tablet,Free,Female,25-34
U05601,2024-01-20,Black Friday,CMP120,UK,Manchester,Desktop,Basic,Male,18-24
U05602,2024-09-27,Organic,CMP115,UK,Manchester,Tablet,Basic,Female,18-24
U05603,2024-02-28,LinkedIn,CMP115,UK,Manchester,Desktop,Basic,Male,18-24
U05604,2024-11-03,Black Friday,CMP116,Canada,Vancouver,Desktop,Basic,Male,35-44
U05605,2024-06-24,Facebook,CMP105,Australia,Melbourne,Desktop,Premium,Female,45-54
U05606,2024-08-20,Referral,CMP106,USA,Seattle,Tablet,Free,Female,25-34
U05607,2024-03-10,LinkedIn,CMP116,Australia,Melbourne,Mobile,Basic,Male,18-24
U05608,2024-06-09,Organic,CMP108,UK,London,Desktop,Premium,Male,45-54
U05609,2024-12-09,Referral,CMP107,Canada,Toronto,Tablet,Free,Male,45-54
U05610,2024-03-11,Facebook,CMP109,USA,Austin,Tablet,Premium,Female,25-34
U05611,2024-10-15,LinkedIn,CMP103,Germany,Berlin,Mobile,Basic,Female,35-44
U05612,2024-09-11,Black Friday,CMP118,UK,London,Tablet,Basic,Male,45-54
U05613,2024-11-29,Black Friday,CMP110,India,Bengaluru,Mobile,Basic,Male,45-54
U05614,2024-04-28,Facebook,CMP101,Australia,Melbourne,Mobile,Free,Male,25-34
U05615,2024-08-07,Facebook,CMP113,Germany,Berlin,Tablet,Basic,Male,35-44
U05616,2024-11-05,Referral,CMP103,India,Chennai,Mobile,Premium,Male,45-54
U05617,2024-07-19,Black Friday,CMP119,UK,Manchester,Desktop,Basic,Female,25-34
U05618,2024-01-20,Organic,CMP116,India,Bengaluru,Desktop,Basic,Male,45-54
U05619,2024-06-01,Black Friday,CMP106,Australia,Sydney,Tablet,Basic,Male,25-34
U05620,2024-06-23,Black Friday,CMP118,Australia,Melbourne,Tablet,Free,Male,45-54
U05621,2024-04-11,Organic,CMP114,USA,Austin,Desktop,Basic,Male,18-24
U05622,2024-08-17,Black Friday,CMP118,India,Bengaluru,Tablet,Basic,Male,18-24
U05623,2024-09-10,Google Ads,CMP109,India,Chennai,Tablet,Free,Female,18-24
U05624,2024-01-12,Facebook,CMP106,Germany,Berlin,Desktop,Basic,Female,25-34
U05625,2024-06-07,Black Friday,CMP110,Canada,Vancouver,Desktop,Free,Female,35-44
U05626,2024-02-01,Google Ads,CMP110,UK,Manchester,Desktop,Premium,Female,18-24
U05627,2024-02-11,Organic,CMP106,Germany,Munich,Tablet,Premium,Female,25-34
U05628,2024-10-08,Black Friday,CMP116,Canada,Vancouver,Desktop,Premium,Female,35-44
U05629,2024-10-15,Google Ads,CMP102,Australia,Melbourne,Tablet,Free,Female,35-44
U05630,2024-03-24,Black Friday,CMP106,Canada,Toronto,Mobile,Free,Female,35-44
U05631,2024-04-28,Black Friday,CMP108,India,Bengaluru,Mobile,Premium,Female,45-54
U05632,2024-12-26,Facebook,CMP110,UK,London,Mobile,Premium,Male,35-44
U05633,2024-06-25,LinkedIn,CMP117,Australia,Melbourne,Desktop,Premium,Female,18-24
U05634,2024-05-31,LinkedIn,CMP105,Germany,Munich,Tablet,Premium,Female,35-44
U05635,2024-11-13,Google Ads,CMP117,Germany,Berlin,Tablet,Basic,Male,18-24
U05636,2024-07-28,Black Friday,CMP103,Germany,Berlin,Mobile,Premium,Female,35-44
U05637,2024-05-29,Referral,CMP117,USA,New York,Tablet,Premium,Male,18-24
U05638,2024-07-13,Facebook,CMP105,Australia,Sydney,Mobile,Premium,Male,45-54
U05639,2024-07-01,Facebook,CMP120,Canada,Vancouver,Mobile,Free,Female,18-24
U05640,2024-01-01,Black Friday,CMP112,UK,Manchester,Tablet,Premium,Male,35-44
U05641,2024-09-27,Facebook,CMP108,Australia,Melbourne,Tablet,Basic,Female,35-44
U05642,2024-02-29,Google Ads,CMP108,Australia,Melbourne,Mobile,Basic,Female,18-24
U05643,2024-08-27,Organic,CMP117,Australia,Sydney,Desktop,Premium,Male,18-24
U05644,2024-05-02,Facebook,CMP120,Canada,Vancouver,Mobile,Basic,Female,35-44
U05645,2024-06-15,Organic,CMP116,Canada,Toronto,Tablet,Premium,Male,25-34
U05646,2024-09-24,Organic,CMP104,USA,New York,Mobile,Basic,Female,25-34
U05647,2024-02-18,Referral,CMP103,Australia,Melbourne,Desktop,Basic,Female,25-34
U05648,2024-08-25,LinkedIn,CMP102,Australia,Melbourne,Mobile,Basic,Male,45-54
U05649,2024-01-13,Facebook,CMP101,Canada,Vancouver,Mobile,Basic,Male,25-34
U05650,2024-08-15,Google Ads,CMP109,Germany,Berlin,Mobile,Basic,Female,45-54
U05651,2024-03-19,LinkedIn,CMP120,India,Bengaluru,Mobile,Basic,Female,18-24
U05652,2024-09-03,Referral,CMP108,Canada,Vancouver,Tablet,Premium,Female,45-54
U05653,2024-12-05,Google Ads,CMP107,UK,Manchester,Mobile,Basic,Male,35-44
U05654,2024-07-04,Facebook,CMP104,UK,London,Tablet,Basic,Female,25-34
U05655,2024-09-26,LinkedIn,CMP105,USA,Seattle,Tablet,Free,Male,45-54
U05656,2024-06-29,Facebook,CMP120,India,Bengaluru,Tablet,Basic,Male,45-54
U05657,2024-05-25,Referral,CMP116,Germany,Berlin,Desktop,Premium,Female,25-34
U05658,2024-04-08,Organic,CMP115,USA,Seattle,Mobile,Free,Male,35-44
U05659,2024-09-10,LinkedIn,CMP103,UK,Manchester,Tablet,Free,Female,45-54
U05660,2024-07-03,Organic,CMP105,Australia,Sydney,Mobile,Free,Male,25-34
U05661,2024-09-12,LinkedIn,CMP110,Canada,Vancouver,Tablet,Premium,Female,18-24
U05662,2024-01-03,Organic,CMP105,UK,Manchester,Mobile,Premium,Male,45-54
U05663,2024-04-08,Referral,CMP101,India,Coimbatore,Mobile,Basic,Female,25-34
U05664,2024-03-28,Referral,CMP115,Australia,Sydney,Tablet,Basic,Female,45-54
U05665,2024-04-05,LinkedIn,CMP117,USA,Seattle,Tablet,Basic,Female,25-34
U05666,2024-02-15,Black Friday,CMP112,India,Chennai,Tablet,Basic,Male,45-54
U05667,2024-03-09,Organic,CMP115,Australia,Melbourne,Desktop,Premium,Male,18-24
U05668,2024-06-07,Facebook,CMP109,Australia,Melbourne,Mobile,Premium,Female,35-44
U05669,2024-06-10,Referral,CMP113,Australia,Sydney,Tablet,Basic,Male,35-44
U05670,2024-01-04,Black Friday,CMP105,Canada,Vancouver,Desktop,Premium,Male,35-44
U05671,2024-08-18,Black Friday,CMP114,USA,Seattle,Desktop,Free,Female,18-24
U05672,2024-06-13,Organic,CMP118,Australia,Sydney,Desktop,Free,Male,18-24
U05673,2024-04-08,Black Friday,CMP118,India,Coimbatore,Desktop,Free,Male,45-54
U05674,2024-06-30,Organic,CMP109,Canada,Vancouver,Tablet,Basic,Female,45-54
U05675,2024-02-09,LinkedIn,CMP113,Canada,Vancouver,Tablet,Basic,Male,18-24
U05676,2024-06-19,Black Friday,CMP109,India,Chennai,Desktop,Free,Male,18-24
U05677,2024-04-04,Black Friday,CMP112,Germany,Munich,Desktop,Basic,Female,45-54
U05678,2024-07-08,Black Friday,CMP113,Germany,Munich,Tablet,Basic,Male,25-34
U05679,2024-10-28,LinkedIn,CMP116,Australia,Melbourne,Mobile,Free,Female,18-24
U05680,2024-08-09,Facebook,CMP120,Canada,Toronto,Tablet,Free,Male,25-34
U05681,2024-01-28,Facebook,CMP114,Canada,Toronto,Mobile,Basic,Female,18-24
U05682,2024-08-02,LinkedIn,CMP111,India,Chennai,Desktop,Free,Male,35-44
U05683,2024-04-14,Google Ads,CMP118,UK,London,Desktop,Premium,Male,45-54
U05684,2024-03-17,Google Ads,CMP102,Canada,Vancouver,Mobile,Basic,Male,45-54
U05685,2024-02-27,LinkedIn,CMP113,India,Chennai,Desktop,Premium,Male,25-34
U05686,2024-08-09,Organic,CMP111,Germany,Berlin,Desktop,Free,Male,45-54
U05687,2024-12-02,Black Friday,CMP116,Canada,Vancouver,Tablet,Basic,Male,18-24
U05688,2024-10-31,Facebook,CMP114,Canada,Vancouver,Mobile,Premium,Female,18-24
U05689,2024-10-08,Facebook,CMP120,Germany,Munich,Mobile,Free,Male,25-34
U05690,2024-01-10,Black Friday,CMP116,Canada,Vancouver,Tablet,Basic,Female,25-34
U05691,2024-05-11,LinkedIn,CMP112,USA,Seattle,Desktop,Premium,Female,45-54
U05692,2024-03-31,Facebook,CMP117,Germany,Berlin,Tablet,Free,Male,18-24
U05693,2024-10-18,LinkedIn,CMP103,Australia,Melbourne,Desktop,Basic,Female,35-44
U05694,2024-01-09,Google Ads,CMP107,India,Coimbatore,Desktop,Free,Male,18-24
U05695,2024-06-16,LinkedIn,CMP117,Germany,Berlin,Desktop,Free,Male,25-34
U05696,2024-05-30,Facebook,CMP120,Germany,Berlin,Tablet,Free,Female,18-24
U05697,2024-08-03,Organic,CMP119,UK,Manchester,Tablet,Premium,Male,25-34
U05698,2024-12-04,Facebook,CMP119,India,Coimbatore,Tablet,Free,Female,18-24
U05699,2024-04-24,Black Friday,CMP120,India,Chennai,Desktop,Free,Male,25-34
U05700,2024-07-14,Organic,CMP101,Canada,Vancouver,Desktop,Premium,Male,35-44
U05701,2024-08-09,Facebook,CMP110,Australia,Melbourne,Mobile,Basic,Male,35-44
U05702,2024-02-20,Google Ads,CMP120,Canada,Vancouver,Mobile,Basic,Male,18-24
U05703,2024-11-14,Google Ads,CMP114,Australia,Sydney,Mobile,Premium,Female,18-24
U05704,2024-11-23,Referral,CMP103,Germany,Munich,Desktop,Free,Female,45-54
U05705,2024-07-18,Organic,CMP116,India,Coimbatore,Tablet,Free,Female,25-34
U05706,2024-01-02,LinkedIn,CMP102,Germany,Berlin,Desktop,Premium,Female,25-34
U05707,2024-05-23,Organic,CMP109,Australia,Melbourne,Desktop,Premium,Female,45-54
U05708,2024-03-31,Organic,CMP102,UK,London,Mobile,Free,Male,35-44
U05709,2024-02-03,Referral,CMP114,Australia,Sydney,Desktop,Basic,Female,25-34
U05710,2024-03-18,Facebook,CMP120,Australia,Melbourne,Tablet,Basic,Female,35-44
U05711,2024-11-26,Referral,CMP109,India,Bengaluru,Desktop,Premium,Male,25-34
U05712,2024-07-04,Referral,CMP119,India,Chennai,Mobile,Free,Male,45-54
U05713,2024-04-28,Facebook,CMP120,USA,New York,Mobile,Basic,Female,45-54
U05714,2024-01-29,Facebook,CMP119,Canada,Vancouver,Tablet,Free,Female,25-34
U05715,2024-04-30,Black Friday,CMP112,Canada,Vancouver,Desktop,Free,Female,35-44
U05716,2024-10-02,Organic,CMP108,USA,Seattle,Tablet,Free,Male,18-24
U05717,2024-06-09,Facebook,CMP116,Australia,Melbourne,Tablet,Basic,Male,35-44
U05718,2024-02-22,Referral,CMP118,USA,Austin,Desktop,Free,Male,25-34
U05719,2024-08-28,Organic,CMP117,UK,London,Tablet,Basic,Male,18-24
U05720,2024-08-24,Google Ads,CMP111,UK,London,Tablet,Premium,Male,25-34
U05721,2024-05-22,Facebook,CMP105,USA,New York,Tablet,Free,Female,45-54
U05722,2024-10-21,Facebook,CMP114,Germany,Berlin,Tablet,Free,Female,25-34
U05723,2024-04-24,Organic,CMP101,UK,Manchester,Tablet,Basic,Female,35-44
U05724,2024-09-24,Facebook,CMP117,India,Chennai,Tablet,Basic,Male,45-54
U05725,2024-12-13,Google Ads,CMP117,Canada,Vancouver,Mobile,Basic,Female,45-54
U05726,2024-04-02,Google Ads,CMP115,Canada,Toronto,Desktop,Free,Female,45-54
U05727,2024-04-21,Organic,CMP117,Germany,Berlin,Desktop,Basic,Male,25-34
U05728,2024-08-02,Google Ads,CMP103,USA,Austin,Desktop,Basic,Male,18-24
U05729,2024-02-13,Google Ads,CMP105,UK,Manchester,Tablet,Free,Male,35-44
U05730,2024-02-18,LinkedIn,CMP116,UK,Manchester,Desktop,Premium,Female,25-34
U05731,2024-09-06,Google Ads,CMP115,India,Bengaluru,Tablet,Premium,Female,18-24
U05732,2024-09-25,Black Friday,CMP111,India,Chennai,Tablet,Free,Male,25-34
U05733,2024-12-26,Black Friday,CMP108,USA,Seattle,Tablet,Basic,Female,45-54
U05734,2024-12-18,Facebook,CMP107,Australia,Melbourne,Desktop,Basic,Female,35-44
U05735,2024-02-28,Black Friday,CMP111,USA,Austin,Mobile,Free,Male,18-24
U05736,2024-10-04,Google Ads,CMP109,Australia,Melbourne,Desktop,Premium,Female,25-34
U05737,2024-10-28,Black Friday,CMP113,Canada,Toronto,Mobile,Premium,Male,45-54
U05738,2024-02-08,Black Friday,CMP113,Canada,Toronto,Tablet,Basic,Male,35-44
U05739,2024-06-23,Organic,CMP113,India,Bengaluru,Tablet,Free,Male,25-34
U05740,2024-02-06,Google Ads,CMP119,Germany,Munich,Mobile,Basic,Male,45-54
U05741,2024-09-16,Black Friday,CMP116,UK,London,Mobile,Free,Female,25-34
U05742,2024-11-20,Facebook,CMP113,India,Bengaluru,Desktop,Premium,Female,25-34
U05743,2024-06-10,Organic,CMP119,Australia,Melbourne,Tablet,Basic,Male,25-34
U05744,2024-04-19,Google Ads,CMP118,UK,London,Tablet,Premium,Female,18-24
U05745,2024-09-25,Organic,CMP101,India,Coimbatore,Mobile,Basic,Male,25-34
U05746,2024-12-26,Organic,CMP108,Germany,Munich,Tablet,Free,Female,35-44
U05747,2024-05-13,Google Ads,CMP116,UK,London,Mobile,Free,Male,45-54
U05748,2024-12-29,LinkedIn,CMP114,Germany,Berlin,Tablet,Free,Male,18-24
U05749,2024-12-16,Organic,CMP110,Canada,Toronto,Tablet,Basic,Male,18-24
U05750,2024-10-29,Referral,CMP116,Germany,Munich,Desktop,Premium,Female,25-34
U05751,2024-03-01,Organic,CMP118,Canada,Toronto,Mobile,Premium,Female,35-44
U05752,2024-08-24,Referral,CMP103,USA,Seattle,Tablet,Free,Male,18-24
U05753,2024-03-22,Facebook,CMP120,Germany,Munich,Desktop,Basic,Male,25-34
U05754,2024-01-30,Black Friday,CMP107,USA,New York,Mobile,Free,Female,18-24
U05755,2024-08-17,Facebook,CMP106,India,Bengaluru,Mobile,Free,Female,35-44
U05756,2024-09-26,Referral,CMP103,Canada,Toronto,Tablet,Basic,Male,18-24
U05757,2024-07-31,Organic,CMP109,USA,New York,Desktop,Basic,Male,45-54
U05758,2024-03-26,Organic,CMP118,Germany,Berlin,Mobile,Premium,Female,25-34
U05759,2024-02-19,Organic,CMP103,India,Coimbatore,Tablet,Premium,Male,35-44
U05760,2024-02-02,LinkedIn,CMP106,USA,New York,Mobile,Premium,Male,18-24
U05761,2024-04-20,LinkedIn,CMP102,Australia,Sydney,Mobile,Premium,Male,35-44
U05762,2024-01-03,Facebook,CMP113,India,Bengaluru,Desktop,Free,Male,45-54
U05763,2024-01-19,LinkedIn,CMP105,Germany,Munich,Mobile,Free,Female,35-44
U05764,2024-01-25,Black Friday,CMP119,Australia,Sydney,Desktop,Premium,Male,35-44
U05765,2024-04-27,Google Ads,CMP112,USA,New York,Mobile,Basic,Male,45-54
U05766,2024-03-08,Organic,CMP102,UK,Manchester,Tablet,Basic,Female,18-24
U05767,2024-09-05,Organic,CMP112,USA,Seattle,Mobile,Premium,Female,18-24
U05768,2024-04-15,Black Friday,CMP105,USA,New York,Tablet,Basic,Female,25-34
U05769,2024-01-29,Google Ads,CMP110,Canada,Toronto,Desktop,Basic,Male,25-34
U05770,2024-06-22,Black Friday,CMP114,Canada,Vancouver,Desktop,Free,Male,18-24
U05771,2024-04-23,Google Ads,CMP117,Germany,Munich,Desktop,Basic,Male,25-34
U05772,2024-11-05,Referral,CMP111,India,Bengaluru,Mobile,Premium,Male,18-24
U05773,2024-10-09,Organic,CMP113,UK,London,Tablet,Basic,Female,35-44
U05774,2024-01-23,Black Friday,CMP110,India,Coimbatore,Tablet,Free,Male,35-44
U05775,2024-07-19,Organic,CMP101,UK,London,Tablet,Basic,Female,35-44
U05776,2024-09-18,Black Friday,CMP110,Australia,Melbourne,Tablet,Basic,Male,18-24
U05777,2024-02-20,Organic,CMP120,Canada,Toronto,Mobile,Free,Male,18-24
U05778,2024-02-18,Facebook,CMP104,Germany,Berlin,Desktop,Premium,Male,18-24
U05779,2024-09-06,Organic,CMP115,UK,Manchester,Mobile,Premium,Male,45-54
U05780,2024-08-24,Black Friday,CMP112,Germany,Berlin,Desktop,Basic,Male,45-54
U05781,2024-11-27,Black Friday,CMP105,USA,Seattle,Tablet,Premium,Female,25-34
U05782,2024-11-05,LinkedIn,CMP112,Australia,Melbourne,Tablet,Premium,Female,25-34
U05783,2024-01-06,Organic,CMP109,USA,Seattle,Desktop,Free,Male,25-34
U05784,2024-07-15,Facebook,CMP108,Australia,Melbourne,Desktop,Basic,Female,18-24
U05785,2024-05-09,Google Ads,CMP116,UK,London,Tablet,Premium,Female,35-44
U05786,2024-06-21,Organic,CMP110,USA,Austin,Tablet,Basic,Female,18-24
U05787,2024-10-13,Organic,CMP105,India,Bengaluru,Tablet,Free,Female,35-44
U05788,2024-06-05,Google Ads,CMP111,Germany,Munich,Desktop,Free,Female,25-34
U05789,2024-10-30,Google Ads,CMP114,UK,London,Mobile,Premium,Male,25-34
U05790,2024-05-13,Organic,CMP117,UK,London,Desktop,Premium,Female,35-44
U05791,2024-08-14,Google Ads,CMP107,India,Coimbatore,Mobile,Basic,Female,18-24
U05792,2024-09-08,LinkedIn,CMP101,India,Chennai,Mobile,Basic,Male,35-44
U05793,2024-06-14,Black Friday,CMP103,USA,New York,Desktop,Premium,Male,45-54
U05794,2024-08-03,Google Ads,CMP118,USA,New York,Tablet,Basic,Female,18-24
U05795,2024-09-08,Facebook,CMP102,UK,London,Desktop,Free,Female,18-24
U05796,2024-06-28,Facebook,CMP118,Canada,Toronto,Tablet,Free,Female,25-34
U05797,2024-11-10,Google Ads,CMP120,USA,Seattle,Desktop,Premium,Male,18-24
U05798,2024-10-05,Referral,CMP114,USA,Seattle,Tablet,Basic,Female,18-24
U05799,2024-03-10,LinkedIn,CMP110,India,Coimbatore,Desktop,Premium,Female,45-54
U05800,2024-07-11,LinkedIn,CMP118,UK,Manchester,Desktop,Free,Female,18-24
U05801,2024-10-11,Facebook,CMP102,UK,London,Tablet,Basic,Male,25-34
U05802,2024-07-01,Organic,CMP119,Germany,Berlin,Tablet,Basic,Male,18-24
U05803,2024-03-14,Facebook,CMP111,Canada,Toronto,Desktop,Free,Male,35-44
U05804,2024-12-15,Google Ads,CMP101,UK,London,Mobile,Premium,Female,35-44
U05805,2024-10-15,Referral,CMP104,India,Bengaluru,Tablet,Free,Female,25-34
U05806,2024-09-28,Referral,CMP102,USA,Austin,Mobile,Free,Female,45-54
U05807,2024-04-22,Black Friday,CMP118,India,Chennai,Mobile,Free,Female,18-24
U05808,2024-02-23,LinkedIn,CMP116,Australia,Melbourne,Desktop,Premium,Male,18-24
U05809,2024-10-24,Organic,CMP101,Australia,Melbourne,Mobile,Basic,Male,45-54
U05810,2024-01-18,Facebook,CMP116,Canada,Vancouver,Desktop,Basic,Female,18-24
U05811,2024-08-11,Organic,CMP110,Canada,Toronto,Tablet,Basic,Female,45-54
U05812,2024-04-16,Black Friday,CMP110,Canada,Toronto,Mobile,Premium,Female,35-44
U05813,2024-07-30,LinkedIn,CMP120,Germany,Munich,Tablet,Basic,Male,45-54
U05814,2024-04-02,LinkedIn,CMP108,Australia,Sydney,Tablet,Basic,Male,25-34
U05815,2024-05-15,LinkedIn,CMP102,USA,New York,Tablet,Premium,Male,18-24
U05816,2024-06-16,LinkedIn,CMP111,Germany,Berlin,Desktop,Free,Male,35-44
U05817,2024-04-07,LinkedIn,CMP113,India,Bengaluru,Tablet,Free,Male,45-54
U05818,2024-07-15,Referral,CMP103,Australia,Melbourne,Mobile,Basic,Male,18-24
U05819,2024-08-29,Google Ads,CMP109,India,Chennai,Mobile,Basic,Male,45-54
U05820,2024-05-08,Black Friday,CMP107,Australia,Melbourne,Mobile,Premium,Male,18-24
U05821,2024-04-21,Referral,CMP109,India,Chennai,Desktop,Free,Male,35-44
U05822,2024-12-11,Black Friday,CMP104,Germany,Munich,Tablet,Premium,Male,45-54
U05823,2024-03-04,Organic,CMP110,India,Coimbatore,Desktop,Free,Male,45-54
U05824,2024-04-14,LinkedIn,CMP118,UK,Manchester,Mobile,Premium,Female,35-44
U05825,2024-03-02,Facebook,CMP112,UK,Manchester,Desktop,Basic,Male,18-24
U05826,2024-11-29,LinkedIn,CMP117,India,Bengaluru,Desktop,Premium,Male,45-54
U05827,2024-07-25,LinkedIn,CMP101,USA,New York,Tablet,Premium,Female,25-34
U05828,2024-10-07,Organic,CMP104,USA,Austin,Tablet,Premium,Female,45-54
U05829,2024-09-16,Organic,CMP113,Australia,Melbourne,Desktop,Free,Male,35-44
U05830,2024-02-05,Black Friday,CMP120,Canada,Toronto,Tablet,Free,Female,35-44
U05831,2024-07-24,Google Ads,CMP118,Australia,Sydney,Desktop,Free,Female,25-34
U05832,2024-05-14,LinkedIn,CMP102,Australia,Melbourne,Mobile,Basic,Male,18-24
U05833,2024-05-14,Google Ads,CMP103,Canada,Toronto,Mobile,Basic,Male,25-34
U05834,2024-10-28,Google Ads,CMP117,Australia,Sydney,Desktop,Basic,Male,25-34
U05835,2024-01-02,Referral,CMP108,Australia,Melbourne,Tablet,Free,Male,45-54
U05836,2024-05-26,LinkedIn,CMP109,Germany,Berlin,Tablet,Basic,Male,45-54
U05837,2024-10-11,Google Ads,CMP108,India,Bengaluru,Desktop,Premium,Male,25-34
U05838,2024-11-21,Black Friday,CMP118,Germany,Berlin,Tablet,Free,Female,35-44
U05839,2024-04-16,Referral,CMP106,Australia,Melbourne,Tablet,Premium,Male,18-24
U05840,2024-03-30,Google Ads,CMP113,India,Coimbatore,Mobile,Basic,Male,25-34
U05841,2024-05-05,Facebook,CMP103,Canada,Vancouver,Tablet,Basic,Female,18-24
U05842,2024-03-20,LinkedIn,CMP110,Canada,Toronto,Desktop,Free,Female,35-44
U05843,2024-09-28,Organic,CMP101,Canada,Vancouver,Tablet,Free,Male,18-24
U05844,2024-08-01,Referral,CMP103,Germany,Berlin,Tablet,Premium,Male,45-54
U05845,2024-11-08,Google Ads,CMP120,Australia,Melbourne,Tablet,Premium,Male,18-24
U05846,2024-10-11,Google Ads,CMP115,USA,Seattle,Tablet,Free,Female,45-54
U05847,2024-10-19,Google Ads,CMP119,UK,Manchester,Mobile,Basic,Male,25-34
U05848,2024-03-30,LinkedIn,CMP106,India,Bengaluru,Desktop,Premium,Female,18-24
U05849,2024-12-13,Facebook,CMP114,India,Bengaluru,Mobile,Free,Male,45-54
U05850,2024-09-12,Organic,CMP103,Canada,Vancouver,Desktop,Basic,Male,18-24
U05851,2024-05-21,Organic,CMP105,Australia,Sydney,Desktop,Basic,Female,18-24
U05852,2024-03-22,Referral,CMP107,India,Coimbatore,Mobile,Basic,Female,35-44
U05853,2024-09-14,LinkedIn,CMP106,UK,London,Desktop,Premium,Female,18-24
U05854,2024-09-02,Google Ads,CMP115,USA,Austin,Desktop,Free,Female,25-34
U05855,2024-11-08,Black Friday,CMP111,Australia,Sydney,Tablet,Free,Female,18-24
U05856,2024-08-06,LinkedIn,CMP110,UK,London,Tablet,Basic,Female,25-34
U05857,2024-07-31,Black Friday,CMP108,Germany,Berlin,Desktop,Premium,Female,45-54
U05858,2024-02-13,Facebook,CMP112,Canada,Toronto,Desktop,Basic,Female,45-54
U05859,2024-09-10,Facebook,CMP119,Canada,Toronto,Tablet,Premium,Female,35-44
U05860,2024-09-15,LinkedIn,CMP103,USA,Seattle,Tablet,Premium,Male,45-54
U05861,2024-05-29,Referral,CMP119,UK,London,Mobile,Premium,Female,18-24
U05862,2024-05-24,Facebook,CMP109,USA,Austin,Mobile,Free,Female,45-54
U05863,2024-09-11,Organic,CMP105,Australia,Sydney,Desktop,Premium,Male,35-44
U05864,2024-10-27,Referral,CMP103,Canada,Vancouver,Mobile,Premium,Male,25-34
U05865,2024-08-12,LinkedIn,CMP107,Australia,Sydney,Tablet,Basic,Male,25-34
U05866,2024-09-17,Organic,CMP110,Australia,Sydney,Desktop,Basic,Male,25-34
U05867,2024-08-11,Referral,CMP101,Canada,Vancouver,Desktop,Basic,Male,18-24
U05868,2024-09-25,Organic,CMP120,Germany,Munich,Mobile,Basic,Male,25-34
U05869,2024-12-13,Google Ads,CMP105,India,Bengaluru,Desktop,Free,Male,45-54
U05870,2024-07-06,Facebook,CMP106,Canada,Vancouver,Mobile,Free,Female,35-44
U05871,2024-08-17,Facebook,CMP111,UK,Manchester,Desktop,Premium,Female,25-34
U05872,2024-11-20,Referral,CMP103,USA,New York,Tablet,Premium,Female,18-24
U05873,2024-06-23,Organic,CMP111,Germany,Munich,Desktop,Free,Female,18-24
U05874,2024-01-27,LinkedIn,CMP101,Canada,Toronto,Tablet,Basic,Female,18-24
U05875,2024-07-27,Organic,CMP111,Australia,Sydney,Mobile,Basic,Female,45-54
U05876,2024-01-11,Google Ads,CMP110,Australia,Melbourne,Tablet,Basic,Female,45-54
U05877,2024-12-25,Organic,CMP117,Canada,Toronto,Desktop,Free,Male,45-54
U05878,2024-11-13,Facebook,CMP115,Germany,Munich,Desktop,Basic,Female,18-24
U05879,2024-07-15,Google Ads,CMP109,Canada,Toronto,Desktop,Free,Female,25-34
U05880,2024-04-30,Referral,CMP106,Canada,Vancouver,Tablet,Premium,Female,45-54
U05881,2024-07-12,Organic,CMP118,Australia,Sydney,Tablet,Basic,Female,18-24
U05882,2024-05-27,Facebook,CMP101,India,Chennai,Desktop,Free,Female,45-54
U05883,2024-05-13,Organic,CMP105,UK,Manchester,Mobile,Premium,Male,45-54
U05884,2024-11-09,Google Ads,CMP106,India,Bengaluru,Tablet,Premium,Male,18-24
U05885,2024-11-03,Black Friday,CMP110,Australia,Melbourne,Mobile,Free,Male,18-24
U05886,2024-04-11,Black Friday,CMP111,UK,Manchester,Desktop,Premium,Male,18-24
U05887,2024-08-31,Facebook,CMP113,USA,Austin,Tablet,Basic,Male,25-34
U05888,2024-01-30,Black Friday,CMP107,Germany,Munich,Desktop,Basic,Male,45-54
U05889,2024-12-23,Black Friday,CMP112,India,Chennai,Mobile,Basic,Male,25-34
U05890,2024-07-23,LinkedIn,CMP116,Germany,Munich,Desktop,Premium,Female,25-34
U05891,2024-03-06,Google Ads,CMP109,Australia,Melbourne,Desktop,Free,Female,18-24
U05892,2024-10-28,LinkedIn,CMP111,Germany,Munich,Desktop,Premium,Male,25-34
U05893,2024-01-16,Facebook,CMP111,Canada,Vancouver,Tablet,Free,Male,35-44
U05894,2024-06-01,Referral,CMP117,USA,New York,Desktop,Premium,Female,45-54
U05895,2024-10-19,Organic,CMP108,UK,Manchester,Desktop,Basic,Female,45-54
U05896,2024-09-16,Referral,CMP113,Canada,Toronto,Tablet,Basic,Female,25-34
U05897,2024-10-16,Facebook,CMP104,India,Bengaluru,Tablet,Free,Female,18-24
U05898,2024-11-15,Referral,CMP102,UK,Manchester,Desktop,Basic,Female,35-44
U05899,2024-04-05,Organic,CMP115,Germany,Berlin,Desktop,Basic,Female,35-44
U05900,2024-03-18,Referral,CMP114,Germany,Berlin,Mobile,Premium,Female,35-44
U05901,2024-08-23,Google Ads,CMP118,Australia,Melbourne,Desktop,Free,Female,35-44
U05902,2024-02-16,Google Ads,CMP120,Canada,Toronto,Desktop,Basic,Male,25-34
U05903,2024-08-17,Google Ads,CMP118,Canada,Toronto,Mobile,Basic,Female,18-24
U05904,2024-12-12,Referral,CMP112,India,Bengaluru,Desktop,Basic,Female,18-24
U05905,2024-08-28,Organic,CMP104,UK,London,Tablet,Premium,Male,25-34
U05906,2024-06-14,LinkedIn,CMP120,Germany,Munich,Tablet,Basic,Female,25-34
U05907,2024-02-17,LinkedIn,CMP103,Germany,Munich,Mobile,Basic,Female,45-54
U05908,2024-09-27,Organic,CMP113,Germany,Berlin,Mobile,Premium,Female,25-34
U05909,2024-09-30,Google Ads,CMP101,India,Chennai,Mobile,Premium,Female,25-34
U05910,2024-06-04,Referral,CMP117,Australia,Melbourne,Desktop,Free,Female,45-54
U05911,2024-07-22,Facebook,CMP119,UK,Manchester,Desktop,Free,Female,25-34
U05912,2024-07-20,Facebook,CMP108,UK,Manchester,Tablet,Premium,Female,35-44
U05913,2024-02-22,Organic,CMP115,USA,Austin,Mobile,Free,Male,18-24
U05914,2024-12-24,Referral,CMP120,USA,New York,Desktop,Premium,Male,18-24
U05915,2024-01-13,Referral,CMP106,Australia,Sydney,Desktop,Free,Female,35-44
U05916,2024-01-14,Black Friday,CMP112,UK,Manchester,Tablet,Basic,Female,18-24
U05917,2024-01-20,Referral,CMP106,India,Chennai,Mobile,Free,Female,25-34
U05918,2024-06-02,Facebook,CMP104,India,Coimbatore,Tablet,Basic,Female,35-44
U05919,2024-12-21,LinkedIn,CMP114,USA,Seattle,Desktop,Free,Male,45-54
U05920,2024-08-17,Referral,CMP107,Australia,Sydney,Mobile,Free,Female,45-54
U05921,2024-11-11,Google Ads,CMP101,UK,London,Tablet,Basic,Female,35-44
U05922,2024-08-17,LinkedIn,CMP103,Germany,Munich,Tablet,Premium,Male,35-44
U05923,2024-01-28,LinkedIn,CMP110,Australia,Sydney,Mobile,Free,Male,35-44
U05924,2024-02-02,Black Friday,CMP116,Australia,Sydney,Tablet,Free,Female,35-44
U05925,2024-03-12,Facebook,CMP114,USA,Austin,Tablet,Basic,Female,45-54
U05926,2024-02-02,Black Friday,CMP102,USA,New York,Tablet,Basic,Female,45-54
U05927,2024-12-11,LinkedIn,CMP109,USA,Austin,Tablet,Free,Male,25-34
U05928,2024-12-27,Referral,CMP104,Canada,Vancouver,Tablet,Free,Female,25-34
U05929,2024-06-22,Facebook,CMP106,Australia,Melbourne,Tablet,Premium,Female,25-34
U05930,2024-09-29,LinkedIn,CMP101,Australia,Melbourne,Tablet,Premium,Male,25-34
U05931,2024-09-16,Black Friday,CMP115,UK,Manchester,Mobile,Free,Female,18-24
U05932,2024-08-25,Facebook,CMP120,Australia,Sydney,Tablet,Premium,Female,18-24
U05933,2024-07-10,Referral,CMP105,Australia,Melbourne,Mobile,Basic,Female,35-44
U05934,2024-08-01,Facebook,CMP103,Australia,Sydney,Mobile,Basic,Male,45-54
U05935,2024-02-25,Referral,CMP112,India,Bengaluru,Desktop,Free,Female,25-34
U05936,2024-06-17,Organic,CMP108,USA,New York,Desktop,Premium,Female,45-54
U05937,2024-06-07,Referral,CMP109,USA,Austin,Mobile,Premium,Male,35-44
U05938,2024-05-10,Organic,CMP102,Australia,Sydney,Tablet,Free,Male,35-44
U05939,2024-01-25,Referral,CMP116,Germany,Berlin,Mobile,Basic,Male,18-24
U05940,2024-01-20,Facebook,CMP107,USA,New York,Tablet,Premium,Male,45-54
U05941,2024-03-13,Facebook,CMP112,India,Bengaluru,Desktop,Premium,Female,45-54
U05942,2024-03-16,Facebook,CMP120,Canada,Vancouver,Desktop,Basic,Female,45-54
U05943,2024-10-06,Google Ads,CMP108,Australia,Sydney,Tablet,Premium,Female,25-34
U05944,2024-02-06,Referral,CMP112,India,Chennai,Tablet,Premium,Female,45-54
U05945,2024-10-07,Referral,CMP106,Germany,Berlin,Tablet,Premium,Female,45-54
U05946,2024-04-02,Referral,CMP108,Australia,Melbourne,Tablet,Free,Male,18-24
U05947,2024-10-14,Referral,CMP114,Canada,Vancouver,Tablet,Premium,Female,45-54
U05948,2024-11-21,Black Friday,CMP101,Australia,Melbourne,Desktop,Basic,Female,25-34
U05949,2024-12-08,Black Friday,CMP113,UK,Manchester,Mobile,Free,Male,45-54
U05950,2024-02-20,Black Friday,CMP117,Canada,Vancouver,Desktop,Premium,Female,35-44
U05951,2024-01-28,Referral,CMP102,Canada,Toronto,Mobile,Basic,Female,25-34
U05952,2024-01-24,LinkedIn,CMP119,UK,London,Desktop,Basic,Male,18-24
U05953,2024-11-19,Facebook,CMP118,Germany,Munich,Desktop,Basic,Male,25-34
U05954,2024-01-22,Facebook,CMP109,USA,Austin,Mobile,Premium,Female,25-34
U05955,2024-11-21,Referral,CMP116,India,Chennai,Tablet,Premium,Male,18-24
U05956,2024-02-04,Organic,CMP107,USA,Austin,Desktop,Free,Male,45-54
U05957,2024-11-12,Facebook,CMP105,Australia,Melbourne,Mobile,Premium,Female,45-54
U05958,2024-12-05,Facebook,CMP116,Germany,Berlin,Mobile,Basic,Male,35-44
U05959,2024-04-03,Facebook,CMP114,Germany,Munich,Mobile,Premium,Male,25-34
U05960,2024-02-24,Google Ads,CMP101,Australia,Sydney,Mobile,Premium,Female,18-24
U05961,2024-11-21,Google Ads,CMP106,Canada,Toronto,Desktop,Free,Male,18-24
U05962,2024-09-09,Organic,CMP113,UK,Manchester,Tablet,Premium,Female,25-34
U05963,2024-01-20,LinkedIn,CMP101,Canada,Vancouver,Mobile,Premium,Male,18-24
U05964,2024-07-22,Google Ads,CMP107,Germany,Berlin,Desktop,Basic,Female,35-44
U05965,2024-08-30,Organic,CMP113,India,Chennai,Desktop,Free,Female,45-54
U05966,2024-11-25,LinkedIn,CMP115,USA,Seattle,Tablet,Premium,Male,18-24
U05967,2024-05-10,Referral,CMP104,India,Chennai,Mobile,Basic,Male,18-24
U05968,2024-09-14,Facebook,CMP116,Australia,Sydney,Tablet,Free,Male,45-54
U05969,2024-02-01,Facebook,CMP113,Australia,Melbourne,Desktop,Premium,Female,35-44
U05970,2024-10-03,Facebook,CMP115,Australia,Melbourne,Desktop,Premium,Male,25-34
U05971,2024-04-25,Black Friday,CMP115,Germany,Munich,Tablet,Premium,Female,45-54
U05972,2024-11-04,Organic,CMP119,India,Bengaluru,Tablet,Premium,Male,45-54
U05973,2024-09-27,Referral,CMP113,UK,Manchester,Mobile,Free,Male,18-24
U05974,2024-05-27,Google Ads,CMP107,UK,Manchester,Mobile,Free,Female,25-34
U05975,2024-01-14,Organic,CMP101,Germany,Berlin,Mobile,Basic,Female,35-44
U05976,2024-06-21,LinkedIn,CMP112,UK,London,Tablet,Premium,Female,35-44
U05977,2024-12-30,LinkedIn,CMP107,India,Bengaluru,Mobile,Basic,Male,18-24
U05978,2024-08-29,Black Friday,CMP107,USA,New York,Mobile,Basic,Male,18-24
U05979,2024-08-31,LinkedIn,CMP108,USA,Seattle,Mobile,Free,Male,35-44
U05980,2024-10-10,Black Friday,CMP101,Australia,Melbourne,Tablet,Free,Male,25-34
U05981,2024-07-07,Organic,CMP110,Canada,Vancouver,Tablet,Free,Male,45-54
U05982,2024-06-12,LinkedIn,CMP116,Australia,Sydney,Mobile,Free,Male,45-54
U05983,2024-02-24,LinkedIn,CMP117,Australia,Sydney,Mobile,Premium,Male,45-54
U05984,2024-07-31,Google Ads,CMP112,Germany,Berlin,Mobile,Basic,Male,45-54
U05985,2024-09-04,Black Friday,CMP115,USA,New York,Mobile,Free,Female,18-24
U05986,2024-07-21,LinkedIn,CMP117,Canada,Vancouver,Desktop,Basic,Female,18-24
U05987,2024-05-28,Google Ads,CMP112,Germany,Munich,Desktop,Premium,Female,25-34
U05988,2024-11-21,Facebook,CMP106,Germany,Munich,Mobile,Basic,Female,45-54
U05989,2024-07-13,Referral,CMP119,Canada,Vancouver,Tablet,Basic,Male,35-44
U05990,2024-02-15,Black Friday,CMP113,Germany,Berlin,Mobile,Premium,Male,25-34
U05991,2024-12-02,Black Friday,CMP101,Germany,Berlin,Desktop,Premium,Male,35-44
U05992,2024-12-30,Organic,CMP115,Australia,Sydney,Desktop,Premium,Male,45-54
U05993,2024-12-07,Black Friday,CMP108,Australia,Sydney,Mobile,Free,Female,45-54
U05994,2024-09-08,Facebook,CMP119,USA,Austin,Mobile,Premium,Male,35-44
U05995,2024-11-22,Referral,CMP112,Australia,Sydney,Mobile,Premium,Female,18-24
U05996,2024-07-20,Black Friday,CMP119,USA,Seattle,Mobile,Basic,Male,18-24
U05997,2024-06-13,Black Friday,CMP114,Australia,Melbourne,Mobile,Premium,Male,18-24
U05998,2024-10-21,Organic,CMP112,Canada,Toronto,Tablet,Premium,Male,35-44
U05999,2024-04-12,Referral,CMP107,UK,Manchester,Mobile,Basic,Female,18-24
U06000,2024-12-20,LinkedIn,CMP115,Canada,Toronto,Desktop,Basic,Male,35-44
U06001,2024-12-25,Organic,CMP114,UK,Manchester,Desktop,Free,Male,45-54
U06002,2024-05-28,Organic,CMP120,USA,Austin,Desktop,Basic,Female,25-34
U06003,2024-11-04,Google Ads,CMP105,Australia,Melbourne,Tablet,Free,Female,45-54
U06004,2024-01-13,Black Friday,CMP106,Canada,Vancouver,Mobile,Basic,Male,18-24
U06005,2024-10-11,Facebook,CMP109,UK,London,Desktop,Free,Female,45-54
U06006,2024-04-15,Organic,CMP106,USA,Austin,Tablet,Free,Male,45-54
U06007,2024-07-20,Google Ads,CMP109,Germany,Berlin,Desktop,Free,Female,35-44
U06008,2024-05-13,LinkedIn,CMP111,Germany,Berlin,Mobile,Basic,Female,45-54
U06009,2024-09-21,Organic,CMP114,UK,London,Mobile,Basic,Female,18-24
U06010,2024-08-24,Google Ads,CMP112,India,Bengaluru,Tablet,Free,Female,35-44
U06011,2024-05-13,LinkedIn,CMP101,Australia,Melbourne,Mobile,Premium,Male,35-44
U06012,2024-08-13,Black Friday,CMP111,UK,London,Desktop,Basic,Female,35-44
U06013,2024-09-30,Referral,CMP110,Germany,Berlin,Mobile,Premium,Male,18-24
U06014,2024-04-01,LinkedIn,CMP102,Germany,Munich,Tablet,Free,Male,35-44
U06015,2024-11-06,Referral,CMP106,UK,London,Desktop,Basic,Male,35-44
U06016,2024-10-04,Organic,CMP113,Canada,Toronto,Tablet,Free,Female,25-34
U06017,2024-06-07,LinkedIn,CMP114,India,Bengaluru,Desktop,Basic,Female,18-24
U06018,2024-05-14,Organic,CMP119,India,Bengaluru,Mobile,Free,Male,35-44
U06019,2024-12-10,Google Ads,CMP119,Germany,Berlin,Tablet,Free,Male,35-44
U06020,2024-09-23,Facebook,CMP118,UK,London,Tablet,Free,Male,45-54
U06021,2024-08-31,Google Ads,CMP115,India,Coimbatore,Tablet,Free,Female,45-54
U06022,2024-11-27,Facebook,CMP107,Canada,Toronto,Tablet,Free,Female,35-44
U06023,2024-05-18,Referral,CMP109,Germany,Berlin,Tablet,Free,Male,18-24
U06024,2024-10-02,Black Friday,CMP106,Canada,Toronto,Tablet,Premium,Male,45-54
U06025,2024-05-13,Referral,CMP120,India,Coimbatore,Desktop,Premium,Female,18-24
U06026,2024-03-20,Referral,CMP108,Australia,Melbourne,Desktop,Basic,Female,25-34
U06027,2024-07-31,Facebook,CMP118,Australia,Melbourne,Mobile,Premium,Male,25-34
U06028,2024-05-01,LinkedIn,CMP111,Canada,Vancouver,Mobile,Basic,Male,18-24
U06029,2024-10-10,Facebook,CMP119,India,Bengaluru,Mobile,Premium,Male,18-24
U06030,2024-01-04,Google Ads,CMP101,Australia,Sydney,Desktop,Free,Female,25-34
U06031,2024-10-06,Referral,CMP116,Germany,Berlin,Tablet,Premium,Male,18-24
U06032,2024-04-07,LinkedIn,CMP103,India,Chennai,Tablet,Free,Female,25-34
U06033,2024-03-26,Black Friday,CMP119,USA,Austin,Desktop,Premium,Female,25-34
U06034,2024-02-27,Facebook,CMP103,UK,Manchester,Tablet,Free,Male,45-54
U06035,2024-01-02,Google Ads,CMP115,Australia,Sydney,Tablet,Premium,Male,35-44
U06036,2024-03-20,Referral,CMP114,Australia,Sydney,Desktop,Premium,Male,35-44
U06037,2024-10-25,Black Friday,CMP113,USA,New York,Tablet,Premium,Female,35-44
U06038,2024-11-11,Facebook,CMP120,UK,London,Mobile,Premium,Male,25-34
U06039,2024-05-02,Facebook,CMP117,UK,Manchester,Desktop,Free,Male,35-44
U06040,2024-07-23,Google Ads,CMP117,Australia,Sydney,Desktop,Free,Male,35-44
U06041,2024-06-13,LinkedIn,CMP112,Canada,Toronto,Mobile,Premium,Male,45-54
U06042,2024-02-14,Black Friday,CMP119,UK,London,Tablet,Premium,Female,18-24
U06043,2024-08-07,Referral,CMP111,Germany,Berlin,Tablet,Free,Male,45-54
U06044,2024-11-01,Referral,CMP104,Canada,Vancouver,Desktop,Basic,Male,18-24
U06045,2024-10-14,Organic,CMP116,Canada,Toronto,Tablet,Basic,Female,35-44
U06046,2024-10-01,LinkedIn,CMP109,Australia,Melbourne,Mobile,Free,Male,45-54
U06047,2024-04-04,Referral,CMP113,Canada,Vancouver,Tablet,Premium,Male,45-54
U06048,2024-12-02,Organic,CMP102,USA,Seattle,Tablet,Premium,Male,35-44
U06049,2024-08-21,Organic,CMP119,India,Coimbatore,Desktop,Free,Female,45-54
U06050,2024-06-13,Google Ads,CMP120,Australia,Sydney,Desktop,Basic,Female,45-54
U06051,2024-09-13,Black Friday,CMP118,India,Coimbatore,Desktop,Premium,Male,18-24
U06052,2024-02-23,Black Friday,CMP118,UK,London,Mobile,Free,Female,25-34
U06053,2024-05-19,Google Ads,CMP110,Australia,Melbourne,Desktop,Premium,Male,18-24
U06054,2024-03-10,Organic,CMP119,UK,London,Desktop,Premium,Female,25-34
U06055,2024-06-06,Facebook,CMP114,Australia,Sydney,Tablet,Basic,Female,45-54
U06056,2024-03-22,Referral,CMP116,UK,Manchester,Desktop,Basic,Female,25-34
U06057,2024-01-28,Referral,CMP107,Australia,Melbourne,Desktop,Free,Male,18-24
U06058,2024-12-11,Organic,CMP114,India,Chennai,Desktop,Premium,Female,35-44
U06059,2024-11-17,Organic,CMP117,Australia,Sydney,Desktop,Free,Male,25-34
U06060,2024-03-21,Organic,CMP111,USA,Seattle,Desktop,Basic,Female,25-34
U06061,2024-04-19,Referral,CMP106,Germany,Munich,Desktop,Basic,Female,35-44
U06062,2024-07-01,Google Ads,CMP111,UK,Manchester,Tablet,Basic,Female,35-44
U06063,2024-01-13,LinkedIn,CMP113,Australia,Melbourne,Tablet,Basic,Male,45-54
U06064,2024-06-07,LinkedIn,CMP104,Canada,Toronto,Mobile,Free,Male,25-34
U06065,2024-06-24,Facebook,CMP113,UK,Manchester,Desktop,Free,Male,35-44
U06066,2024-08-15,Referral,CMP112,Canada,Toronto,Tablet,Basic,Female,35-44
U06067,2024-08-21,Facebook,CMP104,India,Bengaluru,Tablet,Basic,Female,18-24
U06068,2024-06-17,Black Friday,CMP113,Australia,Sydney,Mobile,Basic,Male,45-54
U06069,2024-11-04,Black Friday,CMP104,UK,London,Tablet,Free,Female,18-24
U06070,2024-04-11,Black Friday,CMP115,Canada,Vancouver,Tablet,Premium,Female,35-44
U06071,2024-10-15,Google Ads,CMP106,UK,London,Tablet,Free,Male,25-34
U06072,2024-05-27,Referral,CMP120,India,Coimbatore,Desktop,Premium,Male,18-24
U06073,2024-09-23,Organic,CMP113,India,Coimbatore,Tablet,Basic,Female,25-34
U06074,2024-07-13,Facebook,CMP118,India,Bengaluru,Mobile,Premium,Female,25-34
U06075,2024-08-12,Facebook,CMP108,India,Bengaluru,Desktop,Premium,Female,45-54
U06076,2024-05-09,Google Ads,CMP110,Canada,Vancouver,Desktop,Premium,Male,45-54
U06077,2024-02-11,Black Friday,CMP103,Germany,Munich,Desktop,Basic,Female,35-44
U06078,2024-09-25,Organic,CMP118,Australia,Melbourne,Mobile,Free,Female,35-44
U06079,2024-03-24,Organic,CMP115,Australia,Sydney,Tablet,Free,Female,25-34
U06080,2024-12-05,Google Ads,CMP114,India,Chennai,Desktop,Basic,Female,35-44
U06081,2024-02-01,Black Friday,CMP118,USA,Austin,Desktop,Premium,Female,45-54
U06082,2024-08-04,Facebook,CMP112,Canada,Toronto,Tablet,Free,Female,18-24
U06083,2024-04-26,LinkedIn,CMP117,India,Chennai,Desktop,Free,Male,25-34
U06084,2024-06-27,Facebook,CMP104,Canada,Toronto,Tablet,Free,Female,35-44
U06085,2024-10-25,Google Ads,CMP107,Australia,Sydney,Desktop,Premium,Male,25-34
U06086,2024-05-27,Facebook,CMP116,UK,London,Mobile,Basic,Male,45-54
U06087,2024-05-18,Facebook,CMP104,USA,Austin,Tablet,Free,Female,25-34
U06088,2024-03-09,Black Friday,CMP102,Germany,Berlin,Mobile,Free,Female,35-44
U06089,2024-11-20,Google Ads,CMP117,India,Bengaluru,Mobile,Free,Female,18-24
U06090,2024-11-19,LinkedIn,CMP108,Germany,Munich,Desktop,Free,Male,35-44
U06091,2024-12-14,Organic,CMP106,Germany,Munich,Mobile,Free,Female,45-54
U06092,2024-05-22,Black Friday,CMP113,India,Bengaluru,Mobile,Premium,Female,18-24
U06093,2024-03-28,Google Ads,CMP104,UK,Manchester,Tablet,Premium,Male,35-44
U06094,2024-12-13,Black Friday,CMP108,Australia,Melbourne,Mobile,Basic,Male,25-34
U06095,2024-12-08,Referral,CMP112,Germany,Berlin,Desktop,Premium,Female,35-44
U06096,2024-03-27,Organic,CMP105,Germany,Berlin,Desktop,Basic,Female,25-34
U06097,2024-03-27,Organic,CMP111,UK,Manchester,Mobile,Free,Female,18-24
U06098,2024-02-29,Referral,CMP101,USA,New York,Desktop,Basic,Male,45-54
U06099,2024-07-05,Google Ads,CMP107,Australia,Melbourne,Mobile,Premium,Female,18-24
U06100,2024-07-10,Referral,CMP108,Germany,Berlin,Desktop,Basic,Female,45-54
U06101,2024-05-02,Facebook,CMP119,Canada,Toronto,Tablet,Free,Female,25-34
U06102,2024-11-09,LinkedIn,CMP110,Canada,Vancouver,Tablet,Premium,Male,18-24
U06103,2024-06-25,Facebook,CMP116,Australia,Sydney,Mobile,Premium,Male,45-54
U06104,2024-11-15,Google Ads,CMP113,Australia,Melbourne,Mobile,Premium,Female,18-24
U06105,2024-06-04,LinkedIn,CMP112,UK,London,Mobile,Basic,Female,18-24
U06106,2024-06-19,Black Friday,CMP113,Germany,Munich,Desktop,Premium,Male,45-54
U06107,2024-06-14,LinkedIn,CMP119,Canada,Vancouver,Tablet,Premium,Male,25-34
U06108,2024-04-13,Facebook,CMP106,USA,New York,Desktop,Free,Male,18-24
U06109,2024-07-23,Black Friday,CMP103,USA,Seattle,Mobile,Free,Female,45-54
U06110,2024-02-21,Google Ads,CMP113,Australia,Sydney,Desktop,Premium,Male,18-24
U06111,2024-06-03,Google Ads,CMP102,Australia,Sydney,Tablet,Basic,Male,25-34
U06112,2024-03-14,Google Ads,CMP118,USA,Austin,Tablet,Free,Female,18-24
U06113,2024-03-08,Facebook,CMP111,Australia,Melbourne,Mobile,Free,Female,25-34
U06114,2024-03-28,Google Ads,CMP101,UK,London,Mobile,Premium,Male,18-24
U06115,2024-01-08,Organic,CMP107,India,Chennai,Desktop,Premium,Male,25-34
U06116,2024-05-15,Google Ads,CMP111,Australia,Sydney,Tablet,Premium,Female,18-24
U06117,2024-04-29,Google Ads,CMP106,UK,Manchester,Desktop,Free,Female,45-54
U06118,2024-04-04,Facebook,CMP117,Canada,Vancouver,Desktop,Premium,Female,45-54
U06119,2024-05-26,Referral,CMP120,India,Coimbatore,Desktop,Premium,Female,25-34
U06120,2024-07-11,Facebook,CMP101,India,Bengaluru,Mobile,Free,Female,18-24
U06121,2024-11-01,LinkedIn,CMP108,India,Chennai,Desktop,Free,Male,45-54
U06122,2024-04-06,Black Friday,CMP111,India,Coimbatore,Desktop,Premium,Male,45-54
U06123,2024-02-05,Black Friday,CMP107,Germany,Munich,Mobile,Premium,Male,35-44
U06124,2024-06-13,Black Friday,CMP118,Canada,Vancouver,Tablet,Basic,Female,25-34
U06125,2024-10-05,Black Friday,CMP106,Australia,Melbourne,Mobile,Premium,Male,18-24
U06126,2024-05-23,Google Ads,CMP120,Germany,Berlin,Mobile,Free,Male,25-34
U06127,2024-04-10,Black Friday,CMP103,Canada,Toronto,Tablet,Basic,Male,25-34
U06128,2024-04-21,Referral,CMP101,UK,Manchester,Mobile,Basic,Male,35-44
U06129,2024-01-22,Black Friday,CMP104,Australia,Melbourne,Desktop,Free,Male,35-44
U06130,2024-06-22,Google Ads,CMP119,USA,New York,Desktop,Basic,Female,45-54
U06131,2024-12-11,Referral,CMP119,India,Chennai,Tablet,Premium,Male,35-44
U06132,2024-01-18,LinkedIn,CMP106,UK,London,Mobile,Premium,Female,35-44
U06133,2024-02-27,Google Ads,CMP111,UK,London,Mobile,Premium,Female,35-44
U06134,2024-11-15,Black Friday,CMP120,India,Chennai,Desktop,Free,Male,35-44
U06135,2024-06-23,LinkedIn,CMP112,Canada,Vancouver,Mobile,Premium,Male,35-44
U06136,2024-09-01,Google Ads,CMP106,USA,Seattle,Tablet,Premium,Male,18-24
U06137,2024-01-03,Organic,CMP118,Germany,Munich,Mobile,Premium,Female,35-44
U06138,2024-09-14,LinkedIn,CMP115,UK,Manchester,Desktop,Premium,Female,25-34
U06139,2024-11-13,Facebook,CMP118,India,Chennai,Tablet,Basic,Female,35-44
U06140,2024-01-22,Black Friday,CMP113,Canada,Toronto,Tablet,Free,Female,18-24
U06141,2024-03-29,Google Ads,CMP112,UK,Manchester,Tablet,Free,Male,18-24
U06142,2024-07-07,Black Friday,CMP114,UK,London,Tablet,Basic,Male,25-34
U06143,2024-08-04,LinkedIn,CMP115,Australia,Melbourne,Tablet,Premium,Male,35-44
U06144,2024-01-26,Facebook,CMP119,Australia,Melbourne,Desktop,Basic,Male,25-34
U06145,2024-04-12,Facebook,CMP106,Germany,Munich,Desktop,Free,Male,18-24
U06146,2024-08-08,Facebook,CMP108,UK,London,Desktop,Premium,Male,35-44
U06147,2024-04-22,Organic,CMP107,UK,Manchester,Mobile,Basic,Male,35-44
U06148,2024-04-07,Organic,CMP120,India,Chennai,Desktop,Premium,Female,25-34
U06149,2024-11-29,Referral,CMP112,India,Chennai,Tablet,Free,Male,25-34
U06150,2024-07-05,Black Friday,CMP113,USA,Austin,Tablet,Basic,Female,45-54
U06151,2024-10-08,Organic,CMP114,Germany,Munich,Tablet,Premium,Female,35-44
U06152,2024-05-24,Referral,CMP114,USA,Seattle,Mobile,Free,Female,18-24
U06153,2024-08-23,Organic,CMP102,Canada,Toronto,Tablet,Free,Male,25-34
U06154,2024-05-30,Referral,CMP101,UK,Manchester,Desktop,Premium,Female,25-34
U06155,2024-02-23,Black Friday,CMP117,India,Coimbatore,Desktop,Premium,Male,18-24
U06156,2024-05-23,Referral,CMP103,UK,London,Tablet,Premium,Male,45-54
U06157,2024-03-27,Google Ads,CMP103,Australia,Melbourne,Tablet,Free,Male,35-44
U06158,2024-10-18,Google Ads,CMP101,Canada,Vancouver,Desktop,Free,Female,18-24
U06159,2024-03-07,Organic,CMP115,India,Chennai,Tablet,Basic,Male,18-24
U06160,2024-01-15,Facebook,CMP101,UK,London,Mobile,Basic,Female,35-44
U06161,2024-01-20,LinkedIn,CMP101,Germany,Munich,Desktop,Basic,Male,35-44
U06162,2024-02-29,Referral,CMP108,UK,Manchester,Mobile,Basic,Female,18-24
U06163,2024-10-17,Organic,CMP109,UK,London,Desktop,Basic,Male,25-34
U06164,2024-02-03,Google Ads,CMP118,UK,Manchester,Mobile,Free,Female,18-24
U06165,2024-03-01,Black Friday,CMP114,India,Chennai,Tablet,Basic,Male,35-44
U06166,2024-04-16,Referral,CMP107,UK,Manchester,Mobile,Free,Female,18-24
U06167,2024-11-27,Facebook,CMP101,Germany,Munich,Tablet,Basic,Male,35-44
U06168,2024-06-27,Organic,CMP102,USA,Austin,Mobile,Basic,Male,25-34
U06169,2024-03-15,LinkedIn,CMP105,India,Coimbatore,Tablet,Free,Female,35-44
U06170,2024-03-31,Organic,CMP118,UK,Manchester,Tablet,Free,Female,25-34
U06171,2024-06-11,Google Ads,CMP114,USA,New York,Mobile,Premium,Male,25-34
U06172,2024-02-08,Organic,CMP109,Canada,Toronto,Mobile,Premium,Male,25-34
U06173,2024-11-15,Black Friday,CMP104,Germany,Berlin,Tablet,Premium,Male,45-54
U06174,2024-06-05,Organic,CMP111,Australia,Melbourne,Tablet,Free,Female,35-44
U06175,2024-11-21,Facebook,CMP111,USA,New York,Mobile,Basic,Female,35-44
U06176,2024-11-26,LinkedIn,CMP108,USA,Seattle,Tablet,Basic,Female,45-54
U06177,2024-05-22,Organic,CMP103,Canada,Toronto,Desktop,Free,Male,25-34
U06178,2024-12-23,Google Ads,CMP109,Germany,Berlin,Mobile,Premium,Female,45-54
U06179,2024-08-29,Referral,CMP117,Germany,Berlin,Tablet,Basic,Female,45-54
U06180,2024-09-16,Organic,CMP116,India,Chennai,Tablet,Premium,Male,35-44
U06181,2024-01-28,Referral,CMP108,Canada,Vancouver,Mobile,Premium,Male,25-34
U06182,2024-02-19,LinkedIn,CMP119,UK,London,Mobile,Premium,Male,25-34
U06183,2024-08-09,Organic,CMP113,Germany,Berlin,Mobile,Free,Female,25-34
U06184,2024-10-28,Black Friday,CMP104,UK,London,Desktop,Premium,Female,18-24
U06185,2024-12-15,LinkedIn,CMP119,Canada,Vancouver,Mobile,Free,Male,35-44
U06186,2024-01-01,Google Ads,CMP120,Australia,Sydney,Tablet,Premium,Male,45-54
U06187,2024-07-19,Google Ads,CMP114,Germany,Berlin,Tablet,Basic,Male,25-34
U06188,2024-04-21,Referral,CMP112,Canada,Toronto,Desktop,Basic,Female,45-54
U06189,2024-08-07,Black Friday,CMP111,India,Coimbatore,Mobile,Premium,Male,18-24
U06190,2024-06-22,Black Friday,CMP120,India,Chennai,Tablet,Free,Male,45-54
U06191,2024-11-16,Google Ads,CMP112,Canada,Toronto,Tablet,Premium,Male,35-44
U06192,2024-07-08,Facebook,CMP110,Germany,Berlin,Tablet,Premium,Female,18-24
U06193,2024-03-05,Google Ads,CMP114,UK,London,Desktop,Free,Female,18-24
U06194,2024-12-23,Referral,CMP119,USA,Seattle,Mobile,Basic,Female,18-24
U06195,2024-10-24,Black Friday,CMP117,India,Chennai,Tablet,Basic,Male,45-54
U06196,2024-09-09,Facebook,CMP120,Canada,Toronto,Mobile,Free,Male,45-54
U06197,2024-08-14,Referral,CMP103,UK,London,Desktop,Basic,Female,35-44
U06198,2024-07-09,Black Friday,CMP102,India,Coimbatore,Mobile,Basic,Female,25-34
U06199,2024-02-23,LinkedIn,CMP112,UK,London,Mobile,Premium,Female,18-24
U06200,2024-10-02,Referral,CMP113,USA,New York,Mobile,Premium,Male,25-34
U06201,2024-08-05,Facebook,CMP118,Germany,Munich,Desktop,Basic,Female,45-54
U06202,2024-07-07,Facebook,CMP103,USA,Austin,Mobile,Basic,Female,35-44
U06203,2024-04-13,Google Ads,CMP116,Canada,Toronto,Tablet,Free,Male,18-24
U06204,2024-08-22,Organic,CMP101,Canada,Toronto,Desktop,Premium,Male,18-24
U06205,2024-02-29,Google Ads,CMP105,India,Chennai,Tablet,Free,Male,35-44
U06206,2024-02-19,Organic,CMP120,Germany,Berlin,Tablet,Basic,Female,45-54
U06207,2024-12-26,Referral,CMP112,Canada,Toronto,Desktop,Basic,Male,18-24
U06208,2024-09-12,Facebook,CMP110,Germany,Munich,Tablet,Free,Female,25-34
U06209,2024-10-29,Black Friday,CMP113,UK,London,Desktop,Premium,Male,25-34
U06210,2024-12-19,LinkedIn,CMP115,USA,New York,Desktop,Free,Male,35-44
U06211,2024-05-17,Organic,CMP106,Australia,Melbourne,Mobile,Premium,Male,35-44
U06212,2024-07-30,Black Friday,CMP111,UK,London,Mobile,Premium,Female,45-54
U06213,2024-10-03,LinkedIn,CMP109,Canada,Toronto,Mobile,Premium,Female,35-44
U06214,2024-06-29,Referral,CMP103,USA,Seattle,Mobile,Free,Male,35-44
U06215,2024-10-11,LinkedIn,CMP103,Germany,Munich,Desktop,Basic,Male,25-34
U06216,2024-12-08,LinkedIn,CMP108,Australia,Melbourne,Tablet,Premium,Male,18-24
U06217,2024-09-19,LinkedIn,CMP111,UK,London,Tablet,Basic,Female,45-54
U06218,2024-07-19,Organic,CMP117,USA,Seattle,Mobile,Premium,Female,25-34
U06219,2024-12-29,Organic,CMP101,Canada,Toronto,Desktop,Premium,Male,45-54
U06220,2024-10-02,Google Ads,CMP107,UK,Manchester,Desktop,Premium,Male,35-44
U06221,2024-02-05,Organic,CMP114,USA,Austin,Desktop,Premium,Male,45-54
U06222,2024-01-23,Organic,CMP113,India,Coimbatore,Desktop,Premium,Female,25-34
U06223,2024-12-27,Google Ads,CMP112,UK,Manchester,Desktop,Premium,Male,25-34
U06224,2024-10-12,Facebook,CMP102,UK,Manchester,Tablet,Basic,Female,18-24
U06225,2024-12-18,Referral,CMP118,USA,Austin,Mobile,Premium,Male,35-44
U06226,2024-07-12,Referral,CMP101,Germany,Berlin,Desktop,Basic,Female,18-24
U06227,2024-03-11,Black Friday,CMP113,Canada,Vancouver,Mobile,Free,Male,18-24
U06228,2024-06-25,Google Ads,CMP101,Australia,Melbourne,Mobile,Basic,Male,18-24
U06229,2024-05-29,Referral,CMP116,Australia,Melbourne,Mobile,Free,Female,18-24
U06230,2024-09-20,Black Friday,CMP108,Australia,Sydney,Desktop,Basic,Male,25-34
U06231,2024-11-06,Google Ads,CMP120,Canada,Vancouver,Desktop,Basic,Male,25-34
U06232,2024-04-12,Referral,CMP117,Germany,Berlin,Desktop,Premium,Female,35-44
U06233,2024-03-15,Organic,CMP115,UK,Manchester,Mobile,Premium,Male,18-24
U06234,2024-04-12,Facebook,CMP102,Canada,Toronto,Desktop,Premium,Female,45-54
U06235,2024-08-16,Facebook,CMP101,UK,London,Desktop,Free,Female,45-54
U06236,2024-11-22,LinkedIn,CMP102,Australia,Sydney,Desktop,Basic,Male,25-34
U06237,2024-07-18,Facebook,CMP106,India,Coimbatore,Desktop,Basic,Male,35-44
U06238,2024-02-17,Black Friday,CMP108,Germany,Berlin,Tablet,Basic,Female,45-54
U06239,2024-12-28,Black Friday,CMP109,India,Bengaluru,Tablet,Free,Female,25-34
U06240,2024-08-01,Referral,CMP111,UK,London,Desktop,Premium,Male,45-54
U06241,2024-12-14,Black Friday,CMP116,UK,Manchester,Mobile,Free,Female,18-24
U06242,2024-05-13,Organic,CMP103,Germany,Munich,Tablet,Basic,Male,45-54
U06243,2024-06-05,Black Friday,CMP102,India,Chennai,Tablet,Premium,Male,35-44
U06244,2024-07-30,Referral,CMP107,Australia,Melbourne,Tablet,Premium,Female,25-34
U06245,2024-08-16,Google Ads,CMP118,Canada,Vancouver,Desktop,Basic,Female,35-44
U06246,2024-05-13,Google Ads,CMP108,India,Coimbatore,Desktop,Free,Female,35-44
U06247,2024-02-28,LinkedIn,CMP109,USA,Seattle,Mobile,Free,Male,45-54
U06248,2024-07-01,LinkedIn,CMP111,Australia,Sydney,Tablet,Free,Female,45-54
U06249,2024-07-04,Google Ads,CMP115,Germany,Munich,Desktop,Basic,Female,18-24
U06250,2024-04-29,Referral,CMP117,UK,London,Tablet,Basic,Female,35-44
U06251,2024-06-17,LinkedIn,CMP110,USA,Seattle,Mobile,Free,Male,35-44
U06252,2024-08-12,Facebook,CMP109,India,Coimbatore,Desktop,Basic,Female,25-34
U06253,2024-11-08,Black Friday,CMP101,Australia,Sydney,Tablet,Premium,Female,45-54
U06254,2024-12-19,Google Ads,CMP115,Canada,Toronto,Desktop,Free,Female,25-34
U06255,2024-09-22,Organic,CMP112,Germany,Berlin,Desktop,Premium,Female,25-34
U06256,2024-01-13,Referral,CMP120,USA,Seattle,Tablet,Basic,Male,35-44
U06257,2024-06-08,Google Ads,CMP109,UK,London,Mobile,Premium,Female,18-24
U06258,2024-06-03,LinkedIn,CMP117,Australia,Melbourne,Tablet,Premium,Male,45-54
U06259,2024-07-24,Facebook,CMP106,USA,Austin,Mobile,Basic,Female,45-54
U06260,2024-02-23,Facebook,CMP115,India,Bengaluru,Desktop,Free,Female,18-24
U06261,2024-06-23,Organic,CMP113,Germany,Berlin,Mobile,Premium,Female,25-34
U06262,2024-07-12,Organic,CMP108,Germany,Munich,Mobile,Free,Female,18-24
U06263,2024-12-23,Google Ads,CMP103,Australia,Sydney,Desktop,Basic,Female,18-24
U06264,2024-08-05,Facebook,CMP113,USA,Seattle,Tablet,Premium,Female,45-54
U06265,2024-07-20,Black Friday,CMP103,USA,Seattle,Mobile,Free,Female,45-54
U06266,2024-10-18,Black Friday,CMP106,Australia,Sydney,Desktop,Basic,Female,45-54
U06267,2024-08-13,Black Friday,CMP115,India,Chennai,Desktop,Basic,Male,35-44
U06268,2024-09-22,Referral,CMP112,Australia,Melbourne,Tablet,Free,Female,45-54
U06269,2024-10-01,Black Friday,CMP106,UK,London,Desktop,Free,Male,18-24
U06270,2024-11-13,Facebook,CMP103,USA,New York,Desktop,Free,Female,35-44
U06271,2024-05-17,Facebook,CMP116,USA,New York,Mobile,Basic,Female,25-34
U06272,2024-04-02,Referral,CMP104,India,Bengaluru,Desktop,Free,Female,18-24
U06273,2024-11-05,LinkedIn,CMP101,India,Coimbatore,Desktop,Basic,Female,25-34
U06274,2024-02-29,Organic,CMP113,USA,Austin,Desktop,Free,Male,25-34
U06275,2024-07-23,Google Ads,CMP112,UK,Manchester,Mobile,Free,Female,25-34
U06276,2024-05-04,Black Friday,CMP106,Australia,Sydney,Mobile,Free,Male,35-44
U06277,2024-06-02,LinkedIn,CMP115,Australia,Melbourne,Tablet,Free,Female,35-44
U06278,2024-10-19,LinkedIn,CMP102,Germany,Berlin,Mobile,Premium,Female,18-24
U06279,2024-07-03,Referral,CMP105,Germany,Munich,Tablet,Free,Male,18-24
U06280,2024-02-04,Google Ads,CMP111,UK,Manchester,Desktop,Basic,Male,45-54
U06281,2024-08-29,Referral,CMP117,Canada,Toronto,Desktop,Premium,Female,25-34
U06282,2024-08-02,Facebook,CMP110,Australia,Melbourne,Tablet,Premium,Male,18-24
U06283,2024-12-04,Google Ads,CMP105,Germany,Munich,Desktop,Free,Male,18-24
U06284,2024-07-12,Organic,CMP109,Australia,Sydney,Tablet,Basic,Male,25-34
U06285,2024-02-09,Referral,CMP106,India,Coimbatore,Desktop,Basic,Male,35-44
U06286,2024-01-26,Referral,CMP116,Germany,Berlin,Mobile,Premium,Male,45-54
U06287,2024-03-09,Organic,CMP105,India,Chennai,Mobile,Premium,Male,25-34
U06288,2024-10-27,Organic,CMP104,Canada,Vancouver,Mobile,Premium,Female,35-44
U06289,2024-06-01,LinkedIn,CMP103,Germany,Munich,Tablet,Free,Female,18-24
U06290,2024-05-01,Facebook,CMP101,India,Chennai,Desktop,Premium,Female,45-54
U06291,2024-09-23,Organic,CMP107,India,Chennai,Desktop,Free,Male,45-54
U06292,2024-01-01,LinkedIn,CMP109,UK,London,Mobile,Free,Male,18-24
U06293,2024-06-25,Referral,CMP111,UK,London,Tablet,Free,Female,18-24
U06294,2024-11-01,Referral,CMP102,Germany,Berlin,Mobile,Basic,Female,18-24
U06295,2024-09-07,LinkedIn,CMP111,Australia,Sydney,Mobile,Basic,Female,25-34
U06296,2024-07-22,Referral,CMP101,India,Chennai,Desktop,Premium,Male,18-24
U06297,2024-02-12,Black Friday,CMP107,UK,Manchester,Mobile,Premium,Female,35-44
U06298,2024-04-17,Facebook,CMP112,Canada,Toronto,Tablet,Basic,Female,25-34
U06299,2024-03-05,Organic,CMP119,India,Coimbatore,Mobile,Free,Female,25-34
U06300,2024-06-20,Black Friday,CMP101,USA,Austin,Mobile,Free,Female,45-54
U06301,2024-03-29,Black Friday,CMP118,UK,London,Desktop,Premium,Female,18-24
U06302,2024-05-15,Facebook,CMP118,Germany,Munich,Desktop,Basic,Male,45-54
U06303,2024-10-18,Google Ads,CMP106,Australia,Melbourne,Mobile,Basic,Female,35-44
U06304,2024-02-21,Black Friday,CMP119,India,Chennai,Desktop,Free,Male,18-24
U06305,2024-04-30,Black Friday,CMP119,Canada,Toronto,Tablet,Basic,Female,45-54
U06306,2024-08-13,Organic,CMP120,Australia,Melbourne,Mobile,Free,Female,45-54
U06307,2024-09-28,Organic,CMP109,Australia,Sydney,Tablet,Basic,Male,18-24
U06308,2024-01-17,Black Friday,CMP117,Canada,Toronto,Desktop,Premium,Female,45-54
U06309,2024-09-20,Referral,CMP118,USA,New York,Mobile,Basic,Male,25-34
U06310,2024-08-19,Google Ads,CMP103,Germany,Berlin,Mobile,Basic,Female,35-44
U06311,2024-09-22,Google Ads,CMP102,UK,Manchester,Desktop,Premium,Female,18-24
U06312,2024-04-06,Organic,CMP119,UK,Manchester,Tablet,Premium,Male,35-44
U06313,2024-01-08,Organic,CMP103,UK,London,Mobile,Premium,Female,18-24
U06314,2024-09-10,Organic,CMP102,India,Coimbatore,Tablet,Basic,Female,18-24
U06315,2024-03-10,Google Ads,CMP109,Australia,Sydney,Mobile,Premium,Female,35-44
U06316,2024-03-25,Facebook,CMP108,UK,Manchester,Mobile,Basic,Female,45-54
U06317,2024-02-10,Facebook,CMP104,UK,London,Tablet,Premium,Female,18-24
U06318,2024-02-02,Referral,CMP107,India,Bengaluru,Mobile,Free,Female,25-34
U06319,2024-10-28,Organic,CMP116,UK,Manchester,Mobile,Free,Male,35-44
U06320,2024-09-20,Google Ads,CMP109,USA,Seattle,Mobile,Premium,Female,35-44
U06321,2024-03-10,LinkedIn,CMP103,Australia,Sydney,Mobile,Basic,Female,35-44
U06322,2024-09-21,Black Friday,CMP102,India,Chennai,Mobile,Free,Male,25-34
U06323,2024-04-22,Organic,CMP104,Australia,Melbourne,Desktop,Premium,Female,35-44
U06324,2024-07-07,LinkedIn,CMP115,Australia,Sydney,Mobile,Free,Male,45-54
U06325,2024-09-15,Organic,CMP110,UK,London,Desktop,Basic,Female,25-34
U06326,2024-03-30,Organic,CMP116,Canada,Vancouver,Tablet,Premium,Male,35-44
U06327,2024-04-12,Black Friday,CMP119,Canada,Toronto,Desktop,Premium,Female,18-24
U06328,2024-11-10,Facebook,CMP106,Australia,Sydney,Desktop,Premium,Male,45-54
U06329,2024-03-19,LinkedIn,CMP116,UK,London,Mobile,Free,Female,25-34
U06330,2024-08-27,Organic,CMP102,UK,Manchester,Tablet,Free,Female,45-54
U06331,2024-10-20,Black Friday,CMP103,Canada,Vancouver,Desktop,Basic,Male,35-44
U06332,2024-10-30,Black Friday,CMP112,UK,London,Tablet,Basic,Female,25-34
U06333,2024-11-16,Google Ads,CMP105,UK,London,Desktop,Free,Male,35-44
U06334,2024-03-13,Referral,CMP116,UK,London,Tablet,Premium,Male,25-34
U06335,2024-01-12,Referral,CMP103,USA,Seattle,Desktop,Free,Female,35-44
U06336,2024-02-24,Black Friday,CMP108,Australia,Melbourne,Mobile,Free,Female,35-44
U06337,2024-09-08,Organic,CMP108,Canada,Toronto,Desktop,Basic,Female,25-34
U06338,2024-07-09,Organic,CMP107,USA,New York,Mobile,Basic,Male,25-34
U06339,2024-01-09,Organic,CMP104,India,Chennai,Mobile,Basic,Female,35-44
U06340,2024-06-06,Organic,CMP110,USA,New York,Desktop,Premium,Female,18-24
U06341,2024-07-09,Black Friday,CMP120,UK,London,Tablet,Free,Female,45-54
U06342,2024-01-13,Google Ads,CMP114,Australia,Sydney,Tablet,Basic,Female,45-54
U06343,2024-11-14,LinkedIn,CMP120,Australia,Melbourne,Tablet,Free,Female,45-54
U06344,2024-12-09,LinkedIn,CMP110,Canada,Toronto,Mobile,Free,Female,18-24
U06345,2024-08-17,LinkedIn,CMP110,Australia,Melbourne,Desktop,Free,Female,45-54
U06346,2024-04-07,Referral,CMP114,USA,Seattle,Mobile,Free,Female,18-24
U06347,2024-02-24,Facebook,CMP116,Canada,Vancouver,Mobile,Premium,Female,25-34
U06348,2024-03-06,Organic,CMP103,India,Chennai,Desktop,Free,Female,25-34
U06349,2024-03-06,Facebook,CMP119,Australia,Sydney,Mobile,Premium,Male,25-34
U06350,2024-10-09,Facebook,CMP108,India,Chennai,Mobile,Basic,Male,45-54
U06351,2024-07-26,Referral,CMP116,Australia,Melbourne,Tablet,Basic,Female,45-54
U06352,2024-01-21,Organic,CMP104,Germany,Munich,Mobile,Free,Male,35-44
U06353,2024-09-09,LinkedIn,CMP105,Canada,Toronto,Tablet,Free,Male,45-54
U06354,2024-03-01,Black Friday,CMP112,UK,Manchester,Mobile,Free,Female,35-44
U06355,2024-03-07,LinkedIn,CMP106,USA,Seattle,Desktop,Basic,Female,45-54
U06356,2024-10-24,LinkedIn,CMP103,USA,Austin,Desktop,Premium,Female,35-44
U06357,2024-01-14,Black Friday,CMP101,Canada,Vancouver,Tablet,Premium,Female,18-24
U06358,2024-02-04,Referral,CMP109,Germany,Munich,Desktop,Free,Male,25-34
U06359,2024-09-06,Referral,CMP120,UK,Manchester,Mobile,Basic,Female,25-34
U06360,2024-08-14,Google Ads,CMP113,Canada,Vancouver,Desktop,Free,Female,35-44
U06361,2024-10-02,Black Friday,CMP115,Germany,Berlin,Mobile,Premium,Male,45-54
U06362,2024-02-04,Google Ads,CMP116,Canada,Vancouver,Tablet,Free,Female,45-54
U06363,2024-08-25,Referral,CMP114,UK,Manchester,Tablet,Premium,Female,35-44
U06364,2024-12-24,LinkedIn,CMP108,USA,Seattle,Mobile,Premium,Male,18-24
U06365,2024-06-11,LinkedIn,CMP111,Germany,Munich,Mobile,Free,Female,35-44
U06366,2024-11-17,Facebook,CMP111,Australia,Melbourne,Tablet,Basic,Male,45-54
U06367,2024-11-03,Organic,CMP116,Australia,Melbourne,Tablet,Free,Female,35-44
U06368,2024-06-21,Organic,CMP101,USA,New York,Desktop,Free,Male,35-44
U06369,2024-02-23,LinkedIn,CMP106,USA,Austin,Tablet,Free,Male,25-34
U06370,2024-10-21,Referral,CMP112,Australia,Melbourne,Desktop,Premium,Male,35-44
U06371,2024-01-27,Facebook,CMP111,UK,London,Desktop,Free,Female,45-54
U06372,2024-05-27,Referral,CMP112,Australia,Melbourne,Desktop,Free,Female,35-44
U06373,2024-03-20,Facebook,CMP107,Australia,Melbourne,Desktop,Free,Male,25-34
U06374,2024-01-13,Google Ads,CMP102,USA,Austin,Mobile,Free,Female,35-44
U06375,2024-10-19,Organic,CMP115,Germany,Berlin,Desktop,Basic,Male,18-24
U06376,2024-12-17,Black Friday,CMP109,India,Bengaluru,Desktop,Basic,Male,45-54
U06377,2024-08-19,LinkedIn,CMP106,USA,Austin,Mobile,Free,Male,25-34
U06378,2024-03-01,Referral,CMP111,Australia,Melbourne,Tablet,Premium,Male,25-34
U06379,2024-01-31,Black Friday,CMP101,UK,Manchester,Tablet,Basic,Male,45-54
U06380,2024-10-17,Black Friday,CMP104,Germany,Munich,Tablet,Premium,Female,35-44
U06381,2024-12-08,Google Ads,CMP107,UK,Manchester,Desktop,Premium,Female,18-24
U06382,2024-02-22,Organic,CMP102,Australia,Sydney,Mobile,Premium,Female,45-54
U06383,2024-07-25,Organic,CMP110,Australia,Sydney,Desktop,Free,Male,25-34
U06384,2024-02-19,Organic,CMP115,UK,Manchester,Mobile,Premium,Female,45-54
U06385,2024-10-29,Referral,CMP114,USA,New York,Desktop,Premium,Female,35-44
U06386,2024-04-29,Facebook,CMP107,India,Coimbatore,Mobile,Free,Male,45-54
U06387,2024-01-24,Google Ads,CMP103,UK,London,Desktop,Basic,Male,25-34
U06388,2024-03-14,LinkedIn,CMP109,Canada,Vancouver,Tablet,Premium,Male,45-54
U06389,2024-09-06,Google Ads,CMP118,UK,Manchester,Mobile,Free,Female,45-54
U06390,2024-12-19,LinkedIn,CMP117,Australia,Melbourne,Mobile,Premium,Male,18-24
U06391,2024-02-23,Google Ads,CMP102,India,Bengaluru,Desktop,Free,Male,25-34
U06392,2024-09-28,Facebook,CMP106,USA,New York,Mobile,Basic,Female,35-44
U06393,2024-01-23,Facebook,CMP117,UK,London,Desktop,Premium,Male,25-34
U06394,2024-05-15,Referral,CMP120,UK,Manchester,Tablet,Basic,Female,18-24
U06395,2024-05-22,Black Friday,CMP106,India,Coimbatore,Mobile,Basic,Female,35-44
U06396,2024-11-19,Google Ads,CMP115,UK,London,Mobile,Premium,Female,18-24
U06397,2024-03-08,Facebook,CMP113,India,Chennai,Tablet,Basic,Male,35-44
U06398,2024-08-30,LinkedIn,CMP103,Australia,Sydney,Mobile,Premium,Female,35-44
U06399,2024-05-14,Organic,CMP119,UK,London,Desktop,Free,Female,45-54
U06400,2024-01-17,Referral,CMP114,USA,Austin,Mobile,Basic,Male,25-34
U06401,2024-06-13,Google Ads,CMP108,Germany,Munich,Mobile,Basic,Female,35-44
U06402,2024-06-15,Organic,CMP110,Germany,Munich,Mobile,Free,Male,45-54
U06403,2024-06-12,Black Friday,CMP108,Germany,Berlin,Mobile,Premium,Female,45-54
U06404,2024-11-05,Organic,CMP103,India,Coimbatore,Tablet,Basic,Male,25-34
U06405,2024-06-26,Black Friday,CMP106,Canada,Vancouver,Mobile,Premium,Male,45-54
U06406,2024-11-01,Google Ads,CMP105,UK,London,Tablet,Free,Female,25-34
U06407,2024-10-06,Organic,CMP118,UK,Manchester,Desktop,Basic,Female,18-24
U06408,2024-09-07,Facebook,CMP116,Germany,Berlin,Mobile,Premium,Female,35-44
U06409,2024-09-23,Google Ads,CMP114,Canada,Vancouver,Mobile,Basic,Male,25-34
U06410,2024-12-05,Organic,CMP117,UK,London,Tablet,Free,Female,25-34
U06411,2024-07-19,Organic,CMP112,Australia,Sydney,Desktop,Basic,Female,45-54
U06412,2024-11-25,Organic,CMP118,Canada,Toronto,Desktop,Premium,Female,45-54
U06413,2024-06-20,Organic,CMP101,USA,New York,Mobile,Free,Female,35-44
U06414,2024-01-07,Google Ads,CMP114,Canada,Toronto,Desktop,Basic,Male,25-34
U06415,2024-10-13,Google Ads,CMP108,India,Coimbatore,Mobile,Basic,Male,18-24
U06416,2024-04-20,Facebook,CMP115,Germany,Berlin,Desktop,Premium,Male,25-34
U06417,2024-11-19,Black Friday,CMP114,USA,Seattle,Tablet,Premium,Female,35-44
U06418,2024-05-13,LinkedIn,CMP114,USA,Seattle,Mobile,Premium,Male,25-34
U06419,2024-07-21,Referral,CMP117,Australia,Sydney,Mobile,Basic,Male,45-54
U06420,2024-03-30,Organic,CMP120,Canada,Vancouver,Tablet,Premium,Male,45-54
U06421,2024-02-08,Referral,CMP101,Australia,Sydney,Tablet,Premium,Male,35-44
U06422,2024-01-10,Google Ads,CMP108,Canada,Vancouver,Tablet,Free,Female,25-34
U06423,2024-05-17,Facebook,CMP105,UK,London,Desktop,Basic,Female,25-34
U06424,2024-07-18,Google Ads,CMP105,Germany,Munich,Mobile,Free,Male,18-24
U06425,2024-06-10,Google Ads,CMP105,UK,Manchester,Mobile,Free,Female,25-34
U06426,2024-04-05,LinkedIn,CMP109,Canada,Vancouver,Mobile,Free,Female,35-44
U06427,2024-12-25,LinkedIn,CMP101,India,Bengaluru,Desktop,Free,Female,35-44
U06428,2024-02-24,Google Ads,CMP119,USA,Austin,Desktop,Premium,Male,35-44
U06429,2024-08-25,Google Ads,CMP119,UK,Manchester,Desktop,Premium,Female,45-54
U06430,2024-02-03,Organic,CMP117,Australia,Sydney,Mobile,Free,Male,45-54
U06431,2024-03-20,Black Friday,CMP119,USA,New York,Tablet,Premium,Male,35-44
U06432,2024-07-23,Facebook,CMP102,UK,Manchester,Mobile,Basic,Female,18-24
U06433,2024-07-12,Black Friday,CMP114,Germany,Munich,Desktop,Premium,Male,45-54
U06434,2024-07-30,LinkedIn,CMP113,Canada,Toronto,Tablet,Free,Male,25-34
U06435,2024-07-12,Facebook,CMP119,UK,Manchester,Tablet,Free,Female,25-34
U06436,2024-08-18,Organic,CMP109,Australia,Sydney,Tablet,Basic,Male,35-44
U06437,2024-11-06,LinkedIn,CMP105,India,Coimbatore,Mobile,Free,Female,45-54
U06438,2024-08-28,Black Friday,CMP109,UK,London,Mobile,Free,Male,25-34
U06439,2024-12-14,Google Ads,CMP104,UK,Manchester,Mobile,Premium,Male,18-24
U06440,2024-04-29,LinkedIn,CMP107,UK,London,Desktop,Basic,Male,18-24
U06441,2024-12-04,Referral,CMP112,USA,Seattle,Mobile,Premium,Female,18-24
U06442,2024-09-16,Google Ads,CMP108,Australia,Sydney,Desktop,Free,Male,35-44
U06443,2024-06-09,Black Friday,CMP111,USA,New York,Mobile,Basic,Female,25-34
U06444,2024-12-10,Facebook,CMP108,Australia,Sydney,Tablet,Basic,Male,18-24
U06445,2024-07-13,Google Ads,CMP112,USA,Austin,Desktop,Premium,Male,35-44
U06446,2024-05-13,Google Ads,CMP117,USA,New York,Desktop,Basic,Male,45-54
U06447,2024-07-29,Referral,CMP105,Canada,Toronto,Mobile,Basic,Male,35-44
U06448,2024-06-23,Black Friday,CMP102,Canada,Toronto,Tablet,Basic,Female,45-54
U06449,2024-03-01,Referral,CMP114,Australia,Sydney,Tablet,Premium,Male,45-54
U06450,2024-03-31,Facebook,CMP120,UK,London,Mobile,Basic,Female,25-34
U06451,2024-08-02,Organic,CMP107,UK,London,Tablet,Basic,Male,25-34
U06452,2024-07-31,Black Friday,CMP110,Germany,Munich,Mobile,Basic,Male,45-54
U06453,2024-01-06,Facebook,CMP108,UK,London,Desktop,Premium,Male,45-54
U06454,2024-12-08,Google Ads,CMP113,Australia,Melbourne,Mobile,Free,Female,35-44
U06455,2024-09-04,LinkedIn,CMP120,India,Coimbatore,Mobile,Free,Male,18-24
U06456,2024-08-20,Referral,CMP110,Canada,Toronto,Tablet,Premium,Female,45-54
U06457,2024-03-12,LinkedIn,CMP115,Canada,Toronto,Mobile,Basic,Male,45-54
U06458,2024-03-27,Google Ads,CMP103,Canada,Toronto,Tablet,Basic,Female,45-54
U06459,2024-06-09,Black Friday,CMP118,Australia,Melbourne,Tablet,Basic,Female,35-44
U06460,2024-01-08,Referral,CMP105,India,Bengaluru,Desktop,Basic,Male,18-24
U06461,2024-08-19,Facebook,CMP101,UK,Manchester,Desktop,Free,Female,18-24
U06462,2024-05-31,Google Ads,CMP118,Australia,Melbourne,Mobile,Free,Female,25-34
U06463,2024-07-12,Facebook,CMP110,Germany,Munich,Desktop,Basic,Male,35-44
U06464,2024-02-15,Google Ads,CMP112,UK,London,Tablet,Basic,Female,25-34
U06465,2024-07-28,Black Friday,CMP102,Australia,Sydney,Tablet,Basic,Female,25-34
U06466,2024-09-16,Google Ads,CMP107,Canada,Toronto,Mobile,Free,Female,45-54
U06467,2024-09-19,Facebook,CMP107,USA,Austin,Tablet,Premium,Female,18-24
U06468,2024-11-06,LinkedIn,CMP114,Germany,Berlin,Tablet,Basic,Female,25-34
U06469,2024-03-13,Black Friday,CMP109,UK,London,Desktop,Premium,Female,25-34
U06470,2024-08-03,Google Ads,CMP117,Germany,Munich,Mobile,Free,Female,18-24
U06471,2024-08-11,Google Ads,CMP111,UK,Manchester,Desktop,Free,Female,35-44
U06472,2024-01-25,Black Friday,CMP119,Germany,Munich,Tablet,Premium,Male,35-44
U06473,2024-10-02,Google Ads,CMP102,Germany,Munich,Tablet,Free,Female,35-44
U06474,2024-12-21,Facebook,CMP104,Australia,Melbourne,Tablet,Free,Female,25-34
U06475,2024-02-13,Referral,CMP104,UK,Manchester,Mobile,Free,Female,35-44
U06476,2024-06-07,Organic,CMP119,Australia,Melbourne,Desktop,Basic,Male,35-44
U06477,2024-03-14,Facebook,CMP116,Canada,Vancouver,Mobile,Basic,Male,35-44
U06478,2024-03-22,Black Friday,CMP116,Australia,Melbourne,Mobile,Free,Female,35-44
U06479,2024-08-24,LinkedIn,CMP108,Germany,Berlin,Desktop,Premium,Female,45-54
U06480,2024-06-13,Black Friday,CMP101,India,Bengaluru,Mobile,Basic,Female,18-24
U06481,2024-11-14,Organic,CMP116,UK,London,Mobile,Basic,Female,18-24
U06482,2024-07-04,Organic,CMP109,Australia,Sydney,Tablet,Premium,Male,45-54
U06483,2024-01-26,Google Ads,CMP119,Canada,Toronto,Mobile,Free,Male,35-44
U06484,2024-02-15,Google Ads,CMP120,Australia,Sydney,Mobile,Free,Female,18-24
U06485,2024-02-02,Organic,CMP110,Australia,Melbourne,Desktop,Premium,Female,25-34
U06486,2024-11-11,Organic,CMP112,Canada,Vancouver,Desktop,Free,Male,45-54
U06487,2024-09-15,Black Friday,CMP120,USA,New York,Desktop,Premium,Female,35-44
U06488,2024-09-02,Facebook,CMP111,Australia,Melbourne,Tablet,Basic,Female,25-34
U06489,2024-07-14,Google Ads,CMP107,USA,New York,Tablet,Premium,Female,45-54
U06490,2024-06-24,Referral,CMP102,India,Chennai,Tablet,Basic,Male,18-24
U06491,2024-10-13,Facebook,CMP103,USA,New York,Mobile,Free,Female,18-24
U06492,2024-07-26,Facebook,CMP109,Australia,Sydney,Mobile,Basic,Male,35-44
U06493,2024-03-01,Black Friday,CMP116,Germany,Berlin,Mobile,Basic,Male,18-24
U06494,2024-12-26,Organic,CMP118,Germany,Berlin,Mobile,Premium,Male,18-24
U06495,2024-07-15,Organic,CMP114,Australia,Sydney,Tablet,Free,Male,18-24
U06496,2024-09-27,LinkedIn,CMP117,Germany,Berlin,Tablet,Free,Male,18-24
U06497,2024-03-19,Referral,CMP118,USA,New York,Desktop,Premium,Female,18-24
U06498,2024-12-11,Black Friday,CMP112,USA,Austin,Tablet,Basic,Male,35-44
U06499,2024-08-04,Facebook,CMP103,UK,London,Tablet,Premium,Male,35-44
U06500,2024-05-29,Black Friday,CMP106,Germany,Munich,Mobile,Premium,Female,25-34
U06501,2024-06-05,Black Friday,CMP106,India,Chennai,Tablet,Premium,Female,25-34
U06502,2024-01-30,Organic,CMP116,USA,Seattle,Desktop,Premium,Male,35-44
U06503,2024-06-13,Referral,CMP102,India,Bengaluru,Tablet,Free,Male,35-44
U06504,2024-09-02,Referral,CMP113,USA,Seattle,Mobile,Premium,Female,25-34
U06505,2024-10-22,Organic,CMP101,Australia,Melbourne,Tablet,Basic,Male,25-34
U06506,2024-04-19,Google Ads,CMP115,Canada,Vancouver,Desktop,Free,Female,18-24
U06507,2024-04-01,Facebook,CMP119,Australia,Melbourne,Desktop,Premium,Male,25-34
U06508,2024-10-12,Referral,CMP112,UK,Manchester,Tablet,Free,Male,18-24
U06509,2024-01-01,Organic,CMP112,Australia,Melbourne,Desktop,Basic,Female,45-54
U06510,2024-10-31,Organic,CMP115,USA,Austin,Mobile,Basic,Male,45-54
U06511,2024-01-08,Black Friday,CMP105,USA,New York,Mobile,Premium,Female,45-54
U06512,2024-06-17,Referral,CMP102,Canada,Toronto,Desktop,Basic,Male,18-24
U06513,2024-01-14,Google Ads,CMP101,USA,Seattle,Desktop,Free,Male,25-34
U06514,2024-11-23,Google Ads,CMP117,Germany,Berlin,Mobile,Free,Female,25-34
U06515,2024-10-31,LinkedIn,CMP111,UK,Manchester,Mobile,Free,Female,25-34
U06516,2024-08-25,Black Friday,CMP102,India,Coimbatore,Tablet,Basic,Male,25-34
U06517,2024-12-25,Google Ads,CMP106,India,Coimbatore,Mobile,Basic,Female,45-54
U06518,2024-08-11,Referral,CMP120,Canada,Toronto,Mobile,Free,Female,35-44
U06519,2024-08-01,Organic,CMP107,USA,New York,Desktop,Basic,Female,25-34
U06520,2024-11-23,Facebook,CMP113,Canada,Vancouver,Desktop,Free,Male,25-34
U06521,2024-11-02,Facebook,CMP120,Australia,Sydney,Tablet,Premium,Female,35-44
U06522,2024-02-08,LinkedIn,CMP112,UK,London,Desktop,Basic,Male,45-54
U06523,2024-10-11,Google Ads,CMP112,Australia,Melbourne,Desktop,Premium,Female,45-54
U06524,2024-06-08,LinkedIn,CMP114,Germany,Munich,Tablet,Basic,Female,45-54
U06525,2024-01-03,Organic,CMP118,UK,Manchester,Desktop,Free,Female,45-54
U06526,2024-11-02,Referral,CMP114,Australia,Melbourne,Desktop,Free,Male,35-44
U06527,2024-10-26,Organic,CMP111,Australia,Sydney,Desktop,Basic,Female,18-24
U06528,2024-06-07,LinkedIn,CMP109,USA,Austin,Tablet,Basic,Female,18-24
U06529,2024-10-06,Facebook,CMP113,India,Coimbatore,Mobile,Premium,Female,25-34
U06530,2024-09-16,Google Ads,CMP117,Australia,Melbourne,Mobile,Premium,Female,18-24
U06531,2024-08-01,LinkedIn,CMP111,USA,New York,Tablet,Premium,Male,18-24
U06532,2024-11-23,Google Ads,CMP106,Canada,Vancouver,Mobile,Free,Male,25-34
U06533,2024-10-14,Google Ads,CMP119,India,Bengaluru,Tablet,Basic,Female,45-54
U06534,2024-03-09,LinkedIn,CMP108,Germany,Munich,Tablet,Free,Female,45-54
U06535,2024-05-14,LinkedIn,CMP103,Canada,Vancouver,Tablet,Free,Male,35-44
U06536,2024-05-21,Referral,CMP120,UK,London,Tablet,Premium,Female,25-34
U06537,2024-11-19,Facebook,CMP117,USA,Seattle,Desktop,Premium,Male,45-54
U06538,2024-10-29,Google Ads,CMP112,UK,Manchester,Mobile,Free,Female,35-44
U06539,2024-02-10,Organic,CMP119,USA,Seattle,Mobile,Free,Male,45-54
U06540,2024-12-07,Referral,CMP115,UK,London,Mobile,Free,Male,35-44
U06541,2024-11-06,Google Ads,CMP107,Germany,Munich,Mobile,Premium,Male,18-24
U06542,2024-06-10,Organic,CMP110,Australia,Melbourne,Tablet,Basic,Male,45-54
U06543,2024-11-28,Organic,CMP101,UK,Manchester,Tablet,Basic,Female,25-34
U06544,2024-05-14,Facebook,CMP112,Australia,Melbourne,Mobile,Free,Male,35-44
U06545,2024-03-24,Black Friday,CMP117,India,Coimbatore,Mobile,Premium,Male,45-54
U06546,2024-06-13,Referral,CMP102,UK,Manchester,Tablet,Basic,Male,35-44
U06547,2024-06-17,Black Friday,CMP112,India,Coimbatore,Mobile,Basic,Male,18-24
U06548,2024-10-20,LinkedIn,CMP112,USA,Austin,Desktop,Free,Female,45-54
U06549,2024-12-02,Black Friday,CMP113,India,Chennai,Tablet,Basic,Female,18-24
U06550,2024-04-18,Organic,CMP106,UK,Manchester,Tablet,Free,Female,35-44
U06551,2024-07-03,Facebook,CMP118,Canada,Toronto,Desktop,Basic,Male,45-54
U06552,2024-10-25,Google Ads,CMP105,Canada,Vancouver,Tablet,Premium,Male,35-44
U06553,2024-07-17,Black Friday,CMP109,Canada,Toronto,Desktop,Free,Male,45-54
U06554,2024-08-05,Organic,CMP101,India,Chennai,Tablet,Free,Female,18-24
U06555,2024-12-02,Organic,CMP120,USA,Austin,Desktop,Premium,Female,18-24
U06556,2024-06-20,Google Ads,CMP109,Germany,Munich,Mobile,Premium,Female,45-54
U06557,2024-04-12,LinkedIn,CMP112,USA,Seattle,Tablet,Premium,Female,18-24
U06558,2024-05-04,Referral,CMP116,Australia,Melbourne,Mobile,Free,Male,18-24
U06559,2024-03-02,Google Ads,CMP108,Australia,Melbourne,Tablet,Basic,Male,25-34
U06560,2024-04-13,Facebook,CMP108,India,Chennai,Desktop,Free,Female,18-24
U06561,2024-12-08,Organic,CMP105,Germany,Munich,Tablet,Basic,Female,25-34
U06562,2024-05-05,Referral,CMP116,Australia,Sydney,Tablet,Premium,Male,25-34
U06563,2024-12-11,Google Ads,CMP102,USA,Seattle,Mobile,Free,Male,35-44
U06564,2024-05-24,Facebook,CMP108,Canada,Vancouver,Mobile,Premium,Female,18-24
U06565,2024-07-31,Referral,CMP112,UK,Manchester,Mobile,Free,Female,25-34
U06566,2024-12-08,Referral,CMP119,UK,London,Mobile,Premium,Male,35-44
U06567,2024-03-25,Facebook,CMP104,USA,Austin,Mobile,Premium,Male,25-34
U06568,2024-11-16,Google Ads,CMP116,India,Coimbatore,Tablet,Basic,Male,35-44
U06569,2024-01-18,Organic,CMP111,USA,Seattle,Tablet,Basic,Male,35-44
U06570,2024-12-28,Organic,CMP116,Australia,Sydney,Mobile,Free,Female,18-24
U06571,2024-04-29,Referral,CMP106,Germany,Berlin,Mobile,Free,Female,25-34
U06572,2024-11-09,LinkedIn,CMP120,Australia,Melbourne,Tablet,Basic,Female,45-54
U06573,2024-03-30,Organic,CMP113,India,Coimbatore,Mobile,Premium,Male,45-54
U06574,2024-03-25,Referral,CMP105,India,Chennai,Mobile,Basic,Male,45-54
U06575,2024-12-02,LinkedIn,CMP110,Germany,Munich,Tablet,Free,Female,25-34
U06576,2024-10-21,Organic,CMP108,USA,Seattle,Desktop,Free,Male,18-24
U06577,2024-05-02,Facebook,CMP120,UK,Manchester,Tablet,Premium,Female,18-24
U06578,2024-10-29,Referral,CMP103,USA,Seattle,Desktop,Premium,Female,35-44
U06579,2024-05-19,Black Friday,CMP119,Australia,Melbourne,Tablet,Premium,Female,25-34
U06580,2024-06-29,LinkedIn,CMP105,UK,London,Desktop,Basic,Female,35-44
U06581,2024-03-05,Organic,CMP115,Australia,Melbourne,Desktop,Free,Female,18-24
U06582,2024-05-14,Facebook,CMP104,Germany,Munich,Desktop,Basic,Female,45-54
U06583,2024-12-21,LinkedIn,CMP110,UK,London,Desktop,Premium,Female,25-34
U06584,2024-06-11,Black Friday,CMP117,USA,Seattle,Tablet,Premium,Female,35-44
U06585,2024-07-13,Organic,CMP118,UK,London,Mobile,Basic,Male,18-24
U06586,2024-08-31,Facebook,CMP105,Canada,Toronto,Mobile,Premium,Male,25-34
U06587,2024-08-11,Referral,CMP120,Australia,Melbourne,Desktop,Basic,Male,25-34
U06588,2024-09-06,LinkedIn,CMP105,Germany,Munich,Tablet,Free,Female,35-44
U06589,2024-03-18,Facebook,CMP104,USA,New York,Desktop,Free,Male,25-34
U06590,2024-05-20,Google Ads,CMP110,India,Coimbatore,Mobile,Free,Male,45-54
U06591,2024-03-15,LinkedIn,CMP110,India,Chennai,Tablet,Basic,Female,25-34
U06592,2024-09-01,Black Friday,CMP102,India,Coimbatore,Mobile,Free,Male,45-54
U06593,2024-08-21,Google Ads,CMP112,USA,New York,Mobile,Free,Female,25-34
U06594,2024-11-23,Facebook,CMP112,Germany,Berlin,Desktop,Free,Male,18-24
U06595,2024-09-27,Facebook,CMP112,Canada,Toronto,Tablet,Free,Female,18-24
U06596,2024-09-27,Organic,CMP120,India,Bengaluru,Desktop,Free,Male,45-54
U06597,2024-12-29,Google Ads,CMP110,Canada,Toronto,Tablet,Free,Female,35-44
U06598,2024-04-07,Black Friday,CMP119,USA,Seattle,Tablet,Basic,Female,25-34
U06599,2024-06-07,Google Ads,CMP110,USA,Seattle,Tablet,Basic,Male,45-54
U06600,2024-03-06,Organic,CMP109,Australia,Sydney,Tablet,Premium,Male,25-34
U06601,2024-05-29,Facebook,CMP107,USA,Seattle,Mobile,Free,Male,45-54
U06602,2024-04-25,LinkedIn,CMP107,India,Chennai,Mobile,Basic,Male,18-24
U06603,2024-12-02,Black Friday,CMP116,Canada,Toronto,Desktop,Basic,Female,25-34
U06604,2024-10-20,Organic,CMP116,Australia,Sydney,Mobile,Free,Male,35-44
U06605,2024-09-10,Referral,CMP119,Canada,Vancouver,Tablet,Free,Male,25-34
U06606,2024-06-04,Referral,CMP117,India,Bengaluru,Mobile,Basic,Male,35-44
U06607,2024-05-28,Referral,CMP112,Australia,Sydney,Mobile,Basic,Female,18-24
U06608,2024-07-01,Referral,CMP107,USA,New York,Mobile,Premium,Female,45-54
U06609,2024-09-16,Facebook,CMP104,Canada,Vancouver,Desktop,Basic,Male,18-24
U06610,2024-09-30,Organic,CMP112,India,Coimbatore,Desktop,Free,Male,45-54
U06611,2024-08-12,Organic,CMP104,Germany,Berlin,Mobile,Free,Female,25-34
U06612,2024-06-22,Facebook,CMP103,Germany,Berlin,Mobile,Free,Male,45-54
U06613,2024-07-29,Facebook,CMP116,Canada,Vancouver,Mobile,Premium,Female,25-34
U06614,2024-10-07,LinkedIn,CMP103,UK,Manchester,Desktop,Premium,Male,45-54
U06615,2024-04-26,Google Ads,CMP104,India,Chennai,Tablet,Free,Male,25-34
U06616,2024-07-27,LinkedIn,CMP105,USA,Austin,Mobile,Free,Male,18-24
U06617,2024-04-15,Organic,CMP102,Australia,Sydney,Desktop,Free,Male,45-54
U06618,2024-01-13,Organic,CMP113,UK,Manchester,Tablet,Basic,Male,35-44
U06619,2024-03-22,Referral,CMP106,USA,Austin,Desktop,Basic,Female,35-44
U06620,2024-09-10,Google Ads,CMP103,Germany,Munich,Tablet,Free,Female,35-44
U06621,2024-06-30,Organic,CMP107,Canada,Vancouver,Desktop,Free,Female,35-44
U06622,2024-03-22,LinkedIn,CMP106,USA,Austin,Desktop,Basic,Female,45-54
U06623,2024-03-05,LinkedIn,CMP116,USA,Austin,Mobile,Basic,Female,45-54
U06624,2024-10-28,Facebook,CMP112,India,Coimbatore,Mobile,Free,Female,25-34
U06625,2024-12-20,Facebook,CMP120,India,Coimbatore,Desktop,Free,Female,35-44
U06626,2024-11-05,Referral,CMP102,Germany,Munich,Desktop,Free,Female,18-24
U06627,2024-11-12,LinkedIn,CMP102,Australia,Sydney,Desktop,Premium,Female,25-34
U06628,2024-02-05,LinkedIn,CMP102,India,Chennai,Desktop,Basic,Female,25-34
U06629,2024-10-16,Facebook,CMP106,Canada,Toronto,Mobile,Premium,Female,35-44
U06630,2024-04-03,Organic,CMP103,UK,Manchester,Mobile,Premium,Female,25-34
U06631,2024-11-23,Referral,CMP102,Germany,Munich,Tablet,Free,Male,35-44
U06632,2024-09-26,Black Friday,CMP112,Australia,Melbourne,Tablet,Premium,Male,45-54
U06633,2024-05-13,Facebook,CMP118,UK,Manchester,Desktop,Premium,Female,45-54
U06634,2024-05-13,Facebook,CMP110,USA,New York,Tablet,Premium,Male,35-44
U06635,2024-04-19,Referral,CMP106,Germany,Munich,Desktop,Basic,Female,45-54
U06636,2024-12-10,Facebook,CMP102,Canada,Vancouver,Tablet,Premium,Female,45-54
U06637,2024-04-02,Google Ads,CMP102,UK,London,Desktop,Premium,Male,45-54
U06638,2024-08-12,Black Friday,CMP120,Canada,Vancouver,Desktop,Free,Male,25-34
U06639,2024-12-13,Facebook,CMP114,USA,Austin,Mobile,Premium,Male,45-54
U06640,2024-06-21,Google Ads,CMP115,USA,New York,Mobile,Free,Male,35-44
U06641,2024-11-09,LinkedIn,CMP107,Australia,Melbourne,Mobile,Premium,Female,35-44
U06642,2024-08-19,Facebook,CMP107,India,Chennai,Mobile,Premium,Male,45-54
U06643,2024-02-09,Black Friday,CMP101,USA,New York,Desktop,Basic,Female,35-44
U06644,2024-02-25,LinkedIn,CMP106,Canada,Vancouver,Mobile,Premium,Male,25-34
U06645,2024-08-06,Facebook,CMP117,Germany,Berlin,Desktop,Premium,Male,25-34
U06646,2024-12-29,Black Friday,CMP117,Australia,Melbourne,Mobile,Free,Male,45-54
U06647,2024-02-09,Organic,CMP108,USA,Seattle,Desktop,Free,Female,18-24
U06648,2024-09-27,LinkedIn,CMP115,UK,London,Tablet,Basic,Female,25-34
U06649,2024-08-31,Black Friday,CMP104,USA,Austin,Tablet,Free,Female,35-44
U06650,2024-11-08,LinkedIn,CMP110,USA,Austin,Mobile,Free,Male,18-24
U06651,2024-07-23,Referral,CMP115,Australia,Melbourne,Desktop,Free,Male,45-54
U06652,2024-01-29,Referral,CMP107,India,Chennai,Desktop,Premium,Female,45-54
U06653,2024-02-06,Organic,CMP113,Canada,Toronto,Mobile,Premium,Female,25-34
U06654,2024-08-20,Organic,CMP116,India,Chennai,Mobile,Free,Male,25-34
U06655,2024-03-12,Black Friday,CMP104,USA,New York,Tablet,Basic,Male,18-24
U06656,2024-06-12,Black Friday,CMP102,India,Chennai,Mobile,Premium,Male,45-54
U06657,2024-10-16,Facebook,CMP119,USA,New York,Mobile,Basic,Female,45-54
U06658,2024-11-11,LinkedIn,CMP103,Canada,Toronto,Mobile,Basic,Female,18-24
U06659,2024-02-11,Google Ads,CMP106,Germany,Berlin,Tablet,Free,Female,18-24
U06660,2024-10-17,Facebook,CMP105,Germany,Munich,Tablet,Premium,Female,18-24
U06661,2024-08-09,Google Ads,CMP104,Germany,Berlin,Desktop,Free,Male,35-44
U06662,2024-05-09,Referral,CMP113,UK,Manchester,Desktop,Free,Male,35-44
U06663,2024-03-21,Organic,CMP117,Australia,Sydney,Desktop,Basic,Male,35-44
U06664,2024-12-22,Facebook,CMP120,Germany,Munich,Mobile,Free,Female,25-34
U06665,2024-05-08,Google Ads,CMP114,Australia,Sydney,Mobile,Basic,Male,25-34
U06666,2024-02-29,LinkedIn,CMP111,Australia,Melbourne,Tablet,Basic,Female,18-24
U06667,2024-12-17,Google Ads,CMP101,USA,New York,Mobile,Basic,Male,25-34
U06668,2024-11-11,Google Ads,CMP101,Australia,Sydney,Mobile,Premium,Female,45-54
U06669,2024-08-05,LinkedIn,CMP109,Australia,Melbourne,Tablet,Free,Male,45-54
U06670,2024-10-10,LinkedIn,CMP107,India,Bengaluru,Mobile,Free,Female,45-54
U06671,2024-04-27,Black Friday,CMP119,India,Coimbatore,Desktop,Basic,Female,45-54
U06672,2024-03-30,LinkedIn,CMP102,Canada,Toronto,Tablet,Premium,Female,35-44
U06673,2024-11-08,Organic,CMP102,Canada,Vancouver,Tablet,Basic,Male,45-54
U06674,2024-06-01,Facebook,CMP109,Canada,Vancouver,Tablet,Premium,Female,35-44
U06675,2024-07-27,LinkedIn,CMP115,UK,London,Mobile,Premium,Female,18-24
U06676,2024-06-25,Facebook,CMP106,USA,Austin,Tablet,Premium,Male,25-34
U06677,2024-09-23,Google Ads,CMP105,Germany,Berlin,Desktop,Basic,Female,35-44
U06678,2024-05-11,Referral,CMP110,Australia,Sydney,Desktop,Basic,Female,45-54
U06679,2024-12-18,Facebook,CMP109,UK,London,Mobile,Premium,Male,18-24
U06680,2024-03-20,Organic,CMP110,Australia,Sydney,Desktop,Basic,Female,35-44
U06681,2024-07-02,Referral,CMP118,USA,New York,Mobile,Free,Male,35-44
U06682,2024-06-19,Google Ads,CMP107,Australia,Melbourne,Desktop,Basic,Male,25-34
U06683,2024-09-25,Black Friday,CMP114,Canada,Vancouver,Desktop,Premium,Female,35-44
U06684,2024-11-05,Google Ads,CMP101,Australia,Sydney,Tablet,Premium,Male,18-24
U06685,2024-04-13,Black Friday,CMP115,USA,Seattle,Desktop,Free,Male,35-44
U06686,2024-12-10,LinkedIn,CMP101,Germany,Berlin,Desktop,Free,Male,18-24
U06687,2024-07-01,Referral,CMP104,Australia,Melbourne,Mobile,Free,Male,35-44
U06688,2024-05-04,Facebook,CMP106,Canada,Toronto,Mobile,Basic,Female,45-54
U06689,2024-06-21,Referral,CMP103,India,Coimbatore,Mobile,Premium,Female,35-44
U06690,2024-01-12,LinkedIn,CMP120,UK,London,Mobile,Basic,Male,18-24
U06691,2024-12-01,Referral,CMP103,Canada,Toronto,Mobile,Premium,Female,35-44
U06692,2024-04-23,Organic,CMP105,India,Coimbatore,Desktop,Free,Male,18-24
U06693,2024-12-12,Facebook,CMP113,Germany,Munich,Mobile,Basic,Female,25-34
U06694,2024-10-10,Black Friday,CMP117,India,Chennai,Desktop,Free,Male,45-54
U06695,2024-08-15,Black Friday,CMP108,Germany,Berlin,Mobile,Basic,Male,18-24
U06696,2024-02-01,Facebook,CMP108,Germany,Munich,Mobile,Basic,Male,35-44
U06697,2024-04-05,Black Friday,CMP110,Germany,Berlin,Tablet,Free,Male,45-54
U06698,2024-12-09,Black Friday,CMP113,UK,London,Desktop,Free,Male,18-24
U06699,2024-07-30,Facebook,CMP105,Germany,Munich,Desktop,Free,Female,35-44
U06700,2024-12-02,Facebook,CMP108,Germany,Munich,Desktop,Basic,Male,45-54
U06701,2024-03-23,Facebook,CMP111,Australia,Melbourne,Tablet,Premium,Male,25-34
U06702,2024-05-27,Facebook,CMP110,UK,London,Tablet,Premium,Female,25-34
U06703,2024-03-03,Organic,CMP104,India,Coimbatore,Tablet,Premium,Female,18-24
U06704,2024-02-26,LinkedIn,CMP117,Germany,Munich,Desktop,Basic,Male,18-24
U06705,2024-06-26,Black Friday,CMP120,Germany,Munich,Desktop,Free,Female,25-34
U06706,2024-04-20,Referral,CMP111,USA,New York,Tablet,Free,Male,25-34
U06707,2024-12-01,Black Friday,CMP112,UK,London,Tablet,Basic,Male,35-44
U06708,2024-07-23,Google Ads,CMP115,Australia,Melbourne,Tablet,Premium,Male,18-24
U06709,2024-03-30,Google Ads,CMP110,UK,Manchester,Tablet,Premium,Female,18-24
U06710,2024-03-03,Organic,CMP104,USA,New York,Desktop,Basic,Male,45-54
U06711,2024-05-01,Google Ads,CMP112,Australia,Sydney,Desktop,Free,Female,25-34
U06712,2024-03-04,Organic,CMP111,UK,Manchester,Tablet,Basic,Female,25-34
U06713,2024-10-10,Referral,CMP116,Germany,Berlin,Desktop,Free,Male,35-44
U06714,2024-12-16,Google Ads,CMP112,Canada,Toronto,Mobile,Basic,Female,25-34
U06715,2024-06-18,Google Ads,CMP116,Germany,Berlin,Tablet,Basic,Female,25-34
U06716,2024-12-10,Organic,CMP114,USA,New York,Mobile,Free,Male,45-54
U06717,2024-12-04,Black Friday,CMP116,Canada,Vancouver,Mobile,Premium,Female,45-54
U06718,2024-06-18,Facebook,CMP108,India,Coimbatore,Tablet,Basic,Male,18-24
U06719,2024-12-20,LinkedIn,CMP112,Canada,Toronto,Desktop,Basic,Male,25-34
U06720,2024-10-06,Black Friday,CMP113,UK,Manchester,Tablet,Basic,Female,18-24
U06721,2024-08-03,Referral,CMP108,UK,London,Mobile,Free,Male,35-44
U06722,2024-07-14,Black Friday,CMP118,Australia,Melbourne,Desktop,Free,Male,45-54
U06723,2024-03-05,Referral,CMP102,India,Coimbatore,Tablet,Premium,Male,25-34
U06724,2024-07-28,Google Ads,CMP108,USA,Seattle,Desktop,Premium,Male,35-44
U06725,2024-03-28,Referral,CMP103,USA,Austin,Desktop,Basic,Male,25-34
U06726,2024-12-21,LinkedIn,CMP108,India,Bengaluru,Tablet,Basic,Male,35-44
U06727,2024-09-18,Black Friday,CMP111,UK,Manchester,Desktop,Free,Male,18-24
U06728,2024-08-25,Facebook,CMP111,Australia,Melbourne,Tablet,Basic,Female,35-44
U06729,2024-03-03,Facebook,CMP114,Australia,Melbourne,Mobile,Premium,Male,18-24
U06730,2024-07-24,Google Ads,CMP106,USA,Austin,Mobile,Free,Female,25-34
U06731,2024-01-21,LinkedIn,CMP112,UK,Manchester,Tablet,Premium,Female,45-54
U06732,2024-01-29,Organic,CMP106,Germany,Munich,Mobile,Basic,Female,45-54
U06733,2024-08-06,LinkedIn,CMP119,India,Bengaluru,Tablet,Basic,Male,35-44
U06734,2024-12-30,LinkedIn,CMP103,USA,New York,Desktop,Premium,Female,35-44
U06735,2024-06-26,Google Ads,CMP105,Australia,Melbourne,Desktop,Basic,Female,18-24
U06736,2024-11-28,Facebook,CMP103,Australia,Sydney,Tablet,Basic,Male,35-44
U06737,2024-04-10,LinkedIn,CMP117,Canada,Vancouver,Tablet,Free,Female,45-54
U06738,2024-01-26,Organic,CMP103,India,Bengaluru,Tablet,Premium,Male,18-24
U06739,2024-09-19,Organic,CMP113,Germany,Berlin,Tablet,Premium,Male,25-34
U06740,2024-12-29,Referral,CMP105,Australia,Melbourne,Mobile,Premium,Male,25-34
U06741,2024-10-13,Referral,CMP118,India,Coimbatore,Tablet,Free,Male,45-54
U06742,2024-06-19,Organic,CMP117,India,Chennai,Desktop,Premium,Female,45-54
U06743,2024-08-03,Organic,CMP104,Australia,Sydney,Tablet,Basic,Female,35-44
U06744,2024-03-05,LinkedIn,CMP105,USA,Austin,Tablet,Free,Female,25-34
U06745,2024-12-17,Referral,CMP108,Canada,Toronto,Tablet,Free,Female,45-54
U06746,2024-06-21,Organic,CMP116,Australia,Melbourne,Mobile,Free,Male,18-24
U06747,2024-11-10,Facebook,CMP119,Germany,Berlin,Mobile,Free,Female,25-34
U06748,2024-09-07,LinkedIn,CMP106,Australia,Melbourne,Desktop,Premium,Male,45-54
U06749,2024-08-04,Facebook,CMP103,Australia,Sydney,Tablet,Free,Female,45-54
U06750,2024-08-05,Facebook,CMP104,Australia,Melbourne,Mobile,Premium,Male,45-54
U06751,2024-03-27,Organic,CMP111,Germany,Munich,Tablet,Premium,Male,45-54
U06752,2024-03-29,Organic,CMP107,Canada,Vancouver,Mobile,Free,Female,18-24
U06753,2024-04-06,Facebook,CMP113,USA,New York,Tablet,Basic,Female,45-54
U06754,2024-11-20,LinkedIn,CMP111,Canada,Vancouver,Desktop,Premium,Female,45-54
U06755,2024-12-24,Facebook,CMP109,UK,London,Mobile,Premium,Female,25-34
U06756,2024-11-10,Black Friday,CMP106,Canada,Toronto,Mobile,Basic,Female,45-54
U06757,2024-08-29,Organic,CMP112,UK,London,Mobile,Free,Female,18-24
U06758,2024-04-16,Black Friday,CMP113,UK,Manchester,Mobile,Premium,Female,35-44
U06759,2024-12-20,Referral,CMP119,Germany,Munich,Tablet,Premium,Male,45-54
U06760,2024-05-16,LinkedIn,CMP116,UK,London,Mobile,Basic,Male,25-34
U06761,2024-06-22,Google Ads,CMP117,Australia,Sydney,Desktop,Free,Male,45-54
U06762,2024-07-07,Google Ads,CMP120,Germany,Munich,Desktop,Basic,Female,45-54
U06763,2024-03-21,Organic,CMP114,Australia,Melbourne,Tablet,Free,Male,25-34
U06764,2024-04-19,LinkedIn,CMP116,Germany,Munich,Desktop,Basic,Male,18-24
U06765,2024-12-16,Facebook,CMP107,Canada,Vancouver,Mobile,Premium,Male,25-34
U06766,2024-12-26,Organic,CMP107,India,Bengaluru,Desktop,Free,Male,35-44
U06767,2024-09-18,LinkedIn,CMP104,USA,Austin,Mobile,Premium,Male,18-24
U06768,2024-04-18,Black Friday,CMP101,India,Coimbatore,Desktop,Basic,Female,45-54
U06769,2024-12-25,Organic,CMP117,UK,Manchester,Desktop,Premium,Female,45-54
U06770,2024-09-26,Referral,CMP110,Canada,Vancouver,Tablet,Premium,Female,35-44
U06771,2024-08-26,Referral,CMP116,Australia,Sydney,Mobile,Basic,Male,45-54
U06772,2024-11-04,LinkedIn,CMP103,UK,London,Desktop,Premium,Male,25-34
U06773,2024-11-22,Referral,CMP112,Australia,Sydney,Mobile,Premium,Male,25-34
U06774,2024-09-09,Referral,CMP113,Australia,Melbourne,Tablet,Basic,Female,25-34
U06775,2024-01-10,Google Ads,CMP106,India,Coimbatore,Desktop,Free,Male,18-24
U06776,2024-06-11,Facebook,CMP104,USA,New York,Desktop,Free,Male,45-54
U06777,2024-07-27,Organic,CMP108,UK,London,Desktop,Free,Female,35-44
U06778,2024-08-31,Organic,CMP108,Germany,Munich,Tablet,Free,Male,35-44
U06779,2024-11-19,Referral,CMP106,Australia,Melbourne,Mobile,Basic,Female,25-34
U06780,2024-09-24,Referral,CMP115,Germany,Munich,Mobile,Free,Female,45-54
U06781,2024-09-08,Google Ads,CMP104,Germany,Berlin,Desktop,Basic,Female,45-54
U06782,2024-02-04,Black Friday,CMP108,UK,London,Desktop,Premium,Male,25-34
U06783,2024-12-16,Referral,CMP119,UK,Manchester,Mobile,Free,Male,18-24
U06784,2024-01-17,Facebook,CMP119,Canada,Toronto,Desktop,Free,Male,25-34
U06785,2024-05-23,Black Friday,CMP115,India,Chennai,Mobile,Basic,Female,25-34
U06786,2024-05-04,Black Friday,CMP108,Germany,Berlin,Mobile,Free,Female,25-34
U06787,2024-06-08,Facebook,CMP115,India,Chennai,Tablet,Premium,Female,45-54
U06788,2024-03-24,LinkedIn,CMP116,India,Bengaluru,Tablet,Premium,Female,25-34
U06789,2024-11-24,Google Ads,CMP104,Canada,Toronto,Mobile,Basic,Male,45-54
U06790,2024-05-16,Google Ads,CMP103,Canada,Vancouver,Mobile,Basic,Female,18-24
U06791,2024-09-08,Referral,CMP114,Australia,Sydney,Mobile,Free,Male,35-44
U06792,2024-12-17,Black Friday,CMP109,India,Bengaluru,Desktop,Free,Female,35-44
U06793,2024-02-17,LinkedIn,CMP113,Canada,Toronto,Desktop,Free,Female,35-44
U06794,2024-09-04,LinkedIn,CMP111,India,Bengaluru,Tablet,Premium,Female,45-54
U06795,2024-03-24,LinkedIn,CMP117,USA,Austin,Tablet,Basic,Female,18-24
U06796,2024-12-12,Organic,CMP106,Germany,Berlin,Tablet,Premium,Male,18-24
U06797,2024-09-09,Black Friday,CMP116,Germany,Berlin,Tablet,Basic,Male,18-24
U06798,2024-03-06,Black Friday,CMP115,USA,Seattle,Desktop,Free,Female,35-44
U06799,2024-06-21,LinkedIn,CMP117,USA,Austin,Mobile,Free,Male,25-34
U06800,2024-11-06,LinkedIn,CMP117,Canada,Toronto,Desktop,Basic,Female,35-44
U06801,2024-10-15,Black Friday,CMP120,UK,London,Tablet,Premium,Female,35-44
U06802,2024-11-03,Referral,CMP116,Australia,Melbourne,Tablet,Premium,Male,25-34
U06803,2024-01-04,Black Friday,CMP119,USA,New York,Mobile,Basic,Female,45-54
U06804,2024-01-14,Black Friday,CMP107,Australia,Melbourne,Desktop,Basic,Female,35-44
U06805,2024-05-26,LinkedIn,CMP113,UK,Manchester,Mobile,Free,Male,35-44
U06806,2024-08-02,Google Ads,CMP101,UK,London,Mobile,Free,Male,25-34
U06807,2024-06-26,Facebook,CMP101,Germany,Munich,Mobile,Free,Male,45-54
U06808,2024-07-20,Google Ads,CMP112,UK,London,Tablet,Basic,Female,35-44
U06809,2024-11-27,LinkedIn,CMP108,Australia,Sydney,Desktop,Premium,Male,45-54
U06810,2024-08-04,Google Ads,CMP109,USA,Austin,Desktop,Basic,Male,25-34
U06811,2024-10-11,Black Friday,CMP117,USA,New York,Desktop,Free,Male,18-24
U06812,2024-03-14,Facebook,CMP117,UK,Manchester,Desktop,Free,Female,25-34
U06813,2024-11-02,LinkedIn,CMP120,Canada,Vancouver,Tablet,Free,Male,25-34
U06814,2024-05-05,Google Ads,CMP107,Canada,Vancouver,Desktop,Premium,Male,45-54
U06815,2024-09-24,Referral,CMP105,Canada,Vancouver,Tablet,Free,Female,25-34
U06816,2024-10-12,LinkedIn,CMP118,Australia,Sydney,Desktop,Basic,Male,25-34
U06817,2024-05-07,Organic,CMP116,UK,London,Desktop,Premium,Female,25-34
U06818,2024-11-19,Google Ads,CMP104,UK,London,Desktop,Premium,Female,45-54
U06819,2024-01-16,Google Ads,CMP107,Australia,Melbourne,Mobile,Premium,Female,18-24
U06820,2024-10-04,LinkedIn,CMP105,Germany,Berlin,Desktop,Premium,Female,25-34
U06821,2024-09-30,Organic,CMP115,India,Coimbatore,Desktop,Basic,Female,45-54
U06822,2024-08-14,Black Friday,CMP108,Australia,Melbourne,Mobile,Premium,Male,18-24
U06823,2024-07-02,Referral,CMP115,Australia,Melbourne,Desktop,Premium,Male,25-34
U06824,2024-01-17,Google Ads,CMP116,UK,Manchester,Mobile,Premium,Female,25-34
U06825,2024-05-11,LinkedIn,CMP104,USA,New York,Tablet,Free,Male,25-34
U06826,2024-05-23,Black Friday,CMP116,Canada,Vancouver,Mobile,Basic,Female,18-24
U06827,2024-09-27,Facebook,CMP120,Canada,Toronto,Tablet,Premium,Female,45-54
U06828,2024-02-11,Google Ads,CMP119,USA,Austin,Mobile,Basic,Male,35-44
U06829,2024-08-29,Facebook,CMP115,USA,Austin,Mobile,Premium,Female,45-54
U06830,2024-03-16,Black Friday,CMP117,Germany,Munich,Mobile,Free,Female,25-34
U06831,2024-10-10,Black Friday,CMP110,Australia,Sydney,Tablet,Premium,Female,18-24
U06832,2024-01-14,Referral,CMP119,Canada,Vancouver,Desktop,Premium,Male,35-44
U06833,2024-11-26,Black Friday,CMP101,UK,Manchester,Mobile,Basic,Male,35-44
U06834,2024-09-14,Black Friday,CMP108,Germany,Munich,Tablet,Premium,Female,35-44
U06835,2024-05-19,Facebook,CMP111,USA,New York,Desktop,Basic,Female,18-24
U06836,2024-02-01,LinkedIn,CMP119,Germany,Munich,Desktop,Free,Male,25-34
U06837,2024-03-13,LinkedIn,CMP110,Australia,Melbourne,Tablet,Premium,Male,35-44
U06838,2024-05-03,Organic,CMP101,USA,New York,Desktop,Free,Male,45-54
U06839,2024-07-05,Organic,CMP116,Australia,Melbourne,Tablet,Basic,Female,25-34
U06840,2024-10-02,Organic,CMP111,Australia,Sydney,Desktop,Basic,Male,45-54
U06841,2024-11-28,Black Friday,CMP101,Canada,Toronto,Desktop,Premium,Male,25-34
U06842,2024-01-20,Facebook,CMP101,Germany,Berlin,Mobile,Basic,Male,35-44
U06843,2024-07-06,Facebook,CMP119,Canada,Toronto,Tablet,Premium,Male,25-34
U06844,2024-05-12,Facebook,CMP112,UK,Manchester,Desktop,Free,Male,25-34
U06845,2024-03-06,Facebook,CMP118,India,Bengaluru,Desktop,Basic,Male,25-34
U06846,2024-11-14,Referral,CMP112,Canada,Toronto,Desktop,Basic,Male,25-34
U06847,2024-01-27,Referral,CMP103,USA,Austin,Desktop,Premium,Female,18-24
U06848,2024-09-03,Facebook,CMP114,India,Bengaluru,Desktop,Premium,Male,18-24
U06849,2024-08-08,LinkedIn,CMP104,USA,Seattle,Mobile,Free,Female,35-44
U06850,2024-01-22,Referral,CMP104,Australia,Sydney,Desktop,Free,Male,45-54
U06851,2024-10-22,Google Ads,CMP117,Canada,Toronto,Mobile,Basic,Female,25-34
U06852,2024-10-06,Referral,CMP119,Germany,Munich,Mobile,Premium,Male,18-24
U06853,2024-11-24,Referral,CMP110,USA,New York,Desktop,Free,Male,35-44
U06854,2024-01-25,LinkedIn,CMP102,UK,London,Tablet,Free,Male,25-34
U06855,2024-11-30,Organic,CMP109,Germany,Munich,Tablet,Premium,Female,35-44
U06856,2024-05-14,Referral,CMP103,Canada,Vancouver,Desktop,Free,Male,45-54
U06857,2024-06-29,LinkedIn,CMP103,UK,London,Desktop,Premium,Male,35-44
U06858,2024-05-09,LinkedIn,CMP110,Canada,Vancouver,Mobile,Basic,Female,45-54
U06859,2024-03-19,Organic,CMP102,USA,Austin,Desktop,Free,Female,35-44
U06860,2024-11-16,Organic,CMP112,Germany,Berlin,Mobile,Free,Male,35-44
U06861,2024-01-27,LinkedIn,CMP112,Germany,Munich,Desktop,Free,Female,18-24
U06862,2024-06-27,Organic,CMP117,Canada,Vancouver,Tablet,Basic,Female,45-54
U06863,2024-06-17,Referral,CMP119,Germany,Berlin,Desktop,Premium,Male,18-24
U06864,2024-11-04,LinkedIn,CMP109,UK,London,Desktop,Free,Male,25-34
U06865,2024-06-15,Organic,CMP119,USA,Seattle,Desktop,Free,Male,18-24
U06866,2024-03-11,LinkedIn,CMP109,Germany,Munich,Mobile,Basic,Male,35-44
U06867,2024-12-11,Google Ads,CMP106,Australia,Sydney,Mobile,Free,Male,25-34
U06868,2024-08-11,LinkedIn,CMP105,Australia,Sydney,Desktop,Basic,Male,18-24
U06869,2024-04-22,Organic,CMP120,USA,Seattle,Mobile,Free,Female,35-44
U06870,2024-03-24,LinkedIn,CMP118,USA,New York,Mobile,Basic,Female,25-34
U06871,2024-04-10,Google Ads,CMP117,Australia,Melbourne,Desktop,Premium,Male,35-44
U06872,2024-08-01,LinkedIn,CMP118,UK,Manchester,Desktop,Premium,Male,35-44
U06873,2024-10-10,Organic,CMP102,India,Bengaluru,Desktop,Premium,Female,25-34
U06874,2024-10-05,Facebook,CMP116,India,Coimbatore,Mobile,Free,Female,35-44
U06875,2024-04-23,Referral,CMP111,Australia,Melbourne,Tablet,Free,Male,45-54
U06876,2024-08-20,Black Friday,CMP109,Canada,Toronto,Desktop,Premium,Male,35-44
U06877,2024-12-08,Organic,CMP110,Australia,Melbourne,Desktop,Basic,Male,35-44
U06878,2024-05-09,LinkedIn,CMP103,India,Chennai,Mobile,Basic,Female,45-54
U06879,2024-03-13,LinkedIn,CMP114,Germany,Munich,Desktop,Basic,Female,25-34
U06880,2024-11-20,LinkedIn,CMP108,Australia,Melbourne,Desktop,Basic,Female,35-44
U06881,2024-11-05,Facebook,CMP120,Canada,Toronto,Mobile,Premium,Male,35-44
U06882,2024-05-24,Google Ads,CMP118,USA,New York,Desktop,Free,Male,45-54
U06883,2024-08-07,Referral,CMP110,UK,London,Tablet,Premium,Female,18-24
U06884,2024-06-08,Google Ads,CMP118,Germany,Berlin,Desktop,Free,Female,18-24
U06885,2024-12-03,Google Ads,CMP107,UK,London,Tablet,Basic,Male,25-34
U06886,2024-02-09,Google Ads,CMP112,Australia,Melbourne,Mobile,Free,Female,18-24
U06887,2024-03-24,Referral,CMP110,Germany,Munich,Mobile,Basic,Female,45-54
U06888,2024-10-22,LinkedIn,CMP106,USA,Seattle,Mobile,Free,Male,45-54
U06889,2024-07-13,Referral,CMP114,India,Bengaluru,Mobile,Free,Female,35-44
U06890,2024-12-07,Facebook,CMP107,Canada,Toronto,Mobile,Premium,Female,45-54
U06891,2024-06-04,Referral,CMP115,India,Coimbatore,Desktop,Basic,Male,45-54
U06892,2024-04-09,LinkedIn,CMP105,Canada,Vancouver,Mobile,Premium,Female,35-44
U06893,2024-07-27,LinkedIn,CMP116,UK,London,Desktop,Free,Male,35-44
U06894,2024-05-14,Facebook,CMP104,USA,New York,Tablet,Free,Female,35-44
U06895,2024-06-19,Organic,CMP119,UK,London,Desktop,Free,Female,25-34
U06896,2024-09-20,Google Ads,CMP110,Germany,Munich,Mobile,Free,Female,18-24
U06897,2024-12-09,Organic,CMP113,Germany,Munich,Tablet,Free,Female,35-44
U06898,2024-06-15,Google Ads,CMP116,USA,Seattle,Desktop,Free,Male,18-24
U06899,2024-07-03,Referral,CMP104,Germany,Munich,Desktop,Premium,Male,45-54
U06900,2024-12-16,Organic,CMP112,UK,Manchester,Mobile,Free,Female,45-54
U06901,2024-09-22,Organic,CMP120,UK,London,Mobile,Basic,Male,45-54
U06902,2024-09-16,Organic,CMP120,India,Chennai,Desktop,Free,Female,45-54
U06903,2024-11-24,Black Friday,CMP110,India,Coimbatore,Mobile,Basic,Female,18-24
U06904,2024-05-23,Black Friday,CMP112,Canada,Vancouver,Tablet,Free,Female,25-34
U06905,2024-07-15,Organic,CMP115,Canada,Toronto,Tablet,Basic,Female,18-24
U06906,2024-09-21,Referral,CMP109,India,Chennai,Tablet,Premium,Male,45-54
U06907,2024-10-03,Referral,CMP105,UK,Manchester,Tablet,Free,Male,18-24
U06908,2024-10-31,Organic,CMP115,Canada,Toronto,Desktop,Premium,Female,35-44
U06909,2024-05-08,Organic,CMP108,UK,London,Tablet,Free,Female,18-24
U06910,2024-05-13,Black Friday,CMP104,UK,London,Tablet,Free,Female,25-34
U06911,2024-04-18,Organic,CMP106,India,Coimbatore,Tablet,Basic,Male,25-34
U06912,2024-08-21,Google Ads,CMP107,USA,Austin,Mobile,Basic,Female,18-24
U06913,2024-05-14,Google Ads,CMP113,USA,New York,Desktop,Premium,Male,35-44
U06914,2024-08-25,Facebook,CMP107,USA,Austin,Mobile,Free,Female,35-44
U06915,2024-05-13,Google Ads,CMP102,Canada,Vancouver,Mobile,Premium,Female,25-34
U06916,2024-06-05,Organic,CMP107,UK,Manchester,Tablet,Premium,Female,35-44
U06917,2024-03-15,Organic,CMP113,Germany,Berlin,Tablet,Free,Female,25-34
U06918,2024-08-27,Organic,CMP111,UK,London,Desktop,Premium,Male,18-24
U06919,2024-07-17,Organic,CMP103,UK,London,Tablet,Free,Female,35-44
U06920,2024-08-02,Black Friday,CMP102,UK,London,Tablet,Basic,Female,25-34
U06921,2024-08-07,Organic,CMP114,India,Chennai,Tablet,Premium,Male,25-34
U06922,2024-04-06,Facebook,CMP107,Canada,Vancouver,Desktop,Premium,Male,35-44
U06923,2024-10-20,Facebook,CMP118,UK,London,Mobile,Basic,Male,45-54
U06924,2024-05-22,Facebook,CMP106,Germany,Munich,Tablet,Basic,Female,35-44
U06925,2024-07-22,Facebook,CMP104,UK,London,Tablet,Premium,Female,45-54
U06926,2024-04-13,Google Ads,CMP114,Canada,Vancouver,Desktop,Basic,Female,45-54
U06927,2024-01-30,Organic,CMP101,USA,New York,Mobile,Free,Male,25-34
U06928,2024-04-24,Black Friday,CMP117,Australia,Melbourne,Desktop,Free,Female,25-34
U06929,2024-02-07,Facebook,CMP117,UK,London,Desktop,Basic,Female,45-54
U06930,2024-05-27,Referral,CMP117,Canada,Toronto,Tablet,Basic,Male,25-34
U06931,2024-07-04,Facebook,CMP110,USA,New York,Mobile,Premium,Male,35-44
U06932,2024-12-18,Facebook,CMP106,USA,New York,Desktop,Free,Female,25-34
U06933,2024-12-14,LinkedIn,CMP114,UK,London,Desktop,Premium,Male,35-44
U06934,2024-08-28,Facebook,CMP116,India,Coimbatore,Desktop,Free,Male,18-24
U06935,2024-12-06,Organic,CMP107,India,Chennai,Mobile,Free,Male,25-34
U06936,2024-04-17,Facebook,CMP112,Canada,Toronto,Mobile,Free,Female,25-34
U06937,2024-03-10,Google Ads,CMP118,USA,Austin,Desktop,Free,Female,25-34
U06938,2024-03-25,Google Ads,CMP105,Germany,Munich,Tablet,Premium,Male,18-24
U06939,2024-05-31,Facebook,CMP107,UK,Manchester,Mobile,Basic,Male,35-44
U06940,2024-06-13,Referral,CMP113,India,Coimbatore,Tablet,Basic,Female,18-24
U06941,2024-02-10,Organic,CMP112,Australia,Sydney,Mobile,Free,Female,35-44
U06942,2024-04-05,Google Ads,CMP113,USA,New York,Desktop,Basic,Female,45-54
U06943,2024-11-08,Organic,CMP107,Australia,Sydney,Tablet,Basic,Male,18-24
U06944,2024-01-18,LinkedIn,CMP103,UK,Manchester,Mobile,Free,Male,18-24
U06945,2024-06-30,Facebook,CMP111,UK,London,Desktop,Premium,Female,45-54
U06946,2024-11-23,Black Friday,CMP113,USA,New York,Mobile,Free,Female,45-54
U06947,2024-05-25,Black Friday,CMP119,India,Chennai,Mobile,Premium,Female,18-24
U06948,2024-11-03,Facebook,CMP101,Australia,Melbourne,Tablet,Premium,Female,45-54
U06949,2024-10-18,Referral,CMP119,Germany,Berlin,Tablet,Premium,Male,18-24
U06950,2024-11-17,Facebook,CMP118,Canada,Vancouver,Desktop,Basic,Male,25-34
U06951,2024-04-30,Organic,CMP120,Australia,Sydney,Mobile,Free,Female,18-24
U06952,2024-07-04,Organic,CMP116,UK,Manchester,Tablet,Basic,Male,45-54
U06953,2024-04-17,Google Ads,CMP107,UK,London,Desktop,Free,Male,45-54
U06954,2024-07-28,Referral,CMP114,Germany,Munich,Tablet,Premium,Female,25-34
U06955,2024-02-05,LinkedIn,CMP106,India,Chennai,Mobile,Premium,Female,35-44
U06956,2024-02-13,Black Friday,CMP120,UK,Manchester,Desktop,Free,Female,35-44
U06957,2024-12-16,Black Friday,CMP107,UK,London,Mobile,Basic,Female,45-54
U06958,2024-09-10,Black Friday,CMP102,India,Chennai,Tablet,Free,Male,45-54
U06959,2024-06-18,LinkedIn,CMP102,Canada,Vancouver,Tablet,Basic,Female,25-34
U06960,2024-06-18,Facebook,CMP107,Canada,Vancouver,Mobile,Free,Male,35-44
U06961,2024-10-17,Facebook,CMP106,UK,London,Mobile,Basic,Female,18-24
U06962,2024-08-05,Black Friday,CMP101,USA,Seattle,Tablet,Free,Male,35-44
U06963,2024-01-25,Referral,CMP120,Australia,Sydney,Desktop,Free,Female,18-24
U06964,2024-05-29,Facebook,CMP102,India,Bengaluru,Desktop,Free,Male,25-34
U06965,2024-12-11,LinkedIn,CMP109,UK,London,Tablet,Premium,Female,25-34
U06966,2024-07-31,Organic,CMP106,UK,London,Desktop,Basic,Female,25-34
U06967,2024-06-12,Facebook,CMP108,Australia,Sydney,Desktop,Basic,Male,45-54
U06968,2024-01-07,Google Ads,CMP109,UK,London,Tablet,Free,Female,35-44
U06969,2024-12-28,Facebook,CMP105,Australia,Melbourne,Tablet,Free,Female,35-44
U06970,2024-11-16,LinkedIn,CMP114,USA,Seattle,Mobile,Free,Male,18-24
U06971,2024-03-25,Facebook,CMP113,USA,Austin,Mobile,Basic,Male,18-24
U06972,2024-11-05,Organic,CMP106,Germany,Berlin,Tablet,Basic,Male,45-54
U06973,2024-12-11,Facebook,CMP104,USA,Seattle,Desktop,Premium,Male,18-24
U06974,2024-08-28,Black Friday,CMP107,UK,London,Mobile,Basic,Male,25-34
U06975,2024-12-09,Google Ads,CMP108,UK,Manchester,Tablet,Basic,Male,45-54
U06976,2024-01-27,Black Friday,CMP108,UK,Manchester,Desktop,Basic,Female,25-34
U06977,2024-07-07,LinkedIn,CMP103,USA,Austin,Mobile,Free,Male,35-44
U06978,2024-04-27,Google Ads,CMP101,USA,New York,Mobile,Free,Female,45-54
U06979,2024-10-21,Facebook,CMP115,Germany,Munich,Mobile,Free,Male,18-24
U06980,2024-02-21,Organic,CMP120,UK,Manchester,Tablet,Free,Female,35-44
U06981,2024-03-21,LinkedIn,CMP114,USA,New York,Mobile,Basic,Female,25-34
U06982,2024-01-10,Referral,CMP101,Canada,Toronto,Tablet,Premium,Female,18-24
U06983,2024-05-06,Facebook,CMP113,India,Bengaluru,Desktop,Free,Female,45-54
U06984,2024-09-11,Google Ads,CMP113,India,Coimbatore,Desktop,Premium,Male,35-44
U06985,2024-02-12,Facebook,CMP111,Australia,Sydney,Mobile,Premium,Male,25-34
U06986,2024-03-12,Black Friday,CMP107,UK,Manchester,Tablet,Premium,Female,25-34
U06987,2024-10-31,Referral,CMP119,Germany,Berlin,Tablet,Basic,Female,35-44
U06988,2024-08-12,Facebook,CMP118,Germany,Berlin,Tablet,Free,Female,25-34
U06989,2024-03-02,Referral,CMP116,Australia,Sydney,Tablet,Basic,Female,18-24
U06990,2024-08-09,Organic,CMP105,UK,London,Tablet,Premium,Male,35-44
U06991,2024-05-23,Google Ads,CMP110,India,Coimbatore,Desktop,Premium,Male,18-24
U06992,2024-08-19,Organic,CMP104,UK,Manchester,Mobile,Free,Female,18-24
U06993,2024-04-07,Facebook,CMP119,Australia,Sydney,Desktop,Free,Male,35-44
U06994,2024-03-05,Referral,CMP113,Germany,Berlin,Desktop,Basic,Male,45-54
U06995,2024-03-19,Organic,CMP106,Australia,Melbourne,Desktop,Premium,Female,35-44
U06996,2024-04-13,LinkedIn,CMP114,Germany,Munich,Tablet,Basic,Female,35-44
U06997,2024-07-18,Black Friday,CMP106,Germany,Munich,Tablet,Premium,Female,25-34
U06998,2024-01-03,Black Friday,CMP108,India,Chennai,Mobile,Free,Female,25-34
U06999,2024-02-18,Organic,CMP106,Germany,Munich,Tablet,Basic,Male,45-54
U07000,2024-02-06,Referral,CMP110,UK,London,Tablet,Basic,Male,35-44
U07001,2024-08-23,LinkedIn,CMP104,UK,Manchester,Tablet,Free,Male,35-44
U07002,2024-10-25,Black Friday,CMP105,UK,Manchester,Mobile,Basic,Male,25-34
U07003,2024-09-13,Referral,CMP111,Germany,Munich,Mobile,Basic,Male,18-24
U07004,2024-10-16,LinkedIn,CMP103,Germany,Munich,Tablet,Free,Male,25-34
U07005,2024-06-21,Referral,CMP120,Germany,Berlin,Tablet,Premium,Female,18-24
U07006,2024-08-04,Organic,CMP107,Canada,Toronto,Tablet,Free,Female,45-54
U07007,2024-02-06,Google Ads,CMP102,India,Chennai,Desktop,Free,Male,25-34
U07008,2024-04-29,Black Friday,CMP112,Canada,Vancouver,Tablet,Free,Male,25-34
U07009,2024-01-19,Google Ads,CMP105,Germany,Berlin,Mobile,Free,Male,35-44
U07010,2024-10-10,Google Ads,CMP108,USA,Seattle,Tablet,Premium,Female,18-24
U07011,2024-02-24,Organic,CMP108,Australia,Melbourne,Tablet,Basic,Male,45-54
U07012,2024-11-04,LinkedIn,CMP118,USA,Austin,Desktop,Basic,Male,25-34
U07013,2024-07-19,Black Friday,CMP118,India,Bengaluru,Desktop,Free,Male,45-54
U07014,2024-07-27,Organic,CMP110,UK,Manchester,Tablet,Basic,Female,35-44
U07015,2024-08-23,Google Ads,CMP101,UK,Manchester,Mobile,Free,Female,18-24
U07016,2024-06-07,Black Friday,CMP118,Australia,Melbourne,Tablet,Premium,Male,45-54
U07017,2024-03-13,Google Ads,CMP119,India,Bengaluru,Mobile,Free,Male,18-24
U07018,2024-01-03,Facebook,CMP108,Canada,Toronto,Tablet,Free,Female,18-24
U07019,2024-10-23,Referral,CMP104,Australia,Sydney,Tablet,Premium,Female,45-54
U07020,2024-05-07,Organic,CMP111,USA,New York,Desktop,Basic,Female,18-24
U07021,2024-05-24,Google Ads,CMP106,UK,Manchester,Mobile,Premium,Male,18-24
U07022,2024-03-13,Referral,CMP109,Australia,Melbourne,Mobile,Basic,Male,45-54
U07023,2024-10-30,Black Friday,CMP114,USA,New York,Desktop,Free,Female,18-24
U07024,2024-12-01,LinkedIn,CMP108,Australia,Sydney,Mobile,Premium,Male,25-34
U07025,2024-09-07,Black Friday,CMP111,India,Coimbatore,Tablet,Premium,Female,18-24
U07026,2024-01-20,LinkedIn,CMP114,USA,New York,Mobile,Basic,Female,35-44
U07027,2024-03-03,Facebook,CMP105,Australia,Melbourne,Tablet,Free,Female,18-24
U07028,2024-08-08,Facebook,CMP116,USA,Seattle,Mobile,Free,Female,35-44
U07029,2024-05-22,LinkedIn,CMP114,Australia,Melbourne,Desktop,Free,Male,25-34
U07030,2024-12-16,Organic,CMP104,Canada,Toronto,Mobile,Premium,Male,35-44
U07031,2024-09-23,Facebook,CMP104,Australia,Sydney,Tablet,Basic,Male,18-24
U07032,2024-01-28,Facebook,CMP113,India,Chennai,Mobile,Free,Female,25-34
U07033,2024-06-21,Referral,CMP113,Australia,Sydney,Tablet,Premium,Male,18-24
U07034,2024-05-18,Referral,CMP104,India,Chennai,Tablet,Free,Female,45-54
U07035,2024-04-26,LinkedIn,CMP116,India,Coimbatore,Desktop,Free,Male,45-54
U07036,2024-02-18,Referral,CMP119,Germany,Berlin,Desktop,Premium,Female,45-54
U07037,2024-09-19,LinkedIn,CMP103,Australia,Sydney,Tablet,Free,Male,35-44
U07038,2024-09-12,LinkedIn,CMP102,Australia,Melbourne,Mobile,Free,Female,45-54
U07039,2024-04-29,Black Friday,CMP118,India,Chennai,Mobile,Premium,Male,18-24
U07040,2024-04-20,Black Friday,CMP103,India,Bengaluru,Desktop,Premium,Male,35-44
U07041,2024-11-18,Black Friday,CMP110,India,Bengaluru,Mobile,Free,Female,35-44
U07042,2024-06-07,Referral,CMP115,Germany,Munich,Mobile,Basic,Female,25-34
U07043,2024-06-02,Organic,CMP101,Canada,Toronto,Tablet,Basic,Female,25-34
U07044,2024-05-06,Facebook,CMP101,UK,London,Desktop,Free,Female,18-24
U07045,2024-12-07,Google Ads,CMP102,India,Chennai,Mobile,Basic,Female,45-54
U07046,2024-02-06,Organic,CMP113,Germany,Berlin,Desktop,Premium,Female,35-44
U07047,2024-07-30,Black Friday,CMP118,UK,London,Tablet,Free,Female,25-34
U07048,2024-09-28,Referral,CMP103,UK,London,Tablet,Basic,Female,25-34
U07049,2024-04-25,Facebook,CMP109,UK,London,Desktop,Basic,Female,25-34
U07050,2024-06-07,LinkedIn,CMP106,Germany,Berlin,Mobile,Premium,Female,25-34
U07051,2024-11-28,Google Ads,CMP101,Germany,Berlin,Desktop,Free,Female,35-44
U07052,2024-02-26,Black Friday,CMP106,Germany,Berlin,Mobile,Premium,Male,18-24
U07053,2024-08-12,Black Friday,CMP113,India,Coimbatore,Tablet,Basic,Male,45-54
U07054,2024-03-09,Black Friday,CMP118,India,Coimbatore,Tablet,Premium,Male,35-44
U07055,2024-09-19,Black Friday,CMP102,UK,Manchester,Desktop,Free,Female,45-54
U07056,2024-02-15,LinkedIn,CMP111,USA,Austin,Desktop,Basic,Female,18-24
U07057,2024-12-14,Facebook,CMP113,Germany,Munich,Desktop,Basic,Male,35-44
U07058,2024-08-22,Organic,CMP104,India,Chennai,Mobile,Basic,Male,18-24
U07059,2024-09-24,Black Friday,CMP101,Australia,Melbourne,Tablet,Premium,Male,35-44
U07060,2024-10-18,LinkedIn,CMP119,Germany,Berlin,Desktop,Free,Female,35-44
U07061,2024-03-11,LinkedIn,CMP114,UK,London,Desktop,Free,Male,25-34
U07062,2024-06-26,Black Friday,CMP117,Canada,Vancouver,Tablet,Free,Female,18-24
U07063,2024-09-15,Black Friday,CMP117,Germany,Berlin,Mobile,Basic,Male,35-44
U07064,2024-03-15,Referral,CMP120,USA,Seattle,Desktop,Premium,Female,25-34
U07065,2024-03-07,Black Friday,CMP101,India,Chennai,Tablet,Free,Male,25-34
U07066,2024-01-05,Organic,CMP109,Canada,Toronto,Mobile,Free,Female,45-54
U07067,2024-06-25,Facebook,CMP119,Canada,Toronto,Mobile,Basic,Male,35-44
U07068,2024-08-09,Black Friday,CMP101,UK,London,Desktop,Basic,Female,18-24
U07069,2024-12-10,Referral,CMP102,Australia,Melbourne,Tablet,Free,Male,45-54
U07070,2024-11-04,Organic,CMP109,Canada,Vancouver,Mobile,Basic,Male,18-24
U07071,2024-09-21,Referral,CMP114,USA,Austin,Tablet,Premium,Male,45-54
U07072,2024-03-09,Referral,CMP114,Germany,Berlin,Desktop,Premium,Male,45-54
U07073,2024-08-15,LinkedIn,CMP103,Australia,Melbourne,Tablet,Basic,Female,25-34
U07074,2024-11-02,Black Friday,CMP119,Germany,Munich,Tablet,Free,Female,18-24
U07075,2024-07-02,Black Friday,CMP118,UK,Manchester,Tablet,Premium,Male,35-44
U07076,2024-02-19,Google Ads,CMP109,Australia,Melbourne,Mobile,Basic,Female,18-24
U07077,2024-07-04,Referral,CMP116,India,Coimbatore,Desktop,Free,Female,45-54
U07078,2024-03-24,Facebook,CMP118,UK,London,Tablet,Premium,Female,45-54
U07079,2024-09-21,Black Friday,CMP112,Canada,Toronto,Mobile,Free,Male,25-34
U07080,2024-09-26,Organic,CMP115,Germany,Munich,Tablet,Free,Female,25-34
U07081,2024-01-12,Google Ads,CMP109,India,Bengaluru,Tablet,Premium,Female,25-34
U07082,2024-10-09,Google Ads,CMP118,Australia,Sydney,Desktop,Free,Female,45-54
U07083,2024-03-31,LinkedIn,CMP118,UK,Manchester,Tablet,Premium,Male,35-44
U07084,2024-08-13,Google Ads,CMP114,USA,Seattle,Mobile,Basic,Male,25-34
U07085,2024-01-25,Black Friday,CMP119,Canada,Toronto,Mobile,Basic,Female,35-44
U07086,2024-06-07,Black Friday,CMP117,Germany,Munich,Mobile,Free,Male,18-24
U07087,2024-10-31,Facebook,CMP120,UK,Manchester,Tablet,Basic,Male,45-54
U07088,2024-08-23,Black Friday,CMP107,Australia,Sydney,Desktop,Premium,Male,18-24
U07089,2024-12-21,Referral,CMP120,Australia,Melbourne,Desktop,Basic,Female,18-24
U07090,2024-08-26,Referral,CMP119,India,Coimbatore,Mobile,Free,Male,25-34
U07091,2024-06-28,Black Friday,CMP106,Germany,Munich,Desktop,Premium,Female,25-34
U07092,2024-02-05,Black Friday,CMP120,India,Chennai,Mobile,Premium,Male,35-44
U07093,2024-08-20,Black Friday,CMP111,Canada,Vancouver,Mobile,Free,Male,35-44
U07094,2024-06-01,Organic,CMP112,UK,Manchester,Desktop,Premium,Male,18-24
U07095,2024-07-10,LinkedIn,CMP106,Australia,Melbourne,Desktop,Basic,Male,25-34
U07096,2024-01-12,Organic,CMP115,USA,Austin,Tablet,Premium,Male,25-34
U07097,2024-10-15,Organic,CMP111,Australia,Sydney,Desktop,Free,Male,25-34
U07098,2024-11-24,Black Friday,CMP113,Germany,Berlin,Tablet,Basic,Male,18-24
U07099,2024-12-09,Google Ads,CMP109,USA,Seattle,Tablet,Free,Male,25-34
U07100,2024-11-27,LinkedIn,CMP112,Germany,Munich,Desktop,Basic,Female,45-54
U07101,2024-07-17,Facebook,CMP107,Canada,Toronto,Desktop,Free,Female,35-44
U07102,2024-03-20,Black Friday,CMP118,Germany,Berlin,Desktop,Basic,Female,45-54
U07103,2024-11-20,LinkedIn,CMP112,UK,Manchester,Tablet,Premium,Female,35-44
U07104,2024-07-20,Facebook,CMP103,UK,London,Desktop,Free,Female,25-34
U07105,2024-05-15,Referral,CMP105,Germany,Munich,Mobile,Basic,Female,25-34
U07106,2024-04-03,Referral,CMP116,Australia,Sydney,Desktop,Free,Male,45-54
U07107,2024-09-03,LinkedIn,CMP108,Canada,Vancouver,Tablet,Free,Female,35-44
U07108,2024-10-13,Black Friday,CMP116,Germany,Munich,Desktop,Basic,Female,25-34
U07109,2024-10-26,Black Friday,CMP103,Germany,Berlin,Mobile,Free,Female,25-34
U07110,2024-09-11,Referral,CMP114,Germany,Berlin,Desktop,Premium,Female,45-54
U07111,2024-12-07,Facebook,CMP106,Australia,Sydney,Desktop,Premium,Male,35-44
U07112,2024-08-28,Facebook,CMP113,Canada,Toronto,Mobile,Free,Female,25-34
U07113,2024-05-14,Facebook,CMP103,Germany,Munich,Desktop,Free,Female,25-34
U07114,2024-02-13,Organic,CMP110,USA,New York,Tablet,Free,Male,45-54
U07115,2024-11-15,Referral,CMP114,India,Bengaluru,Tablet,Basic,Female,18-24
U07116,2024-11-23,LinkedIn,CMP114,UK,London,Mobile,Basic,Male,35-44
U07117,2024-10-17,Referral,CMP114,USA,Austin,Mobile,Free,Female,35-44
U07118,2024-12-20,Google Ads,CMP113,USA,Austin,Mobile,Premium,Male,35-44
U07119,2024-07-16,Facebook,CMP105,UK,Manchester,Tablet,Basic,Female,25-34
U07120,2024-06-11,LinkedIn,CMP118,India,Chennai,Mobile,Free,Male,25-34
U07121,2024-08-25,Organic,CMP103,Australia,Sydney,Tablet,Free,Male,18-24
U07122,2024-03-14,Black Friday,CMP109,India,Bengaluru,Tablet,Free,Male,35-44
U07123,2024-08-14,Facebook,CMP111,Australia,Melbourne,Desktop,Premium,Female,25-34
U07124,2024-05-28,Black Friday,CMP107,Australia,Sydney,Tablet,Free,Male,18-24
U07125,2024-04-06,Black Friday,CMP103,USA,Seattle,Tablet,Free,Female,45-54
U07126,2024-10-24,Facebook,CMP120,Australia,Sydney,Desktop,Premium,Male,35-44
U07127,2024-07-18,Referral,CMP116,Canada,Toronto,Mobile,Premium,Female,35-44
U07128,2024-09-18,Facebook,CMP114,UK,London,Desktop,Free,Male,45-54
U07129,2024-01-28,Google Ads,CMP109,Australia,Melbourne,Desktop,Premium,Female,35-44
U07130,2024-10-15,Referral,CMP101,Canada,Toronto,Desktop,Basic,Male,35-44
U07131,2024-08-27,Google Ads,CMP102,Canada,Vancouver,Mobile,Basic,Female,45-54
U07132,2024-06-18,Referral,CMP119,Canada,Vancouver,Mobile,Basic,Female,35-44
U07133,2024-07-18,Organic,CMP105,USA,Seattle,Tablet,Premium,Female,25-34
U07134,2024-12-17,Referral,CMP106,India,Coimbatore,Desktop,Premium,Male,18-24
U07135,2024-10-28,Organic,CMP103,Canada,Toronto,Mobile,Free,Male,18-24
U07136,2024-06-23,Organic,CMP105,Australia,Melbourne,Mobile,Free,Female,35-44
U07137,2024-01-17,Facebook,CMP104,UK,Manchester,Tablet,Basic,Male,25-34
U07138,2024-09-07,Organic,CMP118,India,Coimbatore,Desktop,Basic,Female,18-24
U07139,2024-11-10,Organic,CMP107,India,Chennai,Mobile,Premium,Female,18-24
U07140,2024-08-31,Facebook,CMP115,USA,Seattle,Tablet,Basic,Male,25-34
U07141,2024-08-06,Facebook,CMP118,Germany,Munich,Desktop,Basic,Male,18-24
U07142,2024-02-01,Google Ads,CMP107,USA,New York,Tablet,Premium,Female,35-44
U07143,2024-05-04,Black Friday,CMP114,Germany,Munich,Mobile,Free,Female,35-44
U07144,2024-10-02,Organic,CMP120,USA,Austin,Tablet,Basic,Female,45-54
U07145,2024-10-06,Google Ads,CMP109,USA,New York,Mobile,Free,Male,25-34
U07146,2024-07-01,Referral,CMP117,UK,London,Tablet,Premium,Male,25-34
U07147,2024-01-11,Referral,CMP104,Germany,Munich,Mobile,Free,Female,45-54
U07148,2024-01-11,LinkedIn,CMP115,Australia,Sydney,Desktop,Basic,Male,35-44
U07149,2024-05-09,Facebook,CMP110,Australia,Melbourne,Desktop,Premium,Female,18-24
U07150,2024-02-22,Organic,CMP112,USA,Seattle,Desktop,Premium,Female,25-34
U07151,2024-02-29,Organic,CMP105,Australia,Melbourne,Mobile,Basic,Female,35-44
U07152,2024-11-03,LinkedIn,CMP108,Australia,Melbourne,Desktop,Premium,Female,35-44
U07153,2024-09-19,Black Friday,CMP104,USA,New York,Tablet,Free,Male,35-44
U07154,2024-10-11,Facebook,CMP117,Australia,Melbourne,Mobile,Basic,Male,25-34
U07155,2024-12-21,Facebook,CMP102,Germany,Berlin,Desktop,Premium,Male,25-34
U07156,2024-07-18,Google Ads,CMP104,UK,London,Mobile,Free,Female,25-34
U07157,2024-09-21,Organic,CMP116,Canada,Toronto,Desktop,Basic,Female,45-54
U07158,2024-01-22,Black Friday,CMP120,Germany,Munich,Tablet,Premium,Male,18-24
U07159,2024-10-15,Black Friday,CMP109,Germany,Berlin,Tablet,Premium,Male,35-44
U07160,2024-07-30,Google Ads,CMP119,USA,Austin,Mobile,Free,Male,18-24
U07161,2024-03-02,LinkedIn,CMP101,Canada,Toronto,Mobile,Free,Male,25-34
U07162,2024-03-06,Facebook,CMP108,India,Chennai,Tablet,Free,Male,25-34
U07163,2024-10-21,Facebook,CMP113,Australia,Sydney,Tablet,Premium,Male,35-44
U07164,2024-08-05,Organic,CMP115,Germany,Berlin,Mobile,Free,Female,45-54
U07165,2024-10-01,Facebook,CMP115,USA,Austin,Tablet,Premium,Male,18-24
U07166,2024-09-06,Referral,CMP102,USA,Austin,Desktop,Basic,Male,45-54
U07167,2024-09-20,Black Friday,CMP117,Canada,Vancouver,Desktop,Premium,Female,18-24
U07168,2024-04-03,Google Ads,CMP104,Germany,Munich,Mobile,Free,Female,18-24
U07169,2024-03-19,Facebook,CMP111,Australia,Sydney,Desktop,Free,Male,45-54
U07170,2024-02-01,Black Friday,CMP112,Australia,Sydney,Desktop,Free,Female,35-44
U07171,2024-11-21,Facebook,CMP114,Australia,Melbourne,Desktop,Premium,Female,45-54
U07172,2024-08-27,Black Friday,CMP109,Germany,Munich,Tablet,Free,Female,25-34
U07173,2024-09-15,Organic,CMP101,UK,London,Mobile,Premium,Male,25-34
U07174,2024-08-15,Google Ads,CMP115,UK,Manchester,Desktop,Premium,Male,18-24
U07175,2024-08-31,Referral,CMP106,USA,New York,Mobile,Free,Female,25-34
U07176,2024-04-24,LinkedIn,CMP106,Germany,Berlin,Mobile,Premium,Male,35-44
U07177,2024-06-17,Organic,CMP111,India,Coimbatore,Mobile,Basic,Female,45-54
U07178,2024-07-07,Referral,CMP114,Germany,Munich,Mobile,Free,Male,18-24
U07179,2024-01-10,Referral,CMP103,UK,London,Tablet,Basic,Male,35-44
U07180,2024-09-12,Google Ads,CMP120,Canada,Toronto,Tablet,Free,Female,18-24
U07181,2024-05-26,Google Ads,CMP113,India,Bengaluru,Tablet,Premium,Female,25-34
U07182,2024-02-14,Black Friday,CMP112,UK,Manchester,Tablet,Premium,Male,18-24
U07183,2024-09-14,Facebook,CMP116,Germany,Munich,Desktop,Basic,Male,25-34
U07184,2024-02-26,Google Ads,CMP118,Canada,Toronto,Mobile,Basic,Male,35-44
U07185,2024-05-20,LinkedIn,CMP118,UK,Manchester,Mobile,Free,Male,18-24
U07186,2024-05-05,Facebook,CMP110,Canada,Toronto,Tablet,Basic,Male,25-34
U07187,2024-03-23,Black Friday,CMP109,Germany,Munich,Desktop,Free,Male,45-54
U07188,2024-08-17,Google Ads,CMP116,USA,Seattle,Mobile,Free,Male,45-54
U07189,2024-07-04,LinkedIn,CMP102,USA,Austin,Desktop,Premium,Female,18-24
U07190,2024-04-04,Referral,CMP108,Germany,Berlin,Tablet,Free,Male,45-54
U07191,2024-03-25,Black Friday,CMP116,Australia,Melbourne,Desktop,Basic,Male,45-54
U07192,2024-12-21,Facebook,CMP104,India,Bengaluru,Desktop,Premium,Female,18-24
U07193,2024-11-08,LinkedIn,CMP113,UK,London,Mobile,Premium,Male,25-34
U07194,2024-02-14,Organic,CMP116,Australia,Melbourne,Tablet,Basic,Female,25-34
U07195,2024-07-03,Google Ads,CMP101,Canada,Vancouver,Desktop,Free,Male,45-54
U07196,2024-04-11,Facebook,CMP119,India,Chennai,Tablet,Premium,Female,18-24
U07197,2024-09-21,LinkedIn,CMP104,Australia,Melbourne,Desktop,Premium,Female,45-54
U07198,2024-04-21,Facebook,CMP109,UK,Manchester,Desktop,Premium,Male,25-34
U07199,2024-01-15,Referral,CMP119,Germany,Berlin,Desktop,Basic,Male,18-24
U07200,2024-01-06,Facebook,CMP118,USA,New York,Tablet,Premium,Female,35-44
U07201,2024-07-26,Google Ads,CMP109,Australia,Melbourne,Tablet,Free,Male,35-44
U07202,2024-04-29,Referral,CMP118,UK,London,Mobile,Premium,Male,45-54
U07203,2024-03-24,LinkedIn,CMP117,Germany,Berlin,Desktop,Free,Female,25-34
U07204,2024-03-11,Organic,CMP118,Canada,Toronto,Desktop,Premium,Female,18-24
U07205,2024-09-08,Black Friday,CMP104,Germany,Berlin,Mobile,Free,Female,18-24
U07206,2024-03-30,LinkedIn,CMP108,India,Coimbatore,Mobile,Basic,Female,35-44
U07207,2024-08-20,Organic,CMP116,UK,London,Tablet,Basic,Male,18-24
U07208,2024-02-01,Organic,CMP103,India,Chennai,Mobile,Free,Male,18-24
U07209,2024-05-21,Referral,CMP101,Canada,Vancouver,Mobile,Free,Male,25-34
U07210,2024-11-24,Google Ads,CMP104,Canada,Vancouver,Tablet,Premium,Male,25-34
U07211,2024-08-26,Google Ads,CMP109,Germany,Munich,Mobile,Premium,Female,45-54
U07212,2024-05-27,LinkedIn,CMP103,UK,Manchester,Desktop,Premium,Male,35-44
U07213,2024-12-18,Referral,CMP107,Australia,Sydney,Desktop,Basic,Female,35-44
U07214,2024-09-06,Black Friday,CMP119,India,Chennai,Desktop,Premium,Female,18-24
U07215,2024-11-04,Black Friday,CMP120,USA,New York,Tablet,Free,Male,25-34
U07216,2024-07-11,LinkedIn,CMP104,UK,Manchester,Tablet,Premium,Female,18-24
U07217,2024-03-10,LinkedIn,CMP114,Germany,Berlin,Desktop,Premium,Male,45-54
U07218,2024-08-19,Organic,CMP117,Australia,Melbourne,Tablet,Basic,Female,45-54
U07219,2024-05-31,Black Friday,CMP114,Canada,Vancouver,Tablet,Basic,Female,35-44
U07220,2024-11-03,LinkedIn,CMP114,Germany,Munich,Mobile,Premium,Male,18-24
U07221,2024-08-24,Organic,CMP114,UK,London,Mobile,Premium,Male,45-54
U07222,2024-04-30,Referral,CMP108,USA,Austin,Desktop,Basic,Male,25-34
U07223,2024-08-10,Referral,CMP117,Germany,Munich,Desktop,Basic,Male,45-54
U07224,2024-05-05,Referral,CMP112,Australia,Melbourne,Desktop,Free,Female,25-34
U07225,2024-02-11,Google Ads,CMP105,Germany,Berlin,Mobile,Free,Male,35-44
U07226,2024-09-20,Black Friday,CMP118,Germany,Berlin,Tablet,Premium,Male,25-34
U07227,2024-12-12,Referral,CMP112,USA,Austin,Desktop,Basic,Male,18-24
U07228,2024-09-19,Referral,CMP107,Canada,Vancouver,Tablet,Free,Female,18-24
U07229,2024-12-21,Referral,CMP101,Australia,Melbourne,Mobile,Free,Male,35-44
U07230,2024-05-24,Facebook,CMP110,USA,Seattle,Mobile,Premium,Female,35-44
U07231,2024-08-20,Black Friday,CMP118,India,Coimbatore,Tablet,Premium,Female,45-54
U07232,2024-03-04,Black Friday,CMP115,India,Chennai,Desktop,Premium,Female,45-54
U07233,2024-05-02,Google Ads,CMP114,UK,Manchester,Tablet,Free,Female,18-24
U07234,2024-08-01,Black Friday,CMP113,USA,Austin,Mobile,Basic,Male,45-54
U07235,2024-03-24,Black Friday,CMP116,Canada,Toronto,Mobile,Premium,Male,25-34
U07236,2024-02-21,LinkedIn,CMP114,UK,Manchester,Mobile,Free,Male,45-54
U07237,2024-03-01,Organic,CMP101,Germany,Munich,Desktop,Premium,Male,18-24
U07238,2024-08-31,Referral,CMP120,India,Bengaluru,Tablet,Free,Male,25-34
U07239,2024-02-10,Organic,CMP118,USA,Seattle,Tablet,Basic,Male,35-44
U07240,2024-01-18,Facebook,CMP113,USA,New York,Tablet,Free,Female,25-34
U07241,2024-05-31,LinkedIn,CMP109,India,Chennai,Desktop,Basic,Female,35-44
U07242,2024-06-02,Organic,CMP106,UK,London,Mobile,Basic,Female,18-24
U07243,2024-07-31,Black Friday,CMP120,UK,London,Desktop,Premium,Female,45-54
U07244,2024-04-09,Black Friday,CMP107,India,Coimbatore,Mobile,Free,Female,35-44
U07245,2024-09-17,Facebook,CMP101,Germany,Berlin,Desktop,Basic,Female,25-34
U07246,2024-06-15,Facebook,CMP101,USA,New York,Tablet,Free,Female,35-44
U07247,2024-04-28,Facebook,CMP115,Germany,Berlin,Desktop,Premium,Female,45-54
U07248,2024-11-16,LinkedIn,CMP116,Australia,Sydney,Mobile,Basic,Male,35-44
U07249,2024-06-24,Facebook,CMP109,USA,Seattle,Desktop,Basic,Male,35-44
U07250,2024-04-20,Organic,CMP119,UK,London,Tablet,Basic,Male,35-44
U07251,2024-02-08,Facebook,CMP102,Canada,Vancouver,Mobile,Premium,Male,35-44
U07252,2024-11-22,LinkedIn,CMP112,Australia,Sydney,Mobile,Free,Female,18-24
U07253,2024-01-26,Facebook,CMP120,India,Bengaluru,Tablet,Free,Male,45-54
U07254,2024-05-23,Referral,CMP109,USA,Austin,Tablet,Free,Male,25-34
U07255,2024-11-27,Facebook,CMP102,India,Bengaluru,Mobile,Basic,Male,25-34
U07256,2024-10-17,Black Friday,CMP105,Australia,Sydney,Desktop,Free,Female,25-34
U07257,2024-03-09,LinkedIn,CMP112,Canada,Vancouver,Tablet,Free,Male,25-34
U07258,2024-12-28,Referral,CMP104,UK,London,Tablet,Premium,Male,18-24
U07259,2024-01-14,Google Ads,CMP108,Germany,Berlin,Tablet,Free,Male,35-44
U07260,2024-07-05,LinkedIn,CMP116,India,Bengaluru,Mobile,Basic,Female,45-54
U07261,2024-03-03,Black Friday,CMP119,Australia,Melbourne,Mobile,Basic,Male,18-24
U07262,2024-08-29,Referral,CMP105,USA,New York,Mobile,Premium,Female,18-24
U07263,2024-05-07,Google Ads,CMP112,Australia,Sydney,Mobile,Basic,Male,35-44
U07264,2024-08-09,Black Friday,CMP118,USA,Austin,Tablet,Free,Female,35-44
U07265,2024-12-23,Organic,CMP109,Australia,Sydney,Tablet,Basic,Male,35-44
U07266,2024-08-16,LinkedIn,CMP103,Australia,Melbourne,Tablet,Free,Male,18-24
U07267,2024-10-01,Google Ads,CMP110,Australia,Melbourne,Desktop,Premium,Male,18-24
U07268,2024-07-23,LinkedIn,CMP105,USA,Seattle,Desktop,Free,Male,45-54
U07269,2024-11-24,Black Friday,CMP115,UK,London,Mobile,Premium,Male,25-34
U07270,2024-03-12,Facebook,CMP106,USA,Austin,Mobile,Basic,Male,45-54
U07271,2024-09-19,Organic,CMP106,Australia,Melbourne,Desktop,Free,Female,35-44
U07272,2024-03-10,LinkedIn,CMP118,Canada,Vancouver,Desktop,Basic,Male,35-44
U07273,2024-05-12,Facebook,CMP103,Germany,Munich,Desktop,Basic,Male,35-44
U07274,2024-05-17,Organic,CMP112,India,Coimbatore,Tablet,Basic,Male,45-54
U07275,2024-12-19,Google Ads,CMP112,UK,London,Mobile,Premium,Male,25-34
U07276,2024-05-17,Facebook,CMP118,UK,London,Desktop,Premium,Female,18-24
U07277,2024-10-22,Facebook,CMP111,Canada,Toronto,Tablet,Premium,Female,45-54
U07278,2024-06-11,LinkedIn,CMP105,UK,London,Tablet,Basic,Female,18-24
U07279,2024-08-07,Google Ads,CMP112,Germany,Berlin,Mobile,Premium,Female,25-34
U07280,2024-04-05,Facebook,CMP107,India,Bengaluru,Desktop,Basic,Male,35-44
U07281,2024-11-09,Referral,CMP116,UK,London,Desktop,Premium,Female,25-34
U07282,2024-08-07,Facebook,CMP106,India,Bengaluru,Tablet,Premium,Male,18-24
U07283,2024-06-14,Referral,CMP105,Germany,Berlin,Tablet,Free,Male,18-24
U07284,2024-08-30,Referral,CMP101,Australia,Sydney,Mobile,Free,Male,35-44
U07285,2024-03-31,Organic,CMP101,Australia,Melbourne,Mobile,Free,Female,35-44
U07286,2024-09-08,Organic,CMP107,Canada,Toronto,Tablet,Free,Female,25-34
U07287,2024-10-27,Organic,CMP106,Canada,Vancouver,Mobile,Free,Male,25-34
U07288,2024-03-27,Referral,CMP118,Germany,Berlin,Desktop,Basic,Male,35-44
U07289,2024-11-09,Black Friday,CMP109,Australia,Sydney,Mobile,Basic,Male,25-34
U07290,2024-04-01,Facebook,CMP102,USA,Seattle,Mobile,Premium,Female,45-54
U07291,2024-11-24,Organic,CMP108,India,Coimbatore,Tablet,Free,Female,18-24
U07292,2024-06-26,LinkedIn,CMP118,India,Coimbatore,Mobile,Basic,Female,18-24
U07293,2024-09-16,Referral,CMP119,Canada,Vancouver,Tablet,Free,Male,35-44
U07294,2024-02-29,Organic,CMP106,UK,London,Tablet,Premium,Female,45-54
U07295,2024-01-24,Referral,CMP119,India,Bengaluru,Tablet,Basic,Female,35-44
U07296,2024-02-26,LinkedIn,CMP104,India,Coimbatore,Tablet,Free,Male,45-54
U07297,2024-05-31,Black Friday,CMP116,Canada,Toronto,Desktop,Free,Female,18-24
U07298,2024-02-24,Facebook,CMP120,USA,Seattle,Desktop,Premium,Female,25-34
U07299,2024-05-17,Black Friday,CMP105,USA,Seattle,Tablet,Premium,Female,45-54
U07300,2024-11-17,Organic,CMP111,Germany,Munich,Tablet,Free,Female,35-44
U07301,2024-09-05,Referral,CMP110,India,Coimbatore,Tablet,Premium,Female,18-24
U07302,2024-01-23,Organic,CMP120,Germany,Berlin,Tablet,Premium,Male,25-34
U07303,2024-07-06,Google Ads,CMP113,USA,New York,Desktop,Premium,Male,18-24
U07304,2024-11-16,Google Ads,CMP107,Germany,Munich,Mobile,Basic,Male,35-44
U07305,2024-06-13,Black Friday,CMP118,Canada,Vancouver,Desktop,Free,Male,35-44
U07306,2024-12-07,Referral,CMP115,USA,New York,Desktop,Free,Male,35-44
U07307,2024-06-04,Organic,CMP104,USA,Seattle,Tablet,Premium,Female,35-44
U07308,2024-11-01,Organic,CMP120,Australia,Sydney,Tablet,Premium,Female,35-44
U07309,2024-12-09,Facebook,CMP104,Canada,Vancouver,Mobile,Free,Female,45-54
U07310,2024-08-04,Referral,CMP104,UK,Manchester,Mobile,Free,Male,45-54
U07311,2024-05-15,Black Friday,CMP101,India,Bengaluru,Mobile,Premium,Male,18-24
U07312,2024-02-25,LinkedIn,CMP108,India,Bengaluru,Mobile,Free,Female,35-44
U07313,2024-04-30,LinkedIn,CMP112,USA,Austin,Tablet,Premium,Female,18-24
U07314,2024-12-07,Referral,CMP117,Canada,Toronto,Tablet,Premium,Female,35-44
U07315,2024-06-15,LinkedIn,CMP120,India,Chennai,Desktop,Basic,Male,45-54
U07316,2024-10-23,Organic,CMP107,Canada,Vancouver,Desktop,Premium,Female,25-34
U07317,2024-01-15,Referral,CMP109,UK,London,Tablet,Free,Male,18-24
U07318,2024-01-03,Referral,CMP111,Germany,Munich,Tablet,Premium,Male,25-34
U07319,2024-04-06,Organic,CMP113,USA,Austin,Tablet,Free,Female,45-54
U07320,2024-05-27,Black Friday,CMP108,India,Bengaluru,Mobile,Basic,Female,18-24
U07321,2024-06-21,Referral,CMP119,Canada,Toronto,Tablet,Basic,Female,18-24
U07322,2024-09-21,Organic,CMP113,India,Coimbatore,Mobile,Free,Male,45-54
U07323,2024-11-15,Facebook,CMP104,Germany,Berlin,Desktop,Premium,Male,18-24
U07324,2024-10-03,Facebook,CMP107,Germany,Munich,Desktop,Premium,Female,35-44
U07325,2024-12-19,Black Friday,CMP118,UK,London,Tablet,Free,Male,35-44
U07326,2024-08-10,Black Friday,CMP111,Germany,Munich,Tablet,Free,Female,45-54
U07327,2024-09-18,Google Ads,CMP114,India,Bengaluru,Tablet,Premium,Male,18-24
U07328,2024-08-28,Black Friday,CMP118,Australia,Melbourne,Tablet,Premium,Male,25-34
U07329,2024-01-31,Referral,CMP115,India,Chennai,Tablet,Free,Male,45-54
U07330,2024-11-17,Organic,CMP115,Canada,Vancouver,Mobile,Free,Male,35-44
U07331,2024-06-20,Referral,CMP104,Canada,Toronto,Tablet,Premium,Male,25-34
U07332,2024-08-13,LinkedIn,CMP104,Germany,Munich,Mobile,Premium,Male,45-54
U07333,2024-09-14,Facebook,CMP105,UK,Manchester,Desktop,Basic,Female,18-24
U07334,2024-02-01,Black Friday,CMP105,UK,Manchester,Tablet,Basic,Female,35-44
U07335,2024-09-11,Google Ads,CMP111,India,Coimbatore,Desktop,Basic,Female,45-54
U07336,2024-10-17,Facebook,CMP103,Australia,Melbourne,Mobile,Basic,Male,18-24
U07337,2024-12-03,Facebook,CMP101,Australia,Sydney,Desktop,Basic,Female,35-44
U07338,2024-10-19,Google Ads,CMP112,Germany,Berlin,Mobile,Basic,Female,25-34
U07339,2024-10-09,LinkedIn,CMP107,Canada,Toronto,Desktop,Basic,Female,45-54
U07340,2024-09-05,Black Friday,CMP105,UK,Manchester,Tablet,Basic,Male,18-24
U07341,2024-05-03,Facebook,CMP116,India,Bengaluru,Tablet,Basic,Male,45-54
U07342,2024-06-26,Organic,CMP104,Canada,Toronto,Desktop,Basic,Male,45-54
U07343,2024-08-12,Google Ads,CMP114,Canada,Toronto,Desktop,Free,Female,18-24
U07344,2024-02-22,Google Ads,CMP105,Canada,Vancouver,Mobile,Basic,Female,25-34
U07345,2024-04-15,Black Friday,CMP108,Canada,Vancouver,Mobile,Basic,Male,18-24
U07346,2024-08-24,LinkedIn,CMP106,Australia,Melbourne,Desktop,Basic,Male,25-34
U07347,2024-03-06,Organic,CMP107,Germany,Munich,Tablet,Basic,Male,45-54
U07348,2024-01-03,Black Friday,CMP118,India,Chennai,Mobile,Free,Male,18-24
U07349,2024-01-27,Facebook,CMP108,USA,New York,Desktop,Premium,Female,45-54
U07350,2024-06-07,LinkedIn,CMP104,India,Bengaluru,Tablet,Basic,Male,25-34
U07351,2024-02-27,Facebook,CMP113,India,Coimbatore,Tablet,Premium,Male,35-44
U07352,2024-07-31,Black Friday,CMP118,USA,Austin,Desktop,Free,Male,35-44
U07353,2024-10-04,Google Ads,CMP113,USA,Austin,Tablet,Free,Male,35-44
U07354,2024-03-17,Referral,CMP114,Australia,Melbourne,Desktop,Premium,Female,18-24
U07355,2024-07-12,Google Ads,CMP120,Germany,Berlin,Tablet,Free,Male,25-34
U07356,2024-03-23,LinkedIn,CMP118,India,Bengaluru,Tablet,Free,Female,18-24
U07357,2024-02-18,Google Ads,CMP103,Canada,Vancouver,Desktop,Basic,Female,18-24
U07358,2024-03-09,Organic,CMP106,UK,London,Tablet,Premium,Male,25-34
U07359,2024-05-28,Black Friday,CMP103,India,Coimbatore,Tablet,Premium,Male,35-44
U07360,2024-05-16,Black Friday,CMP111,Australia,Melbourne,Desktop,Basic,Female,45-54
U07361,2024-03-18,Google Ads,CMP114,UK,Manchester,Mobile,Free,Female,18-24
U07362,2024-03-10,Google Ads,CMP110,India,Coimbatore,Tablet,Basic,Female,18-24
U07363,2024-11-19,Facebook,CMP113,Germany,Munich,Tablet,Premium,Male,25-34
U07364,2024-01-03,Google Ads,CMP106,India,Coimbatore,Mobile,Free,Male,45-54
U07365,2024-02-16,LinkedIn,CMP110,Germany,Berlin,Mobile,Premium,Male,35-44
U07366,2024-02-13,Referral,CMP120,Canada,Vancouver,Tablet,Premium,Male,18-24
U07367,2024-02-03,Facebook,CMP105,India,Bengaluru,Mobile,Basic,Male,25-34
U07368,2024-01-29,LinkedIn,CMP114,Germany,Munich,Mobile,Free,Male,18-24
U07369,2024-09-12,Google Ads,CMP103,Australia,Sydney,Mobile,Free,Male,18-24
U07370,2024-12-14,LinkedIn,CMP102,UK,London,Desktop,Free,Male,35-44
U07371,2024-10-26,LinkedIn,CMP114,UK,Manchester,Tablet,Basic,Male,18-24
U07372,2024-04-12,Referral,CMP112,Canada,Toronto,Desktop,Premium,Male,25-34
U07373,2024-08-23,Referral,CMP108,Australia,Sydney,Tablet,Premium,Male,25-34
U07374,2024-06-23,Google Ads,CMP110,USA,Austin,Tablet,Premium,Male,45-54
U07375,2024-07-28,Black Friday,CMP114,Canada,Vancouver,Desktop,Basic,Female,35-44
U07376,2024-06-08,Referral,CMP112,USA,Seattle,Mobile,Premium,Male,35-44
U07377,2024-08-04,Organic,CMP106,USA,Seattle,Desktop,Basic,Male,35-44
U07378,2024-08-20,Referral,CMP103,UK,London,Desktop,Free,Female,45-54
U07379,2024-10-05,Organic,CMP118,Australia,Sydney,Mobile,Free,Male,35-44
U07380,2024-12-13,Black Friday,CMP119,UK,Manchester,Desktop,Basic,Female,35-44
U07381,2024-09-25,Black Friday,CMP113,UK,Manchester,Desktop,Basic,Male,35-44
U07382,2024-03-31,Black Friday,CMP112,India,Coimbatore,Mobile,Premium,Male,35-44
U07383,2024-03-08,Black Friday,CMP102,Germany,Munich,Mobile,Free,Male,18-24
U07384,2024-05-18,Referral,CMP105,USA,Austin,Desktop,Basic,Female,18-24
U07385,2024-03-08,Black Friday,CMP120,USA,Austin,Desktop,Basic,Female,25-34
U07386,2024-06-20,Referral,CMP104,Australia,Sydney,Desktop,Free,Male,45-54
U07387,2024-08-27,Black Friday,CMP107,Germany,Berlin,Tablet,Premium,Female,18-24
U07388,2024-05-03,Referral,CMP107,Canada,Vancouver,Desktop,Premium,Female,25-34
U07389,2024-01-27,LinkedIn,CMP111,Australia,Sydney,Tablet,Free,Male,25-34
U07390,2024-10-08,Referral,CMP119,USA,New York,Tablet,Premium,Male,35-44
U07391,2024-01-07,Google Ads,CMP120,Germany,Munich,Tablet,Premium,Female,35-44
U07392,2024-01-06,Organic,CMP113,UK,London,Desktop,Free,Male,35-44
U07393,2024-07-31,LinkedIn,CMP117,USA,Austin,Desktop,Premium,Female,25-34
U07394,2024-02-06,Black Friday,CMP113,Germany,Berlin,Tablet,Basic,Male,35-44
U07395,2024-04-27,Organic,CMP110,Canada,Vancouver,Desktop,Basic,Female,18-24
U07396,2024-12-29,Referral,CMP120,UK,Manchester,Desktop,Free,Male,18-24
U07397,2024-05-31,LinkedIn,CMP107,UK,London,Tablet,Basic,Female,35-44
U07398,2024-05-25,Organic,CMP103,UK,London,Tablet,Free,Male,18-24
U07399,2024-11-11,Referral,CMP117,Australia,Melbourne,Tablet,Free,Male,18-24
U07400,2024-03-06,Facebook,CMP120,India,Chennai,Mobile,Premium,Male,18-24
U07401,2024-10-16,Google Ads,CMP106,Australia,Sydney,Tablet,Free,Male,35-44
U07402,2024-02-05,LinkedIn,CMP114,Germany,Munich,Mobile,Premium,Female,25-34
U07403,2024-12-22,Google Ads,CMP118,Canada,Toronto,Desktop,Premium,Female,45-54
U07404,2024-05-28,Black Friday,CMP101,India,Bengaluru,Mobile,Premium,Female,45-54
U07405,2024-04-23,Black Friday,CMP110,UK,Manchester,Mobile,Basic,Female,18-24
U07406,2024-02-29,Organic,CMP107,USA,Austin,Desktop,Free,Male,18-24
U07407,2024-03-23,Google Ads,CMP109,UK,London,Desktop,Premium,Female,45-54
U07408,2024-08-07,Google Ads,CMP115,Canada,Toronto,Desktop,Basic,Female,45-54
U07409,2024-06-01,Organic,CMP107,UK,London,Desktop,Premium,Male,25-34
U07410,2024-03-02,Referral,CMP109,India,Coimbatore,Tablet,Basic,Male,18-24
U07411,2024-06-26,Facebook,CMP108,UK,London,Mobile,Basic,Female,35-44
U07412,2024-06-11,Google Ads,CMP113,India,Bengaluru,Desktop,Basic,Male,35-44
U07413,2024-09-24,Black Friday,CMP113,USA,New York,Desktop,Free,Male,35-44
U07414,2024-10-23,Google Ads,CMP119,Canada,Toronto,Tablet,Premium,Female,45-54
U07415,2024-09-15,Referral,CMP101,Canada,Toronto,Mobile,Basic,Female,25-34
U07416,2024-09-28,Facebook,CMP110,UK,London,Mobile,Basic,Male,25-34
U07417,2024-08-05,Facebook,CMP104,India,Coimbatore,Mobile,Premium,Female,18-24
U07418,2024-08-23,Google Ads,CMP116,Australia,Melbourne,Tablet,Free,Male,18-24
U07419,2024-12-03,Facebook,CMP102,Australia,Sydney,Tablet,Premium,Female,18-24
U07420,2024-08-14,Referral,CMP108,Canada,Vancouver,Desktop,Premium,Male,18-24
U07421,2024-05-14,Facebook,CMP119,Canada,Toronto,Desktop,Premium,Male,35-44
U07422,2024-05-15,Facebook,CMP118,USA,Austin,Tablet,Basic,Male,35-44
U07423,2024-02-23,LinkedIn,CMP104,UK,Manchester,Mobile,Premium,Female,45-54
U07424,2024-10-22,Organic,CMP111,UK,Manchester,Tablet,Premium,Male,25-34
U07425,2024-10-29,Black Friday,CMP107,India,Coimbatore,Tablet,Premium,Male,18-24
U07426,2024-07-22,Referral,CMP110,Canada,Toronto,Desktop,Premium,Female,45-54
U07427,2024-12-19,Google Ads,CMP101,USA,Seattle,Tablet,Premium,Female,45-54
U07428,2024-11-24,Organic,CMP110,Canada,Toronto,Desktop,Premium,Male,35-44
U07429,2024-03-11,LinkedIn,CMP116,Germany,Munich,Desktop,Free,Female,35-44
U07430,2024-05-03,Facebook,CMP114,Germany,Munich,Desktop,Premium,Female,45-54
U07431,2024-04-15,LinkedIn,CMP104,Australia,Melbourne,Desktop,Free,Female,18-24
U07432,2024-11-30,Organic,CMP104,Australia,Melbourne,Tablet,Basic,Female,25-34
U07433,2024-06-08,LinkedIn,CMP104,India,Coimbatore,Tablet,Basic,Female,45-54
U07434,2024-10-07,Facebook,CMP114,USA,Seattle,Mobile,Basic,Male,25-34
U07435,2024-06-15,Organic,CMP104,India,Chennai,Mobile,Free,Male,18-24
U07436,2024-05-17,Black Friday,CMP103,Canada,Vancouver,Mobile,Free,Male,18-24
U07437,2024-03-07,Organic,CMP115,India,Coimbatore,Desktop,Basic,Male,35-44
U07438,2024-12-17,Referral,CMP114,Germany,Berlin,Tablet,Basic,Male,25-34
U07439,2024-09-13,Google Ads,CMP103,India,Chennai,Desktop,Basic,Male,35-44
U07440,2024-09-01,Organic,CMP117,Australia,Sydney,Tablet,Basic,Male,25-34
U07441,2024-08-24,Black Friday,CMP112,Canada,Vancouver,Desktop,Premium,Male,45-54
U07442,2024-12-21,Google Ads,CMP111,UK,Manchester,Mobile,Premium,Female,45-54
U07443,2024-02-01,LinkedIn,CMP120,USA,New York,Tablet,Basic,Female,45-54
U07444,2024-07-26,Referral,CMP105,Germany,Berlin,Desktop,Premium,Male,45-54
U07445,2024-03-17,Google Ads,CMP104,USA,Seattle,Tablet,Premium,Female,18-24
U07446,2024-09-17,Black Friday,CMP108,Germany,Berlin,Desktop,Premium,Female,35-44
U07447,2024-04-28,LinkedIn,CMP112,Canada,Toronto,Tablet,Free,Male,25-34
U07448,2024-09-19,Facebook,CMP113,Australia,Sydney,Mobile,Premium,Female,35-44
U07449,2024-01-01,LinkedIn,CMP117,USA,New York,Desktop,Premium,Male,45-54
U07450,2024-10-09,Facebook,CMP120,Australia,Melbourne,Mobile,Premium,Female,45-54
U07451,2024-11-02,Facebook,CMP110,India,Coimbatore,Desktop,Free,Female,25-34
U07452,2024-09-08,Referral,CMP106,Australia,Melbourne,Tablet,Free,Female,18-24
U07453,2024-10-03,Google Ads,CMP117,USA,New York,Mobile,Premium,Male,18-24
U07454,2024-12-15,Google Ads,CMP120,Australia,Melbourne,Tablet,Free,Female,45-54
U07455,2024-10-09,Black Friday,CMP109,USA,Austin,Desktop,Premium,Female,25-34
U07456,2024-01-03,Google Ads,CMP105,Canada,Toronto,Mobile,Free,Male,18-24
U07457,2024-07-23,Organic,CMP107,Canada,Vancouver,Tablet,Free,Male,25-34
U07458,2024-04-26,LinkedIn,CMP105,USA,New York,Desktop,Basic,Male,35-44
U07459,2024-02-06,Organic,CMP117,Germany,Berlin,Tablet,Premium,Male,35-44
U07460,2024-10-05,Black Friday,CMP120,Canada,Vancouver,Tablet,Premium,Male,25-34
U07461,2024-04-19,Google Ads,CMP105,Australia,Sydney,Tablet,Premium,Female,45-54
U07462,2024-07-21,Referral,CMP119,India,Bengaluru,Desktop,Free,Male,18-24
U07463,2024-09-17,Google Ads,CMP105,Germany,Berlin,Mobile,Premium,Male,45-54
U07464,2024-12-20,Black Friday,CMP106,UK,London,Desktop,Basic,Female,35-44
U07465,2024-05-11,Google Ads,CMP105,Germany,Munich,Mobile,Premium,Male,35-44
U07466,2024-09-21,Black Friday,CMP120,Canada,Vancouver,Desktop,Basic,Male,25-34
U07467,2024-12-02,Referral,CMP115,UK,London,Mobile,Free,Female,35-44
U07468,2024-09-20,Black Friday,CMP102,UK,London,Desktop,Basic,Male,25-34
U07469,2024-01-26,LinkedIn,CMP101,India,Bengaluru,Tablet,Free,Male,45-54
U07470,2024-09-06,LinkedIn,CMP113,USA,Austin,Desktop,Premium,Female,45-54
U07471,2024-09-06,Black Friday,CMP111,India,Coimbatore,Mobile,Free,Male,35-44
U07472,2024-04-23,Google Ads,CMP116,Canada,Toronto,Mobile,Free,Female,18-24
U07473,2024-06-16,Referral,CMP110,Germany,Munich,Desktop,Free,Male,45-54
U07474,2024-09-25,Google Ads,CMP102,India,Coimbatore,Tablet,Premium,Female,25-34
U07475,2024-05-23,Organic,CMP119,Canada,Vancouver,Mobile,Free,Female,25-34
U07476,2024-08-20,LinkedIn,CMP104,UK,Manchester,Tablet,Free,Female,25-34
U07477,2024-01-28,LinkedIn,CMP101,India,Chennai,Mobile,Basic,Female,35-44
U07478,2024-06-19,LinkedIn,CMP115,Australia,Melbourne,Desktop,Basic,Male,35-44
U07479,2024-02-27,LinkedIn,CMP115,India,Bengaluru,Desktop,Basic,Female,18-24
U07480,2024-12-29,Organic,CMP113,Germany,Munich,Tablet,Basic,Male,25-34
U07481,2024-01-10,Facebook,CMP119,USA,New York,Mobile,Premium,Male,18-24
U07482,2024-10-13,Google Ads,CMP110,USA,New York,Tablet,Basic,Male,35-44
U07483,2024-12-27,Black Friday,CMP101,UK,London,Tablet,Premium,Male,18-24
U07484,2024-04-27,Organic,CMP107,Canada,Vancouver,Desktop,Free,Male,25-34
U07485,2024-08-13,Google Ads,CMP104,Australia,Sydney,Tablet,Premium,Female,18-24
U07486,2024-05-18,Referral,CMP118,Canada,Toronto,Tablet,Premium,Female,35-44
U07487,2024-10-16,LinkedIn,CMP108,Canada,Toronto,Tablet,Free,Male,45-54
U07488,2024-09-25,Referral,CMP119,India,Chennai,Tablet,Free,Female,25-34
U07489,2024-10-22,Black Friday,CMP102,India,Coimbatore,Mobile,Free,Female,45-54
U07490,2024-08-23,LinkedIn,CMP107,Canada,Toronto,Mobile,Premium,Male,45-54
U07491,2024-10-23,Referral,CMP109,India,Bengaluru,Desktop,Basic,Male,45-54
U07492,2024-11-28,Black Friday,CMP120,Germany,Munich,Desktop,Basic,Female,18-24
U07493,2024-03-02,Facebook,CMP103,Canada,Toronto,Mobile,Basic,Female,25-34
U07494,2024-08-13,Facebook,CMP111,USA,Austin,Mobile,Free,Male,18-24
U07495,2024-09-26,Google Ads,CMP111,Germany,Munich,Mobile,Free,Male,25-34
U07496,2024-03-23,Black Friday,CMP116,Australia,Sydney,Desktop,Premium,Female,25-34
U07497,2024-02-28,Facebook,CMP106,Australia,Melbourne,Tablet,Premium,Male,25-34
U07498,2024-02-05,Black Friday,CMP109,India,Chennai,Desktop,Free,Female,45-54
U07499,2024-04-29,Google Ads,CMP114,Canada,Vancouver,Desktop,Basic,Female,25-34
U07500,2024-08-26,LinkedIn,CMP104,Germany,Munich,Desktop,Free,Female,25-34
U07501,2024-12-25,LinkedIn,CMP111,UK,Manchester,Desktop,Free,Female,25-34
U07502,2024-05-12,Black Friday,CMP118,Australia,Melbourne,Tablet,Premium,Female,18-24
U07503,2024-08-06,Facebook,CMP113,Australia,Sydney,Tablet,Free,Male,45-54
U07504,2024-09-02,LinkedIn,CMP101,USA,Austin,Mobile,Premium,Male,18-24
U07505,2024-02-13,Organic,CMP102,India,Coimbatore,Tablet,Basic,Male,18-24
U07506,2024-09-22,Black Friday,CMP114,USA,New York,Desktop,Premium,Female,18-24
U07507,2024-10-27,LinkedIn,CMP102,Canada,Toronto,Mobile,Free,Female,18-24
U07508,2024-09-20,Referral,CMP107,India,Chennai,Tablet,Premium,Male,25-34
U07509,2024-08-31,Black Friday,CMP110,UK,Manchester,Desktop,Premium,Female,35-44
U07510,2024-05-24,Google Ads,CMP115,Germany,Munich,Tablet,Premium,Male,35-44
U07511,2024-05-24,Black Friday,CMP115,Germany,Berlin,Desktop,Basic,Male,45-54
U07512,2024-07-19,LinkedIn,CMP115,Canada,Vancouver,Mobile,Free,Female,18-24
U07513,2024-04-21,LinkedIn,CMP120,Germany,Berlin,Mobile,Basic,Female,18-24
U07514,2024-10-14,Facebook,CMP120,USA,New York,Mobile,Premium,Female,45-54
U07515,2024-10-15,Referral,CMP103,India,Chennai,Tablet,Free,Male,18-24
U07516,2024-03-23,Google Ads,CMP111,Germany,Berlin,Desktop,Basic,Female,18-24
U07517,2024-01-18,LinkedIn,CMP106,USA,New York,Tablet,Basic,Male,25-34
U07518,2024-04-08,LinkedIn,CMP105,UK,Manchester,Desktop,Free,Female,25-34
U07519,2024-10-04,Referral,CMP109,USA,New York,Tablet,Free,Male,35-44
U07520,2024-12-22,Organic,CMP102,USA,Austin,Mobile,Free,Male,18-24
U07521,2024-10-03,Referral,CMP104,USA,New York,Desktop,Basic,Female,45-54
U07522,2024-08-08,LinkedIn,CMP117,Australia,Sydney,Mobile,Free,Male,45-54
U07523,2024-03-27,Black Friday,CMP109,Canada,Toronto,Tablet,Premium,Male,45-54
U07524,2024-06-28,Google Ads,CMP116,India,Coimbatore,Tablet,Premium,Female,18-24
U07525,2024-06-04,Black Friday,CMP104,Australia,Melbourne,Desktop,Premium,Male,35-44
U07526,2024-06-16,Referral,CMP105,India,Chennai,Tablet,Premium,Female,45-54
U07527,2024-06-28,Referral,CMP111,USA,New York,Tablet,Basic,Male,35-44
U07528,2024-07-25,Facebook,CMP112,Canada,Toronto,Tablet,Basic,Male,18-24
U07529,2024-01-25,Facebook,CMP106,Germany,Munich,Tablet,Premium,Female,25-34
U07530,2024-03-12,LinkedIn,CMP111,UK,London,Mobile,Free,Female,25-34
U07531,2024-03-01,Google Ads,CMP106,Australia,Melbourne,Mobile,Basic,Female,35-44
U07532,2024-12-12,Facebook,CMP111,Canada,Toronto,Mobile,Premium,Male,45-54
U07533,2024-10-22,Referral,CMP105,UK,Manchester,Desktop,Basic,Female,45-54
U07534,2024-03-17,Referral,CMP113,USA,Austin,Tablet,Basic,Male,18-24
U07535,2024-08-15,Organic,CMP114,UK,London,Tablet,Free,Female,45-54
U07536,2024-04-02,LinkedIn,CMP120,Germany,Munich,Mobile,Premium,Male,45-54
U07537,2024-04-16,Black Friday,CMP105,Germany,Berlin,Tablet,Premium,Male,45-54
U07538,2024-07-18,Referral,CMP101,UK,London,Desktop,Free,Female,35-44
U07539,2024-06-04,Organic,CMP106,UK,London,Tablet,Basic,Female,35-44
U07540,2024-01-10,Facebook,CMP117,Australia,Melbourne,Tablet,Basic,Male,35-44
U07541,2024-10-19,Google Ads,CMP118,USA,New York,Desktop,Premium,Female,18-24
U07542,2024-12-29,Google Ads,CMP119,USA,New York,Desktop,Free,Male,45-54
U07543,2024-06-02,Black Friday,CMP113,Canada,Toronto,Desktop,Premium,Male,18-24
U07544,2024-06-28,Facebook,CMP113,Canada,Toronto,Desktop,Free,Female,25-34
U07545,2024-06-21,Black Friday,CMP104,Australia,Melbourne,Desktop,Premium,Male,18-24
U07546,2024-08-12,LinkedIn,CMP103,USA,New York,Tablet,Premium,Female,35-44
U07547,2024-07-22,Black Friday,CMP103,USA,Austin,Desktop,Premium,Female,18-24
U07548,2024-04-01,Facebook,CMP102,Germany,Munich,Desktop,Basic,Female,25-34
U07549,2024-08-30,Referral,CMP116,Canada,Toronto,Desktop,Premium,Female,18-24
U07550,2024-11-15,Facebook,CMP103,Germany,Berlin,Tablet,Premium,Female,35-44
U07551,2024-11-25,Black Friday,CMP116,UK,London,Mobile,Free,Female,45-54
U07552,2024-09-17,Facebook,CMP111,UK,Manchester,Desktop,Basic,Female,18-24
U07553,2024-07-22,Referral,CMP111,India,Bengaluru,Desktop,Premium,Male,35-44
U07554,2024-10-03,LinkedIn,CMP110,UK,London,Mobile,Basic,Female,35-44
U07555,2024-02-12,Black Friday,CMP111,India,Coimbatore,Desktop,Free,Female,45-54
U07556,2024-01-27,Black Friday,CMP112,India,Coimbatore,Mobile,Basic,Female,18-24
U07557,2024-10-03,Facebook,CMP105,India,Coimbatore,Tablet,Free,Male,18-24
U07558,2024-10-12,Facebook,CMP113,UK,London,Mobile,Basic,Female,45-54
U07559,2024-01-21,Black Friday,CMP113,Germany,Munich,Tablet,Free,Male,25-34
U07560,2024-09-05,Facebook,CMP118,UK,London,Tablet,Premium,Male,25-34
U07561,2024-04-26,Organic,CMP109,Australia,Sydney,Tablet,Free,Female,35-44
U07562,2024-09-18,Referral,CMP106,UK,London,Tablet,Free,Female,45-54
U07563,2024-08-10,Google Ads,CMP109,UK,Manchester,Tablet,Basic,Male,18-24
U07564,2024-10-17,Organic,CMP105,India,Bengaluru,Mobile,Free,Male,18-24
U07565,2024-04-15,Black Friday,CMP114,USA,Austin,Desktop,Free,Female,18-24
U07566,2024-09-17,Referral,CMP113,Australia,Melbourne,Desktop,Premium,Male,45-54
U07567,2024-03-14,Black Friday,CMP116,Germany,Munich,Desktop,Free,Male,35-44
U07568,2024-03-23,Organic,CMP103,UK,London,Mobile,Premium,Male,35-44
U07569,2024-04-13,Google Ads,CMP115,UK,Manchester,Tablet,Free,Female,18-24
U07570,2024-10-30,LinkedIn,CMP113,Germany,Berlin,Desktop,Free,Female,25-34
U07571,2024-11-06,Google Ads,CMP117,USA,New York,Mobile,Premium,Male,45-54
U07572,2024-12-15,Organic,CMP115,India,Coimbatore,Desktop,Basic,Female,18-24
U07573,2024-10-03,Facebook,CMP118,USA,Austin,Desktop,Premium,Male,45-54
U07574,2024-06-14,LinkedIn,CMP118,India,Chennai,Mobile,Free,Male,25-34
U07575,2024-02-29,Black Friday,CMP108,UK,Manchester,Tablet,Basic,Female,25-34
U07576,2024-02-22,Facebook,CMP103,Germany,Berlin,Tablet,Free,Female,35-44
U07577,2024-02-23,Organic,CMP113,UK,Manchester,Tablet,Premium,Female,45-54
U07578,2024-09-27,Referral,CMP118,Australia,Sydney,Mobile,Premium,Female,25-34
U07579,2024-11-27,LinkedIn,CMP117,USA,Austin,Mobile,Free,Female,45-54
U07580,2024-04-20,Facebook,CMP112,UK,London,Mobile,Free,Male,18-24
U07581,2024-05-14,Referral,CMP119,Australia,Melbourne,Mobile,Basic,Male,35-44
U07582,2024-10-22,Google Ads,CMP101,UK,London,Tablet,Basic,Female,35-44
U07583,2024-10-18,LinkedIn,CMP102,Australia,Melbourne,Tablet,Basic,Female,35-44
U07584,2024-12-13,Referral,CMP119,Australia,Sydney,Desktop,Basic,Male,18-24
U07585,2024-01-03,Organic,CMP107,USA,Seattle,Tablet,Premium,Female,18-24
U07586,2024-11-19,Organic,CMP108,Germany,Munich,Mobile,Basic,Male,18-24
U07587,2024-03-13,Organic,CMP102,India,Coimbatore,Desktop,Premium,Female,45-54
U07588,2024-06-30,Organic,CMP102,USA,New York,Tablet,Basic,Female,35-44
U07589,2024-06-02,Facebook,CMP111,USA,Seattle,Desktop,Premium,Female,25-34
U07590,2024-04-03,Referral,CMP102,USA,Seattle,Tablet,Basic,Female,35-44
U07591,2024-02-18,Organic,CMP101,Germany,Munich,Desktop,Basic,Male,25-34
U07592,2024-11-13,Black Friday,CMP114,USA,Seattle,Mobile,Basic,Male,45-54
U07593,2024-05-08,Referral,CMP116,Australia,Sydney,Tablet,Free,Female,25-34
U07594,2024-10-14,Referral,CMP111,Australia,Sydney,Desktop,Basic,Male,18-24
U07595,2024-06-04,LinkedIn,CMP101,Germany,Berlin,Desktop,Premium,Male,18-24
U07596,2024-12-17,LinkedIn,CMP105,Germany,Munich,Mobile,Free,Female,35-44
U07597,2024-04-19,Google Ads,CMP115,Canada,Vancouver,Mobile,Premium,Male,25-34
U07598,2024-12-22,Google Ads,CMP105,Germany,Munich,Mobile,Basic,Male,35-44
U07599,2024-09-28,LinkedIn,CMP108,USA,Seattle,Tablet,Premium,Male,25-34
U07600,2024-01-02,Facebook,CMP114,India,Coimbatore,Desktop,Basic,Female,18-24
U07601,2024-05-07,Organic,CMP120,Canada,Vancouver,Tablet,Basic,Male,35-44
U07602,2024-12-21,Organic,CMP107,USA,Seattle,Desktop,Free,Male,18-24
U07603,2024-12-20,Facebook,CMP109,India,Chennai,Mobile,Free,Female,18-24
U07604,2024-10-25,Organic,CMP119,Canada,Toronto,Desktop,Free,Female,18-24
U07605,2024-01-29,Referral,CMP116,Australia,Melbourne,Tablet,Basic,Female,35-44
U07606,2024-06-16,Black Friday,CMP110,Canada,Toronto,Mobile,Basic,Male,45-54
U07607,2024-08-13,Referral,CMP112,Germany,Munich,Desktop,Basic,Female,35-44
U07608,2024-06-08,Referral,CMP106,USA,Austin,Desktop,Basic,Male,18-24
U07609,2024-11-04,Google Ads,CMP112,USA,New York,Tablet,Basic,Female,35-44
U07610,2024-11-08,Google Ads,CMP106,UK,London,Mobile,Basic,Female,18-24
U07611,2024-11-09,Google Ads,CMP107,UK,London,Desktop,Premium,Female,18-24
U07612,2024-12-18,Google Ads,CMP101,UK,London,Tablet,Basic,Female,45-54
U07613,2024-08-18,Google Ads,CMP104,Canada,Toronto,Desktop,Free,Female,25-34
U07614,2024-09-21,Black Friday,CMP107,Germany,Munich,Mobile,Free,Male,45-54
U07615,2024-06-22,Facebook,CMP107,Australia,Sydney,Tablet,Basic,Male,35-44
U07616,2024-09-04,Black Friday,CMP114,Germany,Berlin,Mobile,Premium,Female,35-44
U07617,2024-10-01,Referral,CMP105,UK,Manchester,Desktop,Basic,Female,45-54
U07618,2024-11-14,Organic,CMP112,Canada,Vancouver,Mobile,Premium,Male,25-34
U07619,2024-12-30,Referral,CMP111,Germany,Berlin,Desktop,Premium,Female,25-34
U07620,2024-10-17,Black Friday,CMP107,Canada,Vancouver,Tablet,Basic,Female,18-24
U07621,2024-11-15,LinkedIn,CMP111,India,Chennai,Desktop,Basic,Male,18-24
U07622,2024-06-26,Facebook,CMP104,UK,London,Desktop,Basic,Male,45-54
U07623,2024-11-06,Organic,CMP103,Germany,Munich,Tablet,Premium,Male,18-24
U07624,2024-09-06,Black Friday,CMP117,India,Coimbatore,Mobile,Premium,Female,18-24
U07625,2024-02-10,Google Ads,CMP114,Australia,Sydney,Tablet,Free,Female,45-54
U07626,2024-03-27,Facebook,CMP106,Australia,Sydney,Desktop,Free,Female,18-24
U07627,2024-02-19,Referral,CMP116,Germany,Munich,Tablet,Free,Female,35-44
U07628,2024-05-06,Google Ads,CMP113,UK,London,Tablet,Free,Female,45-54
U07629,2024-02-12,Black Friday,CMP101,Canada,Toronto,Tablet,Free,Male,45-54
U07630,2024-12-27,Organic,CMP116,India,Chennai,Mobile,Basic,Female,35-44
U07631,2024-11-15,Organic,CMP106,USA,New York,Mobile,Free,Female,18-24
U07632,2024-06-15,Black Friday,CMP109,Germany,Berlin,Mobile,Basic,Male,18-24
U07633,2024-01-30,Black Friday,CMP109,Australia,Melbourne,Mobile,Free,Male,45-54
U07634,2024-08-20,Black Friday,CMP103,India,Bengaluru,Tablet,Basic,Male,35-44
U07635,2024-01-11,Facebook,CMP110,Australia,Melbourne,Desktop,Premium,Male,18-24
U07636,2024-10-07,Google Ads,CMP104,India,Chennai,Desktop,Basic,Female,18-24
U07637,2024-10-22,LinkedIn,CMP107,Canada,Vancouver,Mobile,Free,Female,18-24
U07638,2024-06-24,Black Friday,CMP101,UK,Manchester,Desktop,Basic,Female,18-24
U07639,2024-11-28,Black Friday,CMP113,Canada,Toronto,Tablet,Premium,Female,25-34
U07640,2024-07-28,Black Friday,CMP104,Canada,Toronto,Mobile,Basic,Female,25-34
U07641,2024-11-11,Referral,CMP101,UK,Manchester,Mobile,Free,Female,35-44
U07642,2024-06-26,Referral,CMP109,Australia,Melbourne,Tablet,Basic,Male,25-34
U07643,2024-03-08,LinkedIn,CMP116,USA,Austin,Tablet,Free,Male,18-24
U07644,2024-10-10,LinkedIn,CMP114,India,Coimbatore,Mobile,Basic,Male,45-54
U07645,2024-10-29,Black Friday,CMP110,USA,Austin,Desktop,Basic,Male,18-24
U07646,2024-07-26,LinkedIn,CMP110,Germany,Berlin,Mobile,Premium,Male,25-34
U07647,2024-01-08,Google Ads,CMP109,Germany,Munich,Mobile,Premium,Female,18-24
U07648,2024-01-10,Black Friday,CMP117,Australia,Melbourne,Mobile,Basic,Female,35-44
U07649,2024-05-18,Google Ads,CMP115,USA,New York,Desktop,Free,Female,45-54
U07650,2024-03-05,Referral,CMP114,UK,London,Mobile,Free,Female,25-34
U07651,2024-06-21,Google Ads,CMP106,India,Coimbatore,Desktop,Basic,Female,18-24
U07652,2024-04-08,Referral,CMP109,USA,Austin,Mobile,Free,Female,18-24
U07653,2024-06-22,LinkedIn,CMP116,Canada,Vancouver,Mobile,Free,Male,18-24
U07654,2024-12-15,Black Friday,CMP106,Australia,Sydney,Mobile,Premium,Female,18-24
U07655,2024-11-20,Google Ads,CMP109,USA,New York,Mobile,Free,Male,45-54
U07656,2024-11-23,Referral,CMP110,USA,Austin,Mobile,Basic,Male,18-24
U07657,2024-03-05,Facebook,CMP114,India,Chennai,Tablet,Free,Female,45-54
U07658,2024-07-31,Facebook,CMP107,Canada,Vancouver,Desktop,Premium,Female,35-44
U07659,2024-11-11,Referral,CMP119,India,Coimbatore,Tablet,Premium,Female,18-24
U07660,2024-04-22,Black Friday,CMP110,Australia,Melbourne,Desktop,Premium,Female,25-34
U07661,2024-12-22,Referral,CMP113,USA,Austin,Desktop,Free,Female,35-44
U07662,2024-10-24,Google Ads,CMP118,UK,London,Mobile,Premium,Female,18-24
U07663,2024-07-22,LinkedIn,CMP108,Germany,Berlin,Desktop,Free,Male,18-24
U07664,2024-02-19,Facebook,CMP104,UK,Manchester,Tablet,Free,Female,45-54
U07665,2024-08-21,Facebook,CMP109,India,Bengaluru,Tablet,Free,Male,35-44
U07666,2024-01-17,Facebook,CMP109,Germany,Munich,Desktop,Basic,Male,25-34
U07667,2024-08-05,Black Friday,CMP109,Germany,Berlin,Desktop,Basic,Male,35-44
U07668,2024-02-21,Referral,CMP108,USA,Austin,Desktop,Basic,Male,25-34
U07669,2024-04-23,Black Friday,CMP120,UK,Manchester,Desktop,Basic,Male,35-44
U07670,2024-12-20,Google Ads,CMP105,Canada,Toronto,Mobile,Premium,Female,45-54
U07671,2024-07-24,Facebook,CMP119,India,Coimbatore,Desktop,Basic,Female,45-54
U07672,2024-02-12,Facebook,CMP119,USA,Seattle,Tablet,Free,Male,35-44
U07673,2024-05-12,Facebook,CMP113,India,Coimbatore,Tablet,Basic,Male,25-34
U07674,2024-07-09,Google Ads,CMP120,Australia,Sydney,Desktop,Premium,Male,45-54
U07675,2024-04-19,Black Friday,CMP106,UK,London,Tablet,Free,Male,18-24
U07676,2024-12-25,Black Friday,CMP117,Germany,Munich,Desktop,Premium,Female,35-44
U07677,2024-08-17,LinkedIn,CMP117,Canada,Vancouver,Mobile,Free,Male,45-54
U07678,2024-02-02,Organic,CMP104,Canada,Vancouver,Tablet,Basic,Female,18-24
U07679,2024-12-05,Google Ads,CMP113,Canada,Vancouver,Tablet,Free,Female,18-24
U07680,2024-02-28,Google Ads,CMP119,UK,Manchester,Desktop,Free,Female,35-44
U07681,2024-02-09,Organic,CMP119,Canada,Vancouver,Tablet,Premium,Female,18-24
U07682,2024-03-03,Facebook,CMP106,Germany,Munich,Mobile,Basic,Male,25-34
U07683,2024-08-15,Organic,CMP110,UK,Manchester,Mobile,Free,Male,35-44
U07684,2024-09-13,Black Friday,CMP107,Canada,Vancouver,Mobile,Premium,Male,18-24
U07685,2024-04-30,LinkedIn,CMP109,UK,London,Mobile,Premium,Male,18-24
U07686,2024-01-16,Black Friday,CMP119,UK,London,Desktop,Basic,Male,18-24
U07687,2024-03-18,Black Friday,CMP112,Canada,Vancouver,Tablet,Premium,Female,25-34
U07688,2024-07-23,Organic,CMP111,USA,New York,Tablet,Free,Male,45-54
U07689,2024-08-11,Organic,CMP109,Germany,Berlin,Tablet,Premium,Female,45-54
U07690,2024-11-02,Google Ads,CMP111,India,Coimbatore,Tablet,Free,Female,35-44
U07691,2024-03-17,Black Friday,CMP117,Australia,Sydney,Mobile,Basic,Female,45-54
U07692,2024-07-22,Black Friday,CMP103,Canada,Vancouver,Desktop,Premium,Female,18-24
U07693,2024-03-30,Google Ads,CMP108,India,Coimbatore,Tablet,Basic,Male,35-44
U07694,2024-11-04,Google Ads,CMP116,Australia,Sydney,Tablet,Basic,Male,45-54
U07695,2024-03-14,Facebook,CMP105,USA,Austin,Desktop,Premium,Male,45-54
U07696,2024-02-15,Google Ads,CMP117,India,Bengaluru,Desktop,Free,Female,45-54
U07697,2024-02-22,Google Ads,CMP120,Germany,Munich,Desktop,Premium,Female,35-44
U07698,2024-09-14,Organic,CMP102,Germany,Munich,Desktop,Basic,Male,35-44
U07699,2024-07-11,Referral,CMP109,Canada,Toronto,Tablet,Premium,Female,45-54
U07700,2024-01-23,LinkedIn,CMP114,India,Bengaluru,Desktop,Premium,Female,45-54
U07701,2024-08-13,Referral,CMP111,Canada,Toronto,Tablet,Free,Female,45-54
U07702,2024-06-21,Referral,CMP107,USA,New York,Mobile,Premium,Female,18-24
U07703,2024-11-09,Referral,CMP107,Canada,Toronto,Desktop,Premium,Male,25-34
U07704,2024-10-04,Black Friday,CMP113,Australia,Sydney,Tablet,Basic,Female,35-44
U07705,2024-03-08,Google Ads,CMP113,Australia,Sydney,Desktop,Premium,Male,25-34
U07706,2024-08-19,LinkedIn,CMP103,India,Bengaluru,Desktop,Basic,Male,45-54
U07707,2024-05-25,Organic,CMP105,Germany,Berlin,Desktop,Basic,Female,35-44
U07708,2024-06-16,Facebook,CMP114,Germany,Munich,Mobile,Premium,Female,25-34
U07709,2024-07-19,Black Friday,CMP118,USA,Seattle,Mobile,Free,Male,25-34
U07710,2024-03-31,Organic,CMP110,USA,New York,Mobile,Free,Male,45-54
U07711,2024-10-31,Referral,CMP118,Australia,Sydney,Mobile,Basic,Female,25-34
U07712,2024-09-12,Organic,CMP103,Australia,Sydney,Mobile,Free,Female,45-54
U07713,2024-12-25,Black Friday,CMP107,Canada,Vancouver,Tablet,Basic,Female,18-24
U07714,2024-02-11,Referral,CMP105,USA,Seattle,Tablet,Premium,Male,25-34
U07715,2024-01-13,Google Ads,CMP107,India,Coimbatore,Mobile,Premium,Female,35-44
U07716,2024-08-30,Black Friday,CMP101,UK,Manchester,Mobile,Premium,Female,35-44
U07717,2024-11-04,Organic,CMP103,Australia,Sydney,Tablet,Free,Male,25-34
U07718,2024-07-29,LinkedIn,CMP110,Canada,Toronto,Tablet,Free,Female,25-34
U07719,2024-02-14,Referral,CMP101,USA,Seattle,Mobile,Premium,Male,25-34
U07720,2024-10-14,Google Ads,CMP114,USA,Seattle,Desktop,Premium,Male,45-54
U07721,2024-02-05,Black Friday,CMP102,UK,Manchester,Desktop,Premium,Female,18-24
U07722,2024-11-06,Facebook,CMP114,UK,London,Tablet,Premium,Female,18-24
U07723,2024-09-15,Black Friday,CMP103,India,Chennai,Desktop,Premium,Female,25-34
U07724,2024-10-23,Google Ads,CMP108,USA,New York,Tablet,Premium,Female,35-44
U07725,2024-12-12,Referral,CMP107,Canada,Toronto,Mobile,Free,Male,18-24
U07726,2024-01-04,Google Ads,CMP108,Germany,Berlin,Tablet,Free,Female,35-44
U07727,2024-08-13,Google Ads,CMP102,Canada,Toronto,Tablet,Basic,Female,18-24
U07728,2024-01-04,Referral,CMP107,Canada,Vancouver,Desktop,Basic,Male,35-44
U07729,2024-05-07,Facebook,CMP105,Germany,Munich,Tablet,Basic,Male,45-54
U07730,2024-09-13,Referral,CMP109,UK,Manchester,Tablet,Basic,Male,25-34
U07731,2024-04-20,Google Ads,CMP117,Canada,Toronto,Mobile,Free,Male,35-44
U07732,2024-08-12,Referral,CMP103,India,Chennai,Desktop,Premium,Male,45-54
U07733,2024-10-22,Google Ads,CMP108,Australia,Melbourne,Mobile,Free,Male,35-44
U07734,2024-03-14,Organic,CMP111,UK,Manchester,Mobile,Free,Male,45-54
U07735,2024-03-21,Referral,CMP110,Germany,Munich,Mobile,Premium,Female,45-54
U07736,2024-08-09,Referral,CMP120,Australia,Melbourne,Mobile,Premium,Female,45-54
U07737,2024-11-20,LinkedIn,CMP106,Canada,Vancouver,Mobile,Premium,Male,35-44
U07738,2024-03-28,LinkedIn,CMP112,Canada,Toronto,Mobile,Free,Female,18-24
U07739,2024-01-25,Organic,CMP117,Australia,Sydney,Desktop,Premium,Male,25-34
U07740,2024-01-25,Facebook,CMP104,Germany,Berlin,Desktop,Basic,Male,35-44
U07741,2024-03-01,Google Ads,CMP117,UK,London,Mobile,Basic,Female,18-24
U07742,2024-07-05,LinkedIn,CMP119,UK,London,Desktop,Free,Female,35-44
U07743,2024-12-02,LinkedIn,CMP101,India,Coimbatore,Mobile,Free,Female,45-54
U07744,2024-04-17,Referral,CMP115,India,Bengaluru,Tablet,Basic,Female,25-34
U07745,2024-07-16,Google Ads,CMP106,USA,Seattle,Tablet,Basic,Female,18-24
U07746,2024-04-29,Black Friday,CMP107,USA,Austin,Tablet,Premium,Male,25-34
U07747,2024-12-15,Organic,CMP107,India,Coimbatore,Tablet,Basic,Male,18-24
U07748,2024-03-13,Google Ads,CMP111,USA,Seattle,Mobile,Free,Female,18-24
U07749,2024-08-11,LinkedIn,CMP110,USA,Seattle,Mobile,Premium,Female,45-54
U07750,2024-01-28,Referral,CMP107,Canada,Toronto,Tablet,Basic,Male,35-44
U07751,2024-02-19,Organic,CMP110,Germany,Berlin,Desktop,Basic,Male,35-44
U07752,2024-10-26,Black Friday,CMP117,India,Bengaluru,Mobile,Basic,Female,35-44
U07753,2024-08-19,Facebook,CMP114,Australia,Melbourne,Tablet,Free,Male,25-34
U07754,2024-01-29,Organic,CMP107,UK,London,Tablet,Premium,Female,18-24
U07755,2024-09-13,Facebook,CMP117,India,Coimbatore,Mobile,Basic,Male,45-54
U07756,2024-03-05,Google Ads,CMP112,Canada,Toronto,Tablet,Premium,Female,18-24
U07757,2024-10-18,Facebook,CMP108,Australia,Melbourne,Mobile,Free,Male,18-24
U07758,2024-03-31,Google Ads,CMP117,Canada,Vancouver,Tablet,Basic,Female,45-54
U07759,2024-10-09,Black Friday,CMP102,UK,London,Mobile,Free,Male,35-44
U07760,2024-04-07,Black Friday,CMP110,Canada,Vancouver,Tablet,Premium,Male,45-54
U07761,2024-10-31,Organic,CMP107,UK,London,Tablet,Basic,Female,35-44
U07762,2024-02-08,Google Ads,CMP112,Canada,Toronto,Desktop,Basic,Male,25-34
U07763,2024-01-23,Black Friday,CMP109,India,Chennai,Tablet,Basic,Male,35-44
U07764,2024-01-10,LinkedIn,CMP115,India,Chennai,Tablet,Premium,Female,18-24
U07765,2024-02-21,Organic,CMP118,Australia,Sydney,Mobile,Basic,Male,35-44
U07766,2024-11-06,Referral,CMP114,Australia,Sydney,Mobile,Free,Female,35-44
U07767,2024-04-23,Google Ads,CMP120,Australia,Melbourne,Desktop,Free,Male,45-54
U07768,2024-06-16,Referral,CMP113,USA,New York,Mobile,Premium,Male,35-44
U07769,2024-01-12,Black Friday,CMP102,Australia,Sydney,Mobile,Basic,Male,45-54
U07770,2024-12-28,Referral,CMP103,UK,London,Desktop,Free,Male,25-34
U07771,2024-03-15,LinkedIn,CMP109,Canada,Toronto,Tablet,Premium,Female,35-44
U07772,2024-11-26,Black Friday,CMP117,Germany,Munich,Mobile,Free,Female,18-24
U07773,2024-11-17,Black Friday,CMP102,Canada,Toronto,Desktop,Basic,Male,18-24
U07774,2024-11-21,Referral,CMP105,UK,Manchester,Mobile,Basic,Male,35-44
U07775,2024-05-26,LinkedIn,CMP119,Germany,Berlin,Desktop,Premium,Female,25-34
U07776,2024-11-12,Google Ads,CMP101,Australia,Melbourne,Desktop,Free,Female,45-54
U07777,2024-01-03,Facebook,CMP107,UK,London,Mobile,Basic,Male,35-44
U07778,2024-11-15,Referral,CMP104,UK,Manchester,Tablet,Premium,Male,45-54
U07779,2024-09-21,Facebook,CMP110,Germany,Berlin,Mobile,Premium,Female,25-34
U07780,2024-02-27,Black Friday,CMP101,UK,London,Tablet,Free,Male,18-24
U07781,2024-01-26,Organic,CMP101,Canada,Toronto,Tablet,Free,Male,18-24
U07782,2024-11-25,Organic,CMP116,UK,Manchester,Desktop,Premium,Female,45-54
U07783,2024-03-27,LinkedIn,CMP107,India,Coimbatore,Tablet,Basic,Female,25-34
U07784,2024-01-31,Google Ads,CMP110,UK,Manchester,Tablet,Basic,Female,35-44
U07785,2024-01-11,Google Ads,CMP108,Canada,Toronto,Tablet,Premium,Male,45-54
U07786,2024-02-11,LinkedIn,CMP103,USA,Seattle,Desktop,Premium,Male,45-54
U07787,2024-04-25,LinkedIn,CMP104,USA,Austin,Desktop,Free,Female,35-44
U07788,2024-05-30,Referral,CMP110,USA,Austin,Tablet,Basic,Male,45-54
U07789,2024-03-31,Google Ads,CMP106,India,Chennai,Tablet,Free,Male,25-34
U07790,2024-09-03,Facebook,CMP120,India,Coimbatore,Mobile,Free,Female,35-44
U07791,2024-01-15,LinkedIn,CMP112,USA,Austin,Tablet,Basic,Male,35-44
U07792,2024-07-06,Organic,CMP106,Canada,Toronto,Tablet,Premium,Male,18-24
U07793,2024-01-15,Organic,CMP117,Canada,Vancouver,Tablet,Basic,Male,35-44
U07794,2024-12-15,Facebook,CMP108,India,Bengaluru,Tablet,Premium,Male,45-54
U07795,2024-04-25,Black Friday,CMP109,Germany,Berlin,Tablet,Premium,Female,35-44
U07796,2024-09-11,Referral,CMP103,India,Bengaluru,Mobile,Free,Female,18-24
U07797,2024-07-27,Organic,CMP110,USA,Austin,Mobile,Free,Male,35-44
U07798,2024-05-13,Google Ads,CMP108,Germany,Munich,Mobile,Free,Female,35-44
U07799,2024-06-26,LinkedIn,CMP107,Australia,Melbourne,Tablet,Premium,Male,35-44
U07800,2024-02-28,Facebook,CMP115,Australia,Melbourne,Tablet,Free,Male,45-54
U07801,2024-05-08,Google Ads,CMP105,Canada,Toronto,Tablet,Basic,Female,35-44
U07802,2024-03-10,Black Friday,CMP112,Canada,Toronto,Tablet,Basic,Male,18-24
U07803,2024-09-19,LinkedIn,CMP109,USA,Austin,Tablet,Basic,Female,35-44
U07804,2024-07-29,Referral,CMP120,UK,London,Desktop,Free,Female,45-54
U07805,2024-04-07,LinkedIn,CMP108,USA,Austin,Desktop,Free,Female,25-34
U07806,2024-09-10,Google Ads,CMP104,India,Coimbatore,Desktop,Free,Male,45-54
U07807,2024-01-31,Organic,CMP120,Australia,Melbourne,Tablet,Free,Male,35-44
U07808,2024-03-28,LinkedIn,CMP107,Canada,Toronto,Mobile,Free,Male,25-34
U07809,2024-07-25,Black Friday,CMP111,UK,Manchester,Desktop,Basic,Female,35-44
U07810,2024-11-04,LinkedIn,CMP113,USA,Austin,Mobile,Basic,Male,18-24
U07811,2024-07-23,Referral,CMP108,India,Coimbatore,Mobile,Free,Female,35-44
U07812,2024-01-02,Google Ads,CMP119,Canada,Toronto,Desktop,Premium,Female,35-44
U07813,2024-08-31,Google Ads,CMP112,Canada,Toronto,Tablet,Premium,Female,45-54
U07814,2024-03-24,Black Friday,CMP111,India,Coimbatore,Mobile,Premium,Female,25-34
U07815,2024-07-30,Organic,CMP117,Germany,Berlin,Desktop,Premium,Female,18-24
U07816,2024-02-15,LinkedIn,CMP103,USA,Seattle,Mobile,Basic,Female,45-54
U07817,2024-04-22,Google Ads,CMP104,USA,Seattle,Tablet,Premium,Female,45-54
U07818,2024-06-27,Facebook,CMP103,Canada,Vancouver,Desktop,Basic,Female,25-34
U07819,2024-01-13,Facebook,CMP108,UK,London,Desktop,Premium,Female,45-54
U07820,2024-11-02,Black Friday,CMP114,India,Chennai,Desktop,Basic,Male,35-44
U07821,2024-05-05,LinkedIn,CMP102,Canada,Vancouver,Mobile,Free,Male,45-54
U07822,2024-10-28,Google Ads,CMP107,Canada,Toronto,Tablet,Premium,Male,45-54
U07823,2024-09-13,Google Ads,CMP112,Germany,Munich,Mobile,Premium,Male,18-24
U07824,2024-02-25,LinkedIn,CMP118,Canada,Toronto,Tablet,Basic,Male,45-54
U07825,2024-11-25,Referral,CMP116,Canada,Vancouver,Mobile,Basic,Male,18-24
U07826,2024-06-29,Black Friday,CMP120,Australia,Melbourne,Mobile,Basic,Female,45-54
U07827,2024-09-24,Organic,CMP102,UK,Manchester,Desktop,Premium,Female,45-54
U07828,2024-12-06,Google Ads,CMP119,Canada,Toronto,Tablet,Basic,Male,45-54
U07829,2024-07-29,Black Friday,CMP120,USA,New York,Tablet,Basic,Male,45-54
U07830,2024-10-03,Google Ads,CMP114,Germany,Munich,Desktop,Basic,Male,45-54
U07831,2024-07-16,Facebook,CMP105,USA,Austin,Mobile,Basic,Male,18-24
U07832,2024-08-19,Facebook,CMP101,UK,Manchester,Mobile,Premium,Female,18-24
U07833,2024-12-29,Referral,CMP108,USA,Seattle,Tablet,Free,Male,18-24
U07834,2024-08-23,Google Ads,CMP118,UK,London,Mobile,Premium,Female,18-24
U07835,2024-09-11,Black Friday,CMP119,Germany,Munich,Mobile,Premium,Male,35-44
U07836,2024-07-31,Organic,CMP114,Australia,Melbourne,Desktop,Free,Male,18-24
U07837,2024-03-08,Organic,CMP105,Canada,Toronto,Mobile,Premium,Female,35-44
U07838,2024-07-17,Organic,CMP114,Germany,Munich,Mobile,Basic,Female,45-54
U07839,2024-07-22,Google Ads,CMP113,Germany,Munich,Desktop,Free,Female,25-34
U07840,2024-10-05,Google Ads,CMP107,Canada,Toronto,Mobile,Premium,Female,18-24
U07841,2024-11-14,Black Friday,CMP104,Canada,Toronto,Desktop,Premium,Male,45-54
U07842,2024-07-26,Referral,CMP118,UK,Manchester,Desktop,Basic,Female,25-34
U07843,2024-08-15,Facebook,CMP119,USA,Seattle,Desktop,Free,Female,18-24
U07844,2024-06-13,LinkedIn,CMP105,UK,London,Tablet,Free,Female,35-44
U07845,2024-07-17,Facebook,CMP105,Australia,Melbourne,Desktop,Premium,Female,45-54
U07846,2024-02-26,Referral,CMP103,Canada,Vancouver,Desktop,Premium,Male,45-54
U07847,2024-04-28,Organic,CMP102,Australia,Sydney,Mobile,Basic,Female,45-54
U07848,2024-07-24,Black Friday,CMP102,Germany,Berlin,Mobile,Free,Male,18-24
U07849,2024-11-27,Black Friday,CMP114,USA,Austin,Mobile,Free,Male,25-34
U07850,2024-05-07,Facebook,CMP106,UK,London,Mobile,Premium,Female,18-24
U07851,2024-03-25,Facebook,CMP113,UK,London,Tablet,Premium,Male,25-34
U07852,2024-01-12,Facebook,CMP109,USA,Seattle,Mobile,Premium,Female,18-24
U07853,2024-02-10,Referral,CMP113,USA,Austin,Desktop,Basic,Male,35-44
U07854,2024-12-21,Organic,CMP115,UK,Manchester,Desktop,Basic,Male,45-54
U07855,2024-06-04,Facebook,CMP101,Canada,Toronto,Desktop,Free,Female,35-44
U07856,2024-12-12,Google Ads,CMP102,Germany,Berlin,Tablet,Free,Female,25-34
U07857,2024-01-06,Organic,CMP110,Germany,Berlin,Mobile,Premium,Female,35-44
U07858,2024-08-19,Referral,CMP119,India,Chennai,Desktop,Premium,Male,25-34
U07859,2024-04-24,Organic,CMP102,Germany,Munich,Desktop,Premium,Male,45-54
U07860,2024-02-19,Organic,CMP108,Australia,Melbourne,Desktop,Basic,Male,45-54
U07861,2024-12-29,Referral,CMP115,Canada,Vancouver,Tablet,Free,Male,18-24
U07862,2024-03-13,LinkedIn,CMP116,Australia,Sydney,Desktop,Free,Female,35-44
U07863,2024-02-08,Black Friday,CMP117,Australia,Melbourne,Mobile,Premium,Female,25-34
U07864,2024-10-22,Black Friday,CMP102,Germany,Berlin,Tablet,Premium,Female,45-54
U07865,2024-04-13,Referral,CMP101,USA,New York,Desktop,Free,Female,25-34
U07866,2024-03-25,Black Friday,CMP114,Australia,Melbourne,Tablet,Basic,Male,18-24
U07867,2024-05-15,Google Ads,CMP105,USA,New York,Mobile,Premium,Female,35-44
U07868,2024-10-06,Google Ads,CMP107,Germany,Berlin,Desktop,Premium,Female,18-24
U07869,2024-11-11,Facebook,CMP106,USA,New York,Mobile,Basic,Female,35-44
U07870,2024-07-22,Facebook,CMP116,Germany,Berlin,Mobile,Premium,Female,18-24
U07871,2024-12-28,Facebook,CMP104,Australia,Melbourne,Desktop,Free,Female,25-34
U07872,2024-02-14,Facebook,CMP108,USA,New York,Mobile,Premium,Female,25-34
U07873,2024-05-09,Black Friday,CMP113,Germany,Berlin,Desktop,Basic,Male,25-34
U07874,2024-06-16,Black Friday,CMP107,Australia,Sydney,Mobile,Basic,Female,35-44
U07875,2024-03-04,Google Ads,CMP116,Germany,Berlin,Desktop,Free,Female,45-54
U07876,2024-06-17,Organic,CMP108,UK,London,Desktop,Free,Male,18-24
U07877,2024-06-12,Referral,CMP119,India,Chennai,Mobile,Premium,Male,18-24
U07878,2024-10-29,Google Ads,CMP103,USA,New York,Mobile,Basic,Male,35-44
U07879,2024-12-07,Black Friday,CMP102,UK,London,Tablet,Premium,Female,18-24
U07880,2024-09-11,Referral,CMP110,USA,New York,Mobile,Basic,Male,45-54
U07881,2024-04-06,Facebook,CMP104,UK,London,Tablet,Basic,Male,45-54
U07882,2024-12-11,Google Ads,CMP118,Australia,Melbourne,Desktop,Premium,Female,45-54
U07883,2024-11-15,Google Ads,CMP104,Australia,Melbourne,Mobile,Premium,Male,45-54
U07884,2024-09-19,Google Ads,CMP110,Germany,Munich,Desktop,Basic,Female,18-24
U07885,2024-03-09,Organic,CMP114,Canada,Vancouver,Desktop,Free,Male,18-24
U07886,2024-01-19,Referral,CMP111,Australia,Sydney,Mobile,Basic,Male,35-44
U07887,2024-07-14,LinkedIn,CMP118,Germany,Munich,Tablet,Basic,Male,25-34
U07888,2024-05-17,Organic,CMP105,India,Bengaluru,Mobile,Premium,Male,18-24
U07889,2024-05-18,Google Ads,CMP118,USA,Seattle,Tablet,Basic,Male,35-44
U07890,2024-08-18,LinkedIn,CMP111,Canada,Vancouver,Desktop,Basic,Male,35-44
U07891,2024-06-14,Referral,CMP117,UK,Manchester,Tablet,Premium,Male,45-54
U07892,2024-10-20,Facebook,CMP108,India,Bengaluru,Tablet,Basic,Female,35-44
U07893,2024-05-23,LinkedIn,CMP102,India,Chennai,Desktop,Premium,Male,35-44
U07894,2024-11-01,Organic,CMP112,UK,London,Mobile,Premium,Male,25-34
U07895,2024-01-01,LinkedIn,CMP116,Germany,Berlin,Mobile,Premium,Male,35-44
U07896,2024-04-27,Google Ads,CMP119,India,Chennai,Mobile,Free,Female,45-54
U07897,2024-08-17,Facebook,CMP105,India,Bengaluru,Desktop,Premium,Male,35-44
U07898,2024-04-29,Facebook,CMP104,Canada,Toronto,Tablet,Basic,Male,25-34
U07899,2024-03-14,Google Ads,CMP108,UK,London,Tablet,Basic,Female,18-24
U07900,2024-06-04,LinkedIn,CMP106,India,Coimbatore,Desktop,Free,Male,18-24
U07901,2024-03-06,Organic,CMP103,Australia,Melbourne,Desktop,Premium,Female,35-44
U07902,2024-11-27,Facebook,CMP101,Canada,Toronto,Tablet,Basic,Female,18-24
U07903,2024-01-10,Black Friday,CMP103,Australia,Melbourne,Tablet,Free,Male,45-54
U07904,2024-02-22,LinkedIn,CMP116,USA,Seattle,Tablet,Premium,Female,25-34
U07905,2024-01-08,Black Friday,CMP111,Canada,Toronto,Tablet,Basic,Female,18-24
U07906,2024-08-16,LinkedIn,CMP106,USA,New York,Desktop,Free,Male,25-34
U07907,2024-12-11,Organic,CMP110,UK,Manchester,Mobile,Free,Male,18-24
U07908,2024-08-15,Facebook,CMP114,Canada,Toronto,Tablet,Basic,Male,45-54
U07909,2024-02-05,Facebook,CMP112,UK,London,Mobile,Free,Male,35-44
U07910,2024-05-02,Google Ads,CMP117,India,Coimbatore,Tablet,Basic,Female,45-54
U07911,2024-08-12,LinkedIn,CMP110,UK,Manchester,Tablet,Premium,Male,45-54
U07912,2024-05-03,Google Ads,CMP102,USA,Seattle,Desktop,Premium,Male,45-54
U07913,2024-09-16,Google Ads,CMP103,UK,London,Tablet,Premium,Female,18-24
U07914,2024-02-04,LinkedIn,CMP104,UK,Manchester,Mobile,Premium,Male,45-54
U07915,2024-12-23,Referral,CMP105,USA,Austin,Desktop,Basic,Male,18-24
U07916,2024-06-05,LinkedIn,CMP109,Australia,Sydney,Desktop,Free,Male,25-34
U07917,2024-03-13,Black Friday,CMP107,UK,Manchester,Tablet,Basic,Female,45-54
U07918,2024-12-13,Google Ads,CMP105,Germany,Berlin,Desktop,Free,Female,25-34
U07919,2024-11-05,Black Friday,CMP103,USA,New York,Mobile,Free,Female,18-24
U07920,2024-07-20,Referral,CMP113,India,Bengaluru,Tablet,Premium,Female,45-54
U07921,2024-01-11,LinkedIn,CMP119,UK,London,Desktop,Basic,Female,18-24
U07922,2024-07-06,Black Friday,CMP114,Australia,Melbourne,Tablet,Premium,Male,45-54
U07923,2024-02-12,Black Friday,CMP119,Germany,Berlin,Mobile,Basic,Male,18-24
U07924,2024-03-20,Referral,CMP102,UK,London,Desktop,Basic,Male,18-24
U07925,2024-11-02,Facebook,CMP116,Germany,Munich,Mobile,Basic,Female,18-24
U07926,2024-06-01,Facebook,CMP104,USA,Austin,Mobile,Premium,Female,35-44
U07927,2024-07-11,LinkedIn,CMP103,USA,Austin,Mobile,Basic,Female,35-44
U07928,2024-05-06,Black Friday,CMP101,India,Coimbatore,Mobile,Basic,Female,45-54
U07929,2024-07-17,Organic,CMP112,Australia,Sydney,Mobile,Free,Female,25-34
U07930,2024-08-24,LinkedIn,CMP113,UK,Manchester,Tablet,Premium,Male,45-54
U07931,2024-08-29,LinkedIn,CMP106,Australia,Melbourne,Tablet,Free,Female,25-34
U07932,2024-09-04,Facebook,CMP103,Canada,Toronto,Tablet,Premium,Female,45-54
U07933,2024-02-24,Black Friday,CMP117,USA,New York,Desktop,Free,Male,35-44
U07934,2024-10-25,Referral,CMP115,Canada,Vancouver,Tablet,Premium,Female,18-24
U07935,2024-10-25,Black Friday,CMP102,UK,Manchester,Tablet,Premium,Male,25-34
U07936,2024-08-22,LinkedIn,CMP103,UK,London,Desktop,Free,Female,45-54
U07937,2024-04-06,Facebook,CMP117,USA,Austin,Tablet,Basic,Male,18-24
U07938,2024-07-12,Facebook,CMP115,USA,New York,Desktop,Basic,Female,25-34
U07939,2024-11-18,Referral,CMP114,Australia,Melbourne,Mobile,Free,Male,35-44
U07940,2024-05-14,Facebook,CMP105,India,Bengaluru,Mobile,Premium,Female,45-54
U07941,2024-06-02,LinkedIn,CMP101,Germany,Berlin,Desktop,Premium,Female,25-34
U07942,2024-01-09,Google Ads,CMP108,Australia,Sydney,Desktop,Free,Female,18-24
U07943,2024-07-23,Google Ads,CMP118,UK,London,Mobile,Basic,Female,45-54
U07944,2024-12-19,Google Ads,CMP111,USA,Austin,Mobile,Basic,Male,25-34
U07945,2024-10-28,Facebook,CMP112,India,Bengaluru,Tablet,Basic,Male,35-44
U07946,2024-11-04,Google Ads,CMP110,UK,London,Desktop,Free,Male,35-44
U07947,2024-06-10,Black Friday,CMP101,India,Bengaluru,Desktop,Premium,Female,45-54
U07948,2024-01-07,Referral,CMP117,UK,London,Tablet,Basic,Male,35-44
U07949,2024-04-18,Black Friday,CMP117,Canada,Toronto,Desktop,Premium,Male,25-34
U07950,2024-03-20,LinkedIn,CMP102,UK,London,Mobile,Free,Female,45-54
U07951,2024-07-25,Organic,CMP106,Australia,Sydney,Tablet,Free,Female,45-54
U07952,2024-06-28,Black Friday,CMP119,Germany,Berlin,Tablet,Basic,Male,35-44
U07953,2024-05-12,Referral,CMP107,Australia,Melbourne,Mobile,Premium,Male,35-44
U07954,2024-05-03,Google Ads,CMP108,Canada,Vancouver,Desktop,Premium,Female,35-44
U07955,2024-10-29,Facebook,CMP115,USA,Seattle,Desktop,Free,Male,25-34
U07956,2024-05-30,Google Ads,CMP114,Australia,Melbourne,Tablet,Premium,Female,35-44
U07957,2024-07-21,Black Friday,CMP103,Germany,Berlin,Desktop,Basic,Female,18-24
U07958,2024-07-28,Referral,CMP113,India,Coimbatore,Tablet,Free,Female,45-54
U07959,2024-09-18,LinkedIn,CMP114,Germany,Berlin,Tablet,Free,Female,25-34
U07960,2024-12-12,LinkedIn,CMP104,Canada,Vancouver,Tablet,Premium,Female,25-34
U07961,2024-01-09,Facebook,CMP118,Germany,Berlin,Mobile,Basic,Female,25-34
U07962,2024-09-11,Organic,CMP104,USA,Seattle,Tablet,Basic,Female,45-54
U07963,2024-07-09,Organic,CMP116,USA,Austin,Desktop,Premium,Female,35-44
U07964,2024-10-11,Black Friday,CMP118,Canada,Vancouver,Mobile,Premium,Female,35-44
U07965,2024-06-04,Black Friday,CMP118,USA,New York,Tablet,Basic,Female,18-24
U07966,2024-06-04,LinkedIn,CMP119,UK,Manchester,Desktop,Premium,Female,25-34
U07967,2024-10-10,Facebook,CMP114,India,Bengaluru,Desktop,Premium,Female,25-34
U07968,2024-09-28,Facebook,CMP114,India,Chennai,Mobile,Premium,Male,25-34
U07969,2024-11-17,Google Ads,CMP116,USA,Austin,Mobile,Premium,Male,45-54
U07970,2024-12-30,Referral,CMP110,Australia,Melbourne,Mobile,Premium,Female,45-54
U07971,2024-09-24,Black Friday,CMP113,Germany,Munich,Tablet,Basic,Female,45-54
U07972,2024-02-25,Organic,CMP116,Canada,Vancouver,Mobile,Basic,Male,45-54
U07973,2024-02-25,Referral,CMP120,Australia,Melbourne,Tablet,Basic,Male,18-24
U07974,2024-09-05,LinkedIn,CMP107,UK,Manchester,Desktop,Free,Female,18-24
U07975,2024-03-19,Organic,CMP119,India,Chennai,Desktop,Free,Female,45-54
U07976,2024-11-13,LinkedIn,CMP106,Germany,Munich,Tablet,Premium,Male,25-34
U07977,2024-03-30,LinkedIn,CMP107,USA,Austin,Mobile,Free,Female,25-34
U07978,2024-06-04,LinkedIn,CMP119,USA,Seattle,Mobile,Free,Male,18-24
U07979,2024-08-08,Referral,CMP120,Germany,Munich,Mobile,Basic,Female,18-24
U07980,2024-07-08,Referral,CMP103,Germany,Munich,Tablet,Premium,Female,18-24
U07981,2024-02-07,Referral,CMP118,USA,New York,Tablet,Premium,Female,35-44
U07982,2024-05-29,LinkedIn,CMP109,India,Coimbatore,Mobile,Basic,Male,35-44
U07983,2024-01-22,LinkedIn,CMP113,India,Coimbatore,Mobile,Premium,Female,25-34
U07984,2024-01-26,Facebook,CMP111,India,Coimbatore,Desktop,Premium,Female,35-44
U07985,2024-11-12,Google Ads,CMP105,USA,New York,Tablet,Free,Male,45-54
U07986,2024-06-26,Black Friday,CMP120,Australia,Melbourne,Tablet,Basic,Female,18-24
U07987,2024-06-01,Google Ads,CMP102,UK,London,Tablet,Premium,Male,25-34
U07988,2024-05-26,Organic,CMP113,USA,Seattle,Tablet,Basic,Male,18-24
U07989,2024-09-12,Facebook,CMP114,India,Coimbatore,Tablet,Basic,Male,18-24
U07990,2024-09-07,LinkedIn,CMP105,Canada,Toronto,Mobile,Basic,Female,18-24
U07991,2024-03-16,Organic,CMP109,USA,Austin,Tablet,Basic,Male,45-54
U07992,2024-07-05,Referral,CMP118,Canada,Toronto,Tablet,Premium,Male,45-54
U07993,2024-12-09,Facebook,CMP118,Germany,Berlin,Mobile,Basic,Female,25-34
U07994,2024-03-26,Organic,CMP118,USA,Austin,Mobile,Premium,Male,25-34
U07995,2024-02-21,Organic,CMP112,USA,New York,Tablet,Basic,Male,35-44
U07996,2024-09-05,Google Ads,CMP110,Canada,Toronto,Tablet,Basic,Female,18-24
U07997,2024-12-10,Google Ads,CMP109,Canada,Vancouver,Desktop,Free,Female,35-44
U07998,2024-04-16,Facebook,CMP110,UK,London,Tablet,Basic,Female,45-54
U07999,2024-08-07,Organic,CMP120,Germany,Munich,Mobile,Free,Male,25-34
U08000,2024-04-30,Google Ads,CMP120,Canada,Vancouver,Mobile,Free,Female,45-54
U08001,2024-02-12,Google Ads,CMP105,India,Chennai,Desktop,Basic,Male,45-54
U08002,2024-03-17,Black Friday,CMP116,Germany,Berlin,Tablet,Basic,Male,18-24
U08003,2024-11-13,Referral,CMP118,USA,New York,Tablet,Free,Male,35-44
U08004,2024-06-23,Referral,CMP103,Australia,Melbourne,Tablet,Basic,Male,18-24
U08005,2024-11-03,Organic,CMP109,USA,New York,Mobile,Free,Female,18-24
U08006,2024-06-28,LinkedIn,CMP108,USA,New York,Mobile,Premium,Female,45-54
U08007,2024-06-28,LinkedIn,CMP106,Germany,Berlin,Desktop,Free,Male,45-54
U08008,2024-06-20,Organic,CMP108,Australia,Melbourne,Mobile,Free,Male,35-44
U08009,2024-10-24,Black Friday,CMP106,Canada,Toronto,Mobile,Basic,Male,35-44
U08010,2024-05-10,Organic,CMP113,UK,Manchester,Mobile,Basic,Male,25-34
U08011,2024-03-09,Referral,CMP116,India,Coimbatore,Tablet,Premium,Female,45-54
U08012,2024-02-03,Google Ads,CMP118,Canada,Toronto,Desktop,Basic,Male,35-44
U08013,2024-04-22,Organic,CMP104,USA,Seattle,Desktop,Free,Female,35-44
U08014,2024-07-12,Organic,CMP112,Australia,Sydney,Tablet,Free,Male,18-24
U08015,2024-10-09,Organic,CMP115,Germany,Berlin,Tablet,Basic,Male,25-34
U08016,2024-06-23,Referral,CMP110,USA,Austin,Mobile,Free,Female,25-34
U08017,2024-01-31,Facebook,CMP115,Australia,Sydney,Tablet,Free,Female,35-44
U08018,2024-10-18,Referral,CMP106,UK,Manchester,Desktop,Free,Female,25-34
U08019,2024-09-02,Black Friday,CMP119,Australia,Sydney,Tablet,Free,Female,45-54
U08020,2024-10-21,Referral,CMP118,Australia,Sydney,Mobile,Premium,Female,25-34
U08021,2024-02-13,Google Ads,CMP116,Australia,Sydney,Mobile,Premium,Female,18-24
U08022,2024-07-15,Organic,CMP113,Germany,Munich,Mobile,Basic,Male,25-34
U08023,2024-03-15,Facebook,CMP103,Australia,Sydney,Mobile,Basic,Male,18-24
U08024,2024-01-09,Google Ads,CMP101,Canada,Toronto,Mobile,Free,Male,35-44
U08025,2024-12-29,Black Friday,CMP104,USA,Seattle,Mobile,Premium,Female,18-24
U08026,2024-06-17,Organic,CMP103,USA,Seattle,Tablet,Premium,Male,25-34
U08027,2024-01-28,Google Ads,CMP103,Germany,Berlin,Tablet,Basic,Male,45-54
U08028,2024-04-01,LinkedIn,CMP115,Canada,Toronto,Mobile,Premium,Male,35-44
U08029,2024-03-13,Referral,CMP116,USA,Seattle,Desktop,Premium,Male,18-24
U08030,2024-01-08,LinkedIn,CMP115,Australia,Melbourne,Desktop,Free,Female,45-54
U08031,2024-01-18,LinkedIn,CMP117,Canada,Vancouver,Mobile,Basic,Male,18-24
U08032,2024-04-06,Facebook,CMP110,Canada,Toronto,Mobile,Free,Female,35-44
U08033,2024-05-08,Black Friday,CMP111,Canada,Toronto,Tablet,Basic,Female,35-44
U08034,2024-03-28,Google Ads,CMP107,Australia,Melbourne,Desktop,Free,Male,35-44
U08035,2024-10-11,Referral,CMP112,Australia,Melbourne,Mobile,Free,Male,18-24
U08036,2024-08-15,Organic,CMP117,India,Bengaluru,Desktop,Basic,Female,25-34
U08037,2024-02-11,Referral,CMP120,UK,Manchester,Desktop,Premium,Female,18-24
U08038,2024-10-13,LinkedIn,CMP105,Australia,Melbourne,Desktop,Basic,Female,45-54
U08039,2024-06-18,Referral,CMP118,USA,New York,Tablet,Basic,Female,25-34
U08040,2024-07-07,Google Ads,CMP109,USA,Austin,Tablet,Free,Male,18-24
U08041,2024-12-05,LinkedIn,CMP105,India,Chennai,Tablet,Premium,Female,35-44
U08042,2024-05-25,Referral,CMP107,Germany,Berlin,Desktop,Premium,Male,35-44
U08043,2024-12-13,Organic,CMP113,Australia,Melbourne,Tablet,Free,Male,45-54
U08044,2024-01-25,Facebook,CMP109,Australia,Melbourne,Mobile,Premium,Female,35-44
U08045,2024-10-21,Google Ads,CMP101,USA,Austin,Tablet,Basic,Male,18-24
U08046,2024-02-28,Black Friday,CMP109,Germany,Munich,Mobile,Basic,Male,35-44
U08047,2024-07-28,Organic,CMP120,Germany,Berlin,Mobile,Basic,Female,45-54
U08048,2024-04-11,Referral,CMP101,Australia,Melbourne,Desktop,Free,Female,25-34
U08049,2024-03-23,Facebook,CMP107,Australia,Melbourne,Tablet,Premium,Female,18-24
U08050,2024-04-30,Google Ads,CMP103,USA,Seattle,Desktop,Premium,Female,35-44
U08051,2024-04-10,Google Ads,CMP106,USA,Austin,Desktop,Premium,Male,35-44
U08052,2024-07-01,LinkedIn,CMP120,India,Coimbatore,Tablet,Premium,Male,45-54
U08053,2024-08-30,Google Ads,CMP102,Germany,Munich,Mobile,Premium,Female,18-24
U08054,2024-09-14,Referral,CMP109,Canada,Toronto,Desktop,Free,Female,45-54
U08055,2024-06-10,Facebook,CMP112,Germany,Munich,Tablet,Free,Male,35-44
U08056,2024-01-10,Facebook,CMP116,USA,Austin,Tablet,Basic,Female,35-44
U08057,2024-12-21,Facebook,CMP101,UK,Manchester,Desktop,Premium,Female,25-34
U08058,2024-06-23,Google Ads,CMP117,USA,New York,Desktop,Premium,Male,18-24
U08059,2024-11-16,Organic,CMP103,Canada,Toronto,Tablet,Premium,Female,25-34
U08060,2024-02-28,Google Ads,CMP119,Australia,Sydney,Tablet,Free,Male,18-24
U08061,2024-12-21,Facebook,CMP114,India,Bengaluru,Tablet,Basic,Female,25-34
U08062,2024-12-06,Referral,CMP114,USA,Seattle,Mobile,Basic,Male,18-24
U08063,2024-10-06,Organic,CMP119,Germany,Berlin,Mobile,Premium,Female,35-44
U08064,2024-01-31,LinkedIn,CMP119,Australia,Melbourne,Tablet,Free,Female,18-24
U08065,2024-09-19,Organic,CMP110,UK,Manchester,Desktop,Free,Female,18-24
U08066,2024-04-30,Referral,CMP117,India,Coimbatore,Tablet,Basic,Female,18-24
U08067,2024-07-17,Google Ads,CMP106,USA,Seattle,Desktop,Basic,Female,25-34
U08068,2024-04-27,LinkedIn,CMP101,Germany,Berlin,Mobile,Basic,Male,18-24
U08069,2024-09-11,Referral,CMP105,Australia,Sydney,Mobile,Premium,Male,18-24
U08070,2024-05-06,Black Friday,CMP111,India,Chennai,Mobile,Free,Female,18-24
U08071,2024-11-08,Facebook,CMP117,India,Chennai,Desktop,Basic,Female,18-24
U08072,2024-12-28,LinkedIn,CMP105,UK,London,Mobile,Free,Female,45-54
U08073,2024-10-22,Black Friday,CMP115,Australia,Melbourne,Tablet,Premium,Female,35-44
U08074,2024-04-11,Black Friday,CMP113,UK,Manchester,Desktop,Premium,Male,35-44
U08075,2024-05-12,Google Ads,CMP116,Germany,Berlin,Mobile,Free,Male,18-24
U08076,2024-04-24,Organic,CMP109,Australia,Melbourne,Mobile,Basic,Female,25-34
U08077,2024-04-30,Black Friday,CMP106,UK,Manchester,Mobile,Premium,Male,18-24
U08078,2024-03-05,Referral,CMP103,Australia,Melbourne,Mobile,Free,Male,18-24
U08079,2024-03-10,Facebook,CMP105,Canada,Toronto,Desktop,Premium,Male,45-54
U08080,2024-12-02,Organic,CMP110,UK,Manchester,Desktop,Basic,Female,25-34
U08081,2024-08-18,LinkedIn,CMP102,India,Bengaluru,Desktop,Premium,Male,45-54
U08082,2024-04-09,Black Friday,CMP112,Germany,Berlin,Desktop,Free,Female,25-34
U08083,2024-06-13,Black Friday,CMP109,UK,Manchester,Tablet,Free,Male,25-34
U08084,2024-12-14,Black Friday,CMP110,Canada,Vancouver,Desktop,Basic,Male,18-24
U08085,2024-11-08,Facebook,CMP119,Germany,Berlin,Tablet,Free,Male,45-54
U08086,2024-02-25,Google Ads,CMP112,Canada,Toronto,Desktop,Free,Female,18-24
U08087,2024-10-05,Referral,CMP110,UK,London,Mobile,Basic,Female,35-44
U08088,2024-08-10,Referral,CMP109,India,Coimbatore,Tablet,Basic,Female,35-44
U08089,2024-11-01,LinkedIn,CMP119,UK,Manchester,Desktop,Basic,Female,45-54
U08090,2024-02-04,Google Ads,CMP110,USA,New York,Mobile,Free,Female,25-34
U08091,2024-04-01,Organic,CMP110,Canada,Toronto,Tablet,Free,Female,18-24
U08092,2024-09-04,Google Ads,CMP119,Germany,Munich,Mobile,Free,Male,25-34
U08093,2024-02-25,Google Ads,CMP106,Germany,Berlin,Tablet,Basic,Male,35-44
U08094,2024-03-30,Organic,CMP117,USA,New York,Desktop,Free,Female,45-54
U08095,2024-08-21,Referral,CMP116,Australia,Sydney,Desktop,Free,Male,45-54
U08096,2024-03-17,Organic,CMP115,USA,New York,Desktop,Basic,Male,25-34
U08097,2024-07-18,Organic,CMP117,Australia,Melbourne,Desktop,Basic,Female,35-44
U08098,2024-04-16,Black Friday,CMP112,Australia,Sydney,Desktop,Premium,Female,25-34
U08099,2024-06-12,Black Friday,CMP120,UK,Manchester,Mobile,Basic,Female,18-24
U08100,2024-05-29,LinkedIn,CMP102,USA,Austin,Mobile,Premium,Female,25-34
U08101,2024-05-26,Organic,CMP118,USA,Seattle,Desktop,Premium,Female,18-24
U08102,2024-08-06,Black Friday,CMP104,UK,Manchester,Desktop,Premium,Male,35-44
U08103,2024-12-19,Referral,CMP113,India,Bengaluru,Mobile,Free,Female,35-44
U08104,2024-12-24,Referral,CMP102,Germany,Berlin,Desktop,Basic,Male,18-24
U08105,2024-08-07,Referral,CMP111,USA,Seattle,Desktop,Basic,Female,35-44
U08106,2024-01-04,Facebook,CMP106,Australia,Melbourne,Desktop,Free,Female,18-24
U08107,2024-05-10,LinkedIn,CMP117,Germany,Berlin,Tablet,Premium,Female,45-54
U08108,2024-10-07,Facebook,CMP102,USA,Austin,Mobile,Premium,Male,35-44
U08109,2024-06-06,Google Ads,CMP115,India,Coimbatore,Desktop,Basic,Female,18-24
U08110,2024-03-04,Google Ads,CMP119,UK,Manchester,Mobile,Free,Male,45-54
U08111,2024-10-21,LinkedIn,CMP118,USA,New York,Desktop,Free,Male,18-24
U08112,2024-03-04,Facebook,CMP112,India,Coimbatore,Tablet,Premium,Male,35-44
U08113,2024-07-18,LinkedIn,CMP112,India,Chennai,Desktop,Premium,Male,18-24
U08114,2024-11-13,LinkedIn,CMP114,Germany,Berlin,Desktop,Premium,Male,45-54
U08115,2024-07-11,Facebook,CMP111,India,Coimbatore,Desktop,Free,Male,35-44
U08116,2024-07-02,Black Friday,CMP110,UK,London,Desktop,Free,Male,25-34
U08117,2024-02-11,Black Friday,CMP107,Canada,Toronto,Tablet,Free,Male,18-24
U08118,2024-10-11,Organic,CMP102,India,Chennai,Tablet,Basic,Female,25-34
U08119,2024-10-07,Organic,CMP115,India,Bengaluru,Desktop,Premium,Male,45-54
U08120,2024-10-09,Organic,CMP114,Germany,Munich,Desktop,Premium,Female,25-34
U08121,2024-04-10,LinkedIn,CMP111,India,Chennai,Tablet,Premium,Male,25-34
U08122,2024-09-29,Black Friday,CMP106,India,Coimbatore,Mobile,Basic,Male,18-24
U08123,2024-05-17,Facebook,CMP110,India,Chennai,Tablet,Free,Female,45-54
U08124,2024-11-14,Referral,CMP117,Canada,Vancouver,Desktop,Premium,Male,35-44
U08125,2024-05-07,Facebook,CMP107,Canada,Vancouver,Mobile,Basic,Male,18-24
U08126,2024-06-21,Black Friday,CMP112,USA,Seattle,Desktop,Premium,Female,25-34
U08127,2024-01-10,Google Ads,CMP106,India,Chennai,Mobile,Free,Male,18-24
U08128,2024-11-07,LinkedIn,CMP118,USA,Austin,Mobile,Free,Female,25-34
U08129,2024-09-16,Facebook,CMP112,UK,Manchester,Desktop,Free,Female,18-24
U08130,2024-11-16,Organic,CMP115,Canada,Vancouver,Mobile,Basic,Male,45-54
U08131,2024-08-02,Facebook,CMP110,USA,New York,Desktop,Basic,Female,18-24
U08132,2024-05-11,Black Friday,CMP103,Australia,Sydney,Mobile,Premium,Male,18-24
U08133,2024-11-19,Black Friday,CMP113,USA,Austin,Tablet,Free,Male,35-44
U08134,2024-12-02,LinkedIn,CMP109,Canada,Vancouver,Desktop,Basic,Male,35-44
U08135,2024-03-17,Facebook,CMP107,Germany,Berlin,Desktop,Basic,Male,18-24
U08136,2024-07-04,LinkedIn,CMP106,USA,Austin,Desktop,Basic,Female,25-34
U08137,2024-04-16,Google Ads,CMP109,Germany,Berlin,Desktop,Premium,Male,18-24
U08138,2024-01-13,Organic,CMP106,India,Coimbatore,Mobile,Free,Male,25-34
U08139,2024-08-18,LinkedIn,CMP101,Germany,Munich,Desktop,Free,Female,35-44
U08140,2024-08-29,LinkedIn,CMP110,Canada,Vancouver,Mobile,Free,Male,35-44
U08141,2024-09-13,Google Ads,CMP103,UK,Manchester,Tablet,Free,Female,35-44
U08142,2024-11-19,Organic,CMP120,USA,Austin,Mobile,Premium,Female,45-54
U08143,2024-10-12,Referral,CMP103,Australia,Sydney,Desktop,Basic,Male,45-54
U08144,2024-02-05,LinkedIn,CMP117,Australia,Melbourne,Tablet,Premium,Male,25-34
U08145,2024-07-15,Black Friday,CMP117,USA,Seattle,Mobile,Basic,Female,18-24
U08146,2024-06-05,Black Friday,CMP112,UK,London,Tablet,Basic,Male,25-34
U08147,2024-04-10,Referral,CMP117,India,Coimbatore,Mobile,Free,Male,35-44
U08148,2024-03-28,Referral,CMP112,Canada,Toronto,Desktop,Free,Female,45-54
U08149,2024-11-17,Google Ads,CMP109,Australia,Melbourne,Desktop,Basic,Male,35-44
U08150,2024-07-15,LinkedIn,CMP109,UK,Manchester,Desktop,Premium,Male,25-34
U08151,2024-02-20,Organic,CMP103,India,Coimbatore,Mobile,Free,Male,18-24
U08152,2024-06-28,Facebook,CMP118,Canada,Toronto,Mobile,Free,Female,45-54
U08153,2024-07-15,Referral,CMP118,India,Chennai,Mobile,Free,Male,35-44
U08154,2024-02-21,Google Ads,CMP119,India,Coimbatore,Tablet,Free,Male,35-44
U08155,2024-05-15,Black Friday,CMP110,Canada,Vancouver,Desktop,Free,Male,18-24
U08156,2024-08-28,Referral,CMP104,Germany,Berlin,Mobile,Premium,Male,25-34
U08157,2024-05-22,Organic,CMP116,Germany,Berlin,Mobile,Premium,Male,35-44
U08158,2024-02-10,Google Ads,CMP108,UK,Manchester,Desktop,Basic,Female,35-44
U08159,2024-12-14,Facebook,CMP104,UK,Manchester,Mobile,Premium,Male,18-24
U08160,2024-02-04,Facebook,CMP109,Germany,Munich,Desktop,Basic,Female,18-24
U08161,2024-07-09,Referral,CMP103,Australia,Melbourne,Desktop,Basic,Female,18-24
U08162,2024-08-12,Referral,CMP113,USA,Austin,Mobile,Free,Male,45-54
U08163,2024-01-28,LinkedIn,CMP103,India,Coimbatore,Desktop,Free,Male,25-34
U08164,2024-11-06,Facebook,CMP111,Australia,Sydney,Mobile,Premium,Female,35-44
U08165,2024-02-11,Facebook,CMP110,Germany,Berlin,Tablet,Premium,Male,35-44
U08166,2024-05-17,Organic,CMP117,India,Coimbatore,Tablet,Free,Male,35-44
U08167,2024-03-22,LinkedIn,CMP120,India,Coimbatore,Tablet,Free,Male,45-54
U08168,2024-10-29,Referral,CMP114,Canada,Vancouver,Tablet,Premium,Male,25-34
U08169,2024-02-21,Referral,CMP116,India,Chennai,Tablet,Premium,Female,18-24
U08170,2024-06-19,Facebook,CMP119,Germany,Berlin,Desktop,Basic,Male,45-54
U08171,2024-06-13,LinkedIn,CMP102,Germany,Munich,Desktop,Basic,Female,18-24
U08172,2024-08-05,Google Ads,CMP101,Canada,Toronto,Tablet,Basic,Male,35-44
U08173,2024-08-27,Facebook,CMP102,Canada,Toronto,Desktop,Basic,Male,35-44
U08174,2024-01-10,Referral,CMP119,Germany,Munich,Mobile,Free,Male,18-24
U08175,2024-07-13,LinkedIn,CMP118,Australia,Melbourne,Mobile,Basic,Male,35-44
U08176,2024-02-29,Facebook,CMP120,Australia,Melbourne,Desktop,Basic,Female,45-54
U08177,2024-12-03,Black Friday,CMP113,India,Bengaluru,Desktop,Basic,Male,25-34
U08178,2024-04-08,Google Ads,CMP110,India,Chennai,Tablet,Basic,Male,45-54
U08179,2024-10-27,Facebook,CMP115,Canada,Toronto,Mobile,Premium,Female,45-54
U08180,2024-01-12,Organic,CMP114,India,Bengaluru,Desktop,Basic,Male,25-34
U08181,2024-03-27,Facebook,CMP102,Australia,Sydney,Mobile,Premium,Female,25-34
U08182,2024-01-23,Referral,CMP104,USA,Austin,Tablet,Basic,Female,18-24
U08183,2024-05-20,Referral,CMP113,India,Bengaluru,Mobile,Premium,Female,25-34
U08184,2024-10-15,Google Ads,CMP112,USA,Seattle,Tablet,Basic,Male,45-54
U08185,2024-08-06,Organic,CMP101,USA,Seattle,Tablet,Premium,Female,25-34
U08186,2024-04-02,LinkedIn,CMP105,Australia,Melbourne,Mobile,Free,Female,45-54
U08187,2024-08-25,Facebook,CMP119,UK,London,Desktop,Premium,Female,25-34
U08188,2024-01-09,LinkedIn,CMP111,USA,Seattle,Mobile,Basic,Female,35-44
U08189,2024-12-18,Referral,CMP117,India,Chennai,Mobile,Premium,Female,25-34
U08190,2024-10-15,Referral,CMP104,UK,Manchester,Mobile,Basic,Female,45-54
U08191,2024-03-17,Facebook,CMP105,Canada,Vancouver,Tablet,Premium,Male,18-24
U08192,2024-08-07,LinkedIn,CMP120,USA,Seattle,Mobile,Free,Female,45-54
U08193,2024-03-15,Google Ads,CMP117,India,Bengaluru,Tablet,Premium,Male,25-34
U08194,2024-10-23,Referral,CMP116,Germany,Berlin,Tablet,Basic,Female,18-24
U08195,2024-02-05,Black Friday,CMP106,UK,Manchester,Tablet,Free,Female,35-44
U08196,2024-05-07,Organic,CMP105,India,Bengaluru,Tablet,Free,Male,18-24
U08197,2024-01-12,LinkedIn,CMP116,USA,Seattle,Desktop,Free,Male,25-34
U08198,2024-06-23,Black Friday,CMP109,Australia,Sydney,Desktop,Free,Male,18-24
U08199,2024-12-20,Organic,CMP118,Canada,Toronto,Mobile,Basic,Male,18-24
U08200,2024-08-21,Facebook,CMP118,India,Bengaluru,Tablet,Free,Male,35-44
U08201,2024-06-06,Organic,CMP118,UK,London,Desktop,Premium,Female,45-54
U08202,2024-09-22,Referral,CMP104,UK,Manchester,Desktop,Premium,Female,45-54
U08203,2024-12-01,Facebook,CMP118,Germany,Berlin,Mobile,Free,Male,45-54
U08204,2024-05-10,Facebook,CMP101,USA,Austin,Desktop,Basic,Female,18-24
U08205,2024-12-22,Black Friday,CMP116,Australia,Melbourne,Mobile,Basic,Female,35-44
U08206,2024-01-28,LinkedIn,CMP103,Germany,Berlin,Desktop,Basic,Male,18-24
U08207,2024-02-05,Black Friday,CMP102,Germany,Berlin,Mobile,Premium,Female,18-24
U08208,2024-10-10,Organic,CMP114,India,Chennai,Desktop,Basic,Male,18-24
U08209,2024-01-12,LinkedIn,CMP120,Canada,Toronto,Desktop,Premium,Male,18-24
U08210,2024-07-11,Facebook,CMP116,Canada,Toronto,Tablet,Free,Male,18-24
U08211,2024-07-13,Organic,CMP110,USA,New York,Mobile,Premium,Male,35-44
U08212,2024-05-11,Google Ads,CMP119,USA,Austin,Tablet,Basic,Male,35-44
U08213,2024-08-11,Black Friday,CMP113,Canada,Vancouver,Mobile,Premium,Female,18-24
U08214,2024-12-28,Google Ads,CMP109,Germany,Munich,Mobile,Basic,Male,18-24
U08215,2024-09-25,Referral,CMP116,Canada,Toronto,Desktop,Free,Female,35-44
U08216,2024-07-18,Organic,CMP107,USA,Austin,Desktop,Basic,Female,45-54
U08217,2024-02-07,Referral,CMP103,Canada,Vancouver,Tablet,Basic,Male,35-44
U08218,2024-12-23,Black Friday,CMP103,USA,Austin,Mobile,Free,Male,35-44
U08219,2024-01-13,Black Friday,CMP118,Germany,Berlin,Mobile,Basic,Female,35-44
U08220,2024-11-01,Referral,CMP101,USA,Austin,Mobile,Free,Male,35-44
U08221,2024-03-29,Organic,CMP108,Germany,Munich,Mobile,Basic,Female,18-24
U08222,2024-08-01,Facebook,CMP119,Australia,Sydney,Mobile,Free,Female,45-54
U08223,2024-02-19,Black Friday,CMP110,Germany,Berlin,Mobile,Basic,Female,25-34
U08224,2024-05-14,Facebook,CMP108,India,Bengaluru,Desktop,Premium,Female,45-54
U08225,2024-06-06,LinkedIn,CMP107,Germany,Munich,Mobile,Premium,Male,18-24
U08226,2024-03-12,Organic,CMP113,Australia,Sydney,Mobile,Basic,Female,35-44
U08227,2024-11-21,Referral,CMP116,Canada,Vancouver,Tablet,Basic,Female,45-54
U08228,2024-08-23,LinkedIn,CMP109,UK,Manchester,Tablet,Basic,Female,45-54
U08229,2024-07-22,Facebook,CMP119,Germany,Berlin,Mobile,Basic,Male,45-54
U08230,2024-10-26,Facebook,CMP101,Australia,Sydney,Mobile,Basic,Male,25-34
U08231,2024-02-26,Black Friday,CMP109,Germany,Munich,Mobile,Premium,Male,35-44
U08232,2024-05-26,Black Friday,CMP105,Australia,Sydney,Desktop,Basic,Male,18-24
U08233,2024-01-09,Referral,CMP117,UK,London,Desktop,Premium,Male,18-24
U08234,2024-06-20,Organic,CMP120,Canada,Toronto,Desktop,Basic,Male,35-44
U08235,2024-07-23,Organic,CMP111,Canada,Toronto,Tablet,Free,Female,45-54
U08236,2024-06-29,Referral,CMP115,USA,Seattle,Mobile,Free,Female,45-54
U08237,2024-10-02,Facebook,CMP103,USA,New York,Tablet,Free,Female,35-44
U08238,2024-01-19,Facebook,CMP102,Canada,Toronto,Desktop,Basic,Female,18-24
U08239,2024-04-17,Facebook,CMP102,Germany,Berlin,Tablet,Premium,Female,25-34
U08240,2024-03-17,Organic,CMP118,Australia,Melbourne,Tablet,Basic,Male,25-34
U08241,2024-02-21,Black Friday,CMP104,USA,Austin,Desktop,Premium,Female,35-44
U08242,2024-10-19,Facebook,CMP103,USA,Seattle,Tablet,Basic,Male,45-54
U08243,2024-07-19,Facebook,CMP107,UK,Manchester,Mobile,Free,Male,18-24
U08244,2024-11-26,Organic,CMP107,Germany,Berlin,Tablet,Free,Male,25-34
U08245,2024-12-21,Google Ads,CMP118,UK,London,Desktop,Free,Female,35-44
U08246,2024-12-22,Referral,CMP104,Australia,Melbourne,Tablet,Free,Male,45-54
U08247,2024-06-22,Facebook,CMP118,India,Chennai,Mobile,Free,Female,45-54
U08248,2024-10-10,Google Ads,CMP113,Germany,Berlin,Mobile,Basic,Male,45-54
U08249,2024-01-08,Organic,CMP112,USA,New York,Tablet,Basic,Female,18-24
U08250,2024-04-14,Facebook,CMP119,UK,Manchester,Desktop,Free,Male,25-34
U08251,2024-12-06,Google Ads,CMP104,India,Chennai,Mobile,Premium,Male,35-44
U08252,2024-04-11,Black Friday,CMP113,UK,Manchester,Tablet,Basic,Male,18-24
U08253,2024-04-13,LinkedIn,CMP106,Australia,Sydney,Desktop,Free,Female,35-44
U08254,2024-01-08,Organic,CMP103,Germany,Munich,Desktop,Premium,Male,25-34
U08255,2024-01-05,Black Friday,CMP118,UK,Manchester,Tablet,Premium,Female,35-44
U08256,2024-08-19,Google Ads,CMP120,UK,London,Desktop,Free,Male,45-54
U08257,2024-05-31,Organic,CMP107,Canada,Toronto,Desktop,Free,Male,25-34
U08258,2024-08-07,Facebook,CMP103,Canada,Vancouver,Desktop,Free,Male,18-24
U08259,2024-08-17,Facebook,CMP113,Australia,Melbourne,Tablet,Free,Female,35-44
U08260,2024-05-13,Black Friday,CMP108,Canada,Vancouver,Tablet,Premium,Female,18-24
U08261,2024-03-13,Black Friday,CMP111,USA,Seattle,Desktop,Premium,Male,35-44
U08262,2024-01-03,Google Ads,CMP102,Germany,Berlin,Desktop,Free,Female,35-44
U08263,2024-07-16,LinkedIn,CMP114,USA,Austin,Desktop,Free,Male,25-34
U08264,2024-11-04,LinkedIn,CMP106,Australia,Melbourne,Mobile,Free,Female,35-44
U08265,2024-06-06,Organic,CMP104,Germany,Berlin,Mobile,Free,Female,25-34
U08266,2024-12-29,Referral,CMP107,UK,London,Tablet,Basic,Male,45-54
U08267,2024-03-28,Black Friday,CMP105,Canada,Toronto,Desktop,Basic,Female,45-54
U08268,2024-01-08,Organic,CMP106,UK,Manchester,Desktop,Basic,Female,45-54
U08269,2024-01-10,Facebook,CMP118,Germany,Berlin,Mobile,Free,Female,45-54
U08270,2024-09-24,Referral,CMP119,USA,New York,Desktop,Premium,Female,25-34
U08271,2024-04-28,Organic,CMP113,UK,Manchester,Mobile,Premium,Male,25-34
U08272,2024-12-07,LinkedIn,CMP101,Canada,Vancouver,Tablet,Free,Female,25-34
U08273,2024-10-04,Google Ads,CMP108,Australia,Sydney,Tablet,Free,Female,45-54
U08274,2024-12-23,Referral,CMP116,Australia,Melbourne,Desktop,Basic,Female,45-54
U08275,2024-12-14,Organic,CMP107,Australia,Sydney,Tablet,Premium,Female,45-54
U08276,2024-07-03,Google Ads,CMP116,Canada,Vancouver,Tablet,Free,Male,45-54
U08277,2024-05-30,Facebook,CMP117,UK,London,Desktop,Basic,Male,35-44
U08278,2024-11-05,Black Friday,CMP104,India,Bengaluru,Tablet,Premium,Female,18-24
U08279,2024-04-26,Facebook,CMP110,Germany,Munich,Desktop,Free,Male,18-24
U08280,2024-10-04,Facebook,CMP110,Canada,Toronto,Tablet,Free,Female,45-54
U08281,2024-12-22,Referral,CMP106,India,Chennai,Mobile,Premium,Female,18-24
U08282,2024-08-29,Google Ads,CMP112,Australia,Sydney,Tablet,Premium,Female,35-44
U08283,2024-03-28,Organic,CMP117,Germany,Berlin,Desktop,Basic,Female,18-24
U08284,2024-03-30,Referral,CMP119,Canada,Vancouver,Mobile,Free,Male,45-54
U08285,2024-06-05,Facebook,CMP115,Australia,Melbourne,Desktop,Premium,Male,45-54
U08286,2024-06-24,Referral,CMP107,India,Coimbatore,Mobile,Basic,Female,18-24
U08287,2024-12-29,Google Ads,CMP115,USA,New York,Tablet,Premium,Male,35-44
U08288,2024-01-12,Referral,CMP106,Germany,Berlin,Tablet,Free,Male,25-34
U08289,2024-07-07,Organic,CMP108,Canada,Vancouver,Tablet,Premium,Female,18-24
U08290,2024-11-14,LinkedIn,CMP106,Australia,Melbourne,Desktop,Free,Female,18-24
U08291,2024-07-06,Referral,CMP119,UK,Manchester,Mobile,Free,Female,18-24
U08292,2024-10-17,Referral,CMP117,Australia,Melbourne,Desktop,Free,Male,25-34
U08293,2024-11-09,LinkedIn,CMP102,Germany,Berlin,Desktop,Premium,Female,35-44
U08294,2024-10-13,Facebook,CMP110,UK,London,Mobile,Free,Female,35-44
U08295,2024-09-14,LinkedIn,CMP106,Australia,Sydney,Mobile,Premium,Female,45-54
U08296,2024-05-02,Black Friday,CMP112,USA,Seattle,Tablet,Free,Female,18-24
U08297,2024-11-19,Black Friday,CMP107,Germany,Berlin,Mobile,Free,Male,18-24
U08298,2024-08-13,Referral,CMP112,India,Coimbatore,Desktop,Basic,Male,25-34
U08299,2024-10-31,Black Friday,CMP104,UK,Manchester,Desktop,Free,Male,35-44
U08300,2024-12-19,Black Friday,CMP116,Germany,Munich,Tablet,Premium,Female,25-34
U08301,2024-09-11,LinkedIn,CMP102,UK,London,Tablet,Free,Male,45-54
U08302,2024-07-20,Referral,CMP114,USA,Seattle,Tablet,Free,Male,45-54
U08303,2024-11-16,LinkedIn,CMP104,Canada,Vancouver,Desktop,Premium,Female,18-24
U08304,2024-06-19,Organic,CMP118,USA,Seattle,Tablet,Basic,Female,35-44
U08305,2024-04-03,Referral,CMP117,USA,Seattle,Desktop,Basic,Male,45-54
U08306,2024-03-21,Facebook,CMP114,Germany,Berlin,Mobile,Free,Female,18-24
U08307,2024-01-01,Referral,CMP118,UK,London,Tablet,Basic,Male,25-34
U08308,2024-07-09,LinkedIn,CMP103,India,Bengaluru,Tablet,Basic,Female,35-44
U08309,2024-06-22,Organic,CMP120,India,Coimbatore,Mobile,Basic,Female,35-44
U08310,2024-01-26,LinkedIn,CMP103,Australia,Sydney,Tablet,Basic,Male,35-44
U08311,2024-08-02,Organic,CMP111,India,Coimbatore,Tablet,Basic,Male,35-44
U08312,2024-11-18,Google Ads,CMP115,India,Bengaluru,Tablet,Premium,Male,18-24
U08313,2024-02-28,Referral,CMP103,UK,London,Mobile,Free,Male,35-44
U08314,2024-04-07,Organic,CMP114,India,Bengaluru,Tablet,Basic,Male,35-44
U08315,2024-03-06,Google Ads,CMP109,USA,Austin,Mobile,Premium,Female,18-24
U08316,2024-12-17,Organic,CMP107,Germany,Munich,Desktop,Basic,Female,18-24
U08317,2024-12-02,Organic,CMP113,Canada,Toronto,Desktop,Free,Female,18-24
U08318,2024-12-30,Facebook,CMP101,Germany,Munich,Mobile,Free,Male,25-34
U08319,2024-10-09,Facebook,CMP101,Australia,Sydney,Tablet,Basic,Female,18-24
U08320,2024-08-20,Organic,CMP109,Canada,Toronto,Tablet,Premium,Male,35-44
U08321,2024-04-25,LinkedIn,CMP107,India,Bengaluru,Mobile,Basic,Female,18-24
U08322,2024-06-28,Facebook,CMP106,Australia,Sydney,Desktop,Premium,Male,18-24
U08323,2024-05-07,Organic,CMP110,UK,London,Mobile,Basic,Male,45-54
U08324,2024-07-08,Black Friday,CMP108,Canada,Vancouver,Tablet,Free,Female,25-34
U08325,2024-10-01,Black Friday,CMP120,USA,Austin,Tablet,Premium,Female,45-54
U08326,2024-01-14,LinkedIn,CMP120,Australia,Melbourne,Desktop,Basic,Female,45-54
U08327,2024-01-27,Google Ads,CMP103,Canada,Vancouver,Desktop,Premium,Female,35-44
U08328,2024-10-16,Google Ads,CMP108,India,Bengaluru,Tablet,Basic,Female,35-44
U08329,2024-11-11,Organic,CMP115,USA,Seattle,Tablet,Premium,Female,35-44
U08330,2024-08-20,Facebook,CMP109,Canada,Toronto,Tablet,Free,Male,18-24
U08331,2024-09-02,Organic,CMP110,Germany,Munich,Desktop,Premium,Male,25-34
U08332,2024-10-11,Organic,CMP103,Germany,Berlin,Tablet,Free,Female,45-54
U08333,2024-11-11,Organic,CMP117,India,Chennai,Tablet,Premium,Male,25-34
U08334,2024-08-30,Organic,CMP104,Canada,Toronto,Mobile,Basic,Female,18-24
U08335,2024-09-17,Black Friday,CMP109,Australia,Melbourne,Tablet,Basic,Female,35-44
U08336,2024-04-27,Google Ads,CMP112,Australia,Melbourne,Desktop,Free,Male,18-24
U08337,2024-10-15,Facebook,CMP103,Australia,Sydney,Mobile,Premium,Female,35-44
U08338,2024-12-17,Google Ads,CMP113,Australia,Melbourne,Tablet,Premium,Male,18-24
U08339,2024-07-27,Facebook,CMP103,UK,Manchester,Desktop,Free,Male,18-24
U08340,2024-01-04,Referral,CMP118,Canada,Vancouver,Tablet,Basic,Female,18-24
U08341,2024-06-06,LinkedIn,CMP115,USA,New York,Mobile,Free,Female,35-44
U08342,2024-08-07,Black Friday,CMP107,Canada,Toronto,Desktop,Premium,Male,35-44
U08343,2024-05-27,Referral,CMP103,Canada,Toronto,Tablet,Basic,Male,25-34
U08344,2024-08-25,Black Friday,CMP103,Germany,Berlin,Mobile,Basic,Female,45-54
U08345,2024-05-06,Organic,CMP101,India,Chennai,Desktop,Premium,Male,45-54
U08346,2024-12-03,Referral,CMP108,UK,London,Desktop,Premium,Female,18-24
U08347,2024-12-21,Black Friday,CMP103,UK,Manchester,Tablet,Basic,Male,18-24
U08348,2024-09-10,LinkedIn,CMP116,UK,London,Mobile,Premium,Female,18-24
U08349,2024-02-23,Referral,CMP105,Canada,Toronto,Tablet,Free,Female,45-54
U08350,2024-12-15,Facebook,CMP119,India,Coimbatore,Desktop,Premium,Female,18-24
U08351,2024-05-08,Facebook,CMP108,USA,Seattle,Desktop,Basic,Female,45-54
U08352,2024-09-01,Google Ads,CMP105,Australia,Melbourne,Desktop,Premium,Female,45-54
U08353,2024-01-16,Organic,CMP106,Germany,Munich,Mobile,Basic,Male,25-34
U08354,2024-10-08,Facebook,CMP115,India,Chennai,Mobile,Free,Female,45-54
U08355,2024-04-02,LinkedIn,CMP113,Canada,Toronto,Desktop,Free,Female,25-34
U08356,2024-09-25,Organic,CMP109,Canada,Toronto,Desktop,Premium,Female,35-44
U08357,2024-05-28,Organic,CMP113,Germany,Munich,Tablet,Premium,Male,25-34
U08358,2024-02-06,Organic,CMP108,Canada,Toronto,Tablet,Free,Female,35-44
U08359,2024-03-05,LinkedIn,CMP120,India,Coimbatore,Mobile,Basic,Female,45-54
U08360,2024-05-08,Black Friday,CMP101,UK,Manchester,Desktop,Basic,Male,35-44
U08361,2024-01-13,Black Friday,CMP110,UK,London,Desktop,Free,Male,45-54
U08362,2024-12-03,Black Friday,CMP113,Australia,Melbourne,Mobile,Basic,Male,18-24
U08363,2024-02-01,Google Ads,CMP115,USA,Seattle,Mobile,Basic,Female,35-44
U08364,2024-03-05,Google Ads,CMP102,India,Coimbatore,Tablet,Basic,Male,35-44
U08365,2024-12-11,Organic,CMP118,Canada,Vancouver,Desktop,Premium,Male,25-34
U08366,2024-10-13,Referral,CMP104,Australia,Melbourne,Mobile,Premium,Male,45-54
U08367,2024-03-13,Google Ads,CMP102,UK,Manchester,Desktop,Free,Male,45-54
U08368,2024-08-24,Google Ads,CMP113,USA,Seattle,Desktop,Basic,Female,25-34
U08369,2024-05-22,Facebook,CMP117,Canada,Vancouver,Mobile,Free,Female,18-24
U08370,2024-01-23,Facebook,CMP118,Canada,Vancouver,Desktop,Premium,Male,35-44
U08371,2024-12-19,Facebook,CMP103,Germany,Munich,Desktop,Premium,Male,18-24
U08372,2024-03-14,Organic,CMP120,Germany,Munich,Mobile,Basic,Male,45-54
U08373,2024-03-03,LinkedIn,CMP116,Canada,Toronto,Tablet,Premium,Female,25-34
U08374,2024-12-23,Black Friday,CMP116,Australia,Sydney,Mobile,Free,Female,35-44
U08375,2024-10-04,Facebook,CMP109,Australia,Melbourne,Mobile,Free,Male,25-34
U08376,2024-12-06,Referral,CMP103,UK,Manchester,Mobile,Basic,Male,25-34
U08377,2024-01-10,Facebook,CMP108,India,Coimbatore,Mobile,Basic,Female,18-24
U08378,2024-12-08,Google Ads,CMP120,UK,London,Mobile,Basic,Male,45-54
U08379,2024-12-20,Google Ads,CMP110,Germany,Berlin,Desktop,Basic,Female,18-24
U08380,2024-01-15,Organic,CMP114,India,Bengaluru,Tablet,Free,Female,18-24
U08381,2024-07-11,Referral,CMP120,India,Chennai,Tablet,Free,Female,35-44
U08382,2024-04-08,LinkedIn,CMP104,Germany,Munich,Desktop,Free,Male,18-24
U08383,2024-10-14,Referral,CMP112,Germany,Berlin,Mobile,Basic,Female,25-34
U08384,2024-07-16,Organic,CMP106,Australia,Melbourne,Mobile,Basic,Male,45-54
U08385,2024-02-19,Referral,CMP103,Canada,Toronto,Desktop,Free,Female,25-34
U08386,2024-02-04,Organic,CMP120,USA,New York,Mobile,Premium,Female,25-34
U08387,2024-01-09,Black Friday,CMP113,India,Chennai,Mobile,Premium,Male,45-54
U08388,2024-11-04,Facebook,CMP115,Australia,Sydney,Desktop,Premium,Female,35-44
U08389,2024-08-11,Black Friday,CMP110,Australia,Sydney,Mobile,Premium,Female,35-44
U08390,2024-03-11,LinkedIn,CMP105,India,Coimbatore,Tablet,Basic,Male,25-34
U08391,2024-09-10,Facebook,CMP119,Germany,Munich,Tablet,Free,Male,25-34
U08392,2024-01-12,Referral,CMP109,Canada,Vancouver,Desktop,Free,Male,35-44
U08393,2024-06-14,Referral,CMP109,UK,London,Mobile,Premium,Female,18-24
U08394,2024-05-12,Google Ads,CMP113,India,Bengaluru,Mobile,Free,Female,35-44
U08395,2024-09-27,Organic,CMP108,Germany,Berlin,Tablet,Free,Male,18-24
U08396,2024-06-27,Organic,CMP108,Germany,Berlin,Mobile,Free,Male,45-54
U08397,2024-03-12,Black Friday,CMP114,USA,Austin,Tablet,Premium,Male,25-34
U08398,2024-03-04,Black Friday,CMP112,USA,Seattle,Tablet,Free,Male,18-24
U08399,2024-03-01,Organic,CMP117,India,Bengaluru,Mobile,Premium,Male,18-24
U08400,2024-09-16,Referral,CMP119,Germany,Berlin,Mobile,Free,Male,18-24
U08401,2024-04-06,Black Friday,CMP120,Canada,Toronto,Tablet,Premium,Female,18-24
U08402,2024-03-23,Referral,CMP105,India,Bengaluru,Tablet,Basic,Male,18-24
U08403,2024-05-16,Google Ads,CMP111,USA,Seattle,Tablet,Basic,Male,25-34
U08404,2024-07-08,Black Friday,CMP118,Canada,Toronto,Desktop,Premium,Female,45-54
U08405,2024-12-03,LinkedIn,CMP117,Canada,Toronto,Desktop,Basic,Female,18-24
U08406,2024-04-01,Facebook,CMP114,UK,Manchester,Desktop,Free,Male,35-44
U08407,2024-10-21,Black Friday,CMP113,Canada,Vancouver,Tablet,Basic,Male,25-34
U08408,2024-12-17,Organic,CMP105,Germany,Berlin,Desktop,Basic,Female,25-34
U08409,2024-03-19,Facebook,CMP118,Australia,Sydney,Mobile,Basic,Female,45-54
U08410,2024-10-03,Referral,CMP107,Canada,Vancouver,Mobile,Premium,Male,35-44
U08411,2024-11-14,Facebook,CMP117,Germany,Munich,Desktop,Premium,Male,35-44
U08412,2024-01-28,Facebook,CMP118,USA,Austin,Desktop,Basic,Female,25-34
U08413,2024-08-03,Referral,CMP107,Germany,Berlin,Desktop,Free,Male,35-44
U08414,2024-06-25,LinkedIn,CMP102,Australia,Sydney,Mobile,Basic,Female,45-54
U08415,2024-07-27,Black Friday,CMP110,India,Coimbatore,Tablet,Basic,Female,35-44
U08416,2024-09-22,Facebook,CMP119,Australia,Sydney,Tablet,Premium,Female,45-54
U08417,2024-03-03,LinkedIn,CMP102,India,Coimbatore,Mobile,Free,Female,18-24
U08418,2024-03-31,Black Friday,CMP107,USA,Seattle,Desktop,Premium,Female,18-24
U08419,2024-07-12,Referral,CMP111,UK,Manchester,Mobile,Free,Female,18-24
U08420,2024-10-31,Facebook,CMP110,Australia,Sydney,Desktop,Free,Female,35-44
U08421,2024-09-30,Black Friday,CMP113,Australia,Sydney,Tablet,Free,Female,35-44
U08422,2024-06-14,Black Friday,CMP111,Germany,Munich,Desktop,Premium,Male,45-54
U08423,2024-11-29,LinkedIn,CMP120,USA,Seattle,Tablet,Free,Male,45-54
U08424,2024-04-29,Organic,CMP108,Australia,Melbourne,Desktop,Premium,Male,45-54
U08425,2024-08-27,LinkedIn,CMP115,UK,Manchester,Mobile,Free,Female,18-24
U08426,2024-10-17,Black Friday,CMP115,Australia,Sydney,Desktop,Basic,Female,18-24
U08427,2024-02-26,Black Friday,CMP107,Australia,Sydney,Mobile,Basic,Male,18-24
U08428,2024-08-28,Google Ads,CMP116,Australia,Melbourne,Tablet,Basic,Male,18-24
U08429,2024-09-13,Facebook,CMP108,Canada,Vancouver,Mobile,Free,Female,18-24
U08430,2024-12-13,Organic,CMP111,India,Bengaluru,Tablet,Basic,Male,45-54
U08431,2024-04-16,Google Ads,CMP103,USA,New York,Desktop,Premium,Female,45-54
U08432,2024-08-30,Black Friday,CMP118,Canada,Vancouver,Desktop,Free,Male,35-44
U08433,2024-05-28,Organic,CMP103,USA,New York,Tablet,Basic,Female,25-34
U08434,2024-08-28,LinkedIn,CMP108,USA,Seattle,Desktop,Free,Male,18-24
U08435,2024-05-24,LinkedIn,CMP115,Canada,Vancouver,Mobile,Premium,Male,25-34
U08436,2024-08-25,Black Friday,CMP112,India,Bengaluru,Mobile,Free,Male,35-44
U08437,2024-09-26,Black Friday,CMP118,USA,Seattle,Mobile,Basic,Female,25-34
U08438,2024-05-18,Referral,CMP109,USA,Austin,Mobile,Basic,Female,18-24
U08439,2024-09-29,Referral,CMP113,Australia,Sydney,Desktop,Basic,Female,25-34
U08440,2024-08-26,Facebook,CMP115,UK,London,Desktop,Premium,Female,25-34
U08441,2024-08-17,Black Friday,CMP115,UK,London,Mobile,Premium,Male,45-54
U08442,2024-02-07,Google Ads,CMP107,USA,Austin,Desktop,Premium,Male,25-34
U08443,2024-02-25,Facebook,CMP109,UK,London,Mobile,Basic,Male,45-54
U08444,2024-08-19,Black Friday,CMP101,Australia,Melbourne,Tablet,Free,Female,35-44
U08445,2024-10-03,LinkedIn,CMP103,Canada,Toronto,Desktop,Basic,Male,25-34
U08446,2024-05-04,Referral,CMP102,UK,Manchester,Mobile,Free,Female,45-54
U08447,2024-06-13,Facebook,CMP117,UK,Manchester,Mobile,Free,Female,25-34
U08448,2024-02-04,Black Friday,CMP120,India,Bengaluru,Desktop,Premium,Female,45-54
U08449,2024-07-27,Organic,CMP103,Australia,Melbourne,Tablet,Basic,Female,45-54
U08450,2024-10-20,Referral,CMP119,USA,Seattle,Mobile,Basic,Male,45-54
U08451,2024-11-22,Organic,CMP116,Australia,Sydney,Tablet,Premium,Female,25-34
U08452,2024-01-09,Black Friday,CMP119,Germany,Berlin,Tablet,Free,Male,18-24
U08453,2024-02-25,LinkedIn,CMP105,USA,Austin,Mobile,Premium,Male,18-24
U08454,2024-11-08,Black Friday,CMP105,UK,Manchester,Desktop,Basic,Female,35-44
U08455,2024-05-09,LinkedIn,CMP107,UK,London,Mobile,Premium,Female,18-24
U08456,2024-07-06,Black Friday,CMP113,UK,Manchester,Tablet,Premium,Female,18-24
U08457,2024-07-10,Facebook,CMP109,Canada,Vancouver,Desktop,Free,Male,18-24
U08458,2024-03-06,Referral,CMP105,Canada,Toronto,Desktop,Free,Female,18-24
U08459,2024-05-31,Black Friday,CMP110,USA,New York,Tablet,Premium,Male,18-24
U08460,2024-05-05,LinkedIn,CMP106,Australia,Melbourne,Tablet,Free,Female,18-24
U08461,2024-10-19,Referral,CMP114,Germany,Munich,Desktop,Free,Female,25-34
U08462,2024-11-17,Facebook,CMP104,Germany,Berlin,Mobile,Free,Female,25-34
U08463,2024-02-13,Referral,CMP118,UK,London,Desktop,Basic,Male,25-34
U08464,2024-04-04,Facebook,CMP116,USA,Seattle,Mobile,Free,Male,18-24
U08465,2024-05-01,Google Ads,CMP115,Australia,Sydney,Mobile,Basic,Female,18-24
U08466,2024-11-11,LinkedIn,CMP109,Australia,Sydney,Tablet,Free,Female,35-44
U08467,2024-07-06,LinkedIn,CMP119,India,Chennai,Mobile,Free,Male,25-34
U08468,2024-12-02,Facebook,CMP109,USA,Seattle,Tablet,Premium,Male,25-34
U08469,2024-01-21,LinkedIn,CMP104,Australia,Sydney,Tablet,Basic,Female,45-54
U08470,2024-01-29,Organic,CMP119,UK,London,Desktop,Basic,Male,45-54
U08471,2024-05-20,Facebook,CMP104,India,Chennai,Tablet,Free,Male,25-34
U08472,2024-05-27,Google Ads,CMP106,India,Bengaluru,Tablet,Premium,Female,18-24
U08473,2024-02-09,Google Ads,CMP108,India,Chennai,Mobile,Premium,Male,18-24
U08474,2024-04-21,Referral,CMP105,Canada,Vancouver,Tablet,Free,Female,25-34
U08475,2024-09-10,Facebook,CMP102,USA,New York,Mobile,Free,Female,18-24
U08476,2024-07-19,Organic,CMP103,India,Bengaluru,Tablet,Basic,Male,25-34
U08477,2024-02-17,Facebook,CMP120,India,Coimbatore,Tablet,Premium,Female,25-34
U08478,2024-12-04,Organic,CMP110,Canada,Toronto,Tablet,Basic,Male,35-44
U08479,2024-12-18,Organic,CMP120,Australia,Melbourne,Tablet,Premium,Male,45-54
U08480,2024-07-27,Organic,CMP104,USA,Seattle,Tablet,Premium,Male,18-24
U08481,2024-06-27,Google Ads,CMP104,UK,Manchester,Tablet,Basic,Male,18-24
U08482,2024-12-07,Organic,CMP101,UK,Manchester,Tablet,Premium,Male,18-24
U08483,2024-07-27,Black Friday,CMP112,UK,Manchester,Mobile,Premium,Male,18-24
U08484,2024-11-11,Google Ads,CMP106,Canada,Vancouver,Mobile,Basic,Female,25-34
U08485,2024-11-27,Black Friday,CMP119,Australia,Sydney,Tablet,Basic,Male,35-44
U08486,2024-11-22,Black Friday,CMP105,Australia,Sydney,Tablet,Premium,Female,45-54
U08487,2024-06-28,Black Friday,CMP115,Germany,Berlin,Desktop,Basic,Male,25-34
U08488,2024-08-25,Facebook,CMP109,Canada,Toronto,Mobile,Free,Male,35-44
U08489,2024-10-22,Google Ads,CMP111,Germany,Berlin,Mobile,Premium,Male,35-44
U08490,2024-11-18,LinkedIn,CMP102,Canada,Vancouver,Tablet,Free,Male,45-54
U08491,2024-10-11,Referral,CMP117,Germany,Munich,Tablet,Basic,Male,25-34
U08492,2024-02-01,Black Friday,CMP105,Australia,Sydney,Tablet,Premium,Female,35-44
U08493,2024-01-24,Organic,CMP105,UK,Manchester,Mobile,Basic,Female,35-44
U08494,2024-06-12,Organic,CMP104,Australia,Melbourne,Desktop,Premium,Male,25-34
U08495,2024-06-24,Facebook,CMP117,Canada,Toronto,Tablet,Free,Female,18-24
U08496,2024-05-28,Black Friday,CMP120,UK,London,Tablet,Basic,Male,35-44
U08497,2024-08-30,Facebook,CMP114,India,Coimbatore,Tablet,Basic,Male,45-54
U08498,2024-03-15,Organic,CMP106,Canada,Vancouver,Tablet,Premium,Male,35-44
U08499,2024-05-04,Facebook,CMP112,USA,New York,Mobile,Premium,Female,25-34
U08500,2024-01-11,Black Friday,CMP105,Canada,Vancouver,Tablet,Basic,Male,25-34
U08501,2024-03-01,Black Friday,CMP106,India,Chennai,Tablet,Basic,Male,18-24
U08502,2024-11-25,LinkedIn,CMP109,UK,Manchester,Tablet,Premium,Male,25-34
U08503,2024-05-12,Organic,CMP111,UK,Manchester,Desktop,Basic,Female,18-24
U08504,2024-10-25,Black Friday,CMP109,Germany,Berlin,Tablet,Basic,Male,35-44
U08505,2024-05-31,Black Friday,CMP110,Australia,Sydney,Tablet,Free,Female,35-44
U08506,2024-06-12,Facebook,CMP120,UK,London,Mobile,Premium,Male,18-24
U08507,2024-02-20,Black Friday,CMP119,Germany,Munich,Tablet,Basic,Female,25-34
U08508,2024-04-04,Google Ads,CMP105,Canada,Vancouver,Tablet,Premium,Female,35-44
U08509,2024-03-20,Referral,CMP114,Germany,Berlin,Mobile,Basic,Female,35-44
U08510,2024-01-12,Facebook,CMP115,Canada,Vancouver,Tablet,Basic,Male,45-54
U08511,2024-04-10,Referral,CMP106,Canada,Toronto,Mobile,Premium,Female,25-34
U08512,2024-06-27,Google Ads,CMP104,India,Chennai,Tablet,Premium,Female,45-54
U08513,2024-03-22,Organic,CMP103,USA,Austin,Desktop,Basic,Female,45-54
U08514,2024-04-24,LinkedIn,CMP108,Australia,Sydney,Mobile,Premium,Female,25-34
U08515,2024-04-13,Referral,CMP102,UK,London,Desktop,Basic,Female,18-24
U08516,2024-08-22,Black Friday,CMP112,Australia,Melbourne,Tablet,Basic,Female,18-24
U08517,2024-05-15,Black Friday,CMP115,Germany,Berlin,Desktop,Premium,Male,25-34
U08518,2024-12-13,LinkedIn,CMP105,Canada,Vancouver,Desktop,Basic,Female,18-24
U08519,2024-12-02,Organic,CMP114,Germany,Munich,Desktop,Premium,Female,35-44
U08520,2024-08-25,Facebook,CMP101,Germany,Munich,Mobile,Free,Female,35-44
U08521,2024-06-23,LinkedIn,CMP104,Canada,Vancouver,Mobile,Free,Male,45-54
U08522,2024-10-19,LinkedIn,CMP119,Germany,Munich,Tablet,Free,Male,35-44
U08523,2024-10-26,LinkedIn,CMP105,Australia,Sydney,Desktop,Basic,Male,45-54
U08524,2024-11-03,Referral,CMP111,USA,New York,Desktop,Basic,Male,25-34
U08525,2024-09-11,Facebook,CMP115,Canada,Vancouver,Tablet,Basic,Male,45-54
U08526,2024-04-20,Black Friday,CMP108,USA,Austin,Tablet,Free,Male,18-24
U08527,2024-08-28,LinkedIn,CMP116,Canada,Vancouver,Tablet,Free,Female,25-34
U08528,2024-05-24,Facebook,CMP102,Australia,Sydney,Desktop,Premium,Male,45-54
U08529,2024-12-10,Black Friday,CMP112,Australia,Melbourne,Tablet,Premium,Male,45-54
U08530,2024-02-25,Facebook,CMP113,Canada,Vancouver,Tablet,Basic,Female,18-24
U08531,2024-09-24,Facebook,CMP115,Australia,Melbourne,Desktop,Basic,Male,25-34
U08532,2024-07-11,Black Friday,CMP106,USA,Austin,Mobile,Premium,Female,45-54
U08533,2024-04-01,LinkedIn,CMP104,USA,Seattle,Tablet,Free,Male,45-54
U08534,2024-04-24,LinkedIn,CMP111,Germany,Munich,Desktop,Basic,Male,18-24
U08535,2024-07-12,Organic,CMP116,Australia,Sydney,Desktop,Premium,Female,25-34
U08536,2024-12-07,LinkedIn,CMP112,USA,Seattle,Desktop,Basic,Male,35-44
U08537,2024-08-23,LinkedIn,CMP114,Australia,Melbourne,Tablet,Premium,Female,18-24
U08538,2024-08-01,Organic,CMP106,UK,London,Desktop,Free,Male,25-34
U08539,2024-05-10,Black Friday,CMP109,Canada,Vancouver,Tablet,Basic,Male,35-44
U08540,2024-12-18,Referral,CMP103,UK,Manchester,Desktop,Basic,Male,45-54
U08541,2024-02-19,Referral,CMP103,UK,London,Tablet,Premium,Female,45-54
U08542,2024-09-19,Referral,CMP108,India,Chennai,Tablet,Premium,Male,45-54
U08543,2024-01-07,Black Friday,CMP108,USA,Seattle,Mobile,Basic,Female,45-54
U08544,2024-09-04,Facebook,CMP107,India,Chennai,Tablet,Premium,Male,35-44
U08545,2024-02-14,Referral,CMP107,Canada,Vancouver,Mobile,Basic,Female,25-34
U08546,2024-06-06,Referral,CMP120,Canada,Vancouver,Desktop,Premium,Male,18-24
U08547,2024-01-22,Organic,CMP118,USA,Seattle,Desktop,Basic,Female,25-34
U08548,2024-10-11,Black Friday,CMP101,Australia,Melbourne,Mobile,Basic,Female,18-24
U08549,2024-07-18,LinkedIn,CMP113,India,Bengaluru,Tablet,Premium,Male,25-34
U08550,2024-01-02,Google Ads,CMP111,Germany,Munich,Tablet,Basic,Male,45-54
U08551,2024-02-15,Organic,CMP110,Australia,Sydney,Tablet,Premium,Male,35-44
U08552,2024-11-30,Facebook,CMP119,Germany,Munich,Desktop,Premium,Female,18-24
U08553,2024-03-27,Referral,CMP108,UK,Manchester,Mobile,Free,Male,45-54
U08554,2024-10-17,Google Ads,CMP111,Australia,Melbourne,Desktop,Premium,Female,35-44
U08555,2024-10-04,Referral,CMP101,Australia,Melbourne,Tablet,Basic,Male,18-24
U08556,2024-03-04,Black Friday,CMP120,Canada,Vancouver,Mobile,Basic,Male,35-44
U08557,2024-12-24,Black Friday,CMP115,UK,London,Desktop,Basic,Female,45-54
U08558,2024-04-26,Google Ads,CMP102,Germany,Munich,Mobile,Free,Male,45-54
U08559,2024-04-10,Referral,CMP119,Germany,Munich,Mobile,Free,Female,25-34
U08560,2024-04-10,Referral,CMP112,USA,Austin,Tablet,Premium,Male,45-54
U08561,2024-10-19,Facebook,CMP115,Australia,Sydney,Tablet,Premium,Male,18-24
U08562,2024-06-17,Organic,CMP108,Australia,Melbourne,Mobile,Free,Female,25-34
U08563,2024-11-08,Google Ads,CMP111,USA,Austin,Mobile,Free,Male,35-44
U08564,2024-04-09,Facebook,CMP115,USA,New York,Mobile,Free,Female,45-54
U08565,2024-06-07,Google Ads,CMP103,Canada,Toronto,Tablet,Premium,Female,18-24
U08566,2024-07-13,Google Ads,CMP117,Canada,Vancouver,Mobile,Premium,Female,18-24
U08567,2024-03-13,Facebook,CMP113,UK,Manchester,Tablet,Basic,Male,18-24
U08568,2024-12-11,LinkedIn,CMP113,India,Bengaluru,Tablet,Premium,Male,45-54
U08569,2024-01-16,Black Friday,CMP119,India,Coimbatore,Mobile,Premium,Female,45-54
U08570,2024-06-05,Google Ads,CMP111,UK,London,Desktop,Basic,Female,18-24
U08571,2024-07-27,Black Friday,CMP104,Australia,Melbourne,Tablet,Premium,Female,25-34
U08572,2024-05-05,Organic,CMP114,Germany,Berlin,Mobile,Premium,Male,25-34
U08573,2024-12-16,Google Ads,CMP103,USA,New York,Mobile,Free,Male,45-54
U08574,2024-09-11,LinkedIn,CMP117,USA,Austin,Desktop,Free,Male,18-24
U08575,2024-07-29,Organic,CMP107,Canada,Vancouver,Mobile,Free,Female,25-34
U08576,2024-01-23,Google Ads,CMP117,Germany,Munich,Tablet,Premium,Male,35-44
U08577,2024-03-10,Referral,CMP111,UK,London,Tablet,Free,Female,25-34
U08578,2024-10-26,Organic,CMP103,USA,Austin,Mobile,Premium,Female,45-54
U08579,2024-10-08,Referral,CMP115,UK,London,Mobile,Premium,Female,45-54
U08580,2024-07-12,LinkedIn,CMP113,Germany,Berlin,Tablet,Free,Male,18-24
U08581,2024-09-06,LinkedIn,CMP101,USA,New York,Tablet,Basic,Female,35-44
U08582,2024-08-09,Google Ads,CMP117,UK,Manchester,Mobile,Premium,Male,35-44
U08583,2024-12-10,Organic,CMP110,Germany,Munich,Tablet,Basic,Female,35-44
U08584,2024-03-24,Google Ads,CMP112,Canada,Vancouver,Tablet,Basic,Male,18-24
U08585,2024-01-25,Facebook,CMP108,Canada,Toronto,Desktop,Basic,Female,35-44
U08586,2024-09-18,Referral,CMP108,Canada,Toronto,Mobile,Premium,Female,18-24
U08587,2024-10-01,Black Friday,CMP115,India,Coimbatore,Tablet,Free,Male,35-44
U08588,2024-07-11,LinkedIn,CMP101,Germany,Berlin,Tablet,Basic,Male,45-54
U08589,2024-01-21,Referral,CMP108,Canada,Vancouver,Desktop,Basic,Female,25-34
U08590,2024-12-15,Referral,CMP101,USA,Seattle,Desktop,Free,Female,25-34
U08591,2024-05-08,Black Friday,CMP103,Germany,Munich,Desktop,Premium,Male,35-44
U08592,2024-08-15,Black Friday,CMP118,Australia,Sydney,Desktop,Premium,Female,35-44
U08593,2024-06-27,Referral,CMP106,USA,Austin,Tablet,Free,Female,18-24
U08594,2024-05-26,Organic,CMP118,Canada,Vancouver,Desktop,Basic,Male,18-24
U08595,2024-11-29,Referral,CMP107,Canada,Toronto,Tablet,Free,Female,45-54
U08596,2024-07-18,LinkedIn,CMP120,Canada,Vancouver,Desktop,Free,Female,18-24
U08597,2024-07-15,Black Friday,CMP116,UK,London,Desktop,Free,Female,45-54
U08598,2024-06-08,Black Friday,CMP104,Australia,Sydney,Desktop,Basic,Female,25-34
U08599,2024-03-07,Google Ads,CMP109,Germany,Munich,Mobile,Free,Male,35-44
U08600,2024-12-15,LinkedIn,CMP118,Australia,Melbourne,Desktop,Free,Female,45-54
U08601,2024-10-09,LinkedIn,CMP113,Germany,Munich,Mobile,Basic,Male,25-34
U08602,2024-03-15,Organic,CMP106,India,Coimbatore,Desktop,Premium,Female,18-24
U08603,2024-07-02,LinkedIn,CMP120,UK,Manchester,Desktop,Premium,Male,35-44
U08604,2024-02-03,Referral,CMP114,Canada,Toronto,Tablet,Free,Female,45-54
U08605,2024-03-13,Referral,CMP102,Canada,Toronto,Mobile,Basic,Male,18-24
U08606,2024-07-10,LinkedIn,CMP101,Canada,Toronto,Mobile,Free,Male,35-44
U08607,2024-08-16,Google Ads,CMP105,Australia,Melbourne,Mobile,Free,Female,25-34
U08608,2024-12-23,Facebook,CMP118,Germany,Berlin,Mobile,Basic,Male,35-44
U08609,2024-10-20,Black Friday,CMP120,Germany,Munich,Mobile,Premium,Female,18-24
U08610,2024-03-01,Black Friday,CMP115,UK,Manchester,Desktop,Free,Female,25-34
U08611,2024-02-29,Facebook,CMP120,Australia,Sydney,Tablet,Free,Female,25-34
U08612,2024-11-29,LinkedIn,CMP117,Australia,Melbourne,Mobile,Free,Male,25-34
U08613,2024-10-12,Black Friday,CMP109,USA,Seattle,Tablet,Basic,Male,25-34
U08614,2024-08-10,Black Friday,CMP102,Australia,Sydney,Desktop,Premium,Female,35-44
U08615,2024-11-20,Google Ads,CMP112,Australia,Melbourne,Mobile,Premium,Female,35-44
U08616,2024-03-22,Facebook,CMP120,India,Coimbatore,Tablet,Basic,Male,45-54
U08617,2024-07-17,Black Friday,CMP111,Germany,Munich,Desktop,Basic,Male,45-54
U08618,2024-07-28,Referral,CMP103,Canada,Vancouver,Desktop,Premium,Male,25-34
U08619,2024-12-10,Organic,CMP107,UK,London,Desktop,Free,Male,25-34
U08620,2024-07-21,Facebook,CMP102,Australia,Sydney,Tablet,Premium,Female,35-44
U08621,2024-05-26,Referral,CMP102,Canada,Toronto,Mobile,Premium,Female,25-34
U08622,2024-08-27,Facebook,CMP120,USA,Seattle,Mobile,Premium,Male,18-24
U08623,2024-06-10,Black Friday,CMP117,Germany,Munich,Desktop,Premium,Female,25-34
U08624,2024-10-15,Organic,CMP106,Germany,Berlin,Desktop,Free,Female,18-24
U08625,2024-01-19,Referral,CMP102,India,Coimbatore,Mobile,Basic,Female,35-44
U08626,2024-03-18,Black Friday,CMP105,India,Chennai,Desktop,Basic,Male,35-44
U08627,2024-05-28,LinkedIn,CMP114,USA,New York,Tablet,Free,Male,45-54
U08628,2024-08-02,Facebook,CMP112,UK,Manchester,Tablet,Premium,Female,45-54
U08629,2024-01-28,LinkedIn,CMP102,USA,Austin,Mobile,Free,Male,35-44
U08630,2024-07-05,Facebook,CMP108,Germany,Berlin,Desktop,Premium,Female,35-44
U08631,2024-12-18,LinkedIn,CMP103,USA,New York,Desktop,Premium,Male,35-44
U08632,2024-12-22,LinkedIn,CMP120,Australia,Sydney,Tablet,Free,Female,18-24
U08633,2024-09-13,LinkedIn,CMP111,Canada,Toronto,Desktop,Premium,Male,45-54
U08634,2024-03-12,Referral,CMP107,USA,Austin,Tablet,Basic,Male,45-54
U08635,2024-02-04,Facebook,CMP116,Canada,Toronto,Desktop,Basic,Male,18-24
U08636,2024-01-05,Organic,CMP109,India,Coimbatore,Tablet,Free,Female,18-24
U08637,2024-08-10,Facebook,CMP114,Australia,Melbourne,Tablet,Free,Male,25-34
U08638,2024-08-15,Referral,CMP114,India,Chennai,Desktop,Basic,Male,18-24
U08639,2024-01-28,LinkedIn,CMP110,USA,New York,Mobile,Basic,Male,45-54
U08640,2024-11-28,Google Ads,CMP108,Germany,Berlin,Tablet,Basic,Female,18-24
U08641,2024-02-17,LinkedIn,CMP101,USA,Seattle,Desktop,Basic,Male,25-34
U08642,2024-07-25,Referral,CMP106,Germany,Berlin,Desktop,Free,Male,18-24
U08643,2024-04-28,Google Ads,CMP104,UK,Manchester,Tablet,Premium,Female,45-54
U08644,2024-04-27,Google Ads,CMP119,India,Bengaluru,Desktop,Free,Male,18-24
U08645,2024-10-09,Google Ads,CMP104,India,Bengaluru,Desktop,Premium,Female,25-34
U08646,2024-07-05,Organic,CMP107,Canada,Vancouver,Tablet,Free,Female,25-34
U08647,2024-09-11,Facebook,CMP115,Australia,Sydney,Desktop,Basic,Male,45-54
U08648,2024-09-30,Black Friday,CMP107,India,Chennai,Tablet,Free,Female,25-34
U08649,2024-04-11,Referral,CMP117,USA,New York,Tablet,Free,Male,45-54
U08650,2024-06-12,Organic,CMP107,UK,Manchester,Mobile,Basic,Female,35-44
U08651,2024-05-24,Facebook,CMP110,India,Coimbatore,Desktop,Basic,Male,25-34
U08652,2024-05-31,Google Ads,CMP114,India,Bengaluru,Mobile,Basic,Male,25-34
U08653,2024-11-24,Referral,CMP120,UK,London,Desktop,Premium,Male,18-24
U08654,2024-12-19,Organic,CMP116,Germany,Munich,Tablet,Premium,Female,45-54
U08655,2024-07-01,Google Ads,CMP113,Australia,Sydney,Mobile,Basic,Female,35-44
U08656,2024-06-24,Referral,CMP110,Germany,Berlin,Desktop,Basic,Male,45-54
U08657,2024-04-19,Google Ads,CMP106,Germany,Munich,Tablet,Premium,Female,25-34
U08658,2024-08-18,Facebook,CMP110,USA,Austin,Tablet,Basic,Male,25-34
U08659,2024-03-22,Referral,CMP111,Germany,Berlin,Desktop,Premium,Male,45-54
U08660,2024-11-01,Organic,CMP102,USA,Seattle,Mobile,Free,Female,35-44
U08661,2024-04-30,Black Friday,CMP102,UK,London,Tablet,Basic,Male,35-44
U08662,2024-04-30,Black Friday,CMP120,Canada,Vancouver,Mobile,Basic,Female,18-24
U08663,2024-02-09,LinkedIn,CMP109,USA,Seattle,Tablet,Basic,Female,25-34
U08664,2024-08-07,LinkedIn,CMP113,USA,Seattle,Mobile,Basic,Female,18-24
U08665,2024-01-04,Black Friday,CMP119,UK,London,Mobile,Premium,Male,35-44
U08666,2024-12-07,LinkedIn,CMP120,UK,Manchester,Mobile,Basic,Male,35-44
U08667,2024-02-22,Referral,CMP109,UK,London,Desktop,Free,Male,35-44
U08668,2024-08-02,Google Ads,CMP115,Australia,Sydney,Desktop,Free,Male,35-44
U08669,2024-01-21,Referral,CMP104,India,Coimbatore,Mobile,Premium,Female,25-34
U08670,2024-08-13,Referral,CMP104,USA,Austin,Desktop,Premium,Female,18-24
U08671,2024-10-12,Referral,CMP117,Canada,Vancouver,Desktop,Premium,Female,35-44
U08672,2024-12-02,Organic,CMP104,USA,Austin,Tablet,Basic,Female,18-24
U08673,2024-08-03,Google Ads,CMP108,UK,London,Tablet,Premium,Male,45-54
U08674,2024-08-24,Organic,CMP119,India,Coimbatore,Desktop,Free,Female,25-34
U08675,2024-10-09,Black Friday,CMP116,Australia,Melbourne,Desktop,Free,Female,25-34
U08676,2024-11-20,Google Ads,CMP102,Australia,Melbourne,Desktop,Premium,Female,45-54
U08677,2024-10-08,Black Friday,CMP104,Germany,Munich,Desktop,Premium,Female,18-24
U08678,2024-04-10,Organic,CMP120,India,Chennai,Mobile,Free,Male,45-54
U08679,2024-05-29,Google Ads,CMP101,Germany,Munich,Tablet,Basic,Female,25-34
U08680,2024-11-11,Google Ads,CMP114,Canada,Toronto,Tablet,Premium,Female,18-24
U08681,2024-01-15,Referral,CMP106,USA,Seattle,Desktop,Free,Male,25-34
U08682,2024-08-11,Referral,CMP105,UK,London,Mobile,Free,Female,18-24
U08683,2024-11-17,Google Ads,CMP114,USA,Austin,Tablet,Premium,Male,45-54
U08684,2024-08-24,Referral,CMP106,USA,Austin,Desktop,Premium,Male,45-54
U08685,2024-04-29,Referral,CMP104,Germany,Berlin,Mobile,Free,Female,25-34
U08686,2024-03-17,Google Ads,CMP114,UK,London,Mobile,Free,Male,18-24
U08687,2024-04-04,Organic,CMP116,USA,New York,Tablet,Premium,Male,18-24
U08688,2024-11-18,Google Ads,CMP103,USA,New York,Desktop,Premium,Male,45-54
U08689,2024-06-28,Organic,CMP102,USA,New York,Mobile,Basic,Female,35-44
U08690,2024-04-01,Black Friday,CMP112,India,Bengaluru,Mobile,Free,Male,18-24
U08691,2024-11-07,Black Friday,CMP115,Australia,Sydney,Desktop,Premium,Male,35-44
U08692,2024-11-17,Organic,CMP103,India,Coimbatore,Mobile,Premium,Female,18-24
U08693,2024-03-25,Black Friday,CMP111,USA,New York,Mobile,Free,Male,45-54
U08694,2024-06-18,Referral,CMP106,India,Coimbatore,Desktop,Free,Male,18-24
U08695,2024-10-28,Google Ads,CMP118,Germany,Berlin,Desktop,Premium,Male,35-44
U08696,2024-11-05,LinkedIn,CMP104,USA,Seattle,Mobile,Free,Female,35-44
U08697,2024-02-26,Organic,CMP109,UK,Manchester,Tablet,Premium,Male,45-54
U08698,2024-06-11,Organic,CMP102,Germany,Munich,Tablet,Free,Female,25-34
U08699,2024-06-22,Organic,CMP106,Canada,Vancouver,Desktop,Free,Female,25-34
U08700,2024-06-03,Referral,CMP120,Germany,Berlin,Desktop,Free,Male,25-34
U08701,2024-12-04,Facebook,CMP116,Australia,Melbourne,Mobile,Premium,Male,45-54
U08702,2024-10-08,Facebook,CMP114,USA,New York,Tablet,Basic,Female,18-24
U08703,2024-11-18,Black Friday,CMP112,Australia,Melbourne,Tablet,Premium,Male,18-24
U08704,2024-10-06,Facebook,CMP115,UK,Manchester,Mobile,Basic,Male,45-54
U08705,2024-08-19,LinkedIn,CMP114,UK,Manchester,Mobile,Basic,Male,18-24
U08706,2024-12-29,Organic,CMP102,Germany,Munich,Mobile,Free,Male,18-24
U08707,2024-08-30,Black Friday,CMP112,USA,New York,Tablet,Basic,Male,18-24
U08708,2024-06-13,LinkedIn,CMP118,Canada,Toronto,Mobile,Premium,Female,45-54
U08709,2024-02-29,Referral,CMP101,Germany,Berlin,Tablet,Basic,Male,35-44
U08710,2024-08-26,Facebook,CMP102,UK,Manchester,Desktop,Premium,Male,35-44
U08711,2024-06-02,Google Ads,CMP119,UK,Manchester,Desktop,Basic,Male,45-54
U08712,2024-07-23,LinkedIn,CMP107,USA,Seattle,Desktop,Free,Male,25-34
U08713,2024-09-30,Google Ads,CMP109,USA,Seattle,Tablet,Premium,Female,18-24
U08714,2024-06-12,Google Ads,CMP119,UK,London,Desktop,Basic,Female,45-54
U08715,2024-02-15,Facebook,CMP118,USA,Seattle,Tablet,Premium,Female,18-24
U08716,2024-07-19,Organic,CMP103,India,Chennai,Mobile,Free,Male,45-54
U08717,2024-09-13,Organic,CMP118,Germany,Munich,Tablet,Premium,Female,25-34
U08718,2024-10-19,Organic,CMP119,USA,New York,Desktop,Basic,Male,35-44
U08719,2024-10-10,Organic,CMP102,UK,London,Desktop,Free,Female,18-24
U08720,2024-10-26,LinkedIn,CMP113,UK,Manchester,Mobile,Basic,Male,45-54
U08721,2024-09-21,Organic,CMP106,Canada,Vancouver,Tablet,Basic,Male,45-54
U08722,2024-04-11,Black Friday,CMP118,Germany,Munich,Mobile,Basic,Male,35-44
U08723,2024-02-28,Organic,CMP106,Canada,Vancouver,Mobile,Basic,Male,45-54
U08724,2024-08-17,Google Ads,CMP116,USA,Seattle,Tablet,Basic,Male,18-24
U08725,2024-10-17,Facebook,CMP108,India,Chennai,Mobile,Free,Male,35-44
U08726,2024-03-04,LinkedIn,CMP110,Canada,Vancouver,Mobile,Basic,Female,35-44
U08727,2024-01-24,Google Ads,CMP103,USA,New York,Desktop,Premium,Female,35-44
U08728,2024-09-07,Facebook,CMP113,India,Coimbatore,Mobile,Free,Female,18-24
U08729,2024-06-14,Black Friday,CMP101,Australia,Sydney,Desktop,Basic,Male,25-34
U08730,2024-08-11,Google Ads,CMP102,Canada,Toronto,Mobile,Free,Male,18-24
U08731,2024-06-12,LinkedIn,CMP106,USA,New York,Desktop,Premium,Female,45-54
U08732,2024-10-20,Black Friday,CMP116,UK,Manchester,Tablet,Basic,Male,45-54
U08733,2024-11-03,Google Ads,CMP112,Germany,Berlin,Mobile,Basic,Female,25-34
U08734,2024-08-04,Referral,CMP115,UK,Manchester,Tablet,Premium,Male,25-34
U08735,2024-03-02,Facebook,CMP104,Australia,Sydney,Mobile,Premium,Male,45-54
U08736,2024-09-19,Organic,CMP108,USA,Austin,Desktop,Free,Male,25-34
U08737,2024-12-20,LinkedIn,CMP104,Germany,Munich,Desktop,Basic,Male,25-34
U08738,2024-08-26,Organic,CMP114,Germany,Berlin,Tablet,Premium,Female,18-24
U08739,2024-03-08,Facebook,CMP102,UK,Manchester,Desktop,Premium,Female,25-34
U08740,2024-11-08,Black Friday,CMP116,India,Bengaluru,Mobile,Basic,Female,18-24
U08741,2024-10-07,Facebook,CMP109,USA,Austin,Mobile,Basic,Male,25-34
U08742,2024-09-21,Facebook,CMP111,Canada,Toronto,Mobile,Premium,Female,45-54
U08743,2024-02-25,Facebook,CMP114,Germany,Munich,Tablet,Premium,Male,35-44
U08744,2024-09-07,Organic,CMP107,Canada,Toronto,Tablet,Basic,Male,25-34
U08745,2024-02-01,LinkedIn,CMP107,India,Bengaluru,Tablet,Premium,Female,35-44
U08746,2024-05-28,LinkedIn,CMP101,USA,New York,Mobile,Free,Female,25-34
U08747,2024-09-25,LinkedIn,CMP105,Canada,Toronto,Desktop,Premium,Female,45-54
U08748,2024-02-16,Black Friday,CMP108,Canada,Vancouver,Tablet,Basic,Female,45-54
U08749,2024-01-23,Google Ads,CMP104,India,Chennai,Tablet,Premium,Female,25-34
U08750,2024-05-13,Google Ads,CMP103,UK,London,Desktop,Basic,Male,25-34
U08751,2024-07-18,Google Ads,CMP106,UK,Manchester,Mobile,Premium,Male,45-54
U08752,2024-09-28,LinkedIn,CMP114,UK,Manchester,Desktop,Basic,Female,35-44
U08753,2024-01-17,Google Ads,CMP119,UK,London,Tablet,Free,Male,45-54
U08754,2024-05-16,LinkedIn,CMP107,Canada,Vancouver,Desktop,Basic,Female,45-54
U08755,2024-02-07,Organic,CMP106,USA,Austin,Tablet,Premium,Female,45-54
U08756,2024-11-23,Organic,CMP111,UK,Manchester,Desktop,Premium,Male,18-24
U08757,2024-12-13,Organic,CMP120,USA,New York,Mobile,Premium,Female,25-34
U08758,2024-10-29,Organic,CMP106,Australia,Sydney,Tablet,Basic,Female,45-54
U08759,2024-03-31,Organic,CMP116,USA,New York,Tablet,Free,Male,35-44
U08760,2024-01-15,Black Friday,CMP108,Australia,Sydney,Desktop,Basic,Female,35-44
U08761,2024-11-05,LinkedIn,CMP118,USA,New York,Desktop,Basic,Female,35-44
U08762,2024-05-31,Google Ads,CMP106,Germany,Munich,Desktop,Basic,Male,35-44
U08763,2024-07-06,Referral,CMP114,UK,Manchester,Desktop,Free,Female,45-54
U08764,2024-01-22,Organic,CMP106,UK,London,Desktop,Basic,Male,45-54
U08765,2024-02-16,Referral,CMP119,Germany,Munich,Desktop,Basic,Male,25-34
U08766,2024-10-25,Google Ads,CMP106,Germany,Munich,Desktop,Free,Male,35-44
U08767,2024-03-26,Black Friday,CMP112,Canada,Vancouver,Tablet,Premium,Female,45-54
U08768,2024-02-29,Organic,CMP102,USA,Austin,Mobile,Free,Female,18-24
U08769,2024-10-01,LinkedIn,CMP118,India,Chennai,Desktop,Free,Male,45-54
U08770,2024-11-22,LinkedIn,CMP116,Germany,Munich,Mobile,Free,Male,18-24
U08771,2024-10-09,Black Friday,CMP111,Germany,Berlin,Desktop,Premium,Female,18-24
U08772,2024-10-25,Black Friday,CMP110,Australia,Sydney,Desktop,Basic,Female,18-24
U08773,2024-02-04,Referral,CMP101,Canada,Toronto,Tablet,Basic,Female,45-54
U08774,2024-01-24,Organic,CMP114,Australia,Sydney,Desktop,Premium,Male,35-44
U08775,2024-09-08,Referral,CMP103,USA,New York,Tablet,Basic,Male,45-54
U08776,2024-01-03,LinkedIn,CMP106,Australia,Sydney,Tablet,Basic,Male,25-34
U08777,2024-03-11,Organic,CMP113,Germany,Berlin,Desktop,Free,Female,35-44
U08778,2024-07-18,Referral,CMP117,UK,Manchester,Tablet,Free,Male,45-54
U08779,2024-06-26,Facebook,CMP102,USA,Seattle,Mobile,Free,Female,35-44
U08780,2024-07-04,Facebook,CMP119,India,Bengaluru,Mobile,Basic,Female,18-24
U08781,2024-05-27,Google Ads,CMP116,India,Coimbatore,Mobile,Free,Female,25-34
U08782,2024-04-09,LinkedIn,CMP120,Canada,Toronto,Tablet,Premium,Male,25-34
U08783,2024-10-31,Google Ads,CMP108,India,Bengaluru,Tablet,Free,Male,45-54
U08784,2024-05-22,Organic,CMP102,Australia,Melbourne,Desktop,Free,Male,45-54
U08785,2024-03-25,Black Friday,CMP109,Canada,Toronto,Mobile,Free,Female,45-54
U08786,2024-01-22,Black Friday,CMP107,Australia,Melbourne,Desktop,Basic,Male,35-44
U08787,2024-05-20,Facebook,CMP116,USA,New York,Mobile,Free,Female,35-44
U08788,2024-09-02,Referral,CMP108,USA,Seattle,Mobile,Free,Female,25-34
U08789,2024-03-22,LinkedIn,CMP102,Australia,Sydney,Mobile,Free,Male,45-54
U08790,2024-06-18,Organic,CMP116,Germany,Munich,Tablet,Free,Female,35-44
U08791,2024-12-09,LinkedIn,CMP108,India,Chennai,Tablet,Premium,Male,18-24
U08792,2024-10-21,Google Ads,CMP110,Australia,Sydney,Desktop,Free,Male,45-54
U08793,2024-04-25,Referral,CMP116,UK,Manchester,Mobile,Free,Male,25-34
U08794,2024-01-16,Google Ads,CMP119,Canada,Vancouver,Desktop,Premium,Male,18-24
U08795,2024-11-06,Referral,CMP108,USA,Austin,Desktop,Basic,Female,18-24
U08796,2024-05-21,Facebook,CMP109,UK,Manchester,Desktop,Basic,Female,25-34
U08797,2024-11-03,LinkedIn,CMP108,Australia,Melbourne,Mobile,Basic,Male,25-34
U08798,2024-04-28,Facebook,CMP118,USA,New York,Mobile,Basic,Female,35-44
U08799,2024-12-19,Black Friday,CMP108,Germany,Munich,Tablet,Basic,Male,25-34
U08800,2024-10-31,Organic,CMP104,USA,Austin,Desktop,Free,Male,25-34
U08801,2024-08-03,Facebook,CMP113,UK,Manchester,Desktop,Basic,Female,18-24
U08802,2024-06-30,Organic,CMP116,Germany,Berlin,Desktop,Premium,Male,25-34
U08803,2024-04-27,Google Ads,CMP112,USA,Austin,Mobile,Premium,Female,35-44
U08804,2024-01-09,Google Ads,CMP111,India,Bengaluru,Desktop,Free,Male,25-34
U08805,2024-05-13,Organic,CMP108,India,Coimbatore,Mobile,Premium,Male,18-24
U08806,2024-12-04,Black Friday,CMP105,Australia,Sydney,Mobile,Free,Female,25-34
U08807,2024-10-03,Google Ads,CMP114,USA,New York,Desktop,Premium,Female,45-54
U08808,2024-08-03,Organic,CMP116,USA,New York,Tablet,Premium,Female,35-44
U08809,2024-10-05,LinkedIn,CMP108,Canada,Vancouver,Desktop,Basic,Male,25-34
U08810,2024-11-15,Facebook,CMP119,Canada,Toronto,Mobile,Free,Male,35-44
U08811,2024-10-24,Google Ads,CMP117,Australia,Sydney,Desktop,Free,Male,25-34
U08812,2024-08-14,Google Ads,CMP105,UK,Manchester,Tablet,Basic,Female,25-34
U08813,2024-12-17,Google Ads,CMP102,Australia,Sydney,Mobile,Premium,Male,45-54
U08814,2024-06-14,Google Ads,CMP106,USA,New York,Tablet,Premium,Female,18-24
U08815,2024-02-20,Referral,CMP113,Australia,Melbourne,Desktop,Premium,Male,18-24
U08816,2024-06-22,Black Friday,CMP113,India,Coimbatore,Tablet,Premium,Female,45-54
U08817,2024-06-19,Google Ads,CMP107,Canada,Vancouver,Desktop,Premium,Female,25-34
U08818,2024-08-09,Organic,CMP102,Canada,Toronto,Mobile,Basic,Female,18-24
U08819,2024-04-11,Google Ads,CMP114,USA,New York,Tablet,Free,Female,25-34
U08820,2024-10-15,Google Ads,CMP109,India,Bengaluru,Desktop,Free,Male,18-24
U08821,2024-07-05,Referral,CMP117,USA,Seattle,Tablet,Premium,Male,18-24
U08822,2024-03-23,Black Friday,CMP101,Canada,Vancouver,Tablet,Basic,Male,25-34
U08823,2024-05-01,LinkedIn,CMP104,Australia,Melbourne,Mobile,Free,Male,45-54
U08824,2024-03-16,Referral,CMP120,Australia,Sydney,Tablet,Premium,Male,18-24
U08825,2024-03-05,Black Friday,CMP104,Australia,Sydney,Mobile,Basic,Male,18-24
U08826,2024-07-31,Black Friday,CMP120,India,Coimbatore,Tablet,Basic,Female,18-24
U08827,2024-05-24,Black Friday,CMP105,Australia,Sydney,Tablet,Basic,Female,45-54
U08828,2024-08-06,Google Ads,CMP104,Australia,Sydney,Mobile,Premium,Female,35-44
U08829,2024-04-12,Referral,CMP109,India,Chennai,Mobile,Free,Female,35-44
U08830,2024-05-02,LinkedIn,CMP103,USA,Austin,Desktop,Premium,Male,35-44
U08831,2024-01-07,LinkedIn,CMP105,Germany,Berlin,Mobile,Free,Female,35-44
U08832,2024-01-21,Black Friday,CMP109,Canada,Vancouver,Desktop,Premium,Male,18-24
U08833,2024-09-10,Facebook,CMP119,Australia,Sydney,Desktop,Free,Male,45-54
U08834,2024-02-11,Black Friday,CMP117,Germany,Munich,Tablet,Premium,Female,25-34
U08835,2024-01-16,Google Ads,CMP115,Germany,Berlin,Mobile,Premium,Female,45-54
U08836,2024-07-09,Facebook,CMP117,Canada,Toronto,Desktop,Free,Male,45-54
U08837,2024-01-17,Google Ads,CMP117,India,Bengaluru,Tablet,Premium,Male,18-24
U08838,2024-03-14,Facebook,CMP115,Canada,Toronto,Mobile,Premium,Male,25-34
U08839,2024-12-12,Referral,CMP114,UK,London,Mobile,Basic,Male,25-34
U08840,2024-04-26,Google Ads,CMP105,UK,Manchester,Desktop,Free,Male,18-24
U08841,2024-05-12,Facebook,CMP105,Australia,Sydney,Mobile,Basic,Female,45-54
U08842,2024-06-21,LinkedIn,CMP114,Germany,Berlin,Tablet,Basic,Male,25-34
U08843,2024-07-01,LinkedIn,CMP109,India,Chennai,Desktop,Free,Male,18-24
U08844,2024-10-04,Google Ads,CMP120,UK,London,Tablet,Premium,Male,25-34
U08845,2024-12-26,LinkedIn,CMP120,India,Coimbatore,Desktop,Basic,Female,18-24
U08846,2024-03-17,Black Friday,CMP118,Germany,Munich,Desktop,Premium,Female,18-24
U08847,2024-11-18,Organic,CMP115,Australia,Melbourne,Tablet,Premium,Female,18-24
U08848,2024-03-16,LinkedIn,CMP113,UK,Manchester,Tablet,Premium,Female,45-54
U08849,2024-08-05,LinkedIn,CMP119,UK,London,Desktop,Basic,Male,25-34
U08850,2024-10-08,LinkedIn,CMP115,USA,Seattle,Desktop,Basic,Female,25-34
U08851,2024-06-19,Facebook,CMP111,Australia,Melbourne,Desktop,Free,Female,35-44
U08852,2024-08-19,Referral,CMP106,Australia,Sydney,Mobile,Free,Male,45-54
U08853,2024-12-05,Referral,CMP108,Germany,Munich,Mobile,Premium,Male,25-34
U08854,2024-09-05,Black Friday,CMP109,USA,New York,Mobile,Basic,Female,35-44
U08855,2024-04-26,Google Ads,CMP103,UK,Manchester,Tablet,Free,Female,45-54
U08856,2024-03-09,LinkedIn,CMP115,Germany,Berlin,Mobile,Free,Male,18-24
U08857,2024-04-08,Facebook,CMP107,India,Chennai,Mobile,Basic,Female,18-24
U08858,2024-01-15,Organic,CMP105,Australia,Sydney,Desktop,Free,Male,25-34
U08859,2024-09-14,Facebook,CMP102,Canada,Vancouver,Desktop,Basic,Male,45-54
U08860,2024-03-23,Organic,CMP118,Germany,Berlin,Mobile,Basic,Male,18-24
U08861,2024-11-01,Facebook,CMP110,Canada,Vancouver,Tablet,Premium,Male,45-54
U08862,2024-07-18,Black Friday,CMP113,Germany,Munich,Tablet,Basic,Male,18-24
U08863,2024-12-06,LinkedIn,CMP111,Australia,Sydney,Desktop,Basic,Male,25-34
U08864,2024-07-24,Facebook,CMP116,UK,London,Desktop,Free,Female,25-34
U08865,2024-11-28,Facebook,CMP104,India,Coimbatore,Mobile,Free,Female,45-54
U08866,2024-09-27,Organic,CMP101,Germany,Berlin,Tablet,Premium,Female,35-44
U08867,2024-06-26,LinkedIn,CMP120,India,Chennai,Desktop,Premium,Female,45-54
U08868,2024-05-02,Google Ads,CMP117,Australia,Sydney,Mobile,Free,Female,35-44
U08869,2024-11-26,Black Friday,CMP107,USA,Austin,Mobile,Basic,Male,18-24
U08870,2024-04-15,LinkedIn,CMP102,Germany,Berlin,Tablet,Free,Female,18-24
U08871,2024-08-16,LinkedIn,CMP108,USA,Austin,Desktop,Premium,Male,25-34
U08872,2024-02-16,Referral,CMP115,Germany,Munich,Mobile,Basic,Male,35-44
U08873,2024-07-15,LinkedIn,CMP101,Australia,Sydney,Desktop,Basic,Male,18-24
U08874,2024-10-25,Facebook,CMP119,Canada,Toronto,Desktop,Basic,Male,45-54
U08875,2024-02-13,Referral,CMP102,UK,London,Tablet,Basic,Male,45-54
U08876,2024-12-01,Google Ads,CMP111,USA,Austin,Desktop,Basic,Female,18-24
U08877,2024-11-13,Black Friday,CMP112,UK,London,Tablet,Premium,Male,45-54
U08878,2024-07-15,Google Ads,CMP114,India,Chennai,Desktop,Free,Male,45-54
U08879,2024-02-10,Referral,CMP107,Germany,Berlin,Mobile,Free,Male,45-54
U08880,2024-04-12,Facebook,CMP106,UK,London,Desktop,Premium,Male,25-34
U08881,2024-04-01,LinkedIn,CMP109,Australia,Melbourne,Desktop,Basic,Male,45-54
U08882,2024-06-03,Facebook,CMP114,Canada,Toronto,Desktop,Free,Female,18-24
U08883,2024-06-16,Organic,CMP112,Canada,Vancouver,Desktop,Basic,Male,45-54
U08884,2024-12-19,Facebook,CMP119,Canada,Toronto,Desktop,Premium,Male,45-54
U08885,2024-01-09,Black Friday,CMP118,Australia,Sydney,Mobile,Basic,Female,18-24
U08886,2024-07-20,Google Ads,CMP120,India,Bengaluru,Tablet,Free,Male,35-44
U08887,2024-10-08,Black Friday,CMP115,Canada,Toronto,Desktop,Basic,Male,45-54
U08888,2024-09-06,Referral,CMP113,UK,Manchester,Mobile,Free,Male,25-34
U08889,2024-02-27,Referral,CMP115,Australia,Melbourne,Tablet,Basic,Female,45-54
U08890,2024-01-04,Facebook,CMP118,Australia,Melbourne,Tablet,Free,Male,45-54
U08891,2024-06-23,Organic,CMP105,Germany,Munich,Desktop,Basic,Male,35-44
U08892,2024-07-30,Facebook,CMP103,Canada,Toronto,Desktop,Free,Female,25-34
U08893,2024-09-13,Black Friday,CMP101,Australia,Sydney,Desktop,Free,Female,25-34
U08894,2024-03-18,Black Friday,CMP110,Canada,Vancouver,Desktop,Basic,Female,35-44
U08895,2024-03-03,LinkedIn,CMP117,USA,New York,Tablet,Basic,Male,35-44
U08896,2024-05-16,LinkedIn,CMP108,Australia,Melbourne,Tablet,Premium,Male,18-24
U08897,2024-11-22,Google Ads,CMP115,Australia,Sydney,Tablet,Free,Female,18-24
U08898,2024-05-16,Organic,CMP105,India,Chennai,Mobile,Premium,Male,35-44
U08899,2024-09-24,Black Friday,CMP117,Canada,Vancouver,Mobile,Premium,Male,45-54
U08900,2024-11-20,Black Friday,CMP106,Australia,Melbourne,Tablet,Premium,Male,18-24
U08901,2024-04-23,Facebook,CMP119,Australia,Melbourne,Desktop,Free,Female,18-24
U08902,2024-09-18,Referral,CMP111,USA,New York,Mobile,Premium,Male,35-44
U08903,2024-03-24,Google Ads,CMP120,USA,New York,Mobile,Free,Female,25-34
U08904,2024-04-25,Organic,CMP112,India,Coimbatore,Desktop,Premium,Female,18-24
U08905,2024-05-11,Black Friday,CMP119,Canada,Toronto,Mobile,Premium,Male,18-24
U08906,2024-07-12,Organic,CMP111,Australia,Sydney,Tablet,Basic,Female,25-34
U08907,2024-12-28,Referral,CMP109,USA,Austin,Tablet,Free,Male,25-34
U08908,2024-10-01,Black Friday,CMP117,Germany,Munich,Mobile,Free,Male,45-54
U08909,2024-05-29,Organic,CMP109,Canada,Vancouver,Desktop,Basic,Male,45-54
U08910,2024-04-21,Organic,CMP119,India,Chennai,Mobile,Free,Female,18-24
U08911,2024-08-02,Referral,CMP118,Australia,Sydney,Mobile,Premium,Male,35-44
U08912,2024-01-29,Organic,CMP113,India,Chennai,Tablet,Free,Male,45-54
U08913,2024-10-03,LinkedIn,CMP108,India,Chennai,Tablet,Free,Female,35-44
U08914,2024-11-16,Black Friday,CMP102,Australia,Melbourne,Desktop,Free,Male,18-24
U08915,2024-08-08,Facebook,CMP102,Germany,Munich,Desktop,Basic,Female,25-34
U08916,2024-05-23,Organic,CMP105,India,Coimbatore,Tablet,Basic,Male,45-54
U08917,2024-02-05,Google Ads,CMP115,Germany,Munich,Desktop,Free,Female,35-44
U08918,2024-04-17,Organic,CMP114,Australia,Sydney,Mobile,Premium,Female,18-24
U08919,2024-05-22,Google Ads,CMP104,Australia,Melbourne,Tablet,Free,Male,18-24
U08920,2024-01-13,Black Friday,CMP109,UK,London,Mobile,Premium,Female,45-54
U08921,2024-10-09,LinkedIn,CMP113,Canada,Toronto,Desktop,Basic,Male,18-24
U08922,2024-10-01,LinkedIn,CMP102,UK,London,Mobile,Free,Male,18-24
U08923,2024-08-31,LinkedIn,CMP118,USA,Seattle,Desktop,Basic,Female,35-44
U08924,2024-12-08,Organic,CMP120,Germany,Munich,Desktop,Basic,Male,18-24
U08925,2024-04-07,Organic,CMP108,UK,Manchester,Desktop,Free,Female,45-54
U08926,2024-09-11,Black Friday,CMP108,Australia,Melbourne,Mobile,Basic,Male,35-44
U08927,2024-10-28,Organic,CMP113,Australia,Sydney,Desktop,Premium,Male,18-24
U08928,2024-03-21,Black Friday,CMP112,India,Chennai,Tablet,Free,Male,18-24
U08929,2024-03-30,Referral,CMP117,Canada,Toronto,Tablet,Basic,Female,18-24
U08930,2024-04-21,Organic,CMP104,Australia,Sydney,Mobile,Basic,Male,45-54
U08931,2024-08-26,Organic,CMP102,Australia,Sydney,Mobile,Free,Female,35-44
U08932,2024-12-10,Google Ads,CMP117,Canada,Vancouver,Tablet,Basic,Female,25-34
U08933,2024-09-24,Facebook,CMP111,Australia,Sydney,Desktop,Premium,Female,45-54
U08934,2024-10-06,Referral,CMP114,India,Coimbatore,Mobile,Free,Male,18-24
U08935,2024-04-07,Google Ads,CMP113,Germany,Berlin,Desktop,Premium,Female,45-54
U08936,2024-01-19,Organic,CMP111,Canada,Toronto,Tablet,Premium,Male,45-54
U08937,2024-09-10,Google Ads,CMP107,Canada,Vancouver,Tablet,Free,Female,18-24
U08938,2024-05-28,Black Friday,CMP110,Australia,Melbourne,Desktop,Basic,Female,45-54
U08939,2024-06-28,Organic,CMP102,USA,New York,Mobile,Basic,Female,45-54
U08940,2024-06-07,LinkedIn,CMP111,USA,Austin,Mobile,Basic,Male,25-34
U08941,2024-07-09,Google Ads,CMP120,UK,London,Tablet,Basic,Female,25-34
U08942,2024-11-07,Referral,CMP109,Germany,Munich,Desktop,Basic,Male,18-24
U08943,2024-12-07,Facebook,CMP118,Australia,Melbourne,Desktop,Premium,Female,25-34
U08944,2024-08-15,Facebook,CMP109,USA,Austin,Mobile,Premium,Male,25-34
U08945,2024-05-20,Google Ads,CMP107,India,Chennai,Tablet,Premium,Male,25-34
U08946,2024-03-23,Referral,CMP110,Australia,Sydney,Tablet,Basic,Male,35-44
U08947,2024-01-19,Organic,CMP105,India,Bengaluru,Mobile,Premium,Female,18-24
U08948,2024-06-07,Google Ads,CMP119,Australia,Sydney,Mobile,Premium,Female,18-24
U08949,2024-03-03,LinkedIn,CMP109,Germany,Berlin,Tablet,Free,Male,25-34
U08950,2024-05-31,Facebook,CMP104,Canada,Toronto,Mobile,Premium,Female,45-54
U08951,2024-01-16,Google Ads,CMP110,Australia,Sydney,Mobile,Basic,Male,35-44
U08952,2024-08-22,Referral,CMP115,Australia,Melbourne,Desktop,Free,Female,35-44
U08953,2024-07-18,Referral,CMP107,Germany,Berlin,Tablet,Basic,Male,18-24
U08954,2024-09-05,Google Ads,CMP103,Canada,Toronto,Desktop,Premium,Male,18-24
U08955,2024-07-26,Referral,CMP109,Australia,Melbourne,Desktop,Free,Female,25-34
U08956,2024-06-03,Black Friday,CMP115,UK,Manchester,Mobile,Premium,Female,45-54
U08957,2024-04-08,Organic,CMP103,India,Chennai,Desktop,Basic,Male,35-44
U08958,2024-10-14,LinkedIn,CMP109,Germany,Munich,Desktop,Basic,Female,25-34
U08959,2024-03-02,Google Ads,CMP118,USA,New York,Tablet,Basic,Female,18-24
U08960,2024-04-13,Referral,CMP106,Germany,Berlin,Mobile,Premium,Male,18-24
U08961,2024-12-28,LinkedIn,CMP101,UK,Manchester,Desktop,Premium,Female,35-44
U08962,2024-01-18,Google Ads,CMP110,Germany,Berlin,Tablet,Free,Female,45-54
U08963,2024-02-22,Referral,CMP101,Germany,Munich,Tablet,Free,Female,25-34
U08964,2024-09-07,Black Friday,CMP104,Germany,Berlin,Desktop,Premium,Male,45-54
U08965,2024-06-13,Organic,CMP115,Australia,Sydney,Desktop,Free,Male,25-34
U08966,2024-01-19,Organic,CMP113,UK,London,Mobile,Free,Male,45-54
U08967,2024-03-29,Referral,CMP104,Australia,Melbourne,Tablet,Premium,Male,18-24
U08968,2024-02-12,Organic,CMP116,USA,New York,Desktop,Basic,Male,45-54
U08969,2024-08-22,Referral,CMP115,India,Bengaluru,Desktop,Premium,Female,18-24
U08970,2024-07-13,LinkedIn,CMP113,USA,Austin,Mobile,Basic,Male,45-54
U08971,2024-10-06,LinkedIn,CMP112,USA,Seattle,Desktop,Free,Male,45-54
U08972,2024-04-20,Organic,CMP105,USA,Austin,Mobile,Premium,Male,18-24
U08973,2024-06-30,Referral,CMP115,India,Bengaluru,Mobile,Premium,Female,25-34
U08974,2024-08-22,Organic,CMP114,USA,Austin,Mobile,Basic,Male,35-44
U08975,2024-03-14,LinkedIn,CMP117,Germany,Munich,Tablet,Free,Female,35-44
U08976,2024-01-05,Facebook,CMP118,UK,Manchester,Tablet,Free,Male,18-24
U08977,2024-07-27,Google Ads,CMP113,India,Bengaluru,Desktop,Free,Female,18-24
U08978,2024-02-24,Facebook,CMP120,UK,Manchester,Desktop,Free,Female,25-34
U08979,2024-09-09,Organic,CMP105,Canada,Vancouver,Tablet,Premium,Male,25-34
U08980,2024-10-15,Referral,CMP103,Australia,Melbourne,Tablet,Premium,Male,45-54
U08981,2024-09-13,Facebook,CMP106,Germany,Berlin,Desktop,Free,Male,25-34
U08982,2024-12-28,Organic,CMP101,Germany,Berlin,Tablet,Free,Male,45-54
U08983,2024-09-06,LinkedIn,CMP112,UK,London,Tablet,Premium,Male,45-54
U08984,2024-08-07,Black Friday,CMP115,Australia,Sydney,Mobile,Basic,Female,25-34
U08985,2024-08-11,LinkedIn,CMP115,Australia,Melbourne,Mobile,Free,Male,35-44
U08986,2024-03-09,Facebook,CMP105,USA,Austin,Tablet,Premium,Female,25-34
U08987,2024-05-24,LinkedIn,CMP103,India,Bengaluru,Tablet,Premium,Female,25-34
U08988,2024-09-05,LinkedIn,CMP109,Germany,Munich,Tablet,Premium,Female,45-54
U08989,2024-01-15,Facebook,CMP113,Australia,Melbourne,Mobile,Free,Male,18-24
U08990,2024-07-24,LinkedIn,CMP102,Germany,Berlin,Tablet,Premium,Female,25-34
U08991,2024-11-11,Facebook,CMP104,UK,London,Tablet,Basic,Female,18-24
U08992,2024-11-03,Organic,CMP103,Canada,Vancouver,Tablet,Free,Female,18-24
U08993,2024-01-30,Black Friday,CMP111,Germany,Munich,Tablet,Free,Male,45-54
U08994,2024-04-21,Google Ads,CMP114,Australia,Sydney,Mobile,Basic,Female,18-24
U08995,2024-06-20,Black Friday,CMP110,Australia,Sydney,Mobile,Free,Female,18-24
U08996,2024-03-22,Referral,CMP109,Germany,Munich,Tablet,Free,Female,18-24
U08997,2024-07-11,Referral,CMP107,Australia,Melbourne,Desktop,Premium,Female,35-44
U08998,2024-09-25,Black Friday,CMP102,Germany,Berlin,Mobile,Free,Female,18-24
U08999,2024-01-23,Facebook,CMP113,Australia,Melbourne,Mobile,Premium,Male,45-54
U09000,2024-08-18,Organic,CMP112,UK,Manchester,Desktop,Premium,Female,25-34
U09001,2024-05-26,Organic,CMP118,Australia,Melbourne,Tablet,Basic,Male,35-44
U09002,2024-12-01,Facebook,CMP101,Australia,Melbourne,Desktop,Basic,Female,35-44
U09003,2024-06-05,LinkedIn,CMP108,Canada,Toronto,Mobile,Basic,Male,45-54
U09004,2024-06-08,Facebook,CMP102,USA,Austin,Mobile,Basic,Female,35-44
U09005,2024-06-14,Referral,CMP103,India,Bengaluru,Desktop,Free,Male,25-34
U09006,2024-12-28,Google Ads,CMP114,USA,Seattle,Desktop,Premium,Female,45-54
U09007,2024-11-01,Google Ads,CMP114,Canada,Vancouver,Mobile,Basic,Male,35-44
U09008,2024-02-19,Referral,CMP103,Germany,Munich,Tablet,Premium,Male,45-54
U09009,2024-07-03,Black Friday,CMP118,Australia,Melbourne,Mobile,Basic,Female,25-34
U09010,2024-12-02,Black Friday,CMP103,India,Bengaluru,Mobile,Premium,Female,45-54
U09011,2024-07-04,Facebook,CMP103,Germany,Berlin,Mobile,Premium,Female,45-54
U09012,2024-09-05,Black Friday,CMP109,India,Coimbatore,Desktop,Basic,Male,45-54
U09013,2024-10-16,Black Friday,CMP103,UK,London,Tablet,Free,Female,18-24
U09014,2024-10-03,Referral,CMP114,India,Chennai,Tablet,Premium,Male,35-44
U09015,2024-12-24,Black Friday,CMP116,UK,London,Desktop,Free,Female,18-24
U09016,2024-10-27,Organic,CMP120,USA,New York,Tablet,Free,Male,25-34
U09017,2024-06-20,Referral,CMP111,Australia,Sydney,Desktop,Free,Male,35-44
U09018,2024-03-02,LinkedIn,CMP114,USA,Austin,Tablet,Free,Male,45-54
U09019,2024-10-14,LinkedIn,CMP114,UK,London,Tablet,Free,Male,35-44
U09020,2024-06-04,Organic,CMP103,India,Bengaluru,Mobile,Premium,Male,18-24
U09021,2024-02-16,Organic,CMP105,UK,Manchester,Mobile,Basic,Female,35-44
U09022,2024-03-18,Black Friday,CMP115,Germany,Berlin,Tablet,Basic,Male,18-24
U09023,2024-06-08,Google Ads,CMP117,UK,Manchester,Desktop,Basic,Female,18-24
U09024,2024-11-12,Black Friday,CMP109,India,Bengaluru,Tablet,Basic,Male,45-54
U09025,2024-01-15,Black Friday,CMP104,UK,Manchester,Desktop,Premium,Female,35-44
U09026,2024-02-18,LinkedIn,CMP105,USA,Seattle,Mobile,Free,Male,25-34
U09027,2024-04-16,Facebook,CMP109,India,Bengaluru,Tablet,Basic,Male,45-54
U09028,2024-08-04,Organic,CMP106,Canada,Vancouver,Desktop,Basic,Female,45-54
U09029,2024-06-17,LinkedIn,CMP112,USA,Austin,Mobile,Free,Female,45-54
U09030,2024-03-12,Black Friday,CMP110,Canada,Vancouver,Mobile,Free,Male,18-24
U09031,2024-12-27,LinkedIn,CMP102,India,Bengaluru,Tablet,Basic,Male,25-34
U09032,2024-10-16,Facebook,CMP114,Australia,Sydney,Mobile,Basic,Male,35-44
U09033,2024-02-22,Organic,CMP107,India,Coimbatore,Desktop,Premium,Male,18-24
U09034,2024-03-17,Referral,CMP114,India,Bengaluru,Tablet,Basic,Male,18-24
U09035,2024-12-21,LinkedIn,CMP115,Australia,Melbourne,Desktop,Free,Female,35-44
U09036,2024-06-18,Google Ads,CMP107,Germany,Munich,Desktop,Basic,Female,45-54
U09037,2024-12-26,Organic,CMP110,Canada,Vancouver,Desktop,Premium,Female,18-24
U09038,2024-10-23,Organic,CMP120,UK,London,Tablet,Basic,Male,35-44
U09039,2024-07-11,Google Ads,CMP105,India,Coimbatore,Desktop,Free,Female,18-24
U09040,2024-01-29,Organic,CMP112,USA,New York,Mobile,Premium,Female,18-24
U09041,2024-05-02,Organic,CMP106,USA,Austin,Desktop,Basic,Female,45-54
U09042,2024-12-06,Black Friday,CMP114,Canada,Vancouver,Tablet,Free,Female,35-44
U09043,2024-02-15,Referral,CMP102,India,Bengaluru,Tablet,Free,Male,45-54
U09044,2024-12-01,Referral,CMP120,USA,Seattle,Desktop,Basic,Male,25-34
U09045,2024-05-25,Facebook,CMP112,Canada,Toronto,Desktop,Premium,Female,18-24
U09046,2024-04-13,Google Ads,CMP110,UK,London,Desktop,Free,Male,18-24
U09047,2024-04-29,Black Friday,CMP111,Australia,Melbourne,Tablet,Free,Female,25-34
U09048,2024-11-30,Black Friday,CMP110,USA,Seattle,Desktop,Free,Female,35-44
U09049,2024-09-08,Organic,CMP114,UK,London,Desktop,Premium,Female,25-34
U09050,2024-10-15,Black Friday,CMP106,Canada,Vancouver,Tablet,Free,Female,25-34
U09051,2024-05-08,Organic,CMP103,Australia,Melbourne,Mobile,Basic,Female,35-44
U09052,2024-02-21,LinkedIn,CMP112,Australia,Sydney,Desktop,Basic,Male,25-34
U09053,2024-01-14,Facebook,CMP102,UK,Manchester,Tablet,Basic,Female,18-24
U09054,2024-05-21,Google Ads,CMP113,Canada,Toronto,Desktop,Free,Female,45-54
U09055,2024-05-06,Google Ads,CMP102,Canada,Toronto,Tablet,Premium,Male,25-34
U09056,2024-05-22,Organic,CMP116,India,Coimbatore,Mobile,Basic,Female,25-34
U09057,2024-08-07,Google Ads,CMP104,Germany,Munich,Desktop,Free,Male,18-24
U09058,2024-06-24,Organic,CMP119,USA,Seattle,Mobile,Basic,Male,45-54
U09059,2024-01-04,Referral,CMP116,Canada,Toronto,Desktop,Free,Female,35-44
U09060,2024-02-21,Organic,CMP101,USA,New York,Tablet,Premium,Female,45-54
U09061,2024-04-09,Referral,CMP110,UK,London,Mobile,Free,Male,45-54
U09062,2024-07-01,LinkedIn,CMP110,Germany,Munich,Mobile,Basic,Female,18-24
U09063,2024-11-07,Facebook,CMP105,Germany,Berlin,Desktop,Basic,Male,35-44
U09064,2024-02-04,Organic,CMP107,Germany,Berlin,Mobile,Free,Male,35-44
U09065,2024-05-15,Black Friday,CMP107,USA,Seattle,Mobile,Basic,Female,35-44
U09066,2024-01-30,Google Ads,CMP116,USA,Seattle,Desktop,Free,Female,35-44
U09067,2024-08-09,Google Ads,CMP105,UK,Manchester,Desktop,Premium,Male,25-34
U09068,2024-09-12,Referral,CMP106,India,Bengaluru,Mobile,Basic,Female,35-44
U09069,2024-02-10,Organic,CMP110,Australia,Melbourne,Mobile,Premium,Female,25-34
U09070,2024-03-08,Referral,CMP110,Australia,Melbourne,Mobile,Premium,Male,25-34
U09071,2024-10-19,Organic,CMP114,Australia,Melbourne,Mobile,Basic,Male,18-24
U09072,2024-10-23,Referral,CMP108,Canada,Vancouver,Tablet,Premium,Female,18-24
U09073,2024-02-03,Google Ads,CMP103,Germany,Munich,Tablet,Free,Female,45-54
U09074,2024-05-24,Organic,CMP102,UK,London,Desktop,Basic,Male,18-24
U09075,2024-12-09,Google Ads,CMP106,USA,Seattle,Desktop,Basic,Male,25-34
U09076,2024-03-20,Google Ads,CMP110,Germany,Munich,Tablet,Premium,Female,18-24
U09077,2024-04-23,Referral,CMP107,Canada,Vancouver,Desktop,Basic,Female,35-44
U09078,2024-04-03,Google Ads,CMP105,Australia,Melbourne,Mobile,Premium,Female,45-54
U09079,2024-11-26,Google Ads,CMP106,UK,Manchester,Desktop,Free,Female,35-44
U09080,2024-10-07,Google Ads,CMP112,UK,London,Desktop,Basic,Female,45-54
U09081,2024-03-09,Organic,CMP111,Germany,Munich,Mobile,Premium,Female,35-44
U09082,2024-06-28,Referral,CMP111,Canada,Toronto,Tablet,Premium,Male,25-34
U09083,2024-05-17,LinkedIn,CMP109,Germany,Munich,Tablet,Premium,Female,35-44
U09084,2024-04-18,Referral,CMP104,Australia,Sydney,Mobile,Free,Male,25-34
U09085,2024-03-15,Organic,CMP106,Australia,Sydney,Desktop,Free,Female,45-54
U09086,2024-03-12,Organic,CMP119,UK,Manchester,Mobile,Premium,Male,18-24
U09087,2024-03-16,Black Friday,CMP120,Australia,Sydney,Mobile,Free,Male,45-54
U09088,2024-06-15,Black Friday,CMP117,USA,New York,Mobile,Free,Female,35-44
U09089,2024-11-08,Referral,CMP118,Canada,Vancouver,Mobile,Free,Female,35-44
U09090,2024-09-24,Organic,CMP109,UK,London,Tablet,Free,Male,45-54
U09091,2024-07-28,Facebook,CMP117,Germany,Berlin,Desktop,Free,Male,45-54
U09092,2024-03-20,Google Ads,CMP108,USA,Seattle,Mobile,Basic,Female,45-54
U09093,2024-10-20,Facebook,CMP119,UK,Manchester,Desktop,Basic,Male,18-24
U09094,2024-07-04,Referral,CMP118,UK,Manchester,Mobile,Basic,Male,25-34
U09095,2024-07-07,Referral,CMP103,Germany,Munich,Mobile,Premium,Male,45-54
U09096,2024-09-01,LinkedIn,CMP120,USA,New York,Desktop,Free,Male,25-34
U09097,2024-01-21,Referral,CMP113,Canada,Vancouver,Mobile,Basic,Male,35-44
U09098,2024-01-18,Organic,CMP103,Germany,Berlin,Mobile,Free,Female,18-24
U09099,2024-08-31,Referral,CMP117,UK,London,Mobile,Free,Female,25-34
U09100,2024-12-13,Referral,CMP111,UK,London,Mobile,Basic,Female,45-54
U09101,2024-09-15,LinkedIn,CMP107,Australia,Melbourne,Mobile,Basic,Male,45-54
U09102,2024-09-02,LinkedIn,CMP115,Australia,Melbourne,Mobile,Premium,Male,45-54
U09103,2024-11-18,LinkedIn,CMP119,USA,Austin,Desktop,Free,Male,25-34
U09104,2024-07-28,Organic,CMP119,Germany,Munich,Tablet,Basic,Female,18-24
U09105,2024-02-15,Google Ads,CMP111,USA,Austin,Tablet,Free,Male,25-34
U09106,2024-11-23,Facebook,CMP120,Canada,Vancouver,Mobile,Premium,Male,35-44
U09107,2024-01-25,Google Ads,CMP113,Germany,Berlin,Tablet,Basic,Male,45-54
U09108,2024-06-08,Organic,CMP109,UK,Manchester,Desktop,Basic,Female,35-44
U09109,2024-10-18,Referral,CMP109,Australia,Sydney,Tablet,Premium,Male,45-54
U09110,2024-09-20,Organic,CMP118,Australia,Sydney,Tablet,Free,Male,18-24
U09111,2024-08-12,LinkedIn,CMP110,Canada,Vancouver,Tablet,Premium,Male,45-54
U09112,2024-06-30,Google Ads,CMP111,UK,London,Tablet,Free,Male,35-44
U09113,2024-06-13,Facebook,CMP101,USA,New York,Mobile,Free,Female,25-34
U09114,2024-08-31,Organic,CMP106,Germany,Munich,Tablet,Basic,Male,25-34
U09115,2024-05-07,Organic,CMP111,USA,Seattle,Mobile,Premium,Female,25-34
U09116,2024-01-21,Black Friday,CMP120,USA,New York,Tablet,Basic,Female,45-54
U09117,2024-05-18,Black Friday,CMP113,USA,New York,Desktop,Premium,Male,25-34
U09118,2024-07-19,Black Friday,CMP118,USA,Seattle,Tablet,Free,Female,35-44
U09119,2024-01-04,Organic,CMP119,Germany,Munich,Tablet,Basic,Male,18-24
U09120,2024-12-11,LinkedIn,CMP120,Australia,Melbourne,Mobile,Free,Male,18-24
U09121,2024-05-21,Referral,CMP114,USA,Austin,Mobile,Free,Female,35-44
U09122,2024-07-19,Black Friday,CMP113,Canada,Toronto,Tablet,Basic,Female,45-54
U09123,2024-02-09,Black Friday,CMP115,India,Bengaluru,Tablet,Free,Male,45-54
U09124,2024-08-21,Facebook,CMP120,Canada,Toronto,Desktop,Basic,Female,35-44
U09125,2024-09-19,Referral,CMP117,Canada,Toronto,Mobile,Premium,Male,45-54
U09126,2024-03-15,Organic,CMP110,Germany,Berlin,Desktop,Premium,Male,35-44
U09127,2024-08-01,Google Ads,CMP108,USA,New York,Tablet,Premium,Male,18-24
U09128,2024-07-24,Google Ads,CMP119,Germany,Berlin,Mobile,Free,Female,25-34
U09129,2024-12-14,Black Friday,CMP116,UK,London,Tablet,Premium,Female,18-24
U09130,2024-11-09,Organic,CMP107,UK,London,Desktop,Basic,Female,35-44
U09131,2024-03-16,Organic,CMP101,Canada,Toronto,Desktop,Premium,Male,18-24
U09132,2024-07-06,Black Friday,CMP102,Germany,Berlin,Tablet,Premium,Male,25-34
U09133,2024-07-31,Black Friday,CMP101,USA,New York,Mobile,Basic,Male,45-54
U09134,2024-02-03,LinkedIn,CMP109,Australia,Sydney,Tablet,Premium,Female,45-54
U09135,2024-02-21,Black Friday,CMP112,USA,Seattle,Desktop,Premium,Male,25-34
U09136,2024-04-06,Organic,CMP114,USA,New York,Mobile,Free,Male,35-44
U09137,2024-07-25,Black Friday,CMP103,USA,New York,Desktop,Free,Male,18-24
U09138,2024-06-28,Organic,CMP117,USA,New York,Desktop,Free,Male,45-54
U09139,2024-07-30,LinkedIn,CMP116,India,Bengaluru,Mobile,Free,Male,25-34
U09140,2024-03-08,Facebook,CMP112,USA,Austin,Mobile,Premium,Male,25-34
U09141,2024-12-08,Organic,CMP116,Australia,Melbourne,Tablet,Free,Female,25-34
U09142,2024-02-27,Facebook,CMP106,Australia,Melbourne,Desktop,Basic,Female,35-44
U09143,2024-08-12,LinkedIn,CMP114,India,Chennai,Mobile,Premium,Female,18-24
U09144,2024-07-28,Facebook,CMP102,USA,Seattle,Mobile,Free,Female,25-34
U09145,2024-02-12,LinkedIn,CMP104,India,Chennai,Desktop,Free,Male,45-54
U09146,2024-05-24,Facebook,CMP117,UK,London,Mobile,Free,Female,18-24
U09147,2024-12-20,Facebook,CMP109,USA,Austin,Mobile,Basic,Male,35-44
U09148,2024-07-27,Google Ads,CMP115,UK,London,Tablet,Free,Male,45-54
U09149,2024-11-07,Google Ads,CMP106,Canada,Toronto,Mobile,Premium,Male,45-54
U09150,2024-08-13,Organic,CMP120,Germany,Munich,Mobile,Basic,Male,35-44
U09151,2024-12-20,LinkedIn,CMP102,India,Chennai,Mobile,Premium,Female,18-24
U09152,2024-12-13,Organic,CMP112,USA,Austin,Desktop,Free,Female,25-34
U09153,2024-01-01,LinkedIn,CMP104,Canada,Toronto,Mobile,Free,Female,18-24
U09154,2024-10-11,Organic,CMP110,Canada,Toronto,Mobile,Premium,Male,18-24
U09155,2024-12-04,LinkedIn,CMP104,USA,New York,Tablet,Premium,Male,45-54
U09156,2024-12-19,Organic,CMP105,India,Bengaluru,Tablet,Basic,Female,35-44
U09157,2024-08-02,Referral,CMP116,Australia,Melbourne,Tablet,Free,Male,35-44
U09158,2024-10-19,Organic,CMP114,USA,New York,Tablet,Premium,Male,35-44
U09159,2024-10-05,Facebook,CMP112,USA,Austin,Desktop,Premium,Male,35-44
U09160,2024-08-13,LinkedIn,CMP103,UK,Manchester,Desktop,Free,Female,35-44
U09161,2024-07-28,Referral,CMP119,UK,Manchester,Desktop,Free,Male,25-34
U09162,2024-05-14,Referral,CMP113,Germany,Berlin,Mobile,Premium,Male,35-44
U09163,2024-09-29,Referral,CMP114,Canada,Toronto,Tablet,Premium,Male,25-34
U09164,2024-07-17,Facebook,CMP107,USA,New York,Tablet,Free,Female,25-34
U09165,2024-01-10,Referral,CMP105,UK,Manchester,Mobile,Free,Female,25-34
U09166,2024-02-05,Google Ads,CMP118,Germany,Berlin,Mobile,Free,Female,25-34
U09167,2024-04-15,Black Friday,CMP106,Australia,Melbourne,Desktop,Free,Female,25-34
U09168,2024-06-23,Referral,CMP120,Canada,Vancouver,Desktop,Free,Male,25-34
U09169,2024-02-22,Referral,CMP115,Germany,Berlin,Tablet,Free,Female,35-44
U09170,2024-01-20,Google Ads,CMP110,Germany,Berlin,Mobile,Premium,Male,35-44
U09171,2024-11-17,Black Friday,CMP107,Germany,Munich,Desktop,Premium,Female,45-54
U09172,2024-06-22,Referral,CMP120,Australia,Melbourne,Mobile,Free,Female,35-44
U09173,2024-03-18,Google Ads,CMP116,Australia,Sydney,Tablet,Premium,Female,35-44
U09174,2024-08-31,Black Friday,CMP106,Germany,Berlin,Mobile,Premium,Female,25-34
U09175,2024-07-31,Referral,CMP120,Canada,Toronto,Tablet,Premium,Female,35-44
U09176,2024-04-22,Black Friday,CMP108,UK,London,Mobile,Free,Female,45-54
U09177,2024-07-30,Black Friday,CMP103,Germany,Berlin,Tablet,Basic,Female,18-24
U09178,2024-02-05,Google Ads,CMP101,UK,London,Mobile,Premium,Female,18-24
U09179,2024-08-15,LinkedIn,CMP113,USA,New York,Mobile,Basic,Male,45-54
U09180,2024-03-05,Facebook,CMP115,UK,London,Tablet,Premium,Female,45-54
U09181,2024-05-13,Organic,CMP115,UK,London,Desktop,Free,Male,25-34
U09182,2024-07-01,LinkedIn,CMP112,USA,Seattle,Desktop,Basic,Female,35-44
U09183,2024-08-15,Black Friday,CMP117,Germany,Berlin,Mobile,Free,Male,18-24
U09184,2024-07-02,Facebook,CMP111,Germany,Munich,Mobile,Free,Female,18-24
U09185,2024-09-03,Facebook,CMP107,Australia,Sydney,Tablet,Basic,Male,45-54
U09186,2024-01-05,Black Friday,CMP112,Germany,Berlin,Mobile,Basic,Male,35-44
U09187,2024-03-26,Referral,CMP110,USA,Austin,Tablet,Free,Male,25-34
U09188,2024-10-05,Organic,CMP104,Canada,Vancouver,Mobile,Free,Female,25-34
U09189,2024-09-06,Organic,CMP104,Canada,Vancouver,Tablet,Premium,Male,25-34
U09190,2024-10-26,Black Friday,CMP111,Australia,Melbourne,Mobile,Basic,Female,45-54
U09191,2024-12-21,Organic,CMP105,Australia,Melbourne,Mobile,Free,Female,18-24
U09192,2024-07-07,Referral,CMP115,Canada,Toronto,Desktop,Premium,Male,25-34
U09193,2024-02-28,Black Friday,CMP115,Canada,Toronto,Mobile,Free,Male,35-44
U09194,2024-02-22,Facebook,CMP102,Canada,Vancouver,Mobile,Free,Male,35-44
U09195,2024-05-19,Black Friday,CMP112,India,Bengaluru,Tablet,Premium,Male,25-34
U09196,2024-05-04,Google Ads,CMP115,USA,Seattle,Tablet,Basic,Male,25-34
U09197,2024-06-16,Referral,CMP102,Australia,Melbourne,Tablet,Free,Female,18-24
U09198,2024-05-24,Referral,CMP101,Canada,Vancouver,Tablet,Basic,Male,35-44
U09199,2024-06-24,LinkedIn,CMP109,Germany,Munich,Desktop,Free,Male,45-54
U09200,2024-04-11,Organic,CMP114,India,Chennai,Desktop,Basic,Female,18-24
U09201,2024-05-22,LinkedIn,CMP102,Canada,Vancouver,Mobile,Premium,Male,35-44
U09202,2024-12-08,Referral,CMP104,Canada,Toronto,Tablet,Basic,Female,45-54
U09203,2024-08-04,Google Ads,CMP115,USA,Austin,Tablet,Premium,Male,18-24
U09204,2024-05-10,Organic,CMP104,Germany,Berlin,Mobile,Free,Female,45-54
U09205,2024-01-06,Referral,CMP104,UK,London,Tablet,Basic,Female,18-24
U09206,2024-06-18,Referral,CMP115,Germany,Berlin,Mobile,Free,Male,25-34
U09207,2024-09-06,Organic,CMP108,Australia,Melbourne,Mobile,Free,Female,35-44
U09208,2024-09-05,Facebook,CMP103,Canada,Toronto,Mobile,Free,Male,25-34
U09209,2024-02-07,Google Ads,CMP117,India,Bengaluru,Desktop,Premium,Male,45-54
U09210,2024-08-09,LinkedIn,CMP101,India,Bengaluru,Desktop,Free,Female,45-54
U09211,2024-03-22,Organic,CMP114,UK,Manchester,Tablet,Premium,Female,35-44
U09212,2024-12-23,Black Friday,CMP113,USA,Seattle,Tablet,Premium,Male,18-24
U09213,2024-06-27,Black Friday,CMP110,USA,New York,Desktop,Free,Female,45-54
U09214,2024-05-26,Google Ads,CMP107,Canada,Toronto,Tablet,Premium,Male,18-24
U09215,2024-08-29,Referral,CMP119,Australia,Sydney,Desktop,Basic,Female,35-44
U09216,2024-02-06,Referral,CMP101,USA,Austin,Tablet,Free,Female,45-54
U09217,2024-06-02,Facebook,CMP108,Australia,Sydney,Tablet,Basic,Male,35-44
U09218,2024-10-20,Referral,CMP103,Canada,Vancouver,Tablet,Free,Male,45-54
U09219,2024-02-20,Google Ads,CMP105,UK,Manchester,Mobile,Basic,Male,25-34
U09220,2024-07-30,Referral,CMP114,USA,New York,Desktop,Free,Female,18-24
U09221,2024-04-08,Google Ads,CMP111,Canada,Toronto,Desktop,Premium,Male,18-24
U09222,2024-07-02,Facebook,CMP111,USA,New York,Mobile,Basic,Female,25-34
U09223,2024-07-06,Google Ads,CMP103,UK,London,Tablet,Free,Female,45-54
U09224,2024-11-12,Organic,CMP110,Germany,Munich,Desktop,Free,Male,35-44
U09225,2024-08-22,Referral,CMP116,Canada,Vancouver,Mobile,Free,Female,25-34
U09226,2024-03-24,Black Friday,CMP120,Germany,Berlin,Mobile,Free,Female,35-44
U09227,2024-08-10,Facebook,CMP102,UK,Manchester,Desktop,Free,Male,25-34
U09228,2024-11-30,Organic,CMP114,India,Bengaluru,Tablet,Basic,Female,25-34
U09229,2024-04-06,Organic,CMP110,USA,New York,Mobile,Premium,Female,25-34
U09230,2024-03-16,LinkedIn,CMP101,UK,Manchester,Mobile,Premium,Female,35-44
U09231,2024-01-25,Google Ads,CMP113,India,Coimbatore,Mobile,Basic,Female,18-24
U09232,2024-10-14,Google Ads,CMP105,Canada,Toronto,Mobile,Premium,Female,45-54
U09233,2024-06-14,Organic,CMP119,USA,New York,Mobile,Basic,Female,35-44
U09234,2024-12-04,Facebook,CMP108,Germany,Berlin,Mobile,Free,Male,25-34
U09235,2024-01-14,LinkedIn,CMP114,Canada,Vancouver,Tablet,Free,Female,45-54
U09236,2024-02-28,Black Friday,CMP116,Australia,Melbourne,Mobile,Free,Male,45-54
U09237,2024-10-23,LinkedIn,CMP120,Canada,Toronto,Desktop,Premium,Male,25-34
U09238,2024-10-18,Referral,CMP101,UK,Manchester,Desktop,Free,Female,18-24
U09239,2024-03-02,Facebook,CMP102,Germany,Berlin,Desktop,Basic,Female,35-44
U09240,2024-08-19,Organic,CMP108,UK,London,Desktop,Premium,Male,35-44
U09241,2024-08-22,LinkedIn,CMP114,USA,Austin,Tablet,Free,Female,18-24
U09242,2024-02-29,Organic,CMP101,USA,New York,Tablet,Free,Male,45-54
U09243,2024-01-30,Facebook,CMP115,Australia,Melbourne,Desktop,Premium,Female,35-44
U09244,2024-05-27,Referral,CMP118,India,Bengaluru,Tablet,Basic,Male,25-34
U09245,2024-09-08,Organic,CMP119,USA,New York,Mobile,Basic,Male,18-24
U09246,2024-09-23,Facebook,CMP118,Australia,Sydney,Tablet,Basic,Male,35-44
U09247,2024-08-02,Organic,CMP118,USA,Austin,Mobile,Premium,Female,25-34
U09248,2024-03-12,Organic,CMP112,USA,Austin,Mobile,Basic,Male,45-54
U09249,2024-08-03,Google Ads,CMP112,Canada,Toronto,Mobile,Premium,Male,35-44
U09250,2024-05-24,Facebook,CMP107,Germany,Berlin,Tablet,Premium,Female,35-44
U09251,2024-08-17,Facebook,CMP108,UK,London,Desktop,Free,Female,35-44
U09252,2024-12-21,Organic,CMP107,UK,London,Desktop,Premium,Female,35-44
U09253,2024-05-07,Referral,CMP116,USA,Seattle,Mobile,Premium,Male,25-34
U09254,2024-03-11,Organic,CMP105,USA,New York,Tablet,Premium,Female,18-24
U09255,2024-12-02,Google Ads,CMP105,USA,Seattle,Tablet,Premium,Female,18-24
U09256,2024-12-13,Black Friday,CMP114,USA,New York,Mobile,Premium,Female,25-34
U09257,2024-02-01,Organic,CMP101,Germany,Munich,Mobile,Free,Female,45-54
U09258,2024-08-30,Black Friday,CMP115,Australia,Melbourne,Mobile,Free,Male,45-54
U09259,2024-04-08,Black Friday,CMP116,Australia,Melbourne,Mobile,Basic,Female,25-34
U09260,2024-02-29,Referral,CMP111,Germany,Munich,Mobile,Free,Male,35-44
U09261,2024-12-26,Google Ads,CMP113,Australia,Sydney,Desktop,Premium,Female,25-34
U09262,2024-04-18,Organic,CMP118,Canada,Vancouver,Tablet,Free,Male,18-24
U09263,2024-10-20,Organic,CMP116,Canada,Vancouver,Desktop,Basic,Male,45-54
U09264,2024-06-12,Google Ads,CMP116,Australia,Sydney,Mobile,Basic,Male,18-24
U09265,2024-03-29,Google Ads,CMP108,Australia,Melbourne,Mobile,Premium,Female,35-44
U09266,2024-02-10,LinkedIn,CMP120,India,Chennai,Desktop,Basic,Male,25-34
U09267,2024-10-09,Google Ads,CMP103,Canada,Toronto,Tablet,Premium,Female,35-44
U09268,2024-10-24,Google Ads,CMP114,India,Bengaluru,Desktop,Basic,Male,45-54
U09269,2024-09-27,Referral,CMP116,Canada,Toronto,Tablet,Premium,Male,18-24
U09270,2024-11-03,Organic,CMP102,India,Chennai,Tablet,Basic,Female,35-44
U09271,2024-01-06,LinkedIn,CMP109,UK,Manchester,Tablet,Basic,Male,25-34
U09272,2024-10-11,Black Friday,CMP116,India,Chennai,Desktop,Basic,Female,35-44
U09273,2024-11-03,LinkedIn,CMP120,India,Chennai,Mobile,Free,Female,25-34
U09274,2024-04-30,Google Ads,CMP113,Germany,Berlin,Mobile,Free,Female,45-54
U09275,2024-07-24,Black Friday,CMP102,USA,Seattle,Desktop,Free,Female,45-54
U09276,2024-11-04,Organic,CMP118,USA,Seattle,Desktop,Premium,Female,25-34
U09277,2024-12-26,Organic,CMP117,Australia,Melbourne,Mobile,Basic,Male,35-44
U09278,2024-07-18,Referral,CMP109,USA,Seattle,Tablet,Basic,Female,25-34
U09279,2024-03-09,Google Ads,CMP110,UK,London,Tablet,Free,Female,25-34
U09280,2024-07-16,Google Ads,CMP114,Canada,Toronto,Desktop,Basic,Female,25-34
U09281,2024-01-04,Organic,CMP101,UK,Manchester,Desktop,Basic,Female,18-24
U09282,2024-02-05,Google Ads,CMP115,Canada,Vancouver,Mobile,Premium,Female,45-54
U09283,2024-06-11,LinkedIn,CMP113,Australia,Sydney,Desktop,Free,Female,35-44
U09284,2024-12-22,Black Friday,CMP115,Australia,Sydney,Mobile,Basic,Male,45-54
U09285,2024-09-19,LinkedIn,CMP112,India,Coimbatore,Mobile,Free,Female,35-44
U09286,2024-08-31,Google Ads,CMP107,USA,New York,Desktop,Basic,Female,25-34
U09287,2024-01-24,Organic,CMP115,USA,Austin,Desktop,Basic,Female,45-54
U09288,2024-08-21,Referral,CMP103,UK,London,Desktop,Free,Female,35-44
U09289,2024-08-25,Black Friday,CMP113,Germany,Berlin,Mobile,Basic,Female,45-54
U09290,2024-12-10,LinkedIn,CMP118,USA,Austin,Mobile,Free,Male,35-44
U09291,2024-06-29,LinkedIn,CMP116,Canada,Vancouver,Desktop,Premium,Female,18-24
U09292,2024-05-09,Facebook,CMP101,Canada,Vancouver,Tablet,Premium,Male,35-44
U09293,2024-02-13,Referral,CMP104,Australia,Sydney,Desktop,Premium,Female,45-54
U09294,2024-06-24,Referral,CMP105,USA,Austin,Tablet,Premium,Male,25-34
U09295,2024-07-26,Facebook,CMP118,USA,New York,Tablet,Basic,Female,45-54
U09296,2024-08-28,Google Ads,CMP107,Canada,Toronto,Tablet,Basic,Male,25-34
U09297,2024-11-16,Referral,CMP113,Germany,Berlin,Tablet,Basic,Male,18-24
U09298,2024-05-15,Google Ads,CMP111,India,Bengaluru,Mobile,Free,Female,35-44
U09299,2024-02-11,Organic,CMP106,UK,London,Mobile,Free,Male,45-54
U09300,2024-09-09,Google Ads,CMP114,Germany,Munich,Mobile,Premium,Male,45-54
U09301,2024-11-24,LinkedIn,CMP114,UK,London,Mobile,Basic,Female,35-44
U09302,2024-10-26,LinkedIn,CMP107,Australia,Melbourne,Mobile,Free,Male,18-24
U09303,2024-02-01,Google Ads,CMP103,UK,London,Desktop,Free,Female,45-54
U09304,2024-07-30,Referral,CMP113,Germany,Berlin,Tablet,Premium,Female,45-54
U09305,2024-05-28,Google Ads,CMP108,UK,London,Desktop,Free,Male,18-24
U09306,2024-01-24,Black Friday,CMP110,Germany,Munich,Desktop,Free,Male,18-24
U09307,2024-01-21,LinkedIn,CMP115,Germany,Berlin,Tablet,Basic,Male,25-34
U09308,2024-10-22,Facebook,CMP103,Germany,Munich,Desktop,Free,Male,45-54
U09309,2024-07-08,Referral,CMP118,Germany,Berlin,Mobile,Basic,Male,18-24
U09310,2024-11-10,Black Friday,CMP107,Canada,Vancouver,Mobile,Basic,Male,25-34
U09311,2024-01-01,Referral,CMP115,Canada,Vancouver,Desktop,Basic,Female,45-54
U09312,2024-01-29,Facebook,CMP116,India,Coimbatore,Tablet,Premium,Female,18-24
U09313,2024-02-20,Black Friday,CMP117,USA,New York,Tablet,Basic,Male,25-34
U09314,2024-05-20,Organic,CMP113,India,Chennai,Tablet,Basic,Male,18-24
U09315,2024-02-16,Referral,CMP107,India,Chennai,Mobile,Basic,Male,35-44
U09316,2024-12-11,Google Ads,CMP115,Australia,Sydney,Mobile,Premium,Female,45-54
U09317,2024-01-20,Referral,CMP114,Canada,Toronto,Tablet,Premium,Female,18-24
U09318,2024-11-03,Google Ads,CMP118,Germany,Munich,Mobile,Premium,Female,35-44
U09319,2024-08-12,LinkedIn,CMP120,UK,London,Tablet,Basic,Female,25-34
U09320,2024-05-07,Black Friday,CMP103,USA,Seattle,Mobile,Premium,Female,45-54
U09321,2024-07-31,Referral,CMP112,Australia,Sydney,Tablet,Premium,Male,25-34
U09322,2024-06-16,Google Ads,CMP109,Germany,Berlin,Tablet,Basic,Male,45-54
U09323,2024-10-11,Google Ads,CMP104,Germany,Berlin,Desktop,Premium,Female,35-44
U09324,2024-07-30,LinkedIn,CMP119,Canada,Vancouver,Tablet,Basic,Male,45-54
U09325,2024-12-18,Black Friday,CMP120,Canada,Vancouver,Desktop,Premium,Male,35-44
U09326,2024-12-18,Black Friday,CMP114,Canada,Vancouver,Desktop,Free,Male,45-54
U09327,2024-04-21,Black Friday,CMP110,Australia,Melbourne,Tablet,Basic,Female,18-24
U09328,2024-03-04,Facebook,CMP104,India,Bengaluru,Mobile,Premium,Female,25-34
U09329,2024-12-04,LinkedIn,CMP110,Australia,Sydney,Tablet,Free,Male,25-34
U09330,2024-01-26,Referral,CMP108,UK,Manchester,Tablet,Basic,Female,18-24
U09331,2024-12-22,Google Ads,CMP112,Canada,Toronto,Desktop,Free,Female,25-34
U09332,2024-12-06,Google Ads,CMP115,Canada,Vancouver,Mobile,Basic,Female,18-24
U09333,2024-07-22,Facebook,CMP101,USA,Seattle,Mobile,Premium,Female,25-34
U09334,2024-07-25,Organic,CMP120,India,Bengaluru,Tablet,Premium,Male,35-44
U09335,2024-08-11,Organic,CMP113,Australia,Sydney,Tablet,Free,Male,25-34
U09336,2024-04-09,LinkedIn,CMP108,Germany,Munich,Tablet,Basic,Female,18-24
U09337,2024-02-11,Black Friday,CMP116,Canada,Toronto,Mobile,Free,Male,25-34
U09338,2024-01-12,Google Ads,CMP115,Australia,Sydney,Mobile,Free,Female,25-34
U09339,2024-02-04,Facebook,CMP104,Germany,Berlin,Tablet,Premium,Male,45-54
U09340,2024-05-04,Facebook,CMP101,USA,Seattle,Tablet,Basic,Female,25-34
U09341,2024-06-12,LinkedIn,CMP119,UK,London,Mobile,Free,Female,45-54
U09342,2024-03-12,Google Ads,CMP119,UK,Manchester,Desktop,Free,Male,45-54
U09343,2024-05-21,Black Friday,CMP113,USA,Austin,Mobile,Free,Male,25-34
U09344,2024-03-16,Organic,CMP101,Canada,Toronto,Mobile,Premium,Female,18-24
U09345,2024-11-19,Black Friday,CMP114,Australia,Sydney,Tablet,Premium,Male,18-24
U09346,2024-05-26,LinkedIn,CMP108,India,Bengaluru,Mobile,Basic,Male,25-34
U09347,2024-04-29,Google Ads,CMP107,Canada,Toronto,Tablet,Premium,Female,35-44
U09348,2024-11-19,Black Friday,CMP119,UK,Manchester,Desktop,Free,Female,25-34
U09349,2024-05-03,Black Friday,CMP111,Canada,Vancouver,Mobile,Basic,Male,45-54
U09350,2024-08-21,Organic,CMP108,Australia,Sydney,Mobile,Premium,Male,45-54
U09351,2024-12-26,Organic,CMP119,Australia,Sydney,Mobile,Free,Male,35-44
U09352,2024-07-19,Facebook,CMP108,UK,London,Tablet,Free,Female,25-34
U09353,2024-04-23,Facebook,CMP118,Canada,Toronto,Mobile,Premium,Male,45-54
U09354,2024-07-03,Referral,CMP101,India,Chennai,Mobile,Premium,Male,35-44
U09355,2024-11-29,Referral,CMP108,Canada,Vancouver,Desktop,Basic,Male,25-34
U09356,2024-12-11,Organic,CMP113,India,Coimbatore,Tablet,Premium,Male,25-34
U09357,2024-05-25,Referral,CMP102,Germany,Munich,Tablet,Free,Female,35-44
U09358,2024-07-21,Google Ads,CMP104,India,Bengaluru,Desktop,Basic,Female,25-34
U09359,2024-07-30,Google Ads,CMP107,Germany,Munich,Mobile,Basic,Female,45-54
U09360,2024-03-17,Facebook,CMP107,Germany,Munich,Desktop,Premium,Female,18-24
U09361,2024-08-15,Black Friday,CMP110,USA,Seattle,Mobile,Free,Male,25-34
U09362,2024-02-25,Referral,CMP117,Germany,Berlin,Mobile,Premium,Female,35-44
U09363,2024-05-05,Facebook,CMP105,Australia,Sydney,Desktop,Basic,Female,18-24
U09364,2024-08-21,Facebook,CMP106,USA,Austin,Desktop,Basic,Female,35-44
U09365,2024-03-31,Black Friday,CMP118,Canada,Toronto,Desktop,Free,Male,25-34
U09366,2024-07-22,Organic,CMP101,India,Coimbatore,Tablet,Basic,Male,35-44
U09367,2024-02-25,Organic,CMP104,India,Bengaluru,Tablet,Premium,Female,18-24
U09368,2024-01-24,Referral,CMP116,Canada,Toronto,Desktop,Basic,Female,25-34
U09369,2024-08-18,LinkedIn,CMP115,India,Coimbatore,Mobile,Free,Female,25-34
U09370,2024-06-19,Organic,CMP112,UK,Manchester,Tablet,Free,Male,45-54
U09371,2024-05-13,Facebook,CMP115,USA,Austin,Mobile,Premium,Female,18-24
U09372,2024-11-15,Black Friday,CMP111,Canada,Vancouver,Desktop,Basic,Female,18-24
U09373,2024-10-21,Facebook,CMP114,Canada,Vancouver,Desktop,Free,Male,45-54
U09374,2024-01-16,Google Ads,CMP118,USA,Seattle,Tablet,Premium,Female,45-54
U09375,2024-10-12,Facebook,CMP104,Canada,Vancouver,Mobile,Basic,Male,35-44
U09376,2024-03-09,Referral,CMP105,Canada,Toronto,Tablet,Premium,Male,25-34
U09377,2024-02-19,Google Ads,CMP102,UK,London,Desktop,Free,Male,18-24
U09378,2024-11-30,Referral,CMP117,USA,Seattle,Mobile,Basic,Male,45-54
U09379,2024-10-20,Referral,CMP102,Australia,Melbourne,Tablet,Free,Female,25-34
U09380,2024-05-13,LinkedIn,CMP101,Germany,Munich,Tablet,Premium,Female,18-24
U09381,2024-08-10,LinkedIn,CMP103,India,Chennai,Mobile,Premium,Male,18-24
U09382,2024-08-23,Referral,CMP118,Canada,Toronto,Desktop,Premium,Male,45-54
U09383,2024-08-04,Referral,CMP117,Germany,Munich,Desktop,Free,Male,25-34
U09384,2024-04-26,Facebook,CMP110,Canada,Vancouver,Desktop,Free,Male,45-54
U09385,2024-10-17,Facebook,CMP110,Australia,Melbourne,Tablet,Basic,Male,18-24
U09386,2024-08-13,Facebook,CMP120,India,Coimbatore,Tablet,Premium,Female,18-24
U09387,2024-07-05,LinkedIn,CMP104,USA,Austin,Desktop,Free,Male,18-24
U09388,2024-04-27,Organic,CMP117,USA,New York,Tablet,Basic,Female,18-24
U09389,2024-06-03,Organic,CMP112,Canada,Vancouver,Mobile,Free,Male,45-54
U09390,2024-03-06,Organic,CMP115,Germany,Munich,Tablet,Premium,Female,18-24
U09391,2024-08-03,Black Friday,CMP102,UK,Manchester,Desktop,Free,Male,35-44
U09392,2024-10-09,Black Friday,CMP110,Australia,Melbourne,Desktop,Free,Male,25-34
U09393,2024-09-03,Referral,CMP109,USA,New York,Tablet,Premium,Male,18-24
U09394,2024-08-04,Facebook,CMP120,Germany,Munich,Mobile,Premium,Female,25-34
U09395,2024-03-20,Referral,CMP111,UK,Manchester,Desktop,Premium,Female,18-24
U09396,2024-04-22,LinkedIn,CMP112,USA,Seattle,Tablet,Free,Male,35-44
U09397,2024-07-06,Google Ads,CMP107,Canada,Toronto,Tablet,Basic,Male,45-54
U09398,2024-10-29,LinkedIn,CMP115,UK,Manchester,Desktop,Premium,Male,25-34
U09399,2024-06-07,LinkedIn,CMP114,Australia,Sydney,Desktop,Free,Female,45-54
U09400,2024-12-05,LinkedIn,CMP112,Canada,Toronto,Mobile,Free,Female,35-44
U09401,2024-08-02,LinkedIn,CMP116,USA,Seattle,Desktop,Free,Male,25-34
U09402,2024-12-17,Organic,CMP114,Germany,Berlin,Tablet,Basic,Female,35-44
U09403,2024-08-26,Google Ads,CMP116,Australia,Sydney,Desktop,Basic,Female,45-54
U09404,2024-07-18,Referral,CMP119,Canada,Vancouver,Desktop,Free,Male,35-44
U09405,2024-09-27,Google Ads,CMP107,Canada,Toronto,Desktop,Free,Female,18-24
U09406,2024-02-04,Facebook,CMP116,UK,London,Desktop,Premium,Female,45-54
U09407,2024-12-03,Referral,CMP109,India,Bengaluru,Desktop,Basic,Female,45-54
U09408,2024-02-10,Organic,CMP120,UK,Manchester,Desktop,Basic,Male,35-44
U09409,2024-02-22,LinkedIn,CMP109,USA,New York,Desktop,Free,Female,25-34
U09410,2024-11-02,Google Ads,CMP105,USA,Austin,Desktop,Premium,Female,25-34
U09411,2024-12-22,Organic,CMP111,Australia,Melbourne,Mobile,Free,Female,35-44
U09412,2024-06-21,Google Ads,CMP105,Australia,Melbourne,Mobile,Basic,Male,45-54
U09413,2024-05-11,Referral,CMP108,Canada,Vancouver,Desktop,Premium,Male,25-34
U09414,2024-08-16,Referral,CMP104,Australia,Sydney,Desktop,Basic,Female,45-54
U09415,2024-01-27,Black Friday,CMP114,India,Bengaluru,Tablet,Basic,Male,18-24
U09416,2024-11-16,Referral,CMP114,USA,Seattle,Mobile,Free,Female,45-54
U09417,2024-11-27,Google Ads,CMP113,USA,Austin,Mobile,Premium,Female,45-54
U09418,2024-03-16,Google Ads,CMP115,Canada,Toronto,Tablet,Free,Male,45-54
U09419,2024-05-05,Organic,CMP119,India,Coimbatore,Tablet,Basic,Male,35-44
U09420,2024-06-02,LinkedIn,CMP116,India,Bengaluru,Desktop,Premium,Male,45-54
U09421,2024-09-16,Organic,CMP109,USA,New York,Mobile,Premium,Male,25-34
U09422,2024-08-24,Google Ads,CMP104,Germany,Munich,Desktop,Basic,Male,45-54
U09423,2024-10-01,Black Friday,CMP109,Canada,Toronto,Desktop,Premium,Female,25-34
U09424,2024-05-18,LinkedIn,CMP112,USA,Seattle,Mobile,Basic,Male,45-54
U09425,2024-06-16,Black Friday,CMP111,India,Bengaluru,Mobile,Premium,Female,25-34
U09426,2024-02-25,Facebook,CMP115,Germany,Berlin,Desktop,Premium,Female,45-54
U09427,2024-06-22,Black Friday,CMP109,USA,New York,Desktop,Premium,Male,25-34
U09428,2024-10-02,Facebook,CMP112,Australia,Melbourne,Tablet,Premium,Male,25-34
U09429,2024-03-11,Organic,CMP116,Canada,Toronto,Mobile,Premium,Male,25-34
U09430,2024-10-06,Referral,CMP109,India,Chennai,Mobile,Free,Female,45-54
U09431,2024-08-22,Black Friday,CMP120,UK,London,Mobile,Basic,Female,25-34
U09432,2024-07-01,Referral,CMP110,Canada,Vancouver,Desktop,Premium,Male,45-54
U09433,2024-09-06,Referral,CMP104,Australia,Sydney,Tablet,Premium,Male,25-34
U09434,2024-12-19,Organic,CMP104,Australia,Melbourne,Tablet,Basic,Female,35-44
U09435,2024-08-19,Black Friday,CMP117,UK,London,Mobile,Basic,Female,45-54
U09436,2024-05-06,Referral,CMP106,Canada,Toronto,Mobile,Basic,Male,45-54
U09437,2024-12-13,Referral,CMP116,Australia,Melbourne,Desktop,Basic,Male,18-24
U09438,2024-09-29,Google Ads,CMP119,UK,Manchester,Mobile,Basic,Female,18-24
U09439,2024-11-21,Google Ads,CMP114,USA,Seattle,Mobile,Premium,Male,35-44
U09440,2024-08-04,LinkedIn,CMP108,USA,New York,Tablet,Free,Male,35-44
U09441,2024-06-02,Organic,CMP105,Germany,Berlin,Desktop,Premium,Male,25-34
U09442,2024-11-23,Referral,CMP114,USA,Seattle,Desktop,Free,Male,35-44
U09443,2024-03-02,Black Friday,CMP119,Australia,Melbourne,Tablet,Free,Female,35-44
U09444,2024-12-13,Organic,CMP118,India,Coimbatore,Tablet,Premium,Male,25-34
U09445,2024-01-04,Black Friday,CMP107,USA,New York,Desktop,Premium,Male,18-24
U09446,2024-12-07,Black Friday,CMP118,Australia,Sydney,Tablet,Basic,Male,25-34
U09447,2024-06-07,Google Ads,CMP102,Canada,Toronto,Tablet,Premium,Female,25-34
U09448,2024-06-15,Black Friday,CMP120,Australia,Melbourne,Mobile,Free,Male,45-54
U09449,2024-06-12,Google Ads,CMP116,Germany,Berlin,Tablet,Free,Male,45-54
U09450,2024-12-23,Referral,CMP110,UK,Manchester,Desktop,Free,Male,35-44
U09451,2024-06-26,Black Friday,CMP101,UK,Manchester,Mobile,Basic,Male,45-54
U09452,2024-06-16,Referral,CMP104,Germany,Munich,Desktop,Premium,Male,35-44
U09453,2024-12-16,Organic,CMP115,USA,Seattle,Desktop,Free,Female,25-34
U09454,2024-03-17,Google Ads,CMP108,Canada,Vancouver,Tablet,Basic,Female,18-24
U09455,2024-10-03,Facebook,CMP114,UK,London,Tablet,Basic,Male,25-34
U09456,2024-08-19,Google Ads,CMP101,UK,Manchester,Desktop,Premium,Female,45-54
U09457,2024-11-30,Black Friday,CMP101,UK,London,Mobile,Premium,Female,45-54
U09458,2024-12-08,LinkedIn,CMP113,Australia,Melbourne,Mobile,Basic,Female,18-24
U09459,2024-08-15,Google Ads,CMP109,India,Chennai,Tablet,Basic,Female,45-54
U09460,2024-07-02,Google Ads,CMP101,Australia,Melbourne,Desktop,Free,Male,35-44
U09461,2024-08-20,Referral,CMP102,India,Chennai,Tablet,Premium,Male,35-44
U09462,2024-11-19,LinkedIn,CMP104,USA,New York,Desktop,Premium,Female,25-34
U09463,2024-07-13,Referral,CMP113,India,Bengaluru,Mobile,Free,Female,35-44
U09464,2024-01-29,Black Friday,CMP119,Germany,Munich,Desktop,Free,Male,18-24
U09465,2024-08-21,Organic,CMP114,Canada,Vancouver,Desktop,Basic,Female,18-24
U09466,2024-09-18,Google Ads,CMP101,Canada,Toronto,Desktop,Free,Female,35-44
U09467,2024-03-05,Google Ads,CMP107,Germany,Munich,Mobile,Premium,Male,25-34
U09468,2024-06-11,Referral,CMP114,UK,Manchester,Desktop,Free,Female,25-34
U09469,2024-10-08,Referral,CMP104,Germany,Munich,Tablet,Free,Female,45-54
U09470,2024-07-13,Black Friday,CMP108,USA,Seattle,Mobile,Free,Female,45-54
U09471,2024-01-30,Facebook,CMP114,Canada,Toronto,Tablet,Basic,Female,45-54
U09472,2024-02-14,LinkedIn,CMP109,Australia,Sydney,Tablet,Free,Female,45-54
U09473,2024-01-27,Black Friday,CMP119,UK,London,Mobile,Premium,Male,45-54
U09474,2024-04-12,Google Ads,CMP117,USA,New York,Tablet,Premium,Male,45-54
U09475,2024-11-03,Organic,CMP103,Canada,Toronto,Desktop,Basic,Male,18-24
U09476,2024-10-16,LinkedIn,CMP108,Germany,Munich,Desktop,Basic,Female,18-24
U09477,2024-11-15,Facebook,CMP107,Germany,Munich,Desktop,Basic,Male,25-34
U09478,2024-11-15,Google Ads,CMP116,Australia,Melbourne,Tablet,Premium,Male,35-44
U09479,2024-04-28,Google Ads,CMP120,Canada,Vancouver,Tablet,Basic,Male,35-44
U09480,2024-04-22,Referral,CMP107,India,Chennai,Desktop,Free,Male,35-44
U09481,2024-08-07,Organic,CMP112,Germany,Berlin,Mobile,Premium,Male,45-54
U09482,2024-01-27,Google Ads,CMP106,USA,Austin,Tablet,Premium,Male,25-34
U09483,2024-07-11,Facebook,CMP107,India,Coimbatore,Desktop,Basic,Female,45-54
U09484,2024-11-26,LinkedIn,CMP108,Germany,Munich,Mobile,Premium,Male,25-34
U09485,2024-09-11,Referral,CMP109,UK,London,Desktop,Basic,Female,35-44
U09486,2024-08-19,Google Ads,CMP106,Canada,Vancouver,Tablet,Free,Male,25-34
U09487,2024-05-10,LinkedIn,CMP115,Australia,Melbourne,Tablet,Basic,Female,45-54
U09488,2024-04-15,LinkedIn,CMP104,USA,Seattle,Mobile,Premium,Male,35-44
U09489,2024-03-01,Organic,CMP118,Germany,Munich,Mobile,Basic,Female,18-24
U09490,2024-09-27,LinkedIn,CMP102,India,Chennai,Tablet,Basic,Female,18-24
U09491,2024-04-21,Google Ads,CMP110,UK,London,Tablet,Free,Female,35-44
U09492,2024-06-17,Black Friday,CMP118,USA,Austin,Desktop,Basic,Female,25-34
U09493,2024-11-21,Black Friday,CMP115,Australia,Sydney,Desktop,Basic,Female,35-44
U09494,2024-04-13,Black Friday,CMP118,Canada,Vancouver,Tablet,Premium,Male,18-24
U09495,2024-02-15,Referral,CMP105,UK,London,Mobile,Basic,Male,35-44
U09496,2024-12-12,Black Friday,CMP120,Canada,Vancouver,Tablet,Basic,Female,18-24
U09497,2024-07-13,Organic,CMP104,Germany,Berlin,Desktop,Basic,Female,45-54
U09498,2024-06-30,Organic,CMP112,India,Chennai,Mobile,Basic,Female,35-44
U09499,2024-10-09,Referral,CMP102,India,Bengaluru,Tablet,Premium,Male,45-54
U09500,2024-07-23,Organic,CMP112,Australia,Melbourne,Tablet,Basic,Female,25-34
U09501,2024-11-23,Google Ads,CMP114,India,Chennai,Mobile,Premium,Female,25-34
U09502,2024-10-03,Organic,CMP114,India,Chennai,Tablet,Premium,Male,45-54
U09503,2024-09-28,Google Ads,CMP114,USA,Seattle,Tablet,Free,Male,45-54
U09504,2024-12-05,LinkedIn,CMP106,Canada,Toronto,Tablet,Free,Female,25-34
U09505,2024-12-08,Black Friday,CMP120,India,Chennai,Desktop,Basic,Male,45-54
U09506,2024-10-05,Organic,CMP109,India,Coimbatore,Mobile,Free,Female,25-34
U09507,2024-06-18,Black Friday,CMP102,Germany,Berlin,Tablet,Free,Female,45-54
U09508,2024-02-11,Organic,CMP106,Germany,Berlin,Mobile,Premium,Female,35-44
U09509,2024-12-04,Organic,CMP104,UK,Manchester,Tablet,Premium,Male,18-24
U09510,2024-11-30,Google Ads,CMP119,UK,Manchester,Mobile,Free,Male,35-44
U09511,2024-06-26,Facebook,CMP107,Australia,Sydney,Desktop,Premium,Male,25-34
U09512,2024-03-30,Organic,CMP106,Australia,Melbourne,Mobile,Free,Male,35-44
U09513,2024-09-20,Black Friday,CMP107,Australia,Sydney,Tablet,Free,Male,45-54
U09514,2024-11-18,Google Ads,CMP105,India,Chennai,Desktop,Basic,Male,35-44
U09515,2024-11-28,Black Friday,CMP116,Australia,Melbourne,Desktop,Basic,Male,18-24
U09516,2024-11-05,Black Friday,CMP117,Australia,Sydney,Mobile,Free,Female,18-24
U09517,2024-10-12,LinkedIn,CMP113,Germany,Munich,Tablet,Basic,Female,25-34
U09518,2024-04-11,Black Friday,CMP107,UK,London,Desktop,Premium,Female,35-44
U09519,2024-04-22,Organic,CMP103,Germany,Berlin,Tablet,Premium,Male,25-34
U09520,2024-04-11,LinkedIn,CMP103,Australia,Sydney,Desktop,Free,Female,35-44
U09521,2024-01-13,Organic,CMP111,Germany,Berlin,Mobile,Free,Female,18-24
U09522,2024-02-27,Google Ads,CMP116,Germany,Munich,Desktop,Premium,Female,25-34
U09523,2024-07-30,Facebook,CMP108,USA,New York,Mobile,Basic,Male,45-54
U09524,2024-01-02,LinkedIn,CMP108,USA,New York,Mobile,Basic,Male,45-54
U09525,2024-03-10,Referral,CMP115,Australia,Sydney,Mobile,Free,Female,18-24
U09526,2024-01-09,Black Friday,CMP116,Canada,Vancouver,Mobile,Free,Male,25-34
U09527,2024-10-18,Referral,CMP109,USA,New York,Tablet,Premium,Female,35-44
U09528,2024-08-02,Referral,CMP119,Germany,Munich,Tablet,Basic,Female,35-44
U09529,2024-11-06,Referral,CMP103,Australia,Melbourne,Mobile,Free,Male,25-34
U09530,2024-03-23,Google Ads,CMP118,Canada,Vancouver,Desktop,Free,Male,18-24
U09531,2024-04-18,Facebook,CMP107,Canada,Toronto,Mobile,Free,Male,25-34
U09532,2024-01-20,Black Friday,CMP102,India,Coimbatore,Tablet,Free,Female,45-54
U09533,2024-01-01,Organic,CMP105,USA,Seattle,Mobile,Premium,Male,35-44
U09534,2024-09-14,Black Friday,CMP106,Germany,Berlin,Mobile,Free,Female,35-44
U09535,2024-03-19,Organic,CMP106,India,Coimbatore,Desktop,Basic,Male,18-24
U09536,2024-09-18,Organic,CMP114,Germany,Berlin,Mobile,Premium,Male,35-44
U09537,2024-05-03,LinkedIn,CMP110,Canada,Vancouver,Mobile,Basic,Male,18-24
U09538,2024-06-28,Facebook,CMP120,USA,Austin,Mobile,Basic,Female,25-34
U09539,2024-01-08,Black Friday,CMP119,India,Coimbatore,Desktop,Free,Male,35-44
U09540,2024-03-11,Black Friday,CMP108,Germany,Munich,Desktop,Basic,Female,18-24
U09541,2024-04-28,Organic,CMP109,Canada,Toronto,Mobile,Free,Female,35-44
U09542,2024-07-20,Facebook,CMP103,Canada,Vancouver,Mobile,Free,Female,18-24
U09543,2024-02-22,Referral,CMP117,USA,Seattle,Desktop,Premium,Female,25-34
U09544,2024-11-09,Google Ads,CMP107,UK,Manchester,Mobile,Premium,Female,25-34
U09545,2024-10-01,Organic,CMP118,UK,Manchester,Desktop,Premium,Male,18-24
U09546,2024-04-03,Referral,CMP111,Australia,Sydney,Mobile,Free,Male,18-24
U09547,2024-05-26,Organic,CMP113,Australia,Melbourne,Tablet,Premium,Female,18-24
U09548,2024-07-07,Referral,CMP113,UK,Manchester,Tablet,Basic,Male,25-34
U09549,2024-03-10,Referral,CMP115,India,Chennai,Mobile,Premium,Female,18-24
U09550,2024-12-07,Referral,CMP118,Canada,Vancouver,Mobile,Free,Female,35-44
U09551,2024-01-05,Black Friday,CMP103,USA,Austin,Tablet,Premium,Male,45-54
U09552,2024-10-09,Google Ads,CMP111,India,Bengaluru,Desktop,Free,Female,25-34
U09553,2024-03-14,Black Friday,CMP110,UK,Manchester,Mobile,Basic,Female,35-44
U09554,2024-07-29,Facebook,CMP116,India,Bengaluru,Desktop,Free,Male,35-44
U09555,2024-12-03,Organic,CMP116,UK,London,Desktop,Basic,Female,45-54
U09556,2024-10-31,Google Ads,CMP115,Australia,Sydney,Desktop,Premium,Female,35-44
U09557,2024-07-12,LinkedIn,CMP108,India,Coimbatore,Mobile,Basic,Male,45-54
U09558,2024-12-27,Facebook,CMP110,Canada,Vancouver,Tablet,Premium,Male,45-54
U09559,2024-12-22,Facebook,CMP101,Germany,Berlin,Tablet,Free,Female,18-24
U09560,2024-03-19,Referral,CMP115,Australia,Sydney,Mobile,Premium,Female,18-24
U09561,2024-02-25,LinkedIn,CMP110,India,Bengaluru,Mobile,Free,Male,25-34
U09562,2024-07-01,Referral,CMP113,Australia,Sydney,Mobile,Premium,Male,35-44
U09563,2024-09-25,Referral,CMP120,UK,Manchester,Desktop,Premium,Female,35-44
U09564,2024-02-07,Organic,CMP106,Australia,Melbourne,Tablet,Free,Male,45-54
U09565,2024-01-31,Referral,CMP103,Germany,Berlin,Tablet,Free,Male,45-54
U09566,2024-12-30,Black Friday,CMP120,USA,Austin,Mobile,Premium,Male,45-54
U09567,2024-08-08,Referral,CMP105,Germany,Berlin,Tablet,Premium,Female,45-54
U09568,2024-06-14,Black Friday,CMP115,Germany,Munich,Tablet,Basic,Female,45-54
U09569,2024-04-24,Referral,CMP116,Germany,Munich,Desktop,Premium,Female,18-24
U09570,2024-02-11,Referral,CMP116,Canada,Toronto,Desktop,Premium,Male,45-54
U09571,2024-01-10,Google Ads,CMP107,Germany,Munich,Tablet,Premium,Female,35-44
U09572,2024-08-15,Black Friday,CMP114,USA,Austin,Tablet,Free,Male,45-54
U09573,2024-09-22,Google Ads,CMP114,India,Chennai,Desktop,Premium,Male,45-54
U09574,2024-06-06,LinkedIn,CMP113,India,Chennai,Mobile,Premium,Male,25-34
U09575,2024-12-30,LinkedIn,CMP110,India,Bengaluru,Tablet,Basic,Female,25-34
U09576,2024-05-22,Black Friday,CMP108,India,Chennai,Desktop,Basic,Male,25-34
U09577,2024-05-02,Organic,CMP110,Australia,Sydney,Desktop,Free,Male,35-44
U09578,2024-09-23,Facebook,CMP109,USA,Austin,Tablet,Premium,Male,35-44
U09579,2024-04-22,Google Ads,CMP118,UK,London,Desktop,Free,Male,45-54
U09580,2024-12-10,Referral,CMP105,Canada,Toronto,Desktop,Free,Male,25-34
U09581,2024-05-08,Organic,CMP112,Australia,Melbourne,Tablet,Premium,Male,25-34
U09582,2024-05-24,Facebook,CMP105,Canada,Toronto,Desktop,Free,Female,18-24
U09583,2024-08-02,LinkedIn,CMP116,India,Bengaluru,Tablet,Premium,Male,35-44
U09584,2024-11-03,LinkedIn,CMP110,Germany,Berlin,Mobile,Basic,Male,45-54
U09585,2024-11-25,Google Ads,CMP105,India,Coimbatore,Mobile,Free,Male,35-44
U09586,2024-02-05,Black Friday,CMP115,Germany,Berlin,Tablet,Premium,Male,18-24
U09587,2024-08-22,Organic,CMP112,India,Chennai,Desktop,Basic,Female,18-24
U09588,2024-11-14,Organic,CMP106,India,Coimbatore,Mobile,Basic,Male,18-24
U09589,2024-10-15,Referral,CMP110,Australia,Sydney,Mobile,Basic,Male,35-44
U09590,2024-04-10,Facebook,CMP106,India,Chennai,Mobile,Premium,Female,18-24
U09591,2024-08-29,LinkedIn,CMP106,Canada,Vancouver,Tablet,Basic,Male,35-44
U09592,2024-07-27,LinkedIn,CMP118,USA,Seattle,Desktop,Basic,Female,35-44
U09593,2024-11-27,Facebook,CMP111,India,Coimbatore,Tablet,Basic,Male,45-54
U09594,2024-03-22,Facebook,CMP108,Canada,Vancouver,Tablet,Premium,Female,35-44
U09595,2024-11-05,Referral,CMP103,USA,Seattle,Desktop,Free,Male,25-34
U09596,2024-12-28,Google Ads,CMP112,Germany,Munich,Mobile,Free,Male,25-34
U09597,2024-03-01,Black Friday,CMP105,India,Bengaluru,Desktop,Premium,Male,45-54
U09598,2024-05-26,Facebook,CMP116,UK,London,Tablet,Premium,Male,35-44
U09599,2024-10-23,Referral,CMP103,Germany,Berlin,Mobile,Free,Male,25-34
U09600,2024-08-31,Referral,CMP104,Canada,Vancouver,Mobile,Premium,Female,18-24
U09601,2024-03-23,LinkedIn,CMP113,Canada,Vancouver,Mobile,Basic,Female,35-44
U09602,2024-01-04,Google Ads,CMP101,Canada,Vancouver,Desktop,Basic,Female,18-24
U09603,2024-05-28,LinkedIn,CMP119,India,Bengaluru,Mobile,Basic,Male,18-24
U09604,2024-06-25,Google Ads,CMP118,UK,Manchester,Mobile,Basic,Female,35-44
U09605,2024-01-20,Referral,CMP111,Canada,Toronto,Desktop,Basic,Female,35-44
U09606,2024-05-28,Google Ads,CMP117,India,Bengaluru,Mobile,Basic,Male,25-34
U09607,2024-12-04,Facebook,CMP105,UK,Manchester,Mobile,Basic,Male,25-34
U09608,2024-10-01,LinkedIn,CMP104,India,Coimbatore,Desktop,Premium,Male,35-44
U09609,2024-04-16,Black Friday,CMP103,Canada,Toronto,Mobile,Basic,Male,18-24
U09610,2024-01-02,Referral,CMP112,UK,London,Desktop,Basic,Male,35-44
U09611,2024-01-03,Facebook,CMP117,Australia,Melbourne,Tablet,Basic,Male,45-54
U09612,2024-11-01,LinkedIn,CMP108,India,Chennai,Tablet,Free,Male,18-24
U09613,2024-11-03,Organic,CMP102,USA,Seattle,Mobile,Free,Female,25-34
U09614,2024-02-29,LinkedIn,CMP118,Australia,Melbourne,Mobile,Premium,Female,45-54
U09615,2024-11-14,Referral,CMP117,USA,Seattle,Mobile,Premium,Female,35-44
U09616,2024-07-19,Organic,CMP114,Canada,Toronto,Mobile,Premium,Female,18-24
U09617,2024-04-23,Referral,CMP105,USA,New York,Tablet,Free,Male,25-34
U09618,2024-05-02,Google Ads,CMP115,UK,Manchester,Desktop,Premium,Female,25-34
U09619,2024-08-26,Organic,CMP111,Australia,Sydney,Tablet,Basic,Male,18-24
U09620,2024-10-05,Referral,CMP115,Australia,Sydney,Mobile,Basic,Female,35-44
U09621,2024-08-13,LinkedIn,CMP116,Germany,Munich,Tablet,Premium,Female,18-24
U09622,2024-04-07,Referral,CMP109,India,Bengaluru,Mobile,Premium,Female,25-34
U09623,2024-01-01,LinkedIn,CMP114,India,Chennai,Mobile,Premium,Female,45-54
U09624,2024-09-17,Referral,CMP113,Canada,Vancouver,Desktop,Basic,Male,45-54
U09625,2024-08-26,Organic,CMP114,Australia,Sydney,Tablet,Premium,Female,35-44
U09626,2024-01-05,Google Ads,CMP117,India,Chennai,Tablet,Basic,Male,35-44
U09627,2024-04-14,Referral,CMP101,Canada,Toronto,Desktop,Free,Male,35-44
U09628,2024-01-04,Facebook,CMP118,India,Chennai,Desktop,Premium,Male,35-44
U09629,2024-12-18,Facebook,CMP118,Canada,Vancouver,Mobile,Basic,Female,45-54
U09630,2024-02-05,Organic,CMP115,UK,Manchester,Mobile,Basic,Female,18-24
U09631,2024-02-20,Black Friday,CMP107,Canada,Toronto,Desktop,Basic,Male,45-54
U09632,2024-11-01,Black Friday,CMP108,UK,Manchester,Mobile,Basic,Female,25-34
U09633,2024-12-17,Organic,CMP109,Germany,Berlin,Desktop,Premium,Male,35-44
U09634,2024-12-14,Black Friday,CMP101,Australia,Sydney,Tablet,Free,Female,18-24
U09635,2024-12-27,Referral,CMP110,Australia,Sydney,Tablet,Free,Female,35-44
U09636,2024-07-04,Black Friday,CMP110,Germany,Berlin,Desktop,Premium,Male,35-44
U09637,2024-10-29,Black Friday,CMP103,UK,London,Mobile,Premium,Female,35-44
U09638,2024-03-13,Black Friday,CMP108,Canada,Toronto,Mobile,Free,Female,25-34
U09639,2024-10-02,Referral,CMP112,Germany,Berlin,Mobile,Premium,Male,18-24
U09640,2024-12-26,Google Ads,CMP111,Germany,Berlin,Mobile,Free,Male,35-44
U09641,2024-08-24,Black Friday,CMP110,India,Coimbatore,Mobile,Basic,Male,25-34
U09642,2024-05-22,Organic,CMP106,USA,Austin,Tablet,Basic,Female,35-44
U09643,2024-08-15,Referral,CMP108,USA,Seattle,Desktop,Basic,Male,45-54
U09644,2024-01-04,Facebook,CMP112,Canada,Toronto,Mobile,Premium,Female,25-34
U09645,2024-07-10,Referral,CMP104,Canada,Vancouver,Tablet,Free,Female,25-34
U09646,2024-10-19,Referral,CMP111,UK,Manchester,Tablet,Free,Female,25-34
U09647,2024-01-08,Organic,CMP108,Germany,Munich,Tablet,Basic,Male,45-54
U09648,2024-04-09,Google Ads,CMP102,Germany,Berlin,Desktop,Premium,Male,45-54
U09649,2024-09-04,LinkedIn,CMP110,USA,Seattle,Tablet,Free,Male,35-44
U09650,2024-05-20,LinkedIn,CMP118,Canada,Toronto,Desktop,Free,Male,35-44
U09651,2024-05-28,Referral,CMP101,India,Chennai,Mobile,Basic,Female,45-54
U09652,2024-09-18,Facebook,CMP115,USA,New York,Mobile,Free,Male,25-34
U09653,2024-03-21,Google Ads,CMP115,India,Chennai,Tablet,Basic,Female,18-24
U09654,2024-07-06,Google Ads,CMP107,Australia,Melbourne,Mobile,Free,Female,35-44
U09655,2024-12-16,Referral,CMP112,Germany,Berlin,Tablet,Basic,Male,25-34
U09656,2024-04-11,Organic,CMP120,Germany,Munich,Desktop,Premium,Female,18-24
U09657,2024-01-11,Black Friday,CMP103,USA,Seattle,Desktop,Basic,Female,35-44
U09658,2024-10-02,Referral,CMP107,India,Chennai,Mobile,Free,Female,18-24
U09659,2024-06-29,Black Friday,CMP111,USA,New York,Mobile,Premium,Male,45-54
U09660,2024-09-03,Referral,CMP115,Canada,Vancouver,Mobile,Basic,Female,18-24
U09661,2024-01-06,Google Ads,CMP105,Germany,Munich,Mobile,Free,Female,45-54
U09662,2024-06-19,Organic,CMP115,Canada,Vancouver,Tablet,Premium,Male,25-34
U09663,2024-04-11,Google Ads,CMP114,Canada,Toronto,Tablet,Basic,Female,45-54
U09664,2024-01-10,Black Friday,CMP101,Germany,Munich,Desktop,Free,Female,45-54
U09665,2024-11-11,Facebook,CMP105,Germany,Munich,Mobile,Premium,Male,18-24
U09666,2024-02-18,Black Friday,CMP111,USA,Seattle,Tablet,Free,Male,18-24
U09667,2024-09-20,Referral,CMP118,Australia,Melbourne,Mobile,Free,Female,25-34
U09668,2024-12-15,Black Friday,CMP109,UK,Manchester,Desktop,Free,Female,45-54
U09669,2024-02-12,LinkedIn,CMP101,USA,New York,Desktop,Free,Female,45-54
U09670,2024-09-23,Google Ads,CMP104,UK,Manchester,Tablet,Free,Male,45-54
U09671,2024-11-21,Google Ads,CMP119,UK,London,Tablet,Premium,Male,18-24
U09672,2024-12-16,LinkedIn,CMP112,Australia,Melbourne,Desktop,Premium,Female,18-24
U09673,2024-07-29,Organic,CMP119,USA,Seattle,Desktop,Free,Female,35-44
U09674,2024-09-13,LinkedIn,CMP102,Australia,Melbourne,Mobile,Basic,Male,25-34
U09675,2024-04-07,Black Friday,CMP108,Australia,Sydney,Mobile,Free,Female,25-34
U09676,2024-03-13,Facebook,CMP107,India,Bengaluru,Desktop,Basic,Male,18-24
U09677,2024-04-15,Referral,CMP115,UK,Manchester,Desktop,Basic,Male,25-34
U09678,2024-03-15,LinkedIn,CMP103,Germany,Berlin,Mobile,Premium,Male,18-24
U09679,2024-03-01,LinkedIn,CMP106,Canada,Toronto,Desktop,Free,Male,35-44
U09680,2024-06-12,Google Ads,CMP102,India,Bengaluru,Tablet,Premium,Female,25-34
U09681,2024-11-07,Google Ads,CMP114,UK,Manchester,Tablet,Premium,Female,45-54
U09682,2024-01-09,Organic,CMP107,Germany,Munich,Desktop,Basic,Male,18-24
U09683,2024-07-01,Facebook,CMP105,UK,Manchester,Desktop,Free,Male,45-54
U09684,2024-10-18,Referral,CMP112,India,Coimbatore,Desktop,Premium,Female,18-24
U09685,2024-12-05,Black Friday,CMP101,Canada,Vancouver,Desktop,Basic,Male,45-54
U09686,2024-06-13,Black Friday,CMP116,UK,London,Tablet,Free,Female,18-24
U09687,2024-12-01,Referral,CMP117,Canada,Vancouver,Desktop,Basic,Male,18-24
U09688,2024-09-27,Organic,CMP101,Germany,Munich,Desktop,Premium,Male,18-24
U09689,2024-07-31,Referral,CMP102,India,Chennai,Mobile,Free,Male,35-44
U09690,2024-07-08,LinkedIn,CMP115,Germany,Munich,Mobile,Free,Female,25-34
U09691,2024-07-07,Google Ads,CMP109,Canada,Vancouver,Desktop,Basic,Male,45-54
U09692,2024-08-10,Facebook,CMP115,UK,London,Desktop,Basic,Male,45-54
U09693,2024-09-08,Black Friday,CMP104,UK,Manchester,Mobile,Basic,Male,45-54
U09694,2024-05-31,Google Ads,CMP104,USA,New York,Mobile,Free,Female,25-34
U09695,2024-07-30,Organic,CMP104,India,Coimbatore,Desktop,Free,Male,25-34
U09696,2024-05-05,Referral,CMP104,USA,Austin,Mobile,Premium,Male,35-44
U09697,2024-02-21,Referral,CMP107,Germany,Munich,Mobile,Premium,Female,25-34
U09698,2024-01-08,Organic,CMP117,Germany,Munich,Desktop,Basic,Male,18-24
U09699,2024-05-04,Facebook,CMP104,Australia,Melbourne,Tablet,Free,Male,25-34
U09700,2024-04-29,Google Ads,CMP119,India,Chennai,Desktop,Premium,Male,35-44
U09701,2024-12-23,Google Ads,CMP102,Germany,Munich,Mobile,Free,Male,35-44
U09702,2024-12-10,LinkedIn,CMP116,Australia,Melbourne,Tablet,Free,Male,45-54
U09703,2024-07-02,Google Ads,CMP113,Canada,Toronto,Mobile,Free,Female,18-24
U09704,2024-09-14,Google Ads,CMP102,India,Bengaluru,Mobile,Premium,Female,35-44
U09705,2024-03-21,Google Ads,CMP110,Germany,Berlin,Tablet,Basic,Female,45-54
U09706,2024-07-02,Organic,CMP111,UK,Manchester,Tablet,Premium,Male,25-34
U09707,2024-04-05,Referral,CMP103,Canada,Toronto,Mobile,Premium,Male,18-24
U09708,2024-10-15,LinkedIn,CMP116,India,Bengaluru,Mobile,Free,Male,45-54
U09709,2024-08-25,Organic,CMP115,Australia,Melbourne,Desktop,Basic,Female,45-54
U09710,2024-07-22,Organic,CMP105,Germany,Berlin,Tablet,Basic,Female,35-44
U09711,2024-05-12,Organic,CMP112,UK,Manchester,Desktop,Basic,Female,25-34
U09712,2024-09-03,Referral,CMP117,UK,London,Desktop,Premium,Male,25-34
U09713,2024-03-15,Organic,CMP117,Canada,Toronto,Mobile,Free,Female,35-44
U09714,2024-09-14,Black Friday,CMP109,UK,Manchester,Desktop,Free,Female,25-34
U09715,2024-07-18,Organic,CMP115,UK,London,Tablet,Premium,Female,18-24
U09716,2024-04-11,Organic,CMP109,India,Coimbatore,Tablet,Basic,Male,45-54
U09717,2024-06-08,Black Friday,CMP109,India,Coimbatore,Desktop,Basic,Female,35-44
U09718,2024-04-18,Black Friday,CMP106,India,Bengaluru,Mobile,Free,Male,45-54
U09719,2024-06-12,Google Ads,CMP119,India,Coimbatore,Desktop,Free,Male,45-54
U09720,2024-04-24,LinkedIn,CMP102,USA,Seattle,Mobile,Premium,Female,18-24
U09721,2024-02-05,Black Friday,CMP120,USA,New York,Tablet,Free,Male,25-34
U09722,2024-08-13,LinkedIn,CMP104,Australia,Melbourne,Tablet,Basic,Male,35-44
U09723,2024-12-23,Organic,CMP118,India,Coimbatore,Tablet,Basic,Male,25-34
U09724,2024-05-02,Referral,CMP111,India,Bengaluru,Mobile,Free,Male,25-34
U09725,2024-11-15,Facebook,CMP116,Germany,Berlin,Mobile,Basic,Male,45-54
U09726,2024-03-01,Referral,CMP103,Australia,Melbourne,Tablet,Basic,Female,25-34
U09727,2024-07-24,Black Friday,CMP115,USA,Seattle,Desktop,Premium,Male,45-54
U09728,2024-04-07,LinkedIn,CMP118,India,Coimbatore,Mobile,Premium,Female,45-54
U09729,2024-05-28,Referral,CMP109,USA,Seattle,Desktop,Premium,Female,18-24
U09730,2024-10-29,LinkedIn,CMP103,USA,Austin,Tablet,Premium,Female,45-54
U09731,2024-11-03,LinkedIn,CMP110,USA,New York,Tablet,Premium,Male,18-24
U09732,2024-04-24,Organic,CMP113,Canada,Toronto,Mobile,Free,Male,18-24
U09733,2024-02-24,LinkedIn,CMP102,India,Coimbatore,Mobile,Basic,Female,45-54
U09734,2024-04-27,Facebook,CMP117,Germany,Berlin,Desktop,Free,Male,45-54
U09735,2024-01-02,Organic,CMP116,USA,New York,Tablet,Basic,Male,18-24
U09736,2024-08-01,Google Ads,CMP104,Australia,Melbourne,Mobile,Premium,Female,18-24
U09737,2024-01-27,LinkedIn,CMP104,Germany,Munich,Tablet,Basic,Female,45-54
U09738,2024-05-11,Black Friday,CMP113,India,Coimbatore,Mobile,Basic,Female,35-44
U09739,2024-10-08,Black Friday,CMP117,Australia,Melbourne,Tablet,Basic,Female,25-34
U09740,2024-05-26,Organic,CMP109,UK,Manchester,Desktop,Basic,Male,45-54
U09741,2024-10-13,Facebook,CMP111,Australia,Sydney,Mobile,Basic,Female,25-34
U09742,2024-09-09,LinkedIn,CMP115,Germany,Berlin,Mobile,Basic,Female,25-34
U09743,2024-06-10,Organic,CMP115,UK,London,Mobile,Free,Male,25-34
U09744,2024-07-13,Organic,CMP118,Canada,Vancouver,Tablet,Basic,Male,45-54
U09745,2024-04-19,Facebook,CMP117,UK,Manchester,Desktop,Premium,Female,45-54
U09746,2024-02-02,Facebook,CMP112,India,Bengaluru,Desktop,Premium,Male,45-54
U09747,2024-12-23,Facebook,CMP106,USA,Austin,Mobile,Free,Female,25-34
U09748,2024-09-28,Black Friday,CMP116,Canada,Toronto,Mobile,Basic,Male,35-44
U09749,2024-02-12,LinkedIn,CMP106,USA,Austin,Mobile,Basic,Female,18-24
U09750,2024-09-16,Organic,CMP103,USA,Seattle,Desktop,Free,Female,45-54
U09751,2024-05-12,LinkedIn,CMP104,USA,Austin,Tablet,Basic,Female,18-24
U09752,2024-03-28,Black Friday,CMP113,India,Chennai,Desktop,Basic,Female,25-34
U09753,2024-05-03,Google Ads,CMP102,Australia,Sydney,Desktop,Free,Male,25-34
U09754,2024-08-10,Referral,CMP112,Canada,Toronto,Tablet,Premium,Female,35-44
U09755,2024-10-03,Google Ads,CMP107,India,Chennai,Tablet,Basic,Male,25-34
U09756,2024-06-12,Black Friday,CMP109,Canada,Vancouver,Tablet,Basic,Male,25-34
U09757,2024-12-06,Referral,CMP110,Australia,Melbourne,Mobile,Basic,Female,18-24
U09758,2024-07-20,Referral,CMP117,Australia,Sydney,Desktop,Basic,Female,45-54
U09759,2024-02-22,Referral,CMP114,USA,Seattle,Mobile,Premium,Female,45-54
U09760,2024-11-26,Organic,CMP101,UK,Manchester,Mobile,Basic,Male,35-44
U09761,2024-10-11,LinkedIn,CMP112,UK,London,Mobile,Free,Female,45-54
U09762,2024-02-17,LinkedIn,CMP118,Germany,Munich,Mobile,Premium,Female,35-44
U09763,2024-01-12,Black Friday,CMP109,Canada,Vancouver,Desktop,Free,Female,45-54
U09764,2024-03-19,Organic,CMP120,Canada,Toronto,Desktop,Basic,Male,35-44
U09765,2024-01-01,Black Friday,CMP110,India,Coimbatore,Desktop,Free,Female,18-24
U09766,2024-08-30,LinkedIn,CMP104,USA,Seattle,Tablet,Basic,Female,35-44
U09767,2024-03-17,Facebook,CMP106,UK,London,Desktop,Basic,Male,18-24
U09768,2024-12-20,Organic,CMP117,India,Chennai,Tablet,Free,Female,35-44
U09769,2024-11-18,Black Friday,CMP111,Canada,Toronto,Mobile,Premium,Male,25-34
U09770,2024-02-27,Facebook,CMP119,Australia,Melbourne,Desktop,Free,Male,25-34
U09771,2024-10-14,Black Friday,CMP116,India,Bengaluru,Tablet,Premium,Female,25-34
U09772,2024-08-12,Referral,CMP102,Germany,Berlin,Desktop,Basic,Male,45-54
U09773,2024-11-14,Organic,CMP111,Australia,Sydney,Mobile,Basic,Male,18-24
U09774,2024-11-02,Google Ads,CMP113,Australia,Sydney,Tablet,Premium,Female,35-44
U09775,2024-02-02,Black Friday,CMP107,UK,Manchester,Desktop,Basic,Male,45-54
U09776,2024-12-23,Organic,CMP112,Canada,Vancouver,Tablet,Basic,Male,18-24
U09777,2024-10-28,Referral,CMP106,India,Coimbatore,Desktop,Free,Male,35-44
U09778,2024-10-01,Organic,CMP110,UK,Manchester,Desktop,Free,Male,18-24
U09779,2024-08-12,Facebook,CMP109,USA,Austin,Mobile,Free,Female,45-54
U09780,2024-12-27,Organic,CMP116,UK,Manchester,Tablet,Basic,Female,35-44
U09781,2024-05-12,Black Friday,CMP105,Canada,Vancouver,Desktop,Premium,Male,25-34
U09782,2024-05-09,Referral,CMP113,Canada,Vancouver,Desktop,Basic,Male,18-24
U09783,2024-03-05,Organic,CMP120,USA,Austin,Desktop,Basic,Female,35-44
U09784,2024-04-13,Black Friday,CMP116,India,Bengaluru,Desktop,Premium,Female,45-54
U09785,2024-03-09,Black Friday,CMP116,Australia,Melbourne,Mobile,Free,Male,35-44
U09786,2024-12-03,Google Ads,CMP118,India,Bengaluru,Mobile,Basic,Male,45-54
U09787,2024-01-12,LinkedIn,CMP111,USA,New York,Desktop,Premium,Female,35-44
U09788,2024-09-01,Google Ads,CMP120,UK,London,Desktop,Premium,Male,25-34
U09789,2024-11-14,LinkedIn,CMP118,UK,London,Mobile,Free,Female,45-54
U09790,2024-07-22,LinkedIn,CMP107,India,Bengaluru,Tablet,Basic,Male,18-24
U09791,2024-08-22,Google Ads,CMP111,USA,New York,Mobile,Basic,Female,35-44
U09792,2024-09-22,Facebook,CMP107,India,Chennai,Desktop,Basic,Male,45-54
U09793,2024-04-26,Referral,CMP104,Canada,Toronto,Tablet,Basic,Female,35-44
U09794,2024-03-29,LinkedIn,CMP101,India,Bengaluru,Tablet,Premium,Male,45-54
U09795,2024-01-28,Black Friday,CMP116,India,Bengaluru,Tablet,Premium,Female,25-34
U09796,2024-06-22,LinkedIn,CMP104,India,Coimbatore,Desktop,Free,Male,25-34
U09797,2024-01-17,Facebook,CMP103,Germany,Berlin,Mobile,Basic,Female,35-44
U09798,2024-08-18,LinkedIn,CMP118,Canada,Toronto,Mobile,Free,Male,18-24
U09799,2024-03-11,Facebook,CMP101,USA,New York,Desktop,Free,Male,18-24
U09800,2024-06-12,Black Friday,CMP111,Canada,Vancouver,Mobile,Free,Male,35-44
U09801,2024-11-20,LinkedIn,CMP109,Germany,Berlin,Tablet,Free,Female,18-24
U09802,2024-06-02,LinkedIn,CMP118,USA,New York,Desktop,Free,Male,35-44
U09803,2024-09-27,Black Friday,CMP108,Germany,Munich,Mobile,Basic,Male,35-44
U09804,2024-01-21,Organic,CMP107,UK,London,Mobile,Basic,Female,25-34
U09805,2024-04-29,Facebook,CMP107,Canada,Toronto,Desktop,Premium,Male,25-34
U09806,2024-04-26,Organic,CMP114,USA,Austin,Mobile,Basic,Male,45-54
U09807,2024-12-22,Organic,CMP115,Canada,Vancouver,Desktop,Premium,Male,35-44
U09808,2024-05-30,Black Friday,CMP108,USA,New York,Desktop,Free,Male,35-44
U09809,2024-07-26,Google Ads,CMP107,India,Bengaluru,Tablet,Free,Female,45-54
U09810,2024-06-05,Referral,CMP116,Germany,Berlin,Desktop,Free,Female,35-44
U09811,2024-02-06,LinkedIn,CMP102,USA,New York,Tablet,Basic,Female,45-54
U09812,2024-10-04,Organic,CMP118,Australia,Melbourne,Tablet,Premium,Female,18-24
U09813,2024-08-22,LinkedIn,CMP116,Canada,Toronto,Tablet,Free,Female,25-34
U09814,2024-10-19,Black Friday,CMP120,UK,Manchester,Desktop,Free,Male,25-34
U09815,2024-01-27,Facebook,CMP106,USA,New York,Mobile,Basic,Male,18-24
U09816,2024-05-12,Referral,CMP103,Germany,Berlin,Tablet,Premium,Male,25-34
U09817,2024-02-07,Referral,CMP114,USA,New York,Tablet,Premium,Female,25-34
U09818,2024-04-20,Black Friday,CMP105,UK,Manchester,Tablet,Free,Female,18-24
U09819,2024-01-23,Organic,CMP115,UK,Manchester,Mobile,Premium,Female,18-24
U09820,2024-01-04,Black Friday,CMP101,USA,New York,Desktop,Basic,Male,35-44
U09821,2024-01-14,Referral,CMP115,USA,Seattle,Desktop,Free,Male,18-24
U09822,2024-09-27,Organic,CMP114,Canada,Toronto,Desktop,Free,Male,18-24
U09823,2024-06-04,Referral,CMP105,Australia,Sydney,Tablet,Premium,Male,25-34
U09824,2024-01-01,Google Ads,CMP109,Germany,Munich,Mobile,Premium,Female,18-24
U09825,2024-02-05,LinkedIn,CMP114,Australia,Melbourne,Tablet,Free,Female,18-24
U09826,2024-11-05,Facebook,CMP116,Canada,Vancouver,Desktop,Premium,Male,18-24
U09827,2024-11-27,Facebook,CMP108,USA,New York,Desktop,Free,Male,25-34
U09828,2024-02-18,Referral,CMP108,UK,London,Tablet,Premium,Male,25-34
U09829,2024-04-16,Black Friday,CMP120,UK,Manchester,Mobile,Basic,Female,25-34
U09830,2024-08-07,Black Friday,CMP109,USA,Austin,Mobile,Premium,Male,18-24
U09831,2024-08-03,Google Ads,CMP115,UK,Manchester,Tablet,Free,Male,45-54
U09832,2024-12-25,Black Friday,CMP109,USA,New York,Mobile,Basic,Female,18-24
U09833,2024-01-07,Google Ads,CMP112,Australia,Melbourne,Mobile,Basic,Female,45-54
U09834,2024-12-08,LinkedIn,CMP112,Germany,Berlin,Desktop,Free,Female,45-54
U09835,2024-12-28,Google Ads,CMP106,UK,London,Mobile,Free,Female,35-44
U09836,2024-06-19,Facebook,CMP109,Germany,Berlin,Desktop,Premium,Male,18-24
U09837,2024-01-16,Black Friday,CMP112,India,Bengaluru,Mobile,Free,Male,35-44
U09838,2024-01-07,Organic,CMP119,USA,New York,Mobile,Premium,Male,35-44
U09839,2024-04-13,Facebook,CMP110,Germany,Munich,Desktop,Basic,Male,18-24
U09840,2024-10-30,Organic,CMP113,Australia,Melbourne,Tablet,Basic,Male,35-44
U09841,2024-11-09,Organic,CMP113,UK,Manchester,Desktop,Basic,Female,35-44
U09842,2024-02-04,LinkedIn,CMP104,UK,Manchester,Tablet,Premium,Male,25-34
U09843,2024-01-26,Google Ads,CMP117,India,Bengaluru,Mobile,Basic,Male,35-44
U09844,2024-05-31,Facebook,CMP102,UK,Manchester,Desktop,Premium,Male,25-34
U09845,2024-10-05,Google Ads,CMP116,India,Bengaluru,Tablet,Basic,Female,18-24
U09846,2024-01-27,Organic,CMP101,India,Coimbatore,Desktop,Premium,Female,45-54
U09847,2024-11-01,Google Ads,CMP114,India,Coimbatore,Tablet,Basic,Female,35-44
U09848,2024-03-09,Google Ads,CMP104,Australia,Melbourne,Tablet,Basic,Male,45-54
U09849,2024-10-15,Referral,CMP115,Germany,Berlin,Desktop,Premium,Female,45-54
U09850,2024-04-06,LinkedIn,CMP105,UK,London,Tablet,Free,Male,35-44
U09851,2024-03-05,LinkedIn,CMP102,Australia,Melbourne,Tablet,Basic,Female,18-24
U09852,2024-06-09,Facebook,CMP117,Germany,Berlin,Mobile,Free,Male,35-44
U09853,2024-06-06,LinkedIn,CMP112,UK,London,Mobile,Basic,Female,45-54
U09854,2024-04-30,Black Friday,CMP119,Germany,Munich,Tablet,Free,Male,25-34
U09855,2024-01-03,Google Ads,CMP106,Australia,Melbourne,Tablet,Free,Female,45-54
U09856,2024-02-04,Referral,CMP108,Germany,Berlin,Tablet,Free,Female,18-24
U09857,2024-11-02,Organic,CMP112,Australia,Melbourne,Desktop,Free,Male,25-34
U09858,2024-03-15,Google Ads,CMP105,USA,Austin,Mobile,Free,Female,35-44
U09859,2024-05-26,LinkedIn,CMP120,USA,Seattle,Tablet,Premium,Male,25-34
U09860,2024-01-31,Referral,CMP103,Canada,Toronto,Desktop,Free,Male,35-44
U09861,2024-10-09,Black Friday,CMP120,USA,Seattle,Mobile,Premium,Female,18-24
U09862,2024-12-26,Facebook,CMP111,Canada,Vancouver,Tablet,Premium,Female,25-34
U09863,2024-08-12,Facebook,CMP116,Canada,Toronto,Mobile,Free,Male,35-44
U09864,2024-10-12,LinkedIn,CMP115,UK,London,Desktop,Basic,Female,25-34
U09865,2024-04-15,Referral,CMP102,Australia,Sydney,Mobile,Free,Female,18-24
U09866,2024-02-27,Google Ads,CMP106,Canada,Vancouver,Desktop,Free,Male,18-24
U09867,2024-08-11,Facebook,CMP116,Canada,Vancouver,Mobile,Basic,Male,18-24
U09868,2024-07-03,LinkedIn,CMP114,Australia,Melbourne,Mobile,Basic,Male,25-34
U09869,2024-02-19,LinkedIn,CMP109,Canada,Vancouver,Tablet,Premium,Male,18-24
U09870,2024-10-21,Organic,CMP112,UK,London,Desktop,Basic,Male,45-54
U09871,2024-02-15,Black Friday,CMP120,Canada,Toronto,Tablet,Basic,Female,18-24
U09872,2024-11-18,Organic,CMP107,USA,New York,Desktop,Free,Female,35-44
U09873,2024-06-17,Referral,CMP112,Canada,Toronto,Tablet,Basic,Male,18-24
U09874,2024-12-27,Facebook,CMP114,Australia,Sydney,Mobile,Premium,Female,35-44
U09875,2024-03-12,Referral,CMP106,India,Chennai,Desktop,Premium,Female,25-34
U09876,2024-11-12,LinkedIn,CMP102,Germany,Munich,Mobile,Free,Female,18-24
U09877,2024-02-21,Organic,CMP108,Australia,Sydney,Mobile,Free,Male,25-34
U09878,2024-12-07,Google Ads,CMP112,USA,Seattle,Desktop,Free,Male,45-54
U09879,2024-05-12,Google Ads,CMP114,UK,Manchester,Desktop,Free,Male,45-54
U09880,2024-08-31,Facebook,CMP104,Australia,Sydney,Mobile,Basic,Male,25-34
U09881,2024-05-08,Referral,CMP113,UK,London,Mobile,Free,Female,25-34
U09882,2024-05-22,Referral,CMP109,Australia,Sydney,Tablet,Basic,Male,45-54
U09883,2024-12-23,LinkedIn,CMP119,India,Chennai,Tablet,Free,Male,35-44
U09884,2024-02-18,Black Friday,CMP101,UK,Manchester,Mobile,Premium,Male,18-24
U09885,2024-07-30,Google Ads,CMP111,UK,Manchester,Tablet,Premium,Male,35-44
U09886,2024-11-25,Black Friday,CMP105,USA,New York,Tablet,Premium,Male,25-34
U09887,2024-11-30,Google Ads,CMP109,UK,London,Tablet,Basic,Female,18-24
U09888,2024-12-26,Facebook,CMP106,India,Bengaluru,Tablet,Premium,Male,18-24
U09889,2024-08-01,Referral,CMP114,UK,London,Tablet,Basic,Female,45-54
U09890,2024-10-28,Google Ads,CMP106,Canada,Vancouver,Desktop,Premium,Female,35-44
U09891,2024-11-05,Referral,CMP119,USA,Austin,Mobile,Premium,Female,18-24
U09892,2024-02-22,Black Friday,CMP114,USA,Austin,Tablet,Premium,Male,18-24
U09893,2024-01-18,Facebook,CMP115,UK,Manchester,Desktop,Free,Female,35-44
U09894,2024-06-06,Black Friday,CMP118,USA,New York,Tablet,Free,Male,25-34
U09895,2024-06-21,Organic,CMP106,UK,Manchester,Desktop,Premium,Male,45-54
U09896,2024-11-27,Google Ads,CMP115,Canada,Toronto,Tablet,Basic,Male,18-24
U09897,2024-05-02,Referral,CMP101,Germany,Munich,Desktop,Free,Male,25-34
U09898,2024-10-27,Google Ads,CMP103,Germany,Munich,Desktop,Free,Male,25-34
U09899,2024-05-20,Facebook,CMP101,India,Bengaluru,Tablet,Free,Female,18-24
U09900,2024-09-02,Organic,CMP120,Germany,Munich,Mobile,Free,Female,45-54
U09901,2024-09-02,Google Ads,CMP117,Canada,Vancouver,Desktop,Free,Female,45-54
U09902,2024-01-16,Google Ads,CMP102,UK,Manchester,Desktop,Premium,Female,45-54
U09903,2024-09-28,Google Ads,CMP112,Germany,Munich,Mobile,Free,Male,25-34
U09904,2024-03-07,Referral,CMP110,Germany,Berlin,Desktop,Free,Female,35-44
U09905,2024-04-11,Referral,CMP116,India,Chennai,Tablet,Premium,Female,18-24
U09906,2024-11-13,Google Ads,CMP105,Canada,Toronto,Desktop,Free,Female,25-34
U09907,2024-03-29,Facebook,CMP101,USA,Seattle,Tablet,Basic,Male,45-54
U09908,2024-05-30,Google Ads,CMP117,Canada,Toronto,Desktop,Free,Female,25-34
U09909,2024-05-04,Facebook,CMP105,USA,Seattle,Desktop,Basic,Female,18-24
U09910,2024-03-12,Organic,CMP107,Canada,Toronto,Mobile,Free,Female,45-54
U09911,2024-01-11,Referral,CMP106,USA,New York,Tablet,Free,Female,35-44
U09912,2024-09-13,LinkedIn,CMP109,India,Chennai,Tablet,Premium,Female,35-44
U09913,2024-02-02,Referral,CMP119,USA,Seattle,Desktop,Basic,Male,18-24
U09914,2024-09-21,Organic,CMP111,Australia,Sydney,Mobile,Premium,Female,45-54
U09915,2024-10-26,Black Friday,CMP110,India,Coimbatore,Mobile,Basic,Male,45-54
U09916,2024-08-30,Black Friday,CMP104,USA,Seattle,Tablet,Basic,Male,45-54
U09917,2024-08-23,Google Ads,CMP107,UK,Manchester,Tablet,Premium,Female,18-24
U09918,2024-10-18,Black Friday,CMP108,UK,London,Mobile,Premium,Female,25-34
U09919,2024-04-10,Facebook,CMP101,Australia,Melbourne,Tablet,Premium,Female,35-44
U09920,2024-05-04,Black Friday,CMP117,USA,Seattle,Mobile,Free,Female,35-44
U09921,2024-09-12,Organic,CMP106,Australia,Melbourne,Tablet,Free,Female,45-54
U09922,2024-05-08,Referral,CMP112,UK,Manchester,Desktop,Premium,Female,25-34
U09923,2024-07-22,Referral,CMP112,Australia,Melbourne,Mobile,Free,Female,18-24
U09924,2024-02-18,Referral,CMP107,India,Coimbatore,Mobile,Basic,Male,45-54
U09925,2024-01-07,Black Friday,CMP111,Australia,Melbourne,Desktop,Basic,Female,35-44
U09926,2024-02-23,Facebook,CMP103,UK,Manchester,Mobile,Free,Female,18-24
U09927,2024-06-05,Organic,CMP120,UK,Manchester,Mobile,Free,Male,25-34
U09928,2024-06-30,Organic,CMP109,Canada,Toronto,Mobile,Premium,Male,18-24
U09929,2024-12-09,Referral,CMP101,India,Coimbatore,Mobile,Premium,Female,35-44
U09930,2024-03-28,Referral,CMP104,Australia,Melbourne,Desktop,Basic,Male,18-24
U09931,2024-01-18,Black Friday,CMP113,Australia,Sydney,Desktop,Basic,Male,45-54
U09932,2024-03-14,Google Ads,CMP110,Germany,Munich,Desktop,Basic,Female,35-44
U09933,2024-10-09,Facebook,CMP116,USA,Austin,Tablet,Free,Female,35-44
U09934,2024-07-01,LinkedIn,CMP105,Canada,Toronto,Mobile,Basic,Male,18-24
U09935,2024-12-17,LinkedIn,CMP101,India,Chennai,Mobile,Basic,Female,45-54
U09936,2024-08-31,LinkedIn,CMP114,Germany,Berlin,Tablet,Free,Male,25-34
U09937,2024-10-23,LinkedIn,CMP108,Germany,Munich,Desktop,Basic,Female,35-44
U09938,2024-12-05,Referral,CMP110,Germany,Berlin,Mobile,Premium,Male,45-54
U09939,2024-07-14,Organic,CMP103,Germany,Munich,Mobile,Basic,Male,35-44
U09940,2024-04-01,Referral,CMP108,USA,Seattle,Desktop,Free,Male,45-54
U09941,2024-11-22,Google Ads,CMP115,Canada,Vancouver,Tablet,Free,Female,25-34
U09942,2024-09-01,Organic,CMP107,UK,London,Desktop,Premium,Female,25-34
U09943,2024-01-12,Organic,CMP107,Germany,Munich,Desktop,Premium,Female,35-44
U09944,2024-06-02,Black Friday,CMP102,Australia,Melbourne,Tablet,Basic,Female,25-34
U09945,2024-11-10,Facebook,CMP103,USA,New York,Mobile,Free,Female,35-44
U09946,2024-07-27,Google Ads,CMP118,Australia,Melbourne,Mobile,Basic,Female,45-54
U09947,2024-12-18,Black Friday,CMP101,USA,Austin,Desktop,Basic,Female,18-24
U09948,2024-12-30,Facebook,CMP101,UK,London,Desktop,Basic,Male,18-24
U09949,2024-07-28,Facebook,CMP112,India,Coimbatore,Tablet,Free,Female,45-54
U09950,2024-09-17,Black Friday,CMP103,Germany,Berlin,Mobile,Basic,Male,45-54
U09951,2024-12-28,Facebook,CMP116,USA,Austin,Tablet,Basic,Female,35-44
U09952,2024-03-18,LinkedIn,CMP112,Canada,Toronto,Tablet,Premium,Male,35-44
U09953,2024-05-25,Organic,CMP116,Germany,Munich,Desktop,Premium,Male,45-54
U09954,2024-09-26,LinkedIn,CMP110,Germany,Munich,Tablet,Premium,Female,18-24
U09955,2024-12-19,Organic,CMP114,UK,London,Mobile,Premium,Male,35-44
U09956,2024-05-25,Facebook,CMP118,USA,New York,Desktop,Premium,Male,18-24
U09957,2024-01-25,Black Friday,CMP116,Germany,Berlin,Tablet,Basic,Female,18-24
U09958,2024-05-06,Black Friday,CMP109,Australia,Melbourne,Mobile,Free,Male,45-54
U09959,2024-11-21,Facebook,CMP103,USA,Austin,Mobile,Basic,Female,25-34
U09960,2024-02-13,Referral,CMP104,USA,New York,Mobile,Free,Female,25-34
U09961,2024-09-26,Organic,CMP118,India,Chennai,Tablet,Basic,Female,25-34
U09962,2024-08-20,Organic,CMP106,UK,Manchester,Mobile,Free,Male,45-54
U09963,2024-11-19,LinkedIn,CMP109,Australia,Melbourne,Tablet,Premium,Female,18-24
U09964,2024-09-24,Black Friday,CMP109,Canada,Toronto,Mobile,Basic,Male,35-44
U09965,2024-10-01,LinkedIn,CMP117,Canada,Toronto,Tablet,Free,Male,25-34
U09966,2024-06-27,LinkedIn,CMP112,USA,Austin,Mobile,Free,Male,35-44
U09967,2024-04-06,Facebook,CMP117,Canada,Toronto,Mobile,Free,Male,35-44
U09968,2024-02-22,LinkedIn,CMP104,UK,Manchester,Mobile,Premium,Female,35-44
U09969,2024-07-28,Google Ads,CMP107,Germany,Berlin,Tablet,Basic,Female,18-24
U09970,2024-10-06,Black Friday,CMP102,UK,Manchester,Mobile,Free,Male,25-34
U09971,2024-11-30,Facebook,CMP103,Australia,Melbourne,Desktop,Free,Female,35-44
U09972,2024-08-24,Facebook,CMP118,Germany,Munich,Tablet,Premium,Female,35-44
U09973,2024-12-28,LinkedIn,CMP114,Australia,Sydney,Mobile,Basic,Male,35-44
U09974,2024-09-18,LinkedIn,CMP107,Germany,Munich,Mobile,Premium,Male,18-24
U09975,2024-12-27,LinkedIn,CMP113,Canada,Toronto,Desktop,Basic,Male,25-34
U09976,2024-08-03,Black Friday,CMP103,UK,Manchester,Mobile,Premium,Male,35-44
U09977,2024-07-04,Facebook,CMP112,India,Bengaluru,Tablet,Basic,Male,18-24
U09978,2024-10-04,Referral,CMP119,USA,Seattle,Mobile,Premium,Male,18-24
U09979,2024-02-25,Google Ads,CMP113,India,Chennai,Tablet,Premium,Male,18-24
U09980,2024-12-07,Referral,CMP119,India,Chennai,Desktop,Premium,Male,35-44
U09981,2024-10-14,Google Ads,CMP110,Canada,Toronto,Mobile,Premium,Male,45-54
U09982,2024-12-12,LinkedIn,CMP116,India,Chennai,Tablet,Basic,Male,45-54
U09983,2024-01-25,Facebook,CMP111,USA,New York,Tablet,Basic,Male,18-24
U09984,2024-03-28,Facebook,CMP113,UK,Manchester,Tablet,Free,Female,35-44
U09985,2024-04-02,Facebook,CMP116,USA,Austin,Tablet,Premium,Male,18-24
U09986,2024-06-07,Google Ads,CMP104,Australia,Melbourne,Desktop,Free,Male,25-34
U09987,2024-05-02,Organic,CMP107,USA,Seattle,Mobile,Free,Male,45-54
U09988,2024-11-21,Google Ads,CMP105,Canada,Vancouver,Desktop,Free,Male,35-44
U09989,2024-08-03,Organic,CMP120,India,Coimbatore,Mobile,Basic,Male,35-44
U09990,2024-09-08,LinkedIn,CMP105,UK,Manchester,Tablet,Premium,Male,25-34
U09991,2024-07-01,Google Ads,CMP103,UK,Manchester,Desktop,Basic,Female,18-24
U09992,2024-06-02,Referral,CMP107,Canada,Vancouver,Desktop,Free,Female,45-54
U09993,2024-02-20,Referral,CMP117,Germany,Berlin,Mobile,Basic,Female,18-24
U09994,2024-01-30,Black Friday,CMP114,Canada,Vancouver,Desktop,Basic,Male,45-54
U09995,2024-07-04,Organic,CMP105,India,Chennai,Desktop,Basic,Female,18-24
U09996,2024-06-01,LinkedIn,CMP115,India,Chennai,Desktop,Free,Male,18-24
U09997,2024-06-11,Google Ads,CMP111,UK,London,Mobile,Basic,Male,25-34
U09998,2024-12-29,Referral,CMP116,UK,London,Mobile,Premium,Male,18-24
U09999,2024-10-06,LinkedIn,CMP115,India,Bengaluru,Desktop,Premium,Female,18-24
U10000,2024-12-13,Google Ads,CMP117,Canada,Toronto,Mobile,Basic,Female,45-54