user_id,is_churned,churn_date,churn_reason
U00001,Yes,2025-07-21,Competition
U00002,Yes,2025-04-27,Features
U00003,Yes,2025-06-26,Price
U00004,Yes,2024-06-20,Inactive
U00005,Yes,2024-07-16,Competition
U00006,Yes,2024-10-31,Features
U00007,Yes,2025-01-25,Inactive
U00008,No,,
U00009,Yes,2025-04-24,Competition
U00010,Yes,2024-10-23,Features
U00011,Yes,2024-05-16,Features
U00012,Yes,2025-01-30,Features
U00013,Yes,2024-11-25,Competition
U00014,Yes,2024-02-24,Features
U00015,Yes,2024-08-13,Features
U00016,Yes,2025-05-23,Inactive
U00017,Yes,2025-07-10,Features
U00018,Yes,2024-09-08,Price
U00019,No,,
U00020,Yes,2024-11-04,Competition
U00021,Yes,2024-11-26,Inactive
U00022,Yes,2025-04-09,Price
U00023,Yes,2024-11-27,Inactive
U00024,Yes,2024-03-05,Features
U00025,Yes,2024-11-02,Features
U00026,Yes,2024-06-06,Inactive
U00027,Yes,2025-03-10,Features
U00028,Yes,2025-03-03,Competition
U00029,Yes,2024-10-23,Competition
U00030,Yes,2024-07-30,Price
U00031,Yes,2025-01-09,Features
U00032,Yes,2024-12-03,Price
U00033,Yes,2025-03-25,Features
U00034,Yes,2024-03-06,Competition
U00035,Yes,2024-12-13,Competition
U00036,Yes,2025-01-07,Price
U00037,Yes,2024-12-07,Competition
U00038,Yes,2025-02-13,Inactive
U00039,Yes,2025-06-08,Price
U00040,Yes,2024-06-07,Competition
U00041,Yes,2024-08-12,Inactive
U00042,Yes,2024-07-20,Price
U00043,Yes,2024-12-08,Features
U00044,Yes,2024-11-05,Price
U00045,Yes,2024-03-21,Price
U00046,Yes,2024-06-30,Competition
U00047,Yes,2025-04-07,Competition
U00048,Yes,2024-10-27,Inactive
U00049,Yes,2025-01-02,Features
U00050,Yes,2025-01-12,Price
U00051,Yes,2024-03-26,Competition
U00052,Yes,2025-06-19,Price
U00053,Yes,2024-09-07,Inactive
U00054,Yes,2024-11-15,Inactive
U00055,Yes,2024-12-04,Price
U00056,Yes,2025-04-05,Inactive
U00057,No,,
U00058,Yes,2025-06-17,Inactive
U00059,Yes,2024-12-07,Features
U00060,Yes,2024-10-29,Competition
U00061,Yes,2024-12-31,Competition
U00062,Yes,2025-04-10,Price
U00063,Yes,2025-01-08,Competition
U00064,No,,
U00065,Yes,2024-11-11,Features
U00066,Yes,2024-05-10,Inactive
U00067,Yes,2024-10-29,Competition
U00068,Yes,2025-06-13,Competition
U00069,Yes,2024-12-15,Features
U00070,Yes,2024-10-05,Inactive
U00071,No,,
U00072,Yes,2025-04-24,Features
U00073,Yes,2025-02-12,Inactive
U00074,Yes,2024-10-27,Inactive
U00075,Yes,2024-03-16,Price
U00076,Yes,2025-04-07,Inactive
U00077,Yes,2025-04-05,Competition
U00078,Yes,2025-03-20,Features
U00079,Yes,2025-03-22,Competition
U00080,Yes,2025-02-02,Price
U00081,No,,
U00082,Yes,2025-04-23,Price
U00083,Yes,2024-10-17,Features
U00084,Yes,2025-02-07,Price
U00085,Yes,2024-12-31,Inactive
U00086,Yes,2025-04-23,Price
U00087,Yes,2024-03-09,Competition
U00088,Yes,2025-02-26,Features
U00089,Yes,2025-05-24,Competition
U00090,Yes,2024-05-31,Price
U00091,Yes,2025-05-26,Competition
U00092,Yes,2024-11-27,Inactive
U00093,Yes,2025-01-22,Price
U00094,Yes,2024-12-31,Features
U00095,Yes,2024-08-23,Competition
U00096,No,,
U00097,Yes,2024-09-17,Features
U00098,Yes,2024-06-15,Competition
U00099,Yes,2024-07-19,Inactive
U00100,Yes,2024-06-27,Features
U00101,Yes,2024-12-16,Price
U00102,Yes,2024-07-15,Competition
U00103,Yes,2024-04-03,Price
U00104,Yes,2024-09-08,Price
U00105,Yes,2024-11-23,Price
U00106,Yes,2024-12-26,Competition
U00107,Yes,2024-05-16,Price
U00108,Yes,2024-10-15,Features
U00109,Yes,2024-08-13,Inactive
U00110,Yes,2024-10-28,Competition
U00111,Yes,2024-08-12,Features
U00112,Yes,2024-04-14,Inactive
U00113,Yes,2024-06-16,Competition
U00114,Yes,2025-02-14,Price
U00115,Yes,2024-08-14,Price
U00116,Yes,2024-07-23,Competition
U00117,Yes,2024-09-15,Features
U00118,Yes,2025-02-08,Competition
U00119,Yes,2024-12-08,Features
U00120,Yes,2024-03-19,Inactive
U00121,Yes,2024-03-08,Features
U00122,Yes,2025-02-13,Features
U00123,Yes,2025-04-15,Competition
U00124,No,,
U00125,Yes,2024-09-22,Features
U00126,Yes,2025-06-05,Inactive
U00127,Yes,2024-07-28,Features
U00128,Yes,2024-07-27,Inactive
U00129,No,,
U00130,Yes,2025-06-17,Price
U00131,Yes,2024-12-11,Price
U00132,Yes,2024-11-16,Features
U00133,Yes,2025-02-04,Features
U00134,Yes,2025-04-16,Competition
U00135,Yes,2024-06-15,Features
U00136,Yes,2025-02-18,Competition
U00137,No,,
U00138,Yes,2024-12-30,Competition
U00139,Yes,2025-09-18,Price
U00140,Yes,2025-03-27,Inactive
U00141,Yes,2024-08-09,Inactive
U00142,Yes,2024-10-15,Price
U00143,Yes,2024-12-31,Inactive
U00144,Yes,2025-04-12,Price
U00145,No,,
U00146,Yes,2024-09-22,Features
U00147,Yes,2024-09-26,Features
U00148,Yes,2025-02-23,Features
U00149,Yes,2024-02-08,Inactive
U00150,Yes,2025-01-28,Price
U00151,Yes,2025-03-03,Competition
U00152,Yes,2025-06-15,Competition
U00153,Yes,2024-05-04,Competition
U00154,Yes,2024-10-15,Competition
U00155,Yes,2024-10-18,Features
U00156,Yes,2024-10-05,Price
U00157,Yes,2024-06-15,Competition
U00158,No,,
U00159,Yes,2024-08-29,Inactive
U00160,Yes,2025-02-19,Price
U00161,Yes,2024-08-26,Competition
U00162,Yes,2024-08-12,Price
U00163,Yes,2025-03-15,Features
U00164,Yes,2024-11-27,Features
U00165,Yes,2024-09-13,Inactive
U00166,No,,
U00167,Yes,2024-07-19,Inactive
U00168,Yes,2024-04-23,Competition
U00169,Yes,2024-07-09,Features
U00170,Yes,2024-06-05,Price
U00171,Yes,2024-08-07,Competition
U00172,No,,
U00173,Yes,2025-01-08,Features
U00174,Yes,2024-10-05,Features
U00175,Yes,2024-08-26,Inactive
U00176,No,,
U00177,Yes,2025-06-12,Inactive
U00178,Yes,2024-07-03,Features
U00179,Yes,2024-08-06,Features
U00180,Yes,2025-09-06,Features
U00181,Yes,2024-12-18,Inactive
U00182,Yes,2024-09-19,Features
U00183,Yes,2025-02-22,Features
U00184,Yes,2025-02-17,Features
U00185,Yes,2024-08-23,Price
U00186,Yes,2025-02-02,Inactive
U00187,Yes,2025-01-11,Inactive
U00188,Yes,2025-06-14,Price
U00189,Yes,2024-05-08,Competition
U00190,No,,
U00191,Yes,2024-05-22,Inactive
U00192,Yes,2024-10-30,Features
U00193,Yes,2024-08-22,Features
U00194,No,,
U00195,No,,
U00196,Yes,2024-10-17,Price
U00197,Yes,2025-04-12,Competition
U00198,Yes,2024-04-10,Features
U00199,Yes,2024-12-11,Inactive
U00200,No,,
U00201,Yes,2024-04-26,Competition
U00202,Yes,2024-09-26,Inactive
U00203,No,,
U00204,Yes,2024-09-27,Price
U00205,Yes,2024-04-04,Competition
U00206,Yes,2025-06-23,Inactive
U00207,Yes,2024-06-01,Competition
U00208,Yes,2025-02-05,Price
U00209,Yes,2024-07-31,Competition
U00210,Yes,2025-02-09,Price
U00211,No,,
U00212,Yes,2024-05-22,Features
U00213,Yes,2025-04-18,Price
U00214,Yes,2025-03-23,Competition
U00215,Yes,2024-07-12,Price
U00216,Yes,2024-09-02,Inactive
U00217,Yes,2025-07-11,Price
U00218,Yes,2024-09-04,Price
U00219,No,,
U00220,Yes,2024-05-09,Inactive
U00221,No,,
U00222,Yes,2024-10-17,Price
U00223,Yes,2025-01-08,Inactive
U00224,Yes,2025-02-17,Price
U00225,Yes,2024-08-10,Features
U00226,Yes,2025-08-05,Competition
U00227,Yes,2024-12-21,Inactive
U00228,Yes,2025-04-20,Inactive
U00229,Yes,2025-01-15,Price
U00230,Yes,2024-10-24,Competition
U00231,Yes,2024-06-22,Competition
U00232,Yes,2025-03-17,Inactive
U00233,Yes,2025-03-18,Features
U00234,Yes,2024-10-11,Price
U00235,Yes,2024-04-06,Price
U00236,Yes,2024-08-14,Features
U00237,Yes,2024-06-06,Competition
U00238,Yes,2025-04-18,Inactive
U00239,Yes,2024-08-01,Inactive
U00240,Yes,2024-10-23,Price
U00241,Yes,2025-06-01,Features
U00242,Yes,2024-05-07,Features
U00243,No,,
U00244,Yes,2024-03-24,Features
U00245,Yes,2024-11-13,Inactive
U00246,Yes,2025-03-15,Inactive
U00247,Yes,2025-05-09,Inactive
U00248,Yes,2024-11-11,Features
U00249,Yes,2025-04-23,Price
U00250,Yes,2025-01-18,Inactive
U00251,Yes,2025-04-26,Price
U00252,Yes,2025-05-20,Features
U00253,Yes,2024-08-26,Features
U00254,Yes,2024-10-05,Competition
U00255,Yes,2025-05-18,Competition
U00256,Yes,2024-04-02,Features
U00257,Yes,2024-05-21,Inactive
U00258,Yes,2025-02-13,Features
U00259,No,,
U00260,Yes,2024-02-26,Price
U00261,Yes,2025-01-06,Price
U00262,No,,
U00263,Yes,2024-10-30,Inactive
U00264,Yes,2024-02-04,Competition
U00265,Yes,2024-05-08,Price
U00266,Yes,2025-04-26,Price
U00267,Yes,2024-04-29,Price
U00268,Yes,2025-04-07,Price
U00269,Yes,2025-06-10,Competition
U00270,Yes,2025-03-30,Competition
U00271,Yes,2024-08-19,Features
U00272,Yes,2025-09-06,Inactive
U00273,Yes,2025-01-24,Inactive
U00274,Yes,2025-05-25,Competition
U00275,Yes,2024-11-20,Inactive
U00276,No,,
U00277,Yes,2025-06-10,Competition
U00278,Yes,2024-12-22,Competition
U00279,No,,
U00280,Yes,2025-01-10,Inactive
U00281,Yes,2024-07-29,Price
U00282,Yes,2024-11-07,Competition
U00283,Yes,2025-02-19,Features
U00284,Yes,2025-04-09,Competition
U00285,Yes,2025-05-01,Inactive
U00286,Yes,2024-06-28,Competition
U00287,Yes,2024-11-21,Inactive
U00288,Yes,2024-08-01,Price
U00289,Yes,2024-04-24,Inactive
U00290,Yes,2024-12-29,Price
U00291,Yes,2025-06-21,Features
U00292,Yes,2024-06-03,Features
U00293,Yes,2024-02-26,Competition
U00294,Yes,2025-03-12,Price
U00295,Yes,2024-09-01,Features
U00296,Yes,2024-09-11,Competition
U00297,Yes,2024-04-20,Inactive
U00298,Yes,2025-01-13,Price
U00299,Yes,2024-09-15,Features
U00300,No,,
U00301,No,,
U00302,Yes,2024-11-04,Features
U00303,No,,
U00304,Yes,2025-01-02,Competition
U00305,Yes,2024-04-08,Features
U00306,Yes,2024-10-05,Features
U00307,No,,
U00308,Yes,2024-05-17,Competition
U00309,Yes,2024-05-12,Competition
U00310,Yes,2025-07-18,Price
U00311,No,,
U00312,Yes,2024-09-20,Price
U00313,Yes,2024-05-11,Inactive
U00314,Yes,2024-06-07,Competition
U00315,Yes,2025-01-06,Competition
U00316,No,,
U00317,Yes,2024-09-16,Features
U00318,Yes,2024-10-15,Competition
U00319,Yes,2024-10-10,Features
U00320,Yes,2024-03-07,Inactive
U00321,Yes,2025-09-12,Competition
U00322,Yes,2024-07-31,Features
U00323,No,,
U00324,Yes,2024-08-07,Inactive
U00325,Yes,2025-02-15,Inactive
U00326,Yes,2024-07-09,Price
U00327,Yes,2025-03-12,Features
U00328,Yes,2025-07-13,Inactive
U00329,Yes,2025-04-09,Features
U00330,Yes,2025-03-09,Inactive
U00331,Yes,2024-11-30,Features
U00332,No,,
U00333,Yes,2024-03-21,Competition
U00334,No,,
U00335,Yes,2024-09-28,Features
U00336,Yes,2024-06-14,Price
U00337,Yes,2024-09-01,Competition
U00338,Yes,2024-09-01,Features
U00339,Yes,2025-02-22,Competition
U00340,Yes,2024-04-14,Inactive
U00341,Yes,2025-02-24,Competition
U00342,Yes,2024-09-04,Price
U00343,Yes,2025-01-30,Price
U00344,No,,
U00345,Yes,2024-08-30,Features
U00346,No,,
U00347,Yes,2024-11-06,Inactive
U00348,Yes,2024-02-04,Features
U00349,Yes,2025-03-16,Inactive
U00350,No,,
U00351,Yes,2024-11-07,Competition
U00352,Yes,2024-09-12,Price
U00353,Yes,2024-08-14,Price
U00354,Yes,2025-01-26,Inactive
U00355,Yes,2024-05-15,Competition
U00356,Yes,2025-03-26,Inactive
U00357,Yes,2024-08-28,Competition
U00358,Yes,2025-01-01,Price
U00359,Yes,2025-02-06,Price
U00360,No,,
U00361,Yes,2024-03-03,Features
U00362,Yes,2024-08-23,Inactive
U00363,Yes,2024-07-22,Features
U00364,Yes,2024-03-31,Features
U00365,Yes,2025-01-03,Inactive
U00366,Yes,2024-09-06,Price
U00367,Yes,2025-02-27,Price
U00368,Yes,2024-11-02,Features
U00369,Yes,2024-08-20,Features
U00370,Yes,2025-02-25,Competition
U00371,Yes,2024-08-28,Features
U00372,No,,
U00373,Yes,2025-06-24,Features
U00374,Yes,2025-02-01,Features
U00375,Yes,2024-08-30,Competition
U00376,Yes,2024-11-30,Features
U00377,Yes,2024-09-04,Inactive
U00378,Yes,2024-09-20,Competition
U00379,Yes,2025-01-22,Features
U00380,Yes,2025-03-17,Inactive
U00381,Yes,2025-04-22,Competition
U00382,Yes,2024-11-18,Features
U00383,Yes,2024-11-02,Price
U00384,Yes,2024-12-06,Inactive
U00385,Yes,2024-06-18,Price
U00386,No,,
U00387,Yes,2024-11-16,Competition
U00388,Yes,2024-11-12,Inactive
U00389,Yes,2024-11-10,Competition
U00390,Yes,2025-01-12,Inactive
U00391,Yes,2024-10-25,Price
U00392,Yes,2024-12-08,Price
U00393,Yes,2025-01-04,Price
U00394,Yes,2024-12-17,Competition
U00395,Yes,2025-03-27,Features
U00396,Yes,2024-04-22,Price
U00397,Yes,2024-11-14,Price
U00398,Yes,2025-03-05,Price
U00399,No,,
U00400,Yes,2024-04-24,Inactive
U00401,Yes,2025-06-15,Competition
U00402,Yes,2024-07-19,Competition
U00403,Yes,2024-06-12,Price
U00404,Yes,2025-07-20,Competition
U00405,Yes,2024-09-22,Features
U00406,Yes,2024-12-26,Features
U00407,Yes,2024-09-23,Features
U00408,No,,
U00409,Yes,2025-03-27,Features
U00410,Yes,2024-05-10,Competition
U00411,Yes,2024-10-30,Features
U00412,Yes,2024-08-16,Price
U00413,Yes,2024-12-27,Features
U00414,Yes,2024-08-14,Inactive
U00415,Yes,2024-05-30,Competition
U00416,No,,
U00417,Yes,2024-11-07,Competition
U00418,Yes,2024-01-31,Features
U00419,Yes,2024-09-27,Inactive
U00420,Yes,2024-09-08,Price
U00421,Yes,2024-06-19,Competition
U00422,Yes,2025-05-05,Features
U00423,Yes,2024-10-27,Price
U00424,Yes,2025-05-08,Competition
U00425,Yes,2024-07-30,Inactive
U00426,Yes,2024-10-02,Price
U00427,Yes,2024-09-21,Inactive
U00428,Yes,2025-04-04,Competition
U00429,Yes,2024-09-27,Competition
U00430,Yes,2024-06-21,Inactive
U00431,No,,
U00432,Yes,2024-06-14,Price
U00433,Yes,2024-10-29,Competition
U00434,Yes,2024-05-27,Competition
U00435,No,,
U00436,Yes,2024-10-04,Inactive
U00437,Yes,2025-02-03,Competition
U00438,Yes,2024-11-10,Competition
U00439,Yes,2025-03-08,Price
U00440,Yes,2024-11-30,Inactive
U00441,Yes,2024-02-17,Price
U00442,Yes,2024-07-17,Inactive
U00443,Yes,2025-02-15,Competition
U00444,Yes,2024-11-10,Price
U00445,Yes,2024-06-26,Features
U00446,Yes,2025-01-29,Inactive
U00447,Yes,2024-08-26,Inactive
U00448,Yes,2024-06-24,Price
U00449,Yes,2024-09-20,Features
U00450,Yes,2024-07-16,Competition
U00451,Yes,2024-12-04,Price
U00452,Yes,2024-12-24,Inactive
U00453,No,,
U00454,Yes,2025-08-11,Features
U00455,No,,
U00456,Yes,2024-05-14,Inactive
U00457,Yes,2024-06-16,Competition
U00458,Yes,2025-02-25,Features
U00459,Yes,2024-09-03,Features
U00460,Yes,2025-02-23,Price
U00461,Yes,2025-02-14,Inactive
U00462,Yes,2025-01-08,Price
U00463,No,,
U00464,Yes,2024-07-11,Features
U00465,Yes,2024-05-23,Competition
U00466,Yes,2024-06-29,Features
U00467,No,,
U00468,Yes,2025-02-04,Competition
U00469,Yes,2024-09-28,Price
U00470,Yes,2024-12-23,Features
U00471,Yes,2024-12-07,Price
U00472,Yes,2025-10-16,Price
U00473,Yes,2025-01-10,Price
U00474,Yes,2024-12-12,Features
U00475,Yes,2025-01-26,Competition
U00476,No,,
U00477,Yes,2024-07-22,Price
U00478,Yes,2024-10-07,Competition
U00479,Yes,2024-06-17,Competition
U00480,Yes,2024-12-23,Inactive
U00481,Yes,2024-07-23,Inactive
U00482,Yes,2025-03-25,Features
U00483,Yes,2024-12-14,Features
U00484,Yes,2024-07-27,Competition
U00485,Yes,2025-05-25,Inactive
U00486,Yes,2025-01-14,Competition
U00487,Yes,2024-04-16,Features
U00488,No,,
U00489,Yes,2024-11-04,Competition
U00490,Yes,2025-04-28,Competition
U00491,Yes,2024-09-22,Inactive
U00492,Yes,2024-11-23,Competition
U00493,Yes,2024-07-01,Features
U00494,Yes,2024-10-06,Features
U00495,Yes,2025-06-24,Features
U00496,Yes,2025-06-02,Price
U00497,No,,
U00498,Yes,2024-08-06,Price
U00499,Yes,2024-09-23,Competition
U00500,Yes,2024-09-15,Inactive
U00501,Yes,2025-02-09,Competition
U00502,Yes,2024-07-23,Price
U00503,Yes,2024-12-17,Inactive
U00504,No,,
U00505,Yes,2024-12-06,Price
U00506,Yes,2024-07-22,Competition
U00507,Yes,2025-02-18,Competition
U00508,Yes,2024-11-25,Features
U00509,Yes,2025-01-01,Inactive
U00510,Yes,2024-11-19,Features
U00511,Yes,2025-04-29,Inactive
U00512,Yes,2025-02-08,Competition
U00513,Yes,2024-08-28,Competition
U00514,Yes,2024-05-06,Price
U00515,Yes,2024-06-15,Price
U00516,No,,
U00517,Yes,2024-11-27,Features
U00518,Yes,2025-04-07,Features
U00519,Yes,2025-04-26,Features
U00520,Yes,2024-05-30,Competition
U00521,Yes,2024-02-20,Price
U00522,No,,
U00523,No,,
U00524,Yes,2025-02-20,Inactive
U00525,Yes,2025-05-23,Price
U00526,Yes,2024-12-13,Inactive
U00527,Yes,2025-03-15,Price
U00528,Yes,2025-03-20,Inactive
U00529,Yes,2024-09-11,Features
U00530,Yes,2024-09-14,Inactive
U00531,Yes,2025-02-15,Features
U00532,Yes,2024-07-26,Features
U00533,Yes,2024-11-14,Features
U00534,Yes,2025-01-28,Features
U00535,Yes,2024-08-31,Inactive
U00536,Yes,2025-01-10,Features
U00537,Yes,2024-10-17,Competition
U00538,Yes,2025-01-08,Competition
U00539,Yes,2024-08-04,Competition
U00540,Yes,2024-06-03,Price
U00541,Yes,2025-06-24,Competition
U00542,Yes,2024-08-17,Price
U00543,Yes,2024-07-11,Competition
U00544,Yes,2024-07-10,Competition
U00545,Yes,2024-09-01,Price
U00546,Yes,2025-03-05,Price
U00547,Yes,2025-03-16,Competition
U00548,No,,
U00549,No,,
U00550,Yes,2024-11-02,Inactive
U00551,Yes,2024-05-01,Features
U00552,Yes,2024-05-28,Inactive
U00553,Yes,2025-03-14,Inactive
U00554,Yes,2024-07-13,Inactive
U00555,Yes,2025-09-22,Features
U00556,Yes,2024-08-24,Features
U00557,Yes,2024-05-27,Price
U00558,Yes,2025-05-03,Inactive
U00559,No,,
U00560,Yes,2024-05-22,Inactive
U00561,Yes,2024-11-24,Price
U00562,Yes,2024-06-12,Features
U00563,Yes,2024-12-03,Price
U00564,Yes,2025-01-16,Competition
U00565,Yes,2024-06-24,Features
U00566,Yes,2024-04-30,Price
U00567,Yes,2024-10-03,Price
U00568,Yes,2024-10-06,Inactive
U00569,Yes,2025-02-25,Competition
U00570,Yes,2024-05-29,Competition
U00571,Yes,2025-07-27,Competition
U00572,No,,
U00573,Yes,2025-03-30,Features
U00574,Yes,2024-12-08,Competition
U00575,Yes,2024-08-05,Features
U00576,Yes,2025-01-23,Price
U00577,Yes,2024-09-16,Inactive
U00578,Yes,2024-03-03,Features
U00579,Yes,2025-09-06,Price
U00580,Yes,2024-02-05,Price
U00581,Yes,2025-01-10,Features
U00582,Yes,2024-10-21,Competition
U00583,Yes,2025-01-11,Features
U00584,Yes,2024-09-19,Features
U00585,Yes,2025-07-11,Competition
U00586,No,,
U00587,Yes,2025-06-30,Inactive
U00588,Yes,2024-08-29,Competition
U00589,Yes,2024-10-14,Features
U00590,Yes,2024-11-27,Competition
U00591,No,,
U00592,Yes,2024-12-12,Competition
U00593,Yes,2024-12-03,Features
U00594,No,,
U00595,Yes,2025-01-29,Price
U00596,Yes,2024-07-30,Competition
U00597,Yes,2024-11-10,Price
U00598,Yes,2024-06-30,Inactive
U00599,Yes,2024-08-15,Inactive
U00600,Yes,2025-05-17,Features
U00601,Yes,2024-10-12,Inactive
U00602,Yes,2024-04-08,Competition
U00603,Yes,2024-10-20,Inactive
U00604,Yes,2025-07-14,Competition
U00605,No,,
U00606,No,,
U00607,No,,
U00608,Yes,2024-05-06,Inactive
U00609,Yes,2025-03-05,Competition
U00610,No,,
U00611,Yes,2024-06-16,Competition
U00612,Yes,2024-10-20,Features
U00613,Yes,2025-02-02,Price
U00614,Yes,2024-09-11,Features
U00615,Yes,2024-05-09,Inactive
U00616,No,,
U00617,Yes,2024-09-10,Competition
U00618,Yes,2025-01-25,Price
U00619,Yes,2025-01-30,Competition
U00620,Yes,2024-07-06,Competition
U00621,No,,
U00622,Yes,2025-02-25,Competition
U00623,Yes,2024-07-18,Inactive
U00624,Yes,2024-11-29,Competition
U00625,Yes,2024-06-28,Competition
U00626,Yes,2024-10-12,Price
U00627,Yes,2024-12-16,Competition
U00628,Yes,2024-04-02,Features
U00629,Yes,2024-11-21,Price
U00630,Yes,2024-12-17,Price
U00631,Yes,2025-04-29,Price
U00632,Yes,2024-07-06,Price
U00633,Yes,2024-11-23,Inactive
U00634,Yes,2024-10-12,Competition
U00635,Yes,2025-06-24,Price
U00636,Yes,2024-12-11,Price
U00637,Yes,2024-07-07,Price
U00638,Yes,2025-07-14,Price
U00639,Yes,2024-11-01,Features
U00640,Yes,2024-07-29,Inactive
U00641,No,,
U00642,Yes,2025-08-06,Features
U00643,Yes,2024-10-03,Inactive
U00644,No,,
U00645,Yes,2024-02-06,Price
U00646,Yes,2025-01-10,Inactive
U00647,Yes,2024-11-01,Price
U00648,Yes,2024-11-03,Competition
U00649,Yes,2025-01-21,Features
U00650,Yes,2024-12-14,Features
U00651,Yes,2024-09-28,Price
U00652,Yes,2025-07-05,Competition
U00653,Yes,2024-12-21,Features
U00654,Yes,2024-06-18,Price
U00655,Yes,2024-09-16,Features
U00656,Yes,2024-03-18,Price
U00657,Yes,2024-07-27,Price
U00658,Yes,2024-12-21,Competition
U00659,Yes,2024-06-25,Inactive
U00660,Yes,2025-04-01,Price
U00661,No,,
U00662,Yes,2024-10-08,Features
U00663,Yes,2025-03-06,Inactive
U00664,Yes,2024-10-03,Competition
U00665,Yes,2024-06-03,Competition
U00666,Yes,2025-02-07,Features
U00667,Yes,2024-11-02,Price
U00668,No,,
U00669,Yes,2024-08-02,Inactive
U00670,Yes,2025-06-14,Inactive
U00671,Yes,2024-11-05,Inactive
U00672,Yes,2024-10-09,Features
U00673,Yes,2024-05-12,Price
U00674,Yes,2024-09-15,Features
U00675,Yes,2024-08-12,Competition
U00676,Yes,2024-09-08,Features
U00677,Yes,2024-10-07,Features
U00678,Yes,2025-01-15,Price
U00679,Yes,2024-02-15,Competition
U00680,Yes,2024-08-13,Competition
U00681,Yes,2024-10-06,Price
U00682,Yes,2024-04-10,Features
U00683,Yes,2024-03-05,Competition
U00684,Yes,2024-12-27,Inactive
U00685,Yes,2024-09-01,Features
U00686,Yes,2024-06-27,Features
U00687,Yes,2025-03-30,Inactive
U00688,Yes,2024-07-07,Price
U00689,Yes,2024-06-13,Competition
U00690,Yes,2025-03-02,Features
U00691,Yes,2025-01-21,Features
U00692,Yes,2025-07-09,Price
U00693,Yes,2024-12-22,Competition
U00694,Yes,2025-02-24,Features
U00695,Yes,2024-08-29,Competition
U00696,Yes,2024-03-17,Competition
U00697,Yes,2024-03-14,Price
U00698,Yes,2024-11-23,Competition
U00699,Yes,2024-07-06,Price
U00700,Yes,2024-06-12,Price
U00701,Yes,2025-05-06,Competition
U00702,Yes,2025-07-31,Price
U00703,Yes,2025-02-28,Price
U00704,Yes,2024-12-10,Competition
U00705,Yes,2025-01-18,Price
U00706,Yes,2024-09-11,Inactive
U00707,Yes,2025-07-19,Price
U00708,Yes,2024-05-25,Price
U00709,No,,
U00710,Yes,2025-01-07,Features
U00711,Yes,2024-06-11,Inactive
U00712,Yes,2025-03-16,Competition
U00713,Yes,2024-07-03,Price
U00714,Yes,2024-09-19,Price
U00715,Yes,2025-04-09,Inactive
U00716,Yes,2024-10-23,Competition
U00717,Yes,2024-07-15,Price
U00718,Yes,2024-10-20,Price
U00719,Yes,2025-04-29,Competition
U00720,Yes,2025-08-07,Features
U00721,Yes,2024-07-26,Competition
U00722,Yes,2024-12-12,Competition
U00723,Yes,2024-05-13,Inactive
U00724,Yes,2024-10-24,Price
U00725,Yes,2024-12-25,Price
U00726,Yes,2025-06-21,Features
U00727,Yes,2025-06-07,Inactive
U00728,Yes,2025-01-10,Inactive
U00729,Yes,2024-08-25,Price
U00730,Yes,2024-05-14,Inactive
U00731,Yes,2024-09-17,Features
U00732,Yes,2024-08-07,Inactive
U00733,Yes,2025-05-22,Features
U00734,Yes,2024-05-28,Inactive
U00735,Yes,2024-10-13,Price
U00736,Yes,2025-03-22,Price
U00737,Yes,2024-04-24,Features
U00738,Yes,2024-12-28,Inactive
U00739,Yes,2024-06-15,Inactive
U00740,Yes,2025-09-01,Price
U00741,No,,
U00742,Yes,2024-12-13,Features
U00743,Yes,2025-01-03,Features
U00744,Yes,2024-05-15,Competition
U00745,No,,
U00746,Yes,2025-01-06,Price
U00747,Yes,2025-04-06,Price
U00748,Yes,2025-01-07,Inactive
U00749,Yes,2025-01-28,Competition
U00750,Yes,2024-11-05,Features
U00751,Yes,2025-06-20,Competition
U00752,Yes,2024-10-13,Inactive
U00753,Yes,2025-10-26,Price
U00754,Yes,2024-04-27,Features
U00755,Yes,2025-04-19,Inactive
U00756,Yes,2025-01-08,Features
U00757,Yes,2024-12-01,Features
U00758,Yes,2024-04-01,Price
U00759,Yes,2024-06-25,Competition
U00760,Yes,2024-10-17,Price
U00761,Yes,2024-09-06,Competition
U00762,Yes,2024-05-13,Features
U00763,Yes,2025-09-18,Features
U00764,No,,
U00765,Yes,2025-03-15,Features
U00766,Yes,2024-06-26,Inactive
U00767,Yes,2024-12-08,Competition
U00768,Yes,2025-04-21,Features
U00769,Yes,2025-04-05,Price
U00770,No,,
U00771,Yes,2024-12-13,Price
U00772,Yes,2024-07-13,Competition
U00773,Yes,2024-06-29,Inactive
U00774,Yes,2024-04-22,Price
U00775,No,,
U00776,Yes,2025-03-26,Price
U00777,Yes,2024-06-11,Features
U00778,Yes,2024-07-08,Competition
U00779,Yes,2025-04-23,Features
U00780,No,,
U00781,Yes,2025-03-16,Inactive
U00782,Yes,2025-06-27,Price
U00783,Yes,2024-10-13,Inactive
U00784,Yes,2024-05-13,Competition
U00785,Yes,2024-11-06,Price
U00786,No,,
U00787,No,,
U00788,Yes,2025-02-28,Competition
U00789,Yes,2024-05-28,Competition
U00790,Yes,2024-03-25,Price
U00791,Yes,2024-12-18,Features
U00792,Yes,2024-05-19,Price
U00793,Yes,2024-11-28,Price
U00794,Yes,2024-06-07,Features
U00795,Yes,2024-03-04,Inactive
U00796,Yes,2025-09-17,Inactive
U00797,Yes,2024-11-26,Inactive
U00798,Yes,2025-03-09,Features
U00799,Yes,2024-10-27,Price
U00800,Yes,2025-01-15,Competition
U00801,Yes,2024-11-10,Features
U00802,Yes,2024-09-09,Competition
U00803,Yes,2024-06-19,Price
U00804,Yes,2024-12-30,Inactive
U00805,Yes,2024-09-28,Competition
U00806,Yes,2024-03-28,Features
U00807,Yes,2025-05-19,Inactive
U00808,No,,
U00809,No,,
U00810,Yes,2024-04-14,Competition
U00811,Yes,2024-11-03,Price
U00812,Yes,2025-04-18,Inactive
U00813,Yes,2024-11-27,Inactive
U00814,Yes,2025-01-19,Competition
U00815,Yes,2024-02-08,Features
U00816,Yes,2024-10-24,Features
U00817,Yes,2025-01-16,Features
U00818,Yes,2025-06-21,Inactive
U00819,Yes,2024-10-20,Features
U00820,Yes,2025-01-02,Inactive
U00821,Yes,2024-09-18,Inactive
U00822,No,,
U00823,Yes,2024-11-22,Inactive
U00824,Yes,2024-12-13,Competition
U00825,Yes,2024-05-01,Inactive
U00826,Yes,2024-06-16,Competition
U00827,Yes,2024-07-26,Price
U00828,Yes,2024-12-22,Features
U00829,Yes,2025-02-27,Features
U00830,Yes,2024-04-27,Competition
U00831,Yes,2024-11-21,Features
U00832,Yes,2024-07-28,Price
U00833,Yes,2025-02-18,Competition
U00834,Yes,2025-05-21,Competition
U00835,No,,
U00836,Yes,2024-12-27,Price
U00837,Yes,2025-01-18,Price
U00838,Yes,2024-10-09,Inactive
U00839,Yes,2025-02-05,Inactive
U00840,Yes,2024-12-31,Inactive
U00841,Yes,2025-08-04,Competition
U00842,Yes,2024-06-24,Competition
U00843,No,,
U00844,Yes,2024-06-12,Features
U00845,Yes,2024-04-03,Price
U00846,Yes,2024-12-08,Inactive
U00847,Yes,2024-12-08,Features
U00848,Yes,2024-08-31,Price
U00849,Yes,2024-09-28,Inactive
U00850,Yes,2025-03-02,Inactive
U00851,Yes,2025-03-21,Price
U00852,Yes,2025-05-22,Price
U00853,Yes,2024-03-28,Features
U00854,Yes,2025-01-18,Price
U00855,Yes,2025-03-16,Competition
U00856,Yes,2024-03-07,Competition
U00857,Yes,2024-10-19,Inactive
U00858,Yes,2024-11-21,Competition
U00859,Yes,2024-09-08,Features
U00860,Yes,2024-08-28,Competition
U00861,Yes,2024-05-06,Inactive
U00862,Yes,2024-05-10,Price
U00863,Yes,2024-09-19,Price
U00864,Yes,2024-08-02,Competition
U00865,Yes,2024-09-27,Price
U00866,Yes,2025-02-20,Inactive
U00867,Yes,2024-06-19,Competition
U00868,Yes,2025-01-09,Features
U00869,Yes,2024-07-26,Inactive
U00870,Yes,2025-02-24,Competition
U00871,Yes,2024-07-24,Competition
U00872,Yes,2024-11-05,Features
U00873,Yes,2025-03-10,Inactive
U00874,Yes,2024-04-13,Inactive
U00875,Yes,2024-06-10,Features
U00876,Yes,2025-01-17,Price
U00877,Yes,2025-03-07,Competition
U00878,Yes,2024-09-05,Features
U00879,Yes,2024-11-11,Price
U00880,Yes,2024-12-01,Features
U00881,Yes,2025-02-07,Competition
U00882,Yes,2024-12-12,Features
U00883,Yes,2024-04-18,Competition
U00884,Yes,2024-09-07,Competition
U00885,Yes,2024-11-29,Features
U00886,Yes,2025-02-09,Price
U00887,Yes,2024-08-05,Price
U00888,Yes,2025-02-03,Features
U00889,Yes,2024-05-30,Competition
U00890,Yes,2024-07-21,Features
U00891,Yes,2024-07-15,Inactive
U00892,Yes,2024-12-11,Inactive
U00893,No,,
U00894,Yes,2024-10-10,Inactive
U00895,Yes,2024-11-19,Competition
U00896,Yes,2025-03-15,Inactive
U00897,Yes,2025-04-28,Inactive
U00898,Yes,2024-10-29,Price
U00899,No,,
U00900,Yes,2025-05-21,Features
U00901,Yes,2024-04-15,Competition
U00902,Yes,2025-02-25,Price
U00903,No,,
U00904,Yes,2025-07-10,Features
U00905,Yes,2024-07-11,Inactive
U00906,Yes,2024-06-27,Price
U00907,Yes,2024-08-21,Inactive
U00908,Yes,2024-12-10,Competition
U00909,Yes,2024-09-03,Features
U00910,Yes,2025-02-04,Features
U00911,Yes,2025-01-28,Competition
U00912,Yes,2024-03-11,Competition
U00913,Yes,2025-01-07,Inactive
U00914,Yes,2024-02-04,Features
U00915,Yes,2024-11-10,Inactive
U00916,Yes,2024-08-29,Inactive
U00917,Yes,2024-12-26,Features
U00918,Yes,2025-02-22,Competition
U00919,Yes,2024-11-06,Features
U00920,Yes,2025-03-09,Competition
U00921,Yes,2024-09-08,Inactive
U00922,No,,
U00923,Yes,2025-02-23,Competition
U00924,Yes,2024-04-15,Features
U00925,Yes,2025-05-09,Competition
U00926,Yes,2024-09-12,Price
U00927,Yes,2024-12-28,Competition
U00928,Yes,2024-08-07,Features
U00929,Yes,2025-04-19,Competition
U00930,Yes,2024-05-18,Price
U00931,Yes,2024-04-02,Competition
U00932,Yes,2025-01-11,Competition
U00933,Yes,2025-03-25,Competition
U00934,Yes,2024-05-29,Competition
U00935,Yes,2024-06-23,Inactive
U00936,Yes,2024-12-13,Inactive
U00937,Yes,2024-06-02,Inactive
U00938,Yes,2024-10-10,Inactive
U00939,Yes,2024-10-24,Competition
U00940,Yes,2024-04-26,Inactive
U00941,Yes,2024-08-07,Features
U00942,Yes,2024-08-09,Competition
U00943,Yes,2024-09-19,Price
U00944,Yes,2025-01-16,Price
U00945,Yes,2025-01-05,Inactive
U00946,Yes,2024-06-14,Competition
U00947,Yes,2024-08-30,Features
U00948,Yes,2025-02-16,Competition
U00949,Yes,2024-12-02,Features
U00950,Yes,2025-03-18,Competition
U00951,Yes,2025-04-24,Competition
U00952,Yes,2025-03-23,Competition
U00953,Yes,2025-06-15,Price
U00954,Yes,2024-06-09,Competition
U00955,Yes,2024-12-29,Inactive
U00956,Yes,2025-03-09,Features
U00957,Yes,2025-02-03,Competition
U00958,Yes,2024-12-25,Inactive
U00959,No,,
U00960,Yes,2024-05-07,Features
U00961,Yes,2024-12-09,Features
U00962,Yes,2024-09-03,Competition
U00963,Yes,2024-11-27,Price
U00964,Yes,2025-04-15,Price
U00965,Yes,2024-11-05,Inactive
U00966,Yes,2024-11-02,Inactive
U00967,Yes,2024-05-29,Features
U00968,Yes,2025-03-23,Competition
U00969,Yes,2025-02-02,Features
U00970,Yes,2025-06-08,Price
U00971,Yes,2025-03-19,Price
U00972,Yes,2024-09-18,Features
U00973,No,,
U00974,Yes,2025-03-06,Competition
U00975,Yes,2025-02-18,Inactive
U00976,Yes,2025-01-09,Inactive
U00977,Yes,2025-03-18,Competition
U00978,Yes,2024-07-19,Price
U00979,Yes,2024-11-28,Inactive
U00980,Yes,2024-08-14,Price
U00981,Yes,2025-02-25,Features
U00982,Yes,2024-12-11,Features
U00983,No,,
U00984,Yes,2025-06-17,Competition
U00985,Yes,2025-03-22,Inactive
U00986,Yes,2025-09-21,Competition
U00987,Yes,2024-06-10,Features
U00988,Yes,2024-06-18,Competition
U00989,Yes,2024-10-11,Features
U00990,Yes,2024-06-29,Features
U00991,Yes,2024-08-30,Features
U00992,Yes,2024-09-30,Inactive
U00993,Yes,2024-12-13,Inactive
U00994,Yes,2025-01-25,Price
U00995,Yes,2024-04-09,Price
U00996,Yes,2025-05-24,Inactive
U00997,Yes,2024-05-13,Competition
U00998,Yes,2025-03-19,Price
U00999,Yes,2024-04-01,Features
U01000,Yes,2025-03-02,Inactive
U01001,Yes,2024-02-24,Features
U01002,Yes,2024-12-06,Price
U01003,Yes,2024-09-19,Price
U01004,Yes,2025-01-06,Price
U01005,Yes,2024-08-27,Competition
U01006,Yes,2024-12-20,Features
U01007,Yes,2024-07-07,Price
U01008,Yes,2025-01-12,Price
U01009,Yes,2025-08-24,Inactive
U01010,Yes,2024-08-09,Inactive
U01011,Yes,2024-06-10,Price
U01012,Yes,2024-11-06,Features
U01013,Yes,2024-05-02,Price
U01014,Yes,2024-09-28,Inactive
U01015,Yes,2025-03-08,Competition
U01016,Yes,2025-01-08,Features
U01017,Yes,2025-04-12,Competition
U01018,Yes,2024-11-16,Competition
U01019,Yes,2024-12-01,Inactive
U01020,Yes,2024-01-31,Competition
U01021,No,,
U01022,Yes,2024-04-15,Price
U01023,Yes,2024-07-16,Inactive
U01024,Yes,2025-01-30,Features
U01025,Yes,2025-09-16,Features
U01026,No,,
U01027,Yes,2025-01-08,Inactive
U01028,Yes,2024-06-29,Price
U01029,Yes,2025-03-19,Features
U01030,Yes,2024-05-29,Competition
U01031,Yes,2024-06-09,Inactive
U01032,Yes,2025-01-07,Features
U01033,Yes,2025-09-23,Competition
U01034,Yes,2024-09-05,Inactive
U01035,No,,
U01036,Yes,2025-03-14,Inactive
U01037,Yes,2024-12-18,Features
U01038,Yes,2024-04-11,Inactive
U01039,Yes,2024-09-15,Price
U01040,Yes,2024-10-05,Price
U01041,Yes,2024-04-07,Features
U01042,Yes,2024-03-02,Competition
U01043,Yes,2024-09-25,Features
U01044,Yes,2024-10-27,Competition
U01045,Yes,2025-03-12,Inactive
U01046,Yes,2025-06-18,Competition
U01047,Yes,2025-03-19,Features
U01048,Yes,2024-09-02,Features
U01049,No,,
U01050,Yes,2024-08-06,Competition
U01051,Yes,2024-10-16,Inactive
U01052,No,,
U01053,Yes,2025-10-07,Inactive
U01054,No,,
U01055,No,,
U01056,Yes,2024-02-05,Price
U01057,Yes,2024-05-09,Price
U01058,Yes,2025-01-24,Price
U01059,Yes,2024-03-12,Inactive
U01060,Yes,2025-04-18,Inactive
U01061,Yes,2025-01-29,Competition
U01062,No,,
U01063,Yes,2024-05-16,Competition
U01064,Yes,2024-03-12,Competition
U01065,Yes,2025-06-09,Inactive
U01066,Yes,2024-11-28,Competition
U01067,Yes,2024-09-27,Inactive
U01068,Yes,2024-06-09,Inactive
U01069,Yes,2024-11-24,Competition
U01070,Yes,2025-05-06,Features
U01071,Yes,2024-10-13,Price
U01072,Yes,2024-11-22,Competition
U01073,No,,
U01074,Yes,2025-02-25,Inactive
U01075,Yes,2024-10-23,Price
U01076,Yes,2024-05-26,Features
U01077,Yes,2024-09-21,Inactive
U01078,Yes,2024-11-16,Inactive
U01079,Yes,2024-11-11,Inactive
U01080,Yes,2024-08-14,Inactive
U01081,Yes,2025-04-10,Price
U01082,Yes,2024-12-14,Competition
U01083,No,,
U01084,Yes,2024-09-12,Competition
U01085,No,,
U01086,No,,
U01087,Yes,2025-01-04,Inactive
U01088,Yes,2024-06-12,Inactive
U01089,Yes,2025-01-16,Competition
U01090,Yes,2024-07-26,Competition
U01091,Yes,2024-09-28,Competition
U01092,Yes,2024-11-17,Inactive
U01093,Yes,2025-05-22,Features
U01094,Yes,2024-04-09,Competition
U01095,Yes,2024-12-15,Features
U01096,Yes,2024-10-22,Features
U01097,No,,
U01098,Yes,2024-09-11,Price
U01099,Yes,2024-07-29,Price
U01100,Yes,2024-06-17,Price
U01101,Yes,2025-04-21,Features
U01102,Yes,2025-01-18,Inactive
U01103,Yes,2024-12-07,Price
U01104,Yes,2024-06-07,Competition
U01105,Yes,2024-06-21,Inactive
U01106,No,,
U01107,Yes,2024-05-28,Inactive
U01108,Yes,2024-05-03,Inactive
U01109,Yes,2024-08-02,Price
U01110,Yes,2025-01-12,Competition
U01111,Yes,2024-06-03,Price
U01112,Yes,2024-06-28,Features
U01113,Yes,2025-06-11,Price
U01114,Yes,2024-09-09,Competition
U01115,Yes,2024-05-08,Price
U01116,Yes,2024-11-15,Inactive
U01117,Yes,2024-12-22,Features
U01118,Yes,2024-11-22,Features
U01119,Yes,2024-10-16,Price
U01120,No,,
U01121,Yes,2024-06-18,Features
U01122,Yes,2025-04-01,Competition
U01123,Yes,2024-08-10,Price
U01124,Yes,2024-10-11,Price
U01125,Yes,2025-01-15,Features
U01126,Yes,2025-04-11,Price
U01127,Yes,2024-11-12,Competition
U01128,Yes,2024-12-15,Competition
U01129,Yes,2025-07-20,Inactive
U01130,Yes,2024-04-17,Inactive
U01131,Yes,2024-08-08,Features
U01132,Yes,2025-06-23,Price
U01133,Yes,2024-11-04,Features
U01134,Yes,2024-04-25,Price
U01135,Yes,2025-01-22,Price
U01136,Yes,2025-01-23,Competition
U01137,Yes,2025-06-24,Competition
U01138,Yes,2024-12-31,Competition
U01139,Yes,2025-06-19,Inactive
U01140,Yes,2024-08-23,Competition
U01141,No,,
U01142,Yes,2025-05-03,Price
U01143,Yes,2024-11-05,Competition
U01144,Yes,2025-06-06,Features
U01145,Yes,2024-03-14,Inactive
U01146,Yes,2025-04-11,Competition
U01147,Yes,2024-03-09,Competition
U01148,Yes,2025-03-20,Inactive
U01149,No,,
U01150,Yes,2025-02-08,Inactive
U01151,Yes,2024-09-15,Inactive
U01152,Yes,2024-07-16,Features
U01153,No,,
U01154,Yes,2025-03-25,Inactive
U01155,Yes,2024-09-25,Inactive
U01156,Yes,2024-11-19,Features
U01157,Yes,2024-04-01,Features
U01158,Yes,2024-11-22,Competition
U01159,Yes,2024-10-08,Price
U01160,Yes,2024-05-14,Inactive
U01161,No,,
U01162,Yes,2024-08-18,Price
U01163,Yes,2025-08-02,Competition
U01164,Yes,2024-11-02,Inactive
U01165,Yes,2025-01-21,Competition
U01166,Yes,2025-06-27,Price
U01167,Yes,2024-11-10,Price
U01168,Yes,2025-01-12,Features
U01169,Yes,2024-11-28,Inactive
U01170,Yes,2024-12-17,Competition
U01171,Yes,2025-04-29,Price
U01172,Yes,2025-05-27,Price
U01173,Yes,2024-04-02,Price
U01174,No,,
U01175,Yes,2025-02-16,Features
U01176,Yes,2025-01-23,Inactive
U01177,Yes,2025-02-10,Inactive
U01178,Yes,2024-06-01,Inactive
U01179,No,,
U01180,Yes,2025-06-30,Price
U01181,Yes,2025-03-21,Price
U01182,Yes,2025-02-03,Price
U01183,Yes,2025-06-02,Competition
U01184,Yes,2025-05-06,Inactive
U01185,Yes,2025-01-11,Price
U01186,No,,
U01187,Yes,2024-09-11,Competition
U01188,Yes,2024-03-04,Price
U01189,Yes,2024-09-17,Price
U01190,Yes,2025-07-23,Features
U01191,Yes,2025-03-08,Price
U01192,Yes,2024-10-23,Features
U01193,No,,
U01194,Yes,2025-04-22,Price
U01195,Yes,2024-12-27,Inactive
U01196,Yes,2025-02-19,Price
U01197,Yes,2024-11-28,Inactive
U01198,Yes,2024-07-04,Inactive
U01199,Yes,2024-09-04,Price
U01200,Yes,2025-05-03,Price
U01201,Yes,2024-04-29,Competition
U01202,Yes,2024-09-11,Price
U01203,Yes,2024-08-01,Competition
U01204,Yes,2024-08-04,Features
U01205,Yes,2024-04-03,Price
U01206,No,,
U01207,Yes,2025-02-24,Inactive
U01208,Yes,2024-08-23,Inactive
U01209,Yes,2024-08-23,Competition
U01210,Yes,2024-09-30,Competition
U01211,Yes,2024-10-02,Competition
U01212,Yes,2024-05-30,Features
U01213,Yes,2025-03-20,Competition
U01214,Yes,2024-08-17,Inactive
U01215,Yes,2024-12-31,Inactive
U01216,Yes,2024-09-06,Features
U01217,Yes,2024-04-28,Competition
U01218,Yes,2024-06-05,Competition
U01219,No,,
U01220,Yes,2024-08-12,Features
U01221,Yes,2024-05-01,Price
U01222,Yes,2024-07-28,Features
U01223,Yes,2024-11-22,Inactive
U01224,Yes,2025-01-05,Price
U01225,Yes,2025-09-04,Inactive
U01226,No,,
U01227,Yes,2024-04-21,Competition
U01228,Yes,2025-04-04,Competition
U01229,Yes,2025-01-30,Features
U01230,Yes,2025-02-13,Price
U01231,Yes,2024-04-25,Price
U01232,Yes,2024-09-20,Price
U01233,No,,
U01234,Yes,2025-05-17,Competition
U01235,Yes,2024-11-08,Features
U01236,Yes,2024-12-23,Competition
U01237,No,,
U01238,Yes,2025-03-27,Inactive
U01239,Yes,2025-04-15,Competition
U01240,Yes,2024-11-01,Competition
U01241,No,,
U01242,Yes,2024-09-05,Inactive
U01243,Yes,2024-11-02,Competition
U01244,No,,
U01245,Yes,2024-11-18,Competition
U01246,Yes,2025-06-10,Features
U01247,Yes,2024-06-16,Competition
U01248,Yes,2025-02-07,Competition
U01249,Yes,2024-05-19,Competition
U01250,Yes,2024-02-22,Price
U01251,Yes,2024-08-22,Price
U01252,Yes,2025-07-14,Price
U01253,No,,
U01254,Yes,2025-01-04,Inactive
U01255,No,,
U01256,Yes,2025-06-02,Price
U01257,No,,
U01258,Yes,2024-04-14,Price
U01259,Yes,2024-10-04,Price
U01260,Yes,2024-09-01,Inactive
U01261,Yes,2024-07-11,Price
U01262,No,,
U01263,Yes,2024-07-27,Inactive
U01264,Yes,2025-03-13,Competition
U01265,No,,
U01266,Yes,2025-02-28,Inactive
U01267,No,,
U01268,Yes,2024-10-27,Inactive
U01269,Yes,2024-03-27,Inactive
U01270,Yes,2025-06-16,Competition
U01271,Yes,2024-09-03,Price
U01272,Yes,2024-12-12,Price
U01273,Yes,2025-02-28,Inactive
U01274,No,,
U01275,Yes,2024-07-01,Features
U01276,Yes,2024-08-04,Price
U01277,Yes,2024-05-23,Features
U01278,Yes,2025-06-10,Inactive
U01279,Yes,2024-08-26,Features
U01280,Yes,2025-03-26,Features
U01281,Yes,2024-05-28,Price
U01282,Yes,2024-04-07,Competition
U01283,Yes,2024-05-16,Price
U01284,Yes,2024-02-07,Price
U01285,Yes,2024-10-23,Price
U01286,Yes,2024-05-06,Competition
U01287,Yes,2024-05-03,Price
U01288,Yes,2024-09-12,Inactive
U01289,No,,
U01290,Yes,2024-03-24,Features
U01291,Yes,2025-08-05,Competition
U01292,Yes,2025-01-08,Price
U01293,Yes,2024-05-03,Price
U01294,Yes,2024-08-20,Inactive
U01295,Yes,2024-12-16,Features
U01296,Yes,2024-03-28,Price
U01297,Yes,2025-01-07,Price
U01298,Yes,2025-05-23,Inactive
U01299,Yes,2024-10-29,Features
U01300,Yes,2024-08-29,Features
U01301,Yes,2025-02-05,Price
U01302,No,,
U01303,No,,
U01304,Yes,2024-07-20,Price
U01305,Yes,2024-06-16,Price
U01306,Yes,2025-02-01,Features
U01307,Yes,2025-07-31,Inactive
U01308,Yes,2024-07-29,Competition
U01309,Yes,2025-03-25,Features
U01310,Yes,2024-10-20,Competition
U01311,No,,
U01312,Yes,2024-11-29,Features
U01313,Yes,2024-09-14,Inactive
U01314,Yes,2024-09-13,Competition
U01315,Yes,2024-10-24,Price
U01316,Yes,2025-05-20,Price
U01317,Yes,2025-03-24,Inactive
U01318,Yes,2025-02-07,Competition
U01319,Yes,2024-12-17,Price
U01320,No,,
U01321,Yes,2024-07-08,Inactive
U01322,Yes,2024-06-12,Competition
U01323,Yes,2024-06-11,Competition
U01324,Yes,2024-12-16,Features
U01325,Yes,2025-03-17,Inactive
U01326,Yes,2024-05-31,Competition
U01327,Yes,2025-04-09,Competition
U01328,Yes,2024-09-05,Price
U01329,Yes,2025-01-01,Inactive
U01330,Yes,2024-10-14,Competition
U01331,Yes,2024-12-09,Features
U01332,Yes,2024-08-19,Inactive
U01333,Yes,2025-01-13,Price
U01334,Yes,2024-10-09,Inactive
U01335,Yes,2024-11-26,Competition
U01336,Yes,2025-05-10,Price
U01337,Yes,2024-07-13,Features
U01338,Yes,2024-11-24,Inactive
U01339,Yes,2024-03-23,Price
U01340,Yes,2024-07-11,Features
U01341,Yes,2024-11-01,Competition
U01342,Yes,2025-04-20,Inactive
U01343,Yes,2024-08-05,Price
U01344,Yes,2024-12-26,Features
U01345,Yes,2025-06-08,Inactive
U01346,Yes,2025-02-22,Features
U01347,Yes,2024-07-10,Competition
U01348,Yes,2024-11-01,Inactive
U01349,Yes,2024-09-05,Price
U01350,Yes,2024-12-24,Price
U01351,Yes,2025-02-06,Competition
U01352,Yes,2024-11-10,Features
U01353,Yes,2025-05-10,Competition
U01354,Yes,2024-09-15,Features
U01355,Yes,2024-12-20,Competition
U01356,No,,
U01357,Yes,2024-05-06,Inactive
U01358,Yes,2024-12-22,Competition
U01359,Yes,2024-12-10,Competition
U01360,Yes,2024-08-29,Inactive
U01361,Yes,2024-10-12,Price
U01362,Yes,2024-08-28,Competition
U01363,Yes,2024-05-25,Price
U01364,Yes,2024-12-20,Inactive
U01365,Yes,2024-11-17,Inactive
U01366,Yes,2024-12-22,Features
U01367,Yes,2025-06-11,Features
U01368,No,,
U01369,Yes,2024-09-06,Price
U01370,Yes,2025-01-27,Price
U01371,Yes,2024-12-16,Features
U01372,Yes,2024-08-19,Price
U01373,Yes,2024-10-21,Features
U01374,Yes,2025-01-13,Price
U01375,Yes,2025-01-09,Price
U01376,Yes,2024-06-14,Features
U01377,Yes,2024-11-11,Price
U01378,Yes,2024-10-04,Competition
U01379,Yes,2024-10-19,Competition
U01380,Yes,2025-09-10,Price
U01381,Yes,2025-01-04,Features
U01382,Yes,2025-05-28,Competition
U01383,Yes,2024-12-21,Features
U01384,Yes,2024-11-14,Features
U01385,Yes,2024-03-17,Inactive
U01386,Yes,2024-07-03,Inactive
U01387,Yes,2024-07-07,Price
U01388,Yes,2024-11-16,Competition
U01389,Yes,2024-10-26,Inactive
U01390,Yes,2024-09-02,Competition
U01391,Yes,2024-10-01,Features
U01392,No,,
U01393,Yes,2024-10-25,Features
U01394,Yes,2025-06-17,Price
U01395,Yes,2024-06-08,Features
U01396,Yes,2025-04-14,Inactive
U01397,Yes,2024-06-05,Inactive
U01398,Yes,2024-06-01,Price
U01399,No,,
U01400,Yes,2025-05-31,Inactive
U01401,Yes,2024-12-31,Price
U01402,Yes,2024-08-15,Inactive
U01403,Yes,2024-09-21,Inactive
U01404,Yes,2024-04-21,Price
U01405,Yes,2024-12-12,Competition
U01406,Yes,2024-07-29,Competition
U01407,Yes,2025-05-02,Features
U01408,Yes,2024-12-02,Price
U01409,Yes,2024-06-22,Features
U01410,Yes,2025-07-11,Price
U01411,Yes,2024-05-02,Price
U01412,Yes,2025-04-06,Inactive
U01413,Yes,2024-06-07,Inactive
U01414,Yes,2025-03-13,Inactive
U01415,Yes,2025-02-22,Features
U01416,Yes,2024-10-25,Competition
U01417,Yes,2024-08-14,Price
U01418,Yes,2024-09-11,Price
U01419,Yes,2024-06-20,Inactive
U01420,Yes,2024-11-20,Price
U01421,Yes,2025-02-27,Competition
U01422,Yes,2025-04-23,Competition
U01423,Yes,2024-09-18,Competition
U01424,Yes,2025-06-06,Inactive
U01425,Yes,2024-12-02,Competition
U01426,Yes,2024-03-19,Competition
U01427,No,,
U01428,Yes,2024-02-26,Features
U01429,Yes,2024-09-11,Features
U01430,Yes,2025-01-26,Competition
U01431,Yes,2024-06-06,Inactive
U01432,Yes,2024-07-09,Competition
U01433,Yes,2025-04-01,Competition
U01434,Yes,2025-02-25,Price
U01435,Yes,2025-03-30,Price
U01436,Yes,2024-08-25,Competition
U01437,No,,
U01438,No,,
U01439,Yes,2025-02-16,Inactive
U01440,Yes,2024-06-08,Competition
U01441,Yes,2025-01-02,Price
U01442,Yes,2025-10-03,Inactive
U01443,Yes,2024-09-26,Inactive
U01444,Yes,2024-11-19,Inactive
U01445,Yes,2024-06-06,Features
U01446,Yes,2025-02-16,Features
U01447,Yes,2024-08-01,Inactive
U01448,No,,
U01449,Yes,2024-09-26,Price
U01450,Yes,2024-10-18,Competition
U01451,Yes,2024-10-26,Features
U01452,Yes,2024-12-17,Price
U01453,No,,
U01454,Yes,2024-06-26,Inactive
U01455,Yes,2024-08-04,Competition
U01456,Yes,2024-08-26,Inactive
U01457,Yes,2024-04-22,Price
U01458,Yes,2025-01-16,Competition
U01459,Yes,2024-09-12,Inactive
U01460,Yes,2025-01-25,Price
U01461,Yes,2024-07-16,Competition
U01462,Yes,2025-02-17,Price
U01463,No,,
U01464,Yes,2025-03-15,Features
U01465,Yes,2025-03-06,Features
U01466,Yes,2024-11-14,Price
U01467,Yes,2024-08-23,Competition
U01468,Yes,2024-02-17,Features
U01469,Yes,2024-07-30,Competition
U01470,Yes,2024-09-19,Inactive
U01471,Yes,2024-12-15,Features
U01472,Yes,2024-12-27,Features
U01473,Yes,2025-01-09,Features
U01474,Yes,2024-07-23,Features
U01475,Yes,2024-12-11,Features
U01476,Yes,2024-10-22,Competition
U01477,Yes,2025-01-25,Features
U01478,No,,
U01479,Yes,2025-01-01,Features
U01480,Yes,2024-10-11,Competition
U01481,Yes,2024-10-23,Inactive
U01482,No,,
U01483,Yes,2025-03-13,Features
U01484,No,,
U01485,Yes,2025-03-01,Features
U01486,Yes,2024-08-15,Inactive
U01487,No,,
U01488,Yes,2025-10-14,Competition
U01489,Yes,2024-10-30,Inactive
U01490,Yes,2024-07-30,Competition
U01491,Yes,2025-01-04,Price
U01492,Yes,2025-03-22,Inactive
U01493,Yes,2024-07-13,Inactive
U01494,Yes,2025-05-10,Competition
U01495,Yes,2024-08-15,Features
U01496,No,,
U01497,Yes,2024-05-06,Features
U01498,Yes,2024-12-09,Inactive
U01499,Yes,2025-05-29,Inactive
U01500,Yes,2024-09-17,Inactive
U01501,Yes,2025-03-04,Price
U01502,No,,
U01503,Yes,2024-04-09,Features
U01504,Yes,2025-02-25,Competition
U01505,Yes,2024-08-18,Inactive
U01506,Yes,2024-08-27,Inactive
U01507,Yes,2025-01-24,Price
U01508,Yes,2025-01-04,Features
U01509,Yes,2024-10-15,Features
U01510,No,,
U01511,Yes,2024-06-11,Features
U01512,No,,
U01513,Yes,2024-10-14,Inactive
U01514,Yes,2024-12-10,Price
U01515,Yes,2024-12-31,Features
U01516,Yes,2024-06-27,Features
U01517,Yes,2025-01-05,Price
U01518,Yes,2025-03-23,Competition
U01519,Yes,2025-01-20,Price
U01520,Yes,2024-12-24,Price
U01521,Yes,2024-08-02,Inactive
U01522,Yes,2024-05-18,Features
U01523,Yes,2024-07-25,Features
U01524,Yes,2025-07-13,Price
U01525,Yes,2024-08-18,Competition
U01526,No,,
U01527,Yes,2025-01-15,Inactive
U01528,Yes,2024-04-09,Competition
U01529,Yes,2024-08-02,Price
U01530,Yes,2024-07-08,Inactive
U01531,Yes,2025-06-28,Price
U01532,Yes,2025-01-10,Competition
U01533,Yes,2024-11-03,Price
U01534,Yes,2024-06-09,Inactive
U01535,Yes,2024-08-16,Inactive
U01536,Yes,2025-01-23,Price
U01537,Yes,2025-05-26,Competition
U01538,Yes,2024-09-06,Features
U01539,Yes,2025-01-29,Competition
U01540,Yes,2025-04-03,Competition
U01541,Yes,2024-11-26,Inactive
U01542,Yes,2024-04-03,Inactive
U01543,Yes,2024-02-22,Features
U01544,Yes,2024-11-16,Inactive
U01545,Yes,2024-08-13,Inactive
U01546,Yes,2024-05-26,Inactive
U01547,Yes,2025-03-14,Competition
U01548,Yes,2024-07-21,Features
U01549,Yes,2024-09-27,Price
U01550,Yes,2024-08-26,Inactive
U01551,Yes,2025-06-29,Price
U01552,Yes,2024-12-21,Competition
U01553,Yes,2024-10-18,Inactive
U01554,Yes,2024-09-08,Inactive
U01555,Yes,2025-08-22,Features
U01556,Yes,2024-12-18,Inactive
U01557,Yes,2024-02-11,Price
U01558,Yes,2024-12-05,Price
U01559,Yes,2024-02-20,Price
U01560,Yes,2024-10-20,Competition
U01561,Yes,2024-03-28,Competition
U01562,Yes,2024-09-27,Competition
U01563,Yes,2024-07-29,Competition
U01564,Yes,2024-10-01,Inactive
U01565,Yes,2024-11-27,Price
U01566,Yes,2024-04-08,Competition
U01567,Yes,2025-06-04,Price
U01568,No,,
U01569,No,,
U01570,Yes,2024-08-15,Competition
U01571,Yes,2025-03-11,Features
U01572,Yes,2025-01-23,Inactive
U01573,Yes,2024-04-05,Inactive
U01574,Yes,2024-03-28,Features
U01575,Yes,2025-04-29,Inactive
U01576,Yes,2024-06-15,Price
U01577,No,,
U01578,No,,
U01579,Yes,2025-01-02,Competition
U01580,Yes,2024-07-01,Price
U01581,Yes,2024-09-04,Competition
U01582,No,,
U01583,Yes,2024-11-05,Competition
U01584,Yes,2025-01-17,Inactive
U01585,No,,
U01586,Yes,2025-03-11,Inactive
U01587,Yes,2024-11-09,Price
U01588,Yes,2024-05-02,Competition
U01589,Yes,2025-01-01,Features
U01590,Yes,2024-05-23,Inactive
U01591,Yes,2024-11-27,Inactive
U01592,Yes,2024-09-22,Inactive
U01593,Yes,2024-10-29,Price
U01594,Yes,2024-11-13,Features
U01595,Yes,2025-01-10,Inactive
U01596,Yes,2024-10-08,Competition
U01597,Yes,2024-12-06,Competition
U01598,Yes,2024-04-21,Inactive
U01599,Yes,2025-02-07,Competition
U01600,Yes,2025-01-21,Features
U01601,Yes,2024-07-30,Price
U01602,No,,
U01603,Yes,2024-03-12,Competition
U01604,Yes,2025-01-04,Inactive
U01605,No,,
U01606,No,,
U01607,Yes,2025-06-14,Inactive
U01608,Yes,2024-07-20,Inactive
U01609,Yes,2025-05-12,Inactive
U01610,Yes,2024-10-03,Competition
U01611,No,,
U01612,Yes,2024-11-22,Price
U01613,Yes,2024-11-30,Inactive
U01614,Yes,2025-04-28,Features
U01615,No,,
U01616,Yes,2024-10-24,Price
U01617,Yes,2024-04-21,Features
U01618,Yes,2025-02-19,Price
U01619,Yes,2024-06-17,Features
U01620,Yes,2024-12-12,Features
U01621,Yes,2024-11-04,Features
U01622,Yes,2025-02-06,Features
U01623,Yes,2025-01-06,Price
U01624,Yes,2024-05-13,Price
U01625,Yes,2024-06-17,Price
U01626,Yes,2024-08-09,Inactive
U01627,Yes,2024-04-20,Inactive
U01628,Yes,2024-08-05,Inactive
U01629,No,,
U01630,Yes,2024-05-12,Price
U01631,Yes,2025-03-23,Features
U01632,Yes,2024-06-07,Features
U01633,Yes,2025-02-17,Features
U01634,Yes,2025-02-11,Inactive
U01635,Yes,2024-07-12,Competition
U01636,Yes,2024-06-17,Price
U01637,No,,
U01638,Yes,2024-11-18,Price
U01639,Yes,2025-05-07,Inactive
U01640,Yes,2024-12-23,Price
U01641,Yes,2024-07-10,Inactive
U01642,Yes,2025-05-24,Features
U01643,No,,
U01644,Yes,2024-11-12,Competition
U01645,Yes,2024-05-24,Competition
U01646,Yes,2025-03-03,Price
U01647,Yes,2024-05-21,Competition
U01648,Yes,2024-05-26,Competition
U01649,Yes,2024-12-27,Competition
U01650,No,,
U01651,Yes,2025-02-12,Competition
U01652,No,,
U01653,Yes,2024-08-29,Competition
U01654,Yes,2024-06-07,Features
U01655,Yes,2025-03-20,Competition
U01656,No,,
U01657,Yes,2024-08-19,Features
U01658,No,,
U01659,Yes,2025-07-13,Competition
U01660,Yes,2024-11-20,Features
U01661,Yes,2024-11-21,Price
U01662,Yes,2024-10-30,Price
U01663,Yes,2025-01-31,Features
U01664,Yes,2024-08-29,Inactive
U01665,Yes,2024-12-10,Competition
U01666,Yes,2024-07-16,Price
U01667,Yes,2024-05-01,Inactive
U01668,Yes,2024-05-17,Price
U01669,Yes,2024-05-08,Inactive
U01670,Yes,2024-08-31,Price
U01671,Yes,2024-05-08,Competition
U01672,Yes,2024-04-05,Features
U01673,Yes,2024-08-08,Competition
U01674,Yes,2024-11-02,Competition
U01675,Yes,2024-08-13,Price
U01676,Yes,2024-09-10,Features
U01677,Yes,2024-12-17,Inactive
U01678,No,,
U01679,Yes,2024-09-30,Features
U01680,Yes,2024-10-01,Competition
U01681,No,,
U01682,Yes,2024-09-22,Price
U01683,Yes,2024-11-13,Inactive
U01684,Yes,2025-01-28,Inactive
U01685,Yes,2024-12-18,Inactive
U01686,No,,
U01687,Yes,2025-01-17,Inactive
U01688,Yes,2024-10-22,Competition
U01689,Yes,2024-06-25,Competition
U01690,Yes,2025-05-08,Competition
U01691,Yes,2025-03-14,Features
U01692,Yes,2025-08-25,Inactive
U01693,Yes,2025-05-20,Features
U01694,Yes,2024-12-18,Competition
U01695,Yes,2024-10-11,Inactive
U01696,Yes,2025-05-08,Features
U01697,Yes,2024-08-02,Price
U01698,Yes,2024-05-06,Features
U01699,Yes,2025-02-11,Inactive
U01700,Yes,2025-05-23,Inactive
U01701,Yes,2024-11-29,Inactive
U01702,Yes,2024-06-19,Features
U01703,No,,
U01704,Yes,2025-07-04,Price
U01705,No,,
U01706,Yes,2024-05-12,Inactive
U01707,Yes,2025-03-06,Price
U01708,Yes,2025-03-04,Competition
U01709,Yes,2024-12-23,Price
U01710,No,,
U01711,Yes,2024-07-19,Competition
U01712,Yes,2024-10-20,Inactive
U01713,Yes,2024-07-15,Price
U01714,Yes,2025-05-23,Features
U01715,Yes,2024-08-04,Features
U01716,Yes,2025-01-10,Inactive
U01717,No,,
U01718,Yes,2025-02-17,Price
U01719,Yes,2024-07-13,Features
U01720,Yes,2025-01-25,Features
U01721,Yes,2025-04-05,Inactive
U01722,Yes,2025-03-21,Inactive
U01723,No,,
U01724,Yes,2024-12-09,Inactive
U01725,Yes,2024-11-02,Price
U01726,No,,
U01727,Yes,2025-10-21,Competition
U01728,Yes,2025-06-10,Price
U01729,Yes,2024-11-12,Competition
U01730,Yes,2024-05-03,Price
U01731,Yes,2025-01-25,Competition
U01732,Yes,2024-09-26,Price
U01733,Yes,2024-12-08,Features
U01734,Yes,2024-11-18,Competition
U01735,Yes,2025-02-13,Competition
U01736,Yes,2024-09-12,Competition
U01737,Yes,2024-07-29,Price
U01738,Yes,2024-07-11,Price
U01739,Yes,2025-03-06,Inactive
U01740,Yes,2025-02-24,Competition
U01741,Yes,2024-09-25,Competition
U01742,Yes,2024-07-18,Inactive
U01743,Yes,2025-04-14,Price
U01744,Yes,2025-03-25,Features
U01745,Yes,2024-10-05,Inactive
U01746,Yes,2024-06-28,Price
U01747,Yes,2024-12-07,Price
U01748,Yes,2025-04-04,Price
U01749,Yes,2024-10-11,Inactive
U01750,Yes,2024-09-10,Inactive
U01751,Yes,2024-08-04,Features
U01752,Yes,2024-12-24,Features
U01753,Yes,2025-05-25,Inactive
U01754,Yes,2024-05-20,Inactive
U01755,Yes,2024-07-14,Inactive
U01756,Yes,2024-09-25,Inactive
U01757,Yes,2024-11-18,Competition
U01758,Yes,2025-03-14,Price
U01759,No,,
U01760,Yes,2025-02-01,Inactive
U01761,Yes,2024-03-07,Inactive
U01762,No,,
U01763,Yes,2024-03-26,Price
U01764,No,,
U01765,Yes,2024-07-03,Inactive
U01766,Yes,2024-07-12,Price
U01767,Yes,2024-11-17,Inactive
U01768,Yes,2025-06-23,Competition
U01769,Yes,2024-07-03,Inactive
U01770,Yes,2024-12-04,Price
U01771,Yes,2024-05-27,Inactive
U01772,Yes,2025-06-03,Features
U01773,Yes,2025-01-13,Price
U01774,Yes,2024-04-10,Features
U01775,Yes,2025-02-25,Price
U01776,Yes,2024-04-18,Price
U01777,Yes,2024-08-09,Competition
U01778,Yes,2024-12-26,Competition
U01779,Yes,2024-09-24,Features
U01780,Yes,2024-08-20,Price
U01781,Yes,2024-08-19,Price
U01782,Yes,2025-01-05,Features
U01783,Yes,2024-11-03,Features
U01784,Yes,2024-11-08,Inactive
U01785,Yes,2025-04-20,Features
U01786,Yes,2025-07-18,Features
U01787,Yes,2024-07-10,Price
U01788,Yes,2024-04-10,Competition
U01789,Yes,2024-05-19,Inactive
U01790,Yes,2025-11-21,Inactive
U01791,Yes,2025-02-26,Price
U01792,Yes,2025-06-17,Features
U01793,Yes,2025-02-26,Competition
U01794,Yes,2025-08-22,Competition
U01795,Yes,2024-09-10,Features
U01796,Yes,2024-08-24,Inactive
U01797,No,,
U01798,No,,
U01799,Yes,2024-12-10,Features
U01800,Yes,2024-10-17,Features
U01801,Yes,2024-09-11,Competition
U01802,Yes,2024-07-20,Price
U01803,Yes,2025-01-08,Competition
U01804,Yes,2025-03-07,Inactive
U01805,Yes,2024-05-30,Inactive
U01806,Yes,2024-10-21,Inactive
U01807,No,,
U01808,No,,
U01809,Yes,2025-02-14,Price
U01810,Yes,2024-11-23,Features
U01811,Yes,2024-04-30,Price
U01812,Yes,2024-08-04,Features
U01813,Yes,2024-10-16,Price
U01814,Yes,2025-01-30,Features
U01815,No,,
U01816,Yes,2025-04-10,Price
U01817,Yes,2025-03-09,Price
U01818,Yes,2024-11-05,Price
U01819,Yes,2024-09-25,Price
U01820,Yes,2024-11-13,Inactive
U01821,Yes,2024-11-03,Inactive
U01822,Yes,2024-03-09,Competition
U01823,Yes,2024-11-16,Inactive
U01824,Yes,2024-12-07,Price
U01825,Yes,2025-06-25,Price
U01826,Yes,2024-10-30,Features
U01827,Yes,2025-01-08,Features
U01828,Yes,2025-05-04,Features
U01829,Yes,2024-07-16,Features
U01830,Yes,2025-05-20,Inactive
U01831,Yes,2024-12-03,Inactive
U01832,Yes,2024-04-15,Features
U01833,No,,
U01834,Yes,2024-06-23,Price
U01835,Yes,2024-07-12,Price
U01836,No,,
U01837,Yes,2025-01-27,Price
U01838,Yes,2025-02-02,Price
U01839,Yes,2024-08-23,Competition
U01840,Yes,2025-01-18,Price
U01841,Yes,2024-08-06,Competition
U01842,Yes,2025-02-16,Inactive
U01843,Yes,2024-10-18,Features
U01844,Yes,2024-04-22,Inactive
U01845,No,,
U01846,Yes,2025-06-19,Inactive
U01847,Yes,2024-09-23,Competition
U01848,No,,
U01849,Yes,2024-10-15,Competition
U01850,Yes,2025-02-06,Price
U01851,Yes,2024-08-25,Price
U01852,Yes,2024-12-19,Competition
U01853,No,,
U01854,Yes,2024-05-10,Inactive
U01855,Yes,2025-01-13,Inactive
U01856,Yes,2024-09-15,Inactive
U01857,Yes,2024-11-29,Price
U01858,Yes,2024-05-21,Competition
U01859,No,,
U01860,Yes,2025-05-30,Price
U01861,Yes,2024-05-15,Features
U01862,Yes,2025-07-14,Inactive
U01863,Yes,2024-08-08,Inactive
U01864,Yes,2024-09-01,Inactive
U01865,No,,
U01866,Yes,2024-11-07,Competition
U01867,Yes,2024-03-04,Price
U01868,Yes,2024-08-29,Competition
U01869,Yes,2025-01-30,Inactive
U01870,Yes,2024-03-31,Price
U01871,Yes,2024-09-21,Competition
U01872,Yes,2025-05-02,Inactive
U01873,Yes,2024-05-29,Features
U01874,No,,
U01875,No,,
U01876,Yes,2024-07-24,Price
U01877,Yes,2024-07-14,Inactive
U01878,Yes,2024-12-20,Competition
U01879,Yes,2025-07-04,Inactive
U01880,Yes,2024-12-21,Price
U01881,Yes,2025-05-20,Inactive
U01882,Yes,2025-02-19,Price
U01883,Yes,2024-02-12,Competition
U01884,Yes,2025-01-04,Price
U01885,No,,
U01886,Yes,2025-02-11,Features
U01887,Yes,2024-11-12,Price
U01888,Yes,2024-12-15,Competition
U01889,Yes,2024-12-19,Competition
U01890,Yes,2024-12-11,Competition
U01891,Yes,2025-04-15,Price
U01892,Yes,2024-09-17,Inactive
U01893,Yes,2024-05-29,Price
U01894,Yes,2024-03-27,Inactive
U01895,Yes,2025-01-13,Competition
U01896,Yes,2024-09-21,Competition
U01897,Yes,2024-04-24,Price
U01898,Yes,2025-06-21,Competition
U01899,Yes,2024-12-28,Inactive
U01900,Yes,2024-03-15,Price
U01901,Yes,2024-05-31,Features
U01902,No,,
U01903,Yes,2024-06-28,Features
U01904,Yes,2024-02-05,Price
U01905,Yes,2024-09-02,Inactive
U01906,Yes,2024-10-02,Inactive
U01907,Yes,2025-03-07,Competition
U01908,Yes,2024-07-05,Price
U01909,Yes,2024-07-20,Features
U01910,Yes,2024-10-17,Competition
U01911,Yes,2024-07-02,Inactive
U01912,Yes,2024-03-04,Price
U01913,Yes,2025-02-21,Features
U01914,Yes,2025-01-17,Features
U01915,Yes,2024-12-21,Price
U01916,No,,
U01917,Yes,2025-01-01,Features
U01918,Yes,2025-01-07,Competition
U01919,Yes,2025-05-29,Features
U01920,Yes,2024-10-26,Competition
U01921,Yes,2025-03-31,Features
U01922,Yes,2025-01-05,Features
U01923,Yes,2024-12-02,Features
U01924,Yes,2024-10-13,Features
U01925,Yes,2025-03-06,Competition
U01926,Yes,2025-01-17,Price
U01927,Yes,2024-09-17,Price
U01928,No,,
U01929,Yes,2024-10-28,Competition
U01930,Yes,2024-06-13,Price
U01931,Yes,2024-07-02,Features
U01932,Yes,2024-06-21,Inactive
U01933,Yes,2025-01-13,Inactive
U01934,Yes,2024-07-15,Competition
U01935,Yes,2025-01-09,Features
U01936,Yes,2025-01-11,Inactive
U01937,Yes,2024-09-23,Price
U01938,Yes,2024-06-27,Features
U01939,Yes,2024-12-17,Price
U01940,Yes,2025-01-08,Inactive
U01941,Yes,2025-03-13,Competition
U01942,Yes,2024-10-12,Price
U01943,Yes,2024-06-07,Inactive
U01944,No,,
U01945,Yes,2024-06-16,Inactive
U01946,No,,
U01947,Yes,2024-07-16,Features
U01948,Yes,2025-08-26,Inactive
U01949,Yes,2024-10-18,Features
U01950,Yes,2024-11-19,Features
U01951,Yes,2024-06-21,Features
U01952,Yes,2024-09-22,Competition
U01953,Yes,2024-09-05,Inactive
U01954,Yes,2025-02-01,Competition
U01955,Yes,2024-07-11,Competition
U01956,Yes,2025-02-26,Price
U01957,Yes,2024-10-11,Price
U01958,Yes,2024-12-23,Inactive
U01959,Yes,2024-12-07,Price
U01960,Yes,2025-05-26,Features
U01961,Yes,2024-09-06,Inactive
U01962,Yes,2024-05-12,Price
U01963,No,,
U01964,Yes,2024-09-11,Inactive
U01965,Yes,2024-10-10,Competition
U01966,Yes,2025-04-10,Competition
U01967,Yes,2024-10-05,Price
U01968,Yes,2024-05-17,Competition
U01969,No,,
U01970,No,,
U01971,Yes,2024-12-25,Competition
U01972,Yes,2024-05-11,Features
U01973,Yes,2024-02-26,Inactive
U01974,Yes,2025-02-01,Competition
U01975,Yes,2025-02-14,Features
U01976,Yes,2025-03-06,Inactive
U01977,Yes,2024-08-18,Inactive
U01978,Yes,2024-09-24,Inactive
U01979,Yes,2025-01-31,Price
U01980,Yes,2024-10-13,Price
U01981,Yes,2024-06-30,Inactive
U01982,Yes,2024-10-17,Competition
U01983,Yes,2024-12-10,Price
U01984,No,,
U01985,Yes,2024-04-20,Competition
U01986,Yes,2024-04-16,Competition
U01987,Yes,2024-12-30,Features
U01988,No,,
U01989,Yes,2024-11-21,Features
U01990,Yes,2025-04-01,Competition
U01991,No,,
U01992,Yes,2025-01-14,Features
U01993,Yes,2024-11-04,Competition
U01994,No,,
U01995,Yes,2024-06-01,Features
U01996,Yes,2024-05-19,Competition
U01997,Yes,2024-06-30,Competition
U01998,Yes,2025-04-26,Features
U01999,Yes,2024-11-28,Competition
U02000,Yes,2024-08-26,Price
U02001,Yes,2024-12-28,Features
U02002,Yes,2025-02-16,Price
U02003,Yes,2024-10-20,Inactive
U02004,Yes,2025-02-10,Inactive
U02005,Yes,2024-06-28,Competition
U02006,Yes,2025-02-14,Features
U02007,Yes,2024-09-09,Inactive
U02008,Yes,2024-12-10,Inactive
U02009,No,,
U02010,Yes,2024-07-21,Features
U02011,Yes,2024-04-12,Price
U02012,Yes,2025-03-13,Price
U02013,Yes,2025-08-16,Features
U02014,Yes,2024-05-25,Features
U02015,No,,
U02016,No,,
U02017,No,,
U02018,Yes,2025-06-28,Features
U02019,Yes,2025-01-14,Inactive
U02020,Yes,2024-03-20,Price
U02021,Yes,2024-05-18,Features
U02022,No,,
U02023,No,,
U02024,Yes,2024-03-19,Inactive
U02025,Yes,2025-01-23,Price
U02026,Yes,2024-04-21,Features
U02027,Yes,2024-02-26,Inactive
U02028,Yes,2024-10-27,Competition
U02029,Yes,2024-07-20,Competition
U02030,Yes,2024-05-21,Inactive
U02031,Yes,2024-05-02,Inactive
U02032,Yes,2024-12-06,Price
U02033,No,,
U02034,Yes,2025-03-06,Competition
U02035,Yes,2025-06-17,Features
U02036,Yes,2025-09-26,Price
U02037,Yes,2024-05-08,Inactive
U02038,Yes,2025-07-20,Features
U02039,Yes,2025-04-26,Competition
U02040,Yes,2025-10-01,Features
U02041,Yes,2024-12-06,Price
U02042,Yes,2024-09-18,Features
U02043,Yes,2024-10-24,Price
U02044,Yes,2024-12-26,Competition
U02045,Yes,2024-11-15,Price
U02046,Yes,2025-01-25,Competition
U02047,Yes,2025-07-17,Inactive
U02048,Yes,2025-03-16,Price
U02049,Yes,2025-06-24,Inactive
U02050,Yes,2024-03-01,Competition
U02051,Yes,2025-01-21,Competition
U02052,Yes,2024-09-11,Features
U02053,Yes,2025-01-26,Features
U02054,Yes,2025-01-17,Price
U02055,Yes,2024-11-29,Competition
U02056,Yes,2024-08-19,Competition
U02057,Yes,2024-06-22,Inactive
U02058,Yes,2024-11-13,Price
U02059,Yes,2025-06-30,Competition
U02060,Yes,2024-05-15,Features
U02061,Yes,2025-03-17,Inactive
U02062,No,,
U02063,Yes,2024-05-17,Inactive
U02064,No,,
U02065,Yes,2025-02-15,Features
U02066,Yes,2024-12-07,Competition
U02067,Yes,2024-12-14,Features
U02068,Yes,2024-11-22,Inactive
U02069,Yes,2024-10-04,Price
U02070,Yes,2024-07-09,Competition
U02071,Yes,2024-02-27,Price
U02072,Yes,2024-02-27,Competition
U02073,Yes,2024-06-02,Competition
U02074,Yes,2024-10-10,Competition
U02075,Yes,2024-09-08,Competition
U02076,Yes,2025-01-01,Price
U02077,Yes,2025-01-13,Inactive
U02078,No,,
U02079,Yes,2024-04-20,Competition
U02080,Yes,2025-04-25,Features
U02081,Yes,2025-09-01,Inactive
U02082,Yes,2024-11-13,Price
U02083,Yes,2024-10-17,Price
U02084,Yes,2025-01-03,Features
U02085,Yes,2024-11-20,Price
U02086,Yes,2025-05-26,Inactive
U02087,Yes,2025-05-03,Inactive
U02088,Yes,2024-06-26,Inactive
U02089,Yes,2024-05-08,Competition
U02090,Yes,2024-05-24,Price
U02091,Yes,2025-07-14,Inactive
U02092,Yes,2024-12-02,Features
U02093,Yes,2024-07-11,Price
U02094,Yes,2024-07-31,Features
U02095,Yes,2025-01-14,Price
U02096,Yes,2025-04-18,Features
U02097,Yes,2024-07-26,Price
U02098,Yes,2024-10-05,Features
U02099,Yes,2024-08-26,Price
U02100,Yes,2025-01-28,Competition
U02101,Yes,2025-04-07,Competition
U02102,Yes,2024-08-30,Inactive
U02103,No,,
U02104,Yes,2024-10-26,Competition
U02105,Yes,2025-02-17,Features
U02106,Yes,2024-10-17,Price
U02107,Yes,2024-12-15,Inactive
U02108,Yes,2024-08-02,Price
U02109,Yes,2024-11-07,Inactive
U02110,Yes,2025-06-25,Features
U02111,No,,
U02112,Yes,2024-02-29,Competition
U02113,Yes,2024-11-02,Inactive
U02114,Yes,2025-03-26,Inactive
U02115,Yes,2024-03-08,Features
U02116,Yes,2024-06-09,Inactive
U02117,Yes,2024-10-04,Inactive
U02118,Yes,2024-07-22,Features
U02119,Yes,2024-03-22,Inactive
U02120,Yes,2024-08-11,Competition
U02121,Yes,2024-05-29,Inactive
U02122,Yes,2025-01-17,Inactive
U02123,Yes,2025-05-23,Price
U02124,Yes,2024-08-07,Price
U02125,Yes,2024-08-21,Features
U02126,Yes,2025-06-05,Price
U02127,Yes,2025-03-22,Features
U02128,Yes,2025-05-31,Inactive
U02129,Yes,2024-11-08,Price
U02130,Yes,2025-02-28,Competition
U02131,Yes,2024-10-07,Competition
U02132,Yes,2024-07-23,Features
U02133,Yes,2025-04-13,Features
U02134,No,,
U02135,Yes,2025-08-19,Price
U02136,Yes,2024-06-24,Price
U02137,Yes,2024-04-15,Inactive
U02138,Yes,2025-10-30,Price
U02139,Yes,2025-04-17,Features
U02140,Yes,2025-02-01,Competition
U02141,Yes,2025-01-19,Price
U02142,No,,
U02143,Yes,2024-09-16,Competition
U02144,Yes,2025-02-06,Competition
U02145,Yes,2025-02-07,Competition
U02146,Yes,2024-05-27,Competition
U02147,Yes,2024-03-26,Competition
U02148,Yes,2024-12-12,Inactive
U02149,Yes,2024-08-24,Competition
U02150,Yes,2025-04-15,Competition
U02151,Yes,2024-12-07,Features
U02152,Yes,2025-01-17,Price
U02153,Yes,2024-07-25,Features
U02154,Yes,2025-02-11,Competition
U02155,Yes,2025-01-01,Competition
U02156,Yes,2024-07-01,Inactive
U02157,Yes,2024-06-14,Features
U02158,Yes,2024-10-18,Price
U02159,Yes,2024-06-13,Inactive
U02160,Yes,2024-12-23,Competition
U02161,Yes,2025-05-22,Inactive
U02162,Yes,2025-06-19,Features
U02163,No,,
U02164,Yes,2024-05-14,Features
U02165,Yes,2024-09-23,Price
U02166,Yes,2024-07-29,Inactive
U02167,No,,
U02168,Yes,2025-01-09,Price
U02169,Yes,2025-04-16,Price
U02170,Yes,2025-04-17,Inactive
U02171,Yes,2024-08-28,Features
U02172,Yes,2024-08-17,Price
U02173,Yes,2024-10-16,Price
U02174,Yes,2024-07-24,Price
U02175,Yes,2024-11-28,Inactive
U02176,Yes,2025-01-01,Features
U02177,Yes,2025-01-16,Competition
U02178,Yes,2024-11-14,Inactive
U02179,No,,
U02180,Yes,2024-12-04,Features
U02181,Yes,2025-02-11,Competition
U02182,Yes,2024-06-22,Competition
U02183,No,,
U02184,Yes,2025-06-20,Price
U02185,Yes,2024-05-23,Competition
U02186,Yes,2024-04-10,Competition
U02187,Yes,2024-12-21,Competition
U02188,Yes,2025-01-20,Price
U02189,Yes,2024-09-06,Price
U02190,Yes,2025-01-07,Features
U02191,Yes,2025-03-17,Competition
U02192,Yes,2024-06-23,Price
U02193,Yes,2024-09-03,Features
U02194,Yes,2024-09-14,Price
U02195,Yes,2024-11-30,Features
U02196,Yes,2024-08-21,Inactive
U02197,Yes,2024-12-10,Features
U02198,Yes,2025-04-12,Inactive
U02199,Yes,2024-05-30,Inactive
U02200,Yes,2025-03-11,Features
U02201,Yes,2024-12-01,Price
U02202,Yes,2025-02-06,Features
U02203,No,,
U02204,Yes,2024-03-14,Price
U02205,Yes,2024-11-26,Competition
U02206,Yes,2024-10-09,Competition
U02207,Yes,2024-12-20,Features
U02208,Yes,2024-06-24,Competition
U02209,Yes,2024-12-11,Competition
U02210,No,,
U02211,Yes,2024-08-25,Inactive
U02212,Yes,2024-06-06,Competition
U02213,Yes,2025-05-14,Features
U02214,Yes,2025-02-08,Features
U02215,Yes,2024-12-22,Competition
U02216,Yes,2025-01-22,Price
U02217,Yes,2024-11-18,Price
U02218,Yes,2025-04-01,Price
U02219,Yes,2024-05-31,Inactive
U02220,Yes,2024-10-13,Competition
U02221,Yes,2024-10-16,Inactive
U02222,Yes,2024-09-05,Price
U02223,No,,
U02224,Yes,2025-05-09,Competition
U02225,Yes,2024-11-18,Competition
U02226,Yes,2024-07-08,Competition
U02227,Yes,2024-06-04,Features
U02228,Yes,2025-01-06,Competition
U02229,Yes,2025-01-27,Price
U02230,Yes,2024-09-05,Inactive
U02231,Yes,2025-05-08,Inactive
U02232,Yes,2025-02-05,Price
U02233,Yes,2024-04-20,Price
U02234,Yes,2024-03-27,Competition
U02235,Yes,2025-01-11,Price
U02236,No,,
U02237,Yes,2025-06-19,Competition
U02238,Yes,2025-01-06,Competition
U02239,Yes,2024-06-15,Features
U02240,Yes,2024-12-24,Competition
U02241,Yes,2024-10-03,Features
U02242,Yes,2024-08-23,Competition
U02243,No,,
U02244,Yes,2025-04-18,Competition
U02245,Yes,2024-05-16,Competition
U02246,Yes,2024-11-30,Competition
U02247,Yes,2024-05-05,Price
U02248,Yes,2025-01-30,Features
U02249,Yes,2024-06-18,Inactive
U02250,Yes,2024-12-07,Inactive
U02251,Yes,2024-06-11,Competition
U02252,Yes,2024-08-31,Price
U02253,Yes,2024-05-30,Competition
U02254,Yes,2025-02-02,Price
U02255,Yes,2024-07-24,Features
U02256,Yes,2024-10-04,Features
U02257,Yes,2024-11-04,Price
U02258,Yes,2025-02-19,Competition
U02259,Yes,2025-05-21,Competition
U02260,Yes,2024-09-16,Inactive
U02261,Yes,2024-08-19,Competition
U02262,Yes,2025-01-08,Price
U02263,No,,
U02264,Yes,2024-06-21,Price
U02265,Yes,2024-06-26,Price
U02266,Yes,2024-07-27,Price
U02267,No,,
U02268,Yes,2024-11-10,Inactive
U02269,Yes,2025-04-05,Inactive
U02270,Yes,2024-10-07,Price
U02271,Yes,2024-02-16,Inactive
U02272,Yes,2025-06-14,Features
U02273,Yes,2024-07-02,Features
U02274,Yes,2024-11-19,Inactive
U02275,Yes,2024-02-21,Features
U02276,Yes,2025-09-02,Inactive
U02277,No,,
U02278,Yes,2024-04-16,Inactive
U02279,Yes,2024-05-29,Features
U02280,Yes,2025-03-08,Price
U02281,Yes,2024-06-18,Inactive
U02282,Yes,2024-08-28,Price
U02283,Yes,2025-01-04,Price
U02284,Yes,2024-03-28,Inactive
U02285,Yes,2024-06-05,Features
U02286,Yes,2024-10-18,Features
U02287,Yes,2024-12-01,Price
U02288,Yes,2024-12-28,Inactive
U02289,No,,
U02290,Yes,2025-01-02,Competition
U02291,Yes,2025-02-04,Inactive
U02292,Yes,2025-03-08,Inactive
U02293,No,,
U02294,Yes,2024-11-09,Inactive
U02295,No,,
U02296,Yes,2025-01-08,Price
U02297,Yes,2024-09-14,Features
U02298,Yes,2024-09-29,Inactive
U02299,Yes,2024-11-13,Price
U02300,Yes,2025-02-07,Price
U02301,Yes,2024-10-04,Features
U02302,Yes,2024-11-26,Inactive
U02303,Yes,2024-10-26,Competition
U02304,Yes,2024-06-09,Features
U02305,No,,
U02306,Yes,2024-08-10,Inactive
U02307,No,,
U02308,Yes,2024-11-05,Inactive
U02309,Yes,2024-06-18,Inactive
U02310,Yes,2025-09-10,Price
U02311,Yes,2025-01-21,Features
U02312,Yes,2024-08-15,Inactive
U02313,Yes,2025-01-09,Features
U02314,Yes,2024-07-05,Price
U02315,Yes,2025-06-30,Competition
U02316,Yes,2024-09-02,Competition
U02317,Yes,2025-04-05,Features
U02318,Yes,2024-08-07,Inactive
U02319,Yes,2024-08-10,Inactive
U02320,Yes,2024-11-13,Inactive
U02321,Yes,2025-08-03,Features
U02322,Yes,2024-11-19,Features
U02323,Yes,2024-11-08,Competition
U02324,Yes,2024-06-24,Price
U02325,Yes,2024-04-22,Price
U02326,Yes,2025-03-30,Competition
U02327,Yes,2024-11-15,Features
U02328,Yes,2024-09-07,Competition
U02329,Yes,2025-01-27,Price
U02330,No,,
U02331,Yes,2024-07-08,Price
U02332,No,,
U02333,Yes,2024-05-26,Competition
U02334,Yes,2025-06-19,Price
U02335,Yes,2025-03-09,Price
U02336,Yes,2024-02-16,Features
U02337,Yes,2024-08-21,Competition
U02338,Yes,2024-09-16,Price
U02339,Yes,2025-02-08,Price
U02340,Yes,2024-06-25,Competition
U02341,Yes,2024-09-30,Competition
U02342,Yes,2024-04-21,Price
U02343,Yes,2024-11-05,Price
U02344,Yes,2024-07-17,Competition
U02345,Yes,2025-05-13,Features
U02346,No,,
U02347,Yes,2025-07-16,Features
U02348,Yes,2025-02-22,Competition
U02349,Yes,2025-01-29,Competition
U02350,Yes,2025-01-25,Price
U02351,Yes,2024-11-01,Inactive
U02352,Yes,2024-03-19,Inactive
U02353,Yes,2024-12-13,Inactive
U02354,Yes,2025-04-21,Inactive
U02355,Yes,2024-11-16,Features
U02356,Yes,2024-06-24,Features
U02357,Yes,2024-05-01,Inactive
U02358,Yes,2024-02-23,Competition
U02359,Yes,2024-05-02,Price
U02360,Yes,2024-07-26,Features
U02361,Yes,2024-11-27,Competition
U02362,Yes,2024-11-07,Inactive
U02363,Yes,2024-05-11,Inactive
U02364,Yes,2024-10-15,Competition
U02365,Yes,2025-02-07,Price
U02366,Yes,2025-06-25,Competition
U02367,Yes,2024-05-30,Inactive
U02368,Yes,2024-03-22,Competition
U02369,Yes,2024-12-06,Competition
U02370,Yes,2024-11-14,Inactive
U02371,Yes,2024-12-26,Inactive
U02372,Yes,2024-07-31,Competition
U02373,Yes,2024-05-11,Features
U02374,Yes,2024-12-03,Inactive
U02375,Yes,2024-12-22,Features
U02376,No,,
U02377,Yes,2024-06-18,Competition
U02378,Yes,2024-09-10,Features
U02379,Yes,2025-01-15,Competition
U02380,Yes,2024-09-20,Price
U02381,Yes,2025-01-13,Features
U02382,Yes,2025-02-27,Competition
U02383,Yes,2024-12-25,Inactive
U02384,Yes,2024-11-26,Price
U02385,Yes,2024-05-15,Inactive
U02386,Yes,2025-02-27,Inactive
U02387,Yes,2024-11-02,Features
U02388,Yes,2024-10-26,Price
U02389,Yes,2024-07-04,Price
U02390,Yes,2025-01-07,Inactive
U02391,Yes,2024-03-03,Competition
U02392,Yes,2024-10-23,Price
U02393,Yes,2024-07-25,Price
U02394,Yes,2025-02-13,Competition
U02395,Yes,2024-10-03,Competition
U02396,Yes,2025-01-15,Inactive
U02397,Yes,2024-06-10,Competition
U02398,Yes,2024-09-16,Features
U02399,Yes,2024-08-01,Competition
U02400,No,,
U02401,Yes,2024-10-14,Features
U02402,Yes,2024-10-07,Competition
U02403,Yes,2024-11-02,Features
U02404,Yes,2025-02-05,Inactive
U02405,Yes,2024-05-18,Price
U02406,Yes,2024-04-27,Competition
U02407,Yes,2024-09-26,Price
U02408,Yes,2024-12-10,Competition
U02409,Yes,2024-05-10,Competition
U02410,Yes,2024-10-12,Features
U02411,Yes,2024-04-21,Inactive
U02412,Yes,2025-09-24,Inactive
U02413,Yes,2024-06-03,Competition
U02414,Yes,2025-01-18,Features
U02415,Yes,2025-01-04,Inactive
U02416,Yes,2025-01-15,Inactive
U02417,Yes,2024-07-26,Price
U02418,Yes,2024-12-02,Competition
U02419,Yes,2024-10-20,Features
U02420,Yes,2024-10-31,Price
U02421,Yes,2025-10-01,Inactive
U02422,Yes,2024-02-10,Inactive
U02423,Yes,2024-04-04,Features
U02424,Yes,2024-09-07,Features
U02425,Yes,2024-06-03,Inactive
U02426,Yes,2024-05-18,Competition
U02427,Yes,2024-07-31,Features
U02428,Yes,2024-09-04,Inactive
U02429,No,,
U02430,Yes,2024-12-15,Competition
U02431,Yes,2024-09-22,Inactive
U02432,Yes,2025-03-21,Inactive
U02433,Yes,2025-07-20,Features
U02434,Yes,2024-07-25,Price
U02435,Yes,2024-11-16,Price
U02436,No,,
U02437,Yes,2024-10-15,Competition
U02438,Yes,2025-02-17,Features
U02439,Yes,2024-08-21,Features
U02440,Yes,2025-01-06,Price
U02441,Yes,2024-07-08,Price
U02442,Yes,2024-06-29,Inactive
U02443,Yes,2024-06-08,Competition
U02444,Yes,2024-06-21,Features
U02445,Yes,2025-01-23,Competition
U02446,Yes,2024-05-18,Features
U02447,Yes,2025-01-02,Features
U02448,Yes,2024-08-08,Inactive
U02449,Yes,2024-02-24,Inactive
U02450,Yes,2024-12-30,Inactive
U02451,Yes,2024-09-04,Competition
U02452,Yes,2025-01-14,Features
U02453,Yes,2024-11-24,Price
U02454,Yes,2024-05-04,Features
U02455,Yes,2024-04-30,Features
U02456,Yes,2024-08-19,Competition
U02457,Yes,2025-06-16,Features
U02458,No,,
U02459,Yes,2024-08-23,Competition
U02460,Yes,2024-12-18,Competition
U02461,Yes,2025-01-26,Price
U02462,Yes,2024-07-15,Features
U02463,Yes,2025-02-12,Competition
U02464,Yes,2024-05-22,Competition
U02465,No,,
U02466,Yes,2024-08-11,Competition
U02467,Yes,2024-09-24,Inactive
U02468,Yes,2025-04-10,Price
U02469,Yes,2025-02-28,Competition
U02470,No,,
U02471,Yes,2024-07-29,Features
U02472,Yes,2024-12-12,Price
U02473,Yes,2025-02-04,Features
U02474,No,,
U02475,Yes,2025-02-26,Features
U02476,Yes,2024-05-20,Inactive
U02477,Yes,2025-03-16,Inactive
U02478,Yes,2024-12-29,Inactive
U02479,Yes,2024-11-27,Competition
U02480,Yes,2024-11-16,Price
U02481,Yes,2024-06-15,Price
U02482,Yes,2024-12-27,Inactive
U02483,Yes,2024-11-13,Price
U02484,No,,
U02485,Yes,2024-04-18,Competition
U02486,Yes,2024-03-13,Price
U02487,Yes,2024-08-11,Inactive
U02488,Yes,2024-12-19,Inactive
U02489,Yes,2024-08-22,Features
U02490,Yes,2025-06-27,Inactive
U02491,Yes,2025-01-01,Inactive
U02492,Yes,2024-05-15,Features
U02493,Yes,2024-03-31,Competition
U02494,Yes,2024-09-03,Features
U02495,Yes,2024-07-24,Features
U02496,Yes,2025-01-13,Features
U02497,Yes,2024-07-18,Competition
U02498,Yes,2025-04-07,Inactive
U02499,Yes,2024-08-10,Inactive
U02500,Yes,2024-05-12,Competition
U02501,Yes,2024-09-15,Competition
U02502,Yes,2024-10-28,Competition
U02503,Yes,2025-01-30,Inactive
U02504,No,,
U02505,Yes,2024-04-23,Competition
U02506,Yes,2025-04-29,Competition
U02507,Yes,2024-10-26,Features
U02508,Yes,2025-01-31,Features
U02509,Yes,2024-11-01,Features
U02510,Yes,2024-05-14,Features
U02511,Yes,2024-11-05,Competition
U02512,Yes,2025-01-27,Competition
U02513,Yes,2024-01-31,Price
U02514,Yes,2025-08-11,Competition
U02515,Yes,2024-10-04,Competition
U02516,No,,
U02517,Yes,2024-09-04,Price
U02518,Yes,2024-12-10,Competition
U02519,Yes,2024-08-28,Inactive
U02520,Yes,2024-11-25,Inactive
U02521,Yes,2024-07-02,Inactive
U02522,Yes,2024-02-12,Price
U02523,Yes,2024-11-01,Price
U02524,Yes,2024-09-03,Competition
U02525,Yes,2024-07-07,Price
U02526,Yes,2025-02-13,Inactive
U02527,Yes,2024-05-11,Price
U02528,Yes,2024-10-12,Price
U02529,Yes,2024-12-10,Competition
U02530,Yes,2025-04-03,Competition
U02531,Yes,2024-08-01,Features
U02532,Yes,2024-12-24,Competition
U02533,Yes,2025-01-18,Features
U02534,Yes,2024-11-17,Competition
U02535,Yes,2025-04-20,Inactive
U02536,Yes,2024-08-22,Competition
U02537,Yes,2024-11-20,Features
U02538,Yes,2024-03-05,Inactive
U02539,Yes,2024-06-21,Price
U02540,Yes,2025-05-17,Competition
U02541,Yes,2025-01-29,Competition
U02542,Yes,2025-02-14,Competition
U02543,Yes,2024-11-10,Inactive
U02544,No,,
U02545,Yes,2024-09-02,Competition
U02546,Yes,2024-12-14,Features
U02547,Yes,2024-07-13,Features
U02548,Yes,2024-09-04,Features
U02549,Yes,2024-12-31,Features
U02550,Yes,2025-06-30,Price
U02551,Yes,2024-09-12,Price
U02552,Yes,2024-12-22,Competition
U02553,Yes,2024-04-29,Inactive
U02554,Yes,2024-09-03,Features
U02555,Yes,2024-06-11,Price
U02556,Yes,2024-06-07,Competition
U02557,Yes,2024-02-11,Price
U02558,Yes,2025-04-08,Features
U02559,Yes,2025-03-08,Features
U02560,Yes,2025-03-24,Inactive
U02561,Yes,2024-04-27,Inactive
U02562,Yes,2024-12-02,Price
U02563,Yes,2025-04-03,Inactive
U02564,Yes,2025-07-02,Competition
U02565,Yes,2024-12-09,Features
U02566,Yes,2025-09-19,Inactive
U02567,Yes,2024-10-20,Price
U02568,Yes,2025-01-12,Features
U02569,Yes,2024-11-04,Inactive
U02570,Yes,2024-09-03,Competition
U02571,Yes,2025-05-21,Price
U02572,Yes,2024-09-19,Features
U02573,Yes,2024-10-27,Competition
U02574,No,,
U02575,Yes,2025-01-07,Price
U02576,Yes,2024-06-22,Competition
U02577,Yes,2024-08-10,Inactive
U02578,Yes,2024-05-13,Price
U02579,Yes,2024-10-03,Features
U02580,Yes,2024-03-07,Inactive
U02581,Yes,2025-05-03,Features
U02582,Yes,2024-06-28,Competition
U02583,Yes,2025-02-27,Features
U02584,Yes,2024-05-12,Features
U02585,Yes,2025-03-29,Price
U02586,Yes,2025-01-27,Competition
U02587,Yes,2025-06-06,Competition
U02588,Yes,2024-12-17,Price
U02589,Yes,2024-03-20,Price
U02590,Yes,2024-10-16,Inactive
U02591,Yes,2024-08-15,Inactive
U02592,Yes,2024-12-01,Price
U02593,Yes,2024-06-03,Inactive
U02594,Yes,2024-12-04,Features
U02595,Yes,2025-03-22,Competition
U02596,Yes,2024-10-21,Price
U02597,Yes,2024-08-29,Features
U02598,Yes,2024-03-09,Price
U02599,Yes,2024-06-22,Competition
U02600,Yes,2024-04-16,Competition
U02601,Yes,2024-12-29,Inactive
U02602,Yes,2024-07-21,Features
U02603,Yes,2024-03-02,Inactive
U02604,Yes,2025-02-02,Features
U02605,Yes,2024-05-01,Features
U02606,Yes,2025-05-08,Inactive
U02607,Yes,2024-09-17,Features
U02608,No,,
U02609,Yes,2025-05-23,Features
U02610,Yes,2024-08-21,Features
U02611,Yes,2024-07-07,Features
U02612,No,,
U02613,No,,
U02614,Yes,2024-12-29,Features
U02615,Yes,2024-06-05,Price
U02616,Yes,2024-09-22,Competition
U02617,Yes,2024-07-28,Inactive
U02618,Yes,2025-04-07,Competition
U02619,No,,
U02620,Yes,2024-11-12,Inactive
U02621,Yes,2024-10-29,Inactive
U02622,No,,
U02623,Yes,2024-03-12,Features
U02624,Yes,2024-12-12,Competition
U02625,Yes,2025-02-05,Price
U02626,Yes,2024-10-22,Competition
U02627,Yes,2024-08-27,Features
U02628,Yes,2025-04-04,Inactive
U02629,Yes,2024-05-23,Competition
U02630,No,,
U02631,Yes,2024-06-29,Competition
U02632,No,,
U02633,Yes,2024-05-24,Competition
U02634,Yes,2024-04-06,Features
U02635,Yes,2024-06-21,Competition
U02636,Yes,2024-03-20,Competition
U02637,Yes,2024-10-16,Price
U02638,Yes,2024-06-21,Features
U02639,Yes,2025-04-05,Inactive
U02640,Yes,2024-06-06,Inactive
U02641,Yes,2025-07-10,Inactive
U02642,Yes,2024-04-29,Inactive
U02643,Yes,2024-07-30,Features
U02644,Yes,2025-08-18,Competition
U02645,Yes,2025-01-30,Features
U02646,Yes,2024-12-03,Price
U02647,No,,
U02648,Yes,2024-03-23,Competition
U02649,Yes,2024-04-05,Features
U02650,Yes,2025-07-18,Inactive
U02651,Yes,2025-02-08,Inactive
U02652,Yes,2025-03-14,Price
U02653,Yes,2024-11-04,Competition
U02654,Yes,2024-08-03,Inactive
U02655,Yes,2024-09-28,Competition
U02656,Yes,2024-03-28,Competition
U02657,Yes,2024-07-12,Price
U02658,Yes,2024-06-22,Inactive
U02659,Yes,2024-10-29,Inactive
U02660,Yes,2024-11-11,Competition
U02661,Yes,2024-07-25,Price
U02662,Yes,2024-04-02,Features
U02663,Yes,2024-07-24,Price
U02664,Yes,2024-09-04,Features
U02665,Yes,2024-10-02,Features
U02666,Yes,2024-07-23,Competition
U02667,Yes,2025-04-17,Features
U02668,Yes,2024-09-24,Price
U02669,No,,
U02670,Yes,2025-01-04,Competition
U02671,Yes,2025-07-17,Inactive
U02672,Yes,2025-03-13,Competition
U02673,Yes,2024-07-30,Features
U02674,Yes,2024-09-30,Price
U02675,Yes,2024-12-23,Competition
U02676,Yes,2024-11-10,Inactive
U02677,Yes,2025-05-21,Features
U02678,Yes,2025-01-20,Features
U02679,Yes,2024-05-11,Features
U02680,Yes,2024-09-06,Features
U02681,No,,
U02682,Yes,2024-05-06,Inactive
U02683,Yes,2024-12-28,Inactive
U02684,Yes,2024-07-06,Inactive
U02685,Yes,2024-12-19,Features
U02686,No,,
U02687,Yes,2024-11-21,Competition
U02688,Yes,2024-11-11,Features
U02689,Yes,2024-09-14,Inactive
U02690,No,,
U02691,Yes,2024-08-15,Price
U02692,Yes,2024-03-30,Inactive
U02693,Yes,2025-05-15,Competition
U02694,Yes,2025-10-24,Competition
U02695,Yes,2024-12-09,Inactive
U02696,Yes,2024-08-13,Price
U02697,Yes,2024-08-31,Features
U02698,Yes,2024-07-03,Inactive
U02699,Yes,2024-09-11,Competition
U02700,Yes,2024-09-15,Features
U02701,Yes,2024-10-10,Competition
U02702,Yes,2025-01-09,Price
U02703,Yes,2024-11-01,Inactive
U02704,Yes,2024-05-10,Features
U02705,Yes,2024-06-12,Price
U02706,Yes,2025-03-12,Inactive
U02707,Yes,2024-09-22,Features
U02708,Yes,2025-03-14,Competition
U02709,Yes,2025-01-04,Inactive
U02710,Yes,2024-04-04,Price
U02711,Yes,2025-01-21,Inactive
U02712,No,,
U02713,Yes,2024-08-08,Competition
U02714,Yes,2025-06-18,Inactive
U02715,Yes,2024-11-15,Inactive
U02716,Yes,2024-10-10,Price
U02717,No,,
U02718,Yes,2024-09-12,Inactive
U02719,Yes,2024-07-15,Inactive
U02720,Yes,2025-08-27,Price
U02721,Yes,2024-06-09,Features
U02722,Yes,2024-12-05,Price
U02723,Yes,2025-05-13,Competition
U02724,Yes,2024-02-17,Competition
U02725,Yes,2025-04-14,Features
U02726,No,,
U02727,Yes,2024-05-27,Inactive
U02728,Yes,2024-11-18,Features
U02729,Yes,2024-06-29,Inactive
U02730,Yes,2024-10-10,Features
U02731,Yes,2024-10-03,Inactive
U02732,Yes,2025-02-09,Features
U02733,Yes,2025-05-24,Price
U02734,Yes,2024-06-17,Competition
U02735,Yes,2024-07-23,Competition
U02736,Yes,2024-11-06,Price
U02737,Yes,2024-04-04,Competition
U02738,No,,
U02739,Yes,2025-01-17,Competition
U02740,Yes,2024-10-30,Inactive
U02741,Yes,2025-04-06,Features
U02742,Yes,2024-10-18,Inactive
U02743,Yes,2025-05-18,Inactive
U02744,Yes,2024-04-26,Price
U02745,Yes,2025-03-29,Price
U02746,Yes,2025-01-05,Features
U02747,Yes,2024-10-29,Price
U02748,Yes,2024-09-06,Features
U02749,Yes,2024-05-30,Inactive
U02750,Yes,2025-01-13,Features
U02751,Yes,2024-11-08,Inactive
U02752,Yes,2024-08-05,Features
U02753,Yes,2024-10-09,Inactive
U02754,Yes,2024-12-12,Competition
U02755,Yes,2024-11-01,Competition
U02756,Yes,2025-01-13,Competition
U02757,No,,
U02758,Yes,2025-02-23,Price
U02759,Yes,2025-02-28,Price
U02760,No,,
U02761,Yes,2025-02-03,Features
U02762,Yes,2024-11-22,Features
U02763,Yes,2025-01-07,Features
U02764,No,,
U02765,Yes,2024-08-14,Competition
U02766,No,,
U02767,Yes,2024-06-13,Competition
U02768,Yes,2024-08-27,Price
U02769,No,,
U02770,Yes,2025-06-09,Competition
U02771,Yes,2025-04-19,Price
U02772,Yes,2024-05-03,Features
U02773,Yes,2024-07-28,Price
U02774,No,,
U02775,Yes,2024-02-01,Features
U02776,Yes,2024-06-05,Competition
U02777,Yes,2025-01-14,Price
U02778,Yes,2025-01-30,Inactive
U02779,No,,
U02780,No,,
U02781,Yes,2025-04-21,Competition
U02782,Yes,2024-08-06,Features
U02783,Yes,2025-02-07,Inactive
U02784,Yes,2024-10-24,Competition
U02785,Yes,2025-08-09,Competition
U02786,Yes,2024-09-24,Features
U02787,Yes,2024-04-22,Price
U02788,Yes,2024-02-15,Price
U02789,Yes,2024-11-28,Price
U02790,Yes,2024-05-31,Inactive
U02791,Yes,2024-07-14,Competition
U02792,Yes,2024-03-25,Competition
U02793,Yes,2024-04-23,Price
U02794,No,,
U02795,Yes,2025-07-15,Inactive
U02796,No,,
U02797,Yes,2024-09-28,Competition
U02798,Yes,2024-09-29,Features
U02799,Yes,2024-10-16,Inactive
U02800,Yes,2025-03-07,Features
U02801,Yes,2024-10-01,Inactive
U02802,Yes,2024-09-27,Features
U02803,No,,
U02804,Yes,2024-09-13,Inactive
U02805,Yes,2024-08-08,Competition
U02806,Yes,2024-11-21,Competition
U02807,No,,
U02808,Yes,2024-08-04,Features
U02809,Yes,2024-12-13,Competition
U02810,Yes,2024-09-19,Inactive
U02811,Yes,2024-08-09,Inactive
U02812,Yes,2024-09-03,Inactive
U02813,Yes,2025-09-03,Price
U02814,Yes,2025-04-11,Features
U02815,Yes,2025-06-12,Features
U02816,Yes,2024-04-26,Competition
U02817,Yes,2024-10-26,Features
U02818,Yes,2024-09-09,Features
U02819,Yes,2024-11-12,Competition
U02820,Yes,2024-10-03,Competition
U02821,Yes,2024-03-14,Features
U02822,Yes,2025-03-29,Competition
U02823,Yes,2024-08-18,Features
U02824,Yes,2024-07-30,Price
U02825,Yes,2024-02-25,Features
U02826,Yes,2024-11-16,Competition
U02827,No,,
U02828,Yes,2024-12-30,Features
U02829,Yes,2024-10-30,Inactive
U02830,Yes,2025-03-06,Features
U02831,Yes,2024-06-29,Price
U02832,Yes,2024-08-11,Competition
U02833,Yes,2024-12-13,Inactive
U02834,Yes,2024-09-27,Inactive
U02835,Yes,2024-06-09,Features
U02836,Yes,2024-06-14,Price
U02837,Yes,2024-09-29,Features
U02838,Yes,2024-11-20,Price
U02839,Yes,2024-05-24,Inactive
U02840,No,,
U02841,No,,
U02842,Yes,2025-01-16,Inactive
U02843,Yes,2025-06-07,Features
U02844,Yes,2024-06-08,Features
U02845,Yes,2024-11-12,Inactive
U02846,Yes,2025-03-05,Competition
U02847,Yes,2025-05-12,Features
U02848,Yes,2024-11-12,Inactive
U02849,Yes,2025-09-19,Price
U02850,Yes,2024-05-02,Competition
U02851,No,,
U02852,Yes,2025-01-17,Competition
U02853,Yes,2024-06-14,Inactive
U02854,Yes,2024-12-30,Inactive
U02855,Yes,2025-02-03,Inactive
U02856,Yes,2024-06-04,Inactive
U02857,Yes,2025-07-01,Competition
U02858,Yes,2024-08-04,Price
U02859,Yes,2024-06-17,Competition
U02860,Yes,2024-09-22,Price
U02861,Yes,2024-12-15,Features
U02862,No,,
U02863,Yes,2024-07-03,Inactive
U02864,Yes,2025-04-01,Price
U02865,Yes,2025-01-09,Inactive
U02866,Yes,2024-11-17,Competition
U02867,Yes,2024-09-16,Price
U02868,No,,
U02869,Yes,2024-09-03,Price
U02870,No,,
U02871,Yes,2024-03-14,Price
U02872,Yes,2024-04-10,Inactive
U02873,Yes,2025-05-18,Price
U02874,Yes,2024-04-11,Inactive
U02875,Yes,2025-02-02,Competition
U02876,Yes,2025-10-16,Price
U02877,Yes,2025-05-16,Price
U02878,Yes,2025-07-01,Features
U02879,Yes,2024-11-12,Competition
U02880,No,,
U02881,Yes,2024-07-19,Features
U02882,Yes,2024-09-11,Competition
U02883,Yes,2024-09-20,Features
U02884,Yes,2024-08-09,Features
U02885,Yes,2024-12-25,Price
U02886,Yes,2024-07-02,Inactive
U02887,Yes,2025-03-26,Competition
U02888,Yes,2024-11-17,Price
U02889,Yes,2024-11-23,Features
U02890,Yes,2024-11-21,Competition
U02891,Yes,2024-10-22,Competition
U02892,Yes,2025-02-18,Price
U02893,Yes,2024-06-21,Price
U02894,Yes,2025-01-20,Features
U02895,No,,
U02896,Yes,2024-09-29,Price
U02897,Yes,2024-04-07,Price
U02898,Yes,2024-10-13,Features
U02899,Yes,2024-11-26,Price
U02900,Yes,2024-08-31,Competition
U02901,Yes,2024-05-10,Price
U02902,Yes,2024-09-02,Features
U02903,Yes,2024-08-20,Price
U02904,Yes,2024-08-12,Features
U02905,No,,
U02906,Yes,2024-12-10,Price
U02907,Yes,2024-11-19,Competition
U02908,Yes,2024-06-24,Features
U02909,Yes,2025-02-05,Competition
U02910,Yes,2024-10-23,Competition
U02911,Yes,2024-10-17,Price
U02912,Yes,2024-11-23,Price
U02913,Yes,2024-09-03,Price
U02914,Yes,2024-06-20,Features
U02915,No,,
U02916,Yes,2024-10-23,Competition
U02917,No,,
U02918,Yes,2025-01-19,Price
U02919,Yes,2024-10-25,Competition
U02920,Yes,2025-06-25,Competition
U02921,Yes,2024-02-13,Features
U02922,Yes,2025-02-04,Inactive
U02923,Yes,2025-08-07,Inactive
U02924,Yes,2024-06-20,Features
U02925,Yes,2024-06-13,Competition
U02926,Yes,2024-09-08,Price
U02927,Yes,2025-01-09,Price
U02928,Yes,2024-11-24,Price
U02929,Yes,2024-10-29,Features
U02930,Yes,2025-02-05,Price
U02931,Yes,2024-11-23,Competition
U02932,Yes,2024-09-24,Price
U02933,Yes,2025-01-10,Price
U02934,Yes,2024-12-20,Inactive
U02935,Yes,2024-10-29,Price
U02936,Yes,2025-03-06,Features
U02937,Yes,2024-05-27,Inactive
U02938,Yes,2024-12-27,Price
U02939,Yes,2024-09-22,Inactive
U02940,Yes,2025-06-28,Features
U02941,Yes,2025-06-27,Inactive
U02942,No,,
U02943,Yes,2024-04-21,Inactive
U02944,Yes,2025-04-28,Competition
U02945,Yes,2025-03-24,Inactive
U02946,Yes,2025-04-28,Price
U02947,Yes,2024-08-18,Features
U02948,Yes,2024-12-15,Price
U02949,Yes,2024-08-21,Inactive
U02950,Yes,2024-08-19,Inactive
U02951,Yes,2025-01-03,Price
U02952,Yes,2024-12-31,Inactive
U02953,Yes,2024-02-04,Features
U02954,Yes,2025-07-06,Price
U02955,Yes,2024-08-10,Competition
U02956,Yes,2024-07-09,Features
U02957,No,,
U02958,Yes,2024-08-05,Price
U02959,No,,
U02960,Yes,2025-06-23,Features
U02961,Yes,2024-10-06,Price
U02962,Yes,2024-05-24,Price
U02963,Yes,2024-03-08,Inactive
U02964,Yes,2025-06-06,Inactive
U02965,Yes,2025-06-08,Price
U02966,Yes,2024-02-06,Features
U02967,Yes,2025-04-06,Inactive
U02968,No,,
U02969,No,,
U02970,Yes,2025-04-28,Price
U02971,No,,
U02972,Yes,2025-07-19,Features
U02973,Yes,2025-01-08,Features
U02974,Yes,2024-10-25,Price
U02975,Yes,2025-02-03,Features
U02976,Yes,2025-02-15,Inactive
U02977,No,,
U02978,Yes,2024-12-17,Competition
U02979,Yes,2024-09-05,Features
U02980,Yes,2024-09-22,Features
U02981,Yes,2024-03-20,Inactive
U02982,Yes,2025-01-09,Competition
U02983,No,,
U02984,Yes,2024-05-17,Inactive
U02985,Yes,2024-12-16,Competition
U02986,Yes,2025-04-12,Competition
U02987,Yes,2025-05-19,Competition
U02988,Yes,2025-02-16,Inactive
U02989,Yes,2024-06-09,Price
U02990,Yes,2024-12-16,Price
U02991,Yes,2024-09-18,Price
U02992,Yes,2024-11-19,Price
U02993,Yes,2025-04-25,Inactive
U02994,Yes,2024-10-04,Price
U02995,Yes,2025-05-26,Features
U02996,Yes,2025-04-15,Competition
U02997,Yes,2025-02-14,Price
U02998,Yes,2025-07-27,Features
U02999,No,,
U03000,Yes,2024-12-07,Features
U03001,Yes,2025-10-09,Features
U03002,Yes,2024-03-11,Inactive
U03003,Yes,2025-03-01,Inactive
U03004,Yes,2024-08-03,Price
U03005,Yes,2024-05-15,Inactive
U03006,Yes,2024-10-31,Features
U03007,Yes,2025-04-22,Features
U03008,Yes,2024-08-02,Competition
U03009,Yes,2024-09-29,Competition
U03010,Yes,2024-10-07,Features
U03011,No,,
U03012,Yes,2024-02-26,Features
U03013,No,,
U03014,Yes,2024-02-04,Competition
U03015,Yes,2024-07-23,Price
U03016,No,,
U03017,Yes,2025-02-15,Competition
U03018,Yes,2024-02-21,Competition
U03019,Yes,2025-07-06,Inactive
U03020,Yes,2025-03-09,Price
U03021,Yes,2025-01-18,Inactive
U03022,Yes,2024-09-25,Price
U03023,Yes,2024-11-23,Features
U03024,Yes,2025-05-10,Features
U03025,Yes,2025-01-17,Features
U03026,Yes,2024-11-15,Inactive
U03027,Yes,2024-03-03,Features
U03028,Yes,2024-03-05,Competition
U03029,Yes,2024-02-27,Price
U03030,Yes,2025-02-28,Competition
U03031,Yes,2024-02-28,Features
U03032,Yes,2024-12-24,Competition
U03033,Yes,2025-02-06,Competition
U03034,Yes,2024-12-09,Features
U03035,Yes,2024-08-20,Features
U03036,Yes,2024-09-29,Inactive
U03037,Yes,2024-04-23,Price
U03038,Yes,2024-09-10,Features
U03039,Yes,2025-03-15,Inactive
U03040,Yes,2024-07-31,Features
U03041,Yes,2024-11-20,Competition
U03042,Yes,2024-02-23,Price
U03043,Yes,2024-10-30,Inactive
U03044,Yes,2024-10-07,Price
U03045,Yes,2025-01-09,Features
U03046,No,,
U03047,Yes,2025-03-08,Price
U03048,No,,
U03049,Yes,2025-04-07,Price
U03050,Yes,2024-08-21,Competition
U03051,No,,
U03052,Yes,2024-06-08,Inactive
U03053,Yes,2024-11-03,Inactive
U03054,Yes,2025-06-16,Features
U03055,Yes,2024-08-03,Features
U03056,Yes,2024-05-06,Competition
U03057,Yes,2024-04-23,Inactive
U03058,Yes,2025-02-05,Price
U03059,Yes,2024-02-07,Inactive
U03060,Yes,2024-06-04,Inactive
U03061,Yes,2024-03-22,Inactive
U03062,Yes,2024-08-16,Competition
U03063,Yes,2025-02-22,Features
U03064,Yes,2024-07-07,Price
U03065,Yes,2024-10-20,Features
U03066,Yes,2024-07-13,Features
U03067,Yes,2025-01-13,Price
U03068,Yes,2025-06-19,Competition
U03069,Yes,2025-04-16,Features
U03070,Yes,2025-01-12,Features
U03071,Yes,2024-11-29,Features
U03072,No,,
U03073,No,,
U03074,Yes,2024-09-07,Price
U03075,Yes,2024-11-22,Features
U03076,No,,
U03077,Yes,2024-08-02,Competition
U03078,Yes,2025-03-09,Inactive
U03079,Yes,2024-10-27,Inactive
U03080,Yes,2024-02-23,Features
U03081,Yes,2024-04-28,Price
U03082,No,,
U03083,Yes,2025-02-20,Features
U03084,Yes,2024-08-17,Inactive
U03085,Yes,2024-12-08,Inactive
U03086,Yes,2024-08-29,Inactive
U03087,Yes,2025-01-22,Features
U03088,Yes,2024-04-11,Competition
U03089,Yes,2024-06-14,Features
U03090,No,,
U03091,Yes,2024-09-23,Competition
U03092,Yes,2025-02-19,Features
U03093,No,,
U03094,Yes,2025-04-23,Features
U03095,Yes,2024-06-04,Features
U03096,Yes,2024-12-14,Inactive
U03097,Yes,2024-10-14,Price
U03098,Yes,2024-10-07,Price
U03099,No,,
U03100,Yes,2024-10-15,Inactive
U03101,No,,
U03102,Yes,2025-06-11,Competition
U03103,Yes,2025-02-07,Features
U03104,Yes,2025-01-16,Inactive
U03105,Yes,2025-01-16,Features
U03106,Yes,2025-07-06,Price
U03107,No,,
U03108,Yes,2024-07-14,Features
U03109,Yes,2024-05-17,Features
U03110,No,,
U03111,No,,
U03112,Yes,2024-08-22,Features
U03113,No,,
U03114,Yes,2025-01-06,Inactive
U03115,Yes,2024-11-21,Competition
U03116,Yes,2024-09-03,Competition
U03117,Yes,2024-07-14,Features
U03118,Yes,2024-09-02,Price
U03119,Yes,2025-01-28,Inactive
U03120,No,,
U03121,Yes,2025-03-22,Inactive
U03122,Yes,2024-10-13,Features
U03123,Yes,2025-02-10,Features
U03124,Yes,2025-02-26,Price
U03125,Yes,2024-08-26,Price
U03126,Yes,2024-06-07,Features
U03127,Yes,2024-09-28,Price
U03128,Yes,2025-02-23,Competition
U03129,Yes,2024-12-15,Features
U03130,No,,
U03131,Yes,2024-11-07,Competition
U03132,Yes,2025-05-23,Inactive
U03133,Yes,2024-09-27,Features
U03134,Yes,2024-11-13,Competition
U03135,No,,
U03136,Yes,2024-12-26,Inactive
U03137,Yes,2025-04-22,Price
U03138,Yes,2024-10-24,Price
U03139,Yes,2025-02-04,Price
U03140,Yes,2024-12-20,Features
U03141,Yes,2024-11-28,Price
U03142,Yes,2024-09-28,Price
U03143,Yes,2024-12-18,Features
U03144,Yes,2025-06-08,Price
U03145,Yes,2025-05-08,Competition
U03146,Yes,2024-10-29,Features
U03147,Yes,2024-10-23,Price
U03148,No,,
U03149,Yes,2024-10-09,Inactive
U03150,Yes,2025-02-15,Inactive
U03151,Yes,2024-11-28,Competition
U03152,Yes,2024-05-17,Price
U03153,Yes,2024-10-28,Features
U03154,Yes,2024-07-26,Price
U03155,Yes,2024-12-19,Competition
U03156,Yes,2024-10-18,Features
U03157,Yes,2024-05-16,Competition
U03158,Yes,2024-12-27,Inactive
U03159,Yes,2024-11-24,Price
U03160,Yes,2024-10-15,Competition
U03161,Yes,2025-01-21,Competition
U03162,Yes,2024-12-13,Features
U03163,Yes,2025-09-15,Price
U03164,Yes,2024-09-20,Features
U03165,Yes,2025-01-17,Price
U03166,No,,
U03167,Yes,2024-10-23,Inactive
U03168,Yes,2025-05-26,Competition
U03169,Yes,2024-04-19,Inactive
U03170,No,,
U03171,Yes,2024-08-16,Price
U03172,Yes,2024-07-08,Price
U03173,Yes,2025-02-04,Inactive
U03174,Yes,2025-02-03,Competition
U03175,Yes,2024-07-16,Competition
U03176,Yes,2024-11-28,Competition
U03177,Yes,2024-08-28,Features
U03178,No,,
U03179,Yes,2025-05-04,Competition
U03180,Yes,2024-09-10,Competition
U03181,Yes,2024-12-14,Competition
U03182,Yes,2024-12-22,Competition
U03183,Yes,2024-12-05,Inactive
U03184,Yes,2024-12-19,Competition
U03185,Yes,2024-06-26,Features
U03186,Yes,2025-02-10,Inactive
U03187,Yes,2024-10-15,Inactive
U03188,Yes,2025-02-17,Inactive
U03189,Yes,2024-12-16,Competition
U03190,Yes,2024-11-06,Features
U03191,Yes,2024-04-21,Features
U03192,Yes,2025-05-10,Features
U03193,No,,
U03194,Yes,2024-10-11,Inactive
U03195,Yes,2024-04-18,Competition
U03196,Yes,2025-04-12,Price
U03197,Yes,2024-10-20,Competition
U03198,Yes,2024-05-13,Competition
U03199,Yes,2024-08-13,Inactive
U03200,Yes,2025-01-15,Price
U03201,Yes,2025-04-24,Competition
U03202,Yes,2025-08-07,Features
U03203,Yes,2024-03-17,Price
U03204,Yes,2024-08-23,Price
U03205,No,,
U03206,Yes,2025-03-02,Inactive
U03207,Yes,2024-05-15,Price
U03208,Yes,2024-05-07,Features
U03209,Yes,2024-06-11,Competition
U03210,No,,
U03211,No,,
U03212,Yes,2025-01-08,Features
U03213,Yes,2024-05-01,Competition
U03214,Yes,2025-06-02,Features
U03215,No,,
U03216,Yes,2024-09-02,Inactive
U03217,Yes,2024-09-14,Features
U03218,Yes,2024-10-05,Competition
U03219,Yes,2025-03-10,Inactive
U03220,No,,
U03221,Yes,2024-07-25,Inactive
U03222,No,,
U03223,Yes,2025-05-03,Price
U03224,No,,
U03225,Yes,2024-06-23,Features
U03226,No,,
U03227,Yes,2024-11-28,Price
U03228,Yes,2024-09-04,Inactive
U03229,Yes,2024-11-15,Features
U03230,Yes,2024-09-12,Inactive
U03231,Yes,2024-07-25,Features
U03232,Yes,2024-04-20,Inactive
U03233,Yes,2024-12-03,Price
U03234,Yes,2024-11-27,Competition
U03235,Yes,2024-09-24,Features
U03236,Yes,2024-07-05,Competition
U03237,Yes,2025-05-05,Price
U03238,Yes,2024-11-09,Price
U03239,Yes,2024-10-03,Price
U03240,Yes,2024-05-24,Price
U03241,Yes,2025-01-22,Features
U03242,Yes,2024-07-13,Features
U03243,Yes,2025-08-27,Features
U03244,Yes,2025-05-30,Price
U03245,Yes,2024-05-29,Features
U03246,Yes,2025-03-13,Features
U03247,Yes,2024-12-23,Features
U03248,Yes,2024-07-31,Inactive
U03249,No,,
U03250,Yes,2025-01-19,Features
U03251,Yes,2024-10-30,Inactive
U03252,Yes,2024-03-25,Competition
U03253,Yes,2025-01-05,Price
U03254,Yes,2024-03-18,Inactive
U03255,Yes,2025-01-28,Price
U03256,Yes,2025-01-10,Competition
U03257,Yes,2024-12-11,Inactive
U03258,Yes,2024-04-12,Price
U03259,Yes,2024-09-07,Inactive
U03260,Yes,2024-07-05,Inactive
U03261,Yes,2024-10-21,Inactive
U03262,Yes,2024-08-21,Inactive
U03263,Yes,2025-01-31,Competition
U03264,Yes,2024-06-22,Features
U03265,Yes,2024-10-20,Inactive
U03266,Yes,2024-07-19,Inactive
U03267,Yes,2024-08-02,Inactive
U03268,Yes,2024-12-28,Price
U03269,Yes,2024-09-20,Features
U03270,Yes,2025-03-30,Inactive
U03271,Yes,2025-01-08,Competition
U03272,Yes,2025-03-12,Price
U03273,Yes,2024-04-29,Price
U03274,Yes,2024-07-03,Price
U03275,Yes,2025-04-02,Competition
U03276,Yes,2024-06-20,Competition
U03277,No,,
U03278,Yes,2024-10-14,Competition
U03279,Yes,2024-05-11,Inactive
U03280,No,,
U03281,Yes,2024-11-09,Price
U03282,Yes,2025-03-15,Competition
U03283,Yes,2025-01-29,Features
U03284,Yes,2024-09-11,Competition
U03285,Yes,2024-12-02,Competition
U03286,Yes,2025-04-27,Features
U03287,Yes,2024-08-09,Inactive
U03288,Yes,2025-10-21,Price
U03289,Yes,2024-08-12,Features
U03290,Yes,2025-06-05,Price
U03291,Yes,2024-12-13,Competition
U03292,Yes,2024-07-29,Price
U03293,Yes,2024-06-21,Features
U03294,Yes,2024-05-22,Competition
U03295,Yes,2024-09-27,Price
U03296,Yes,2024-06-21,Competition
U03297,Yes,2024-08-09,Competition
U03298,Yes,2025-07-27,Price
U03299,No,,
U03300,Yes,2025-05-24,Features
U03301,Yes,2025-02-07,Inactive
U03302,Yes,2024-09-23,Price
U03303,Yes,2024-12-07,Competition
U03304,Yes,2024-09-11,Price
U03305,Yes,2024-12-10,Price
U03306,Yes,2025-01-15,Price
U03307,Yes,2024-09-21,Competition
U03308,Yes,2025-02-20,Features
U03309,Yes,2024-06-24,Features
U03310,Yes,2025-03-05,Features
U03311,Yes,2025-05-15,Competition
U03312,Yes,2024-08-13,Inactive
U03313,Yes,2025-02-11,Price
U03314,Yes,2025-06-12,Inactive
U03315,Yes,2024-07-24,Features
U03316,Yes,2024-05-20,Competition
U03317,No,,
U03318,No,,
U03319,Yes,2025-05-18,Price
U03320,Yes,2024-05-10,Inactive
U03321,Yes,2024-07-23,Features
U03322,Yes,2025-05-06,Inactive
U03323,Yes,2025-02-23,Features
U03324,Yes,2025-02-18,Features
U03325,Yes,2025-05-04,Competition
U03326,No,,
U03327,Yes,2024-11-02,Features
U03328,Yes,2025-02-20,Competition
U03329,Yes,2025-05-02,Competition
U03330,No,,
U03331,Yes,2024-09-29,Price
U03332,Yes,2024-05-31,Features
U03333,Yes,2025-09-25,Competition
U03334,Yes,2024-05-24,Competition
U03335,Yes,2024-09-01,Features
U03336,Yes,2024-04-29,Features
U03337,Yes,2024-08-09,Competition
U03338,Yes,2024-02-24,Features
U03339,Yes,2024-11-16,Inactive
U03340,Yes,2024-07-17,Price
U03341,Yes,2024-10-09,Price
U03342,Yes,2024-10-25,Inactive
U03343,Yes,2024-09-13,Competition
U03344,Yes,2024-07-09,Inactive
U03345,Yes,2024-08-03,Features
U03346,Yes,2024-02-10,Price
U03347,Yes,2024-08-26,Price
U03348,Yes,2024-04-22,Competition
U03349,Yes,2025-05-20,Price
U03350,Yes,2025-01-31,Price
U03351,Yes,2025-04-06,Price
U03352,Yes,2025-01-16,Price
U03353,Yes,2024-09-22,Competition
U03354,Yes,2025-01-01,Competition
U03355,Yes,2024-11-01,Competition
U03356,Yes,2024-08-29,Features
U03357,Yes,2024-11-01,Features
U03358,Yes,2024-09-20,Competition
U03359,Yes,2025-03-26,Competition
U03360,Yes,2025-01-31,Competition
U03361,Yes,2024-10-26,Inactive
U03362,No,,
U03363,Yes,2024-08-19,Competition
U03364,Yes,2024-07-13,Features
U03365,Yes,2024-08-19,Features
U03366,Yes,2025-04-21,Price
U03367,Yes,2024-03-02,Inactive
U03368,No,,
U03369,Yes,2024-05-11,Features
U03370,Yes,2025-07-04,Inactive
U03371,Yes,2025-06-21,Features
U03372,No,,
U03373,Yes,2024-06-11,Competition
U03374,Yes,2025-04-28,Inactive
U03375,Yes,2024-12-15,Inactive
U03376,No,,
U03377,No,,
U03378,Yes,2025-05-03,Competition
U03379,Yes,2025-03-08,Inactive
U03380,Yes,2025-04-02,Inactive
U03381,Yes,2025-04-24,Inactive
U03382,Yes,2025-05-24,Features
U03383,Yes,2024-09-15,Inactive
U03384,Yes,2024-02-25,Features
U03385,Yes,2024-06-21,Inactive
U03386,Yes,2025-02-06,Price
U03387,Yes,2024-08-30,Inactive
U03388,Yes,2024-11-12,Features
U03389,Yes,2025-02-07,Price
U03390,No,,
U03391,Yes,2025-03-24,Price
U03392,Yes,2024-05-25,Features
U03393,Yes,2024-08-08,Price
U03394,Yes,2025-03-07,Inactive
U03395,Yes,2024-07-30,Competition
U03396,Yes,2024-11-29,Inactive
U03397,Yes,2024-10-15,Competition
U03398,Yes,2024-12-16,Inactive
U03399,Yes,2024-08-01,Competition
U03400,Yes,2024-02-12,Price
U03401,Yes,2024-10-29,Price
U03402,Yes,2024-05-10,Features
U03403,Yes,2024-10-23,Features
U03404,Yes,2024-10-30,Price
U03405,Yes,2025-01-26,Inactive
U03406,Yes,2025-01-20,Inactive
U03407,Yes,2024-07-25,Competition
U03408,Yes,2024-12-07,Inactive
U03409,Yes,2024-10-09,Competition
U03410,Yes,2024-08-31,Features
U03411,Yes,2025-10-03,Features
U03412,Yes,2024-12-24,Inactive
U03413,Yes,2025-08-22,Features
U03414,Yes,2024-10-30,Competition
U03415,Yes,2025-05-27,Inactive
U03416,Yes,2024-09-05,Inactive
U03417,Yes,2024-10-03,Competition
U03418,Yes,2024-11-10,Features
U03419,No,,
U03420,Yes,2025-01-03,Competition
U03421,Yes,2024-10-10,Price
U03422,Yes,2024-06-03,Features
U03423,Yes,2024-06-19,Competition
U03424,Yes,2025-05-01,Features
U03425,Yes,2024-12-28,Competition
U03426,Yes,2024-07-09,Price
U03427,No,,
U03428,Yes,2025-04-16,Competition
U03429,Yes,2024-12-10,Features
U03430,Yes,2024-10-04,Price
U03431,Yes,2025-04-09,Price
U03432,No,,
U03433,Yes,2025-04-12,Features
U03434,Yes,2024-11-16,Inactive
U03435,Yes,2024-03-29,Inactive
U03436,Yes,2024-03-01,Competition
U03437,Yes,2024-06-09,Price
U03438,Yes,2024-05-07,Features
U03439,Yes,2025-02-02,Features
U03440,Yes,2024-12-19,Features
U03441,Yes,2024-12-24,Inactive
U03442,No,,
U03443,Yes,2025-04-13,Inactive
U03444,Yes,2024-08-10,Features
U03445,Yes,2024-05-30,Competition
U03446,Yes,2025-03-07,Inactive
U03447,Yes,2024-09-29,Price
U03448,Yes,2024-06-04,Competition
U03449,Yes,2024-12-05,Features
U03450,No,,
U03451,Yes,2025-05-07,Inactive
U03452,No,,
U03453,Yes,2025-05-13,Features
U03454,Yes,2024-07-11,Features
U03455,Yes,2024-11-05,Competition
U03456,Yes,2024-04-12,Competition
U03457,Yes,2024-08-13,Price
U03458,Yes,2025-03-20,Price
U03459,Yes,2024-05-24,Features
U03460,Yes,2024-09-29,Price
U03461,Yes,2024-09-28,Inactive
U03462,Yes,2025-02-14,Competition
U03463,Yes,2025-01-02,Features
U03464,Yes,2024-06-07,Features
U03465,Yes,2024-05-20,Competition
U03466,Yes,2025-01-04,Price
U03467,Yes,2025-01-20,Competition
U03468,Yes,2024-06-28,Inactive
U03469,Yes,2024-03-26,Features
U03470,Yes,2024-12-01,Competition
U03471,Yes,2024-05-14,Competition
U03472,Yes,2025-06-10,Inactive
U03473,No,,
U03474,Yes,2024-03-27,Features
U03475,Yes,2024-04-04,Features
U03476,Yes,2024-07-03,Price
U03477,Yes,2024-08-28,Features
U03478,Yes,2025-01-16,Inactive
U03479,Yes,2024-11-16,Price
U03480,Yes,2024-05-09,Inactive
U03481,Yes,2025-04-14,Competition
U03482,Yes,2025-02-08,Price
U03483,Yes,2025-01-28,Competition
U03484,Yes,2024-12-13,Price
U03485,Yes,2025-04-01,Features
U03486,Yes,2025-01-09,Features
U03487,Yes,2025-04-07,Inactive
U03488,Yes,2024-10-29,Competition
U03489,Yes,2024-07-11,Features
U03490,Yes,2024-08-17,Price
U03491,Yes,2024-12-14,Features
U03492,Yes,2024-11-22,Price
U03493,No,,
U03494,Yes,2025-06-14,Price
U03495,Yes,2024-12-17,Features
U03496,Yes,2024-08-03,Competition
U03497,Yes,2024-03-19,Price
U03498,Yes,2024-06-29,Competition
U03499,Yes,2024-09-25,Inactive
U03500,No,,
U03501,Yes,2024-08-28,Competition
U03502,Yes,2024-08-20,Competition
U03503,Yes,2024-11-04,Price
U03504,Yes,2024-11-05,Price
U03505,Yes,2025-01-12,Competition
U03506,Yes,2025-03-09,Inactive
U03507,Yes,2024-10-02,Competition
U03508,Yes,2024-06-24,Competition
U03509,Yes,2024-06-16,Inactive
U03510,Yes,2024-09-03,Price
U03511,Yes,2024-10-19,Competition
U03512,Yes,2024-05-31,Price
U03513,Yes,2024-12-09,Features
U03514,Yes,2025-01-02,Features
U03515,Yes,2024-03-11,Competition
U03516,Yes,2025-06-10,Inactive
U03517,Yes,2024-10-04,Competition
U03518,Yes,2025-02-01,Competition
U03519,Yes,2024-12-07,Price
U03520,Yes,2024-07-08,Price
U03521,Yes,2024-11-20,Price
U03522,Yes,2024-11-20,Features
U03523,Yes,2024-12-14,Inactive
U03524,Yes,2024-07-21,Features
U03525,Yes,2025-04-29,Price
U03526,No,,
U03527,No,,
U03528,Yes,2025-06-24,Price
U03529,Yes,2024-05-09,Competition
U03530,Yes,2025-03-25,Competition
U03531,Yes,2024-09-03,Competition
U03532,Yes,2024-11-08,Features
U03533,Yes,2024-11-24,Inactive
U03534,Yes,2024-03-10,Inactive
U03535,Yes,2024-05-13,Features
U03536,Yes,2025-01-27,Competition
U03537,Yes,2024-08-15,Competition
U03538,Yes,2024-12-31,Inactive
U03539,Yes,2024-11-25,Competition
U03540,Yes,2024-11-11,Competition
U03541,No,,
U03542,Yes,2024-08-26,Price
U03543,Yes,2025-03-22,Competition
U03544,Yes,2024-11-09,Features
U03545,Yes,2024-05-10,Features
U03546,Yes,2025-02-26,Price
U03547,Yes,2024-06-14,Competition
U03548,Yes,2025-05-30,Competition
U03549,Yes,2024-05-16,Competition
U03550,Yes,2024-06-16,Features
U03551,No,,
U03552,Yes,2025-01-30,Competition
U03553,Yes,2024-06-17,Inactive
U03554,No,,
U03555,Yes,2024-10-08,Price
U03556,No,,
U03557,Yes,2025-01-02,Features
U03558,Yes,2025-02-20,Features
U03559,Yes,2025-04-27,Inactive
U03560,Yes,2024-05-08,Features
U03561,Yes,2025-04-19,Price
U03562,No,,
U03563,Yes,2024-08-17,Competition
U03564,Yes,2024-10-09,Features
U03565,No,,
U03566,Yes,2024-08-02,Inactive
U03567,Yes,2024-06-07,Inactive
U03568,Yes,2024-03-13,Competition
U03569,No,,
U03570,Yes,2024-06-11,Features
U03571,No,,
U03572,Yes,2024-10-07,Inactive
U03573,Yes,2025-01-26,Price
U03574,Yes,2025-03-21,Price
U03575,Yes,2024-07-08,Price
U03576,Yes,2024-06-11,Features
U03577,Yes,2024-04-20,Features
U03578,Yes,2025-04-25,Inactive
U03579,No,,
U03580,Yes,2024-06-06,Price
U03581,No,,
U03582,Yes,2025-01-27,Competition
U03583,Yes,2024-12-10,Competition
U03584,Yes,2024-12-02,Inactive
U03585,Yes,2024-08-26,Competition
U03586,Yes,2025-03-16,Inactive
U03587,No,,
U03588,Yes,2025-01-05,Competition
U03589,Yes,2025-01-12,Price
U03590,Yes,2025-05-11,Inactive
U03591,Yes,2025-02-17,Features
U03592,Yes,2025-05-03,Features
U03593,Yes,2025-01-25,Features
U03594,Yes,2024-11-12,Features
U03595,Yes,2024-05-14,Competition
U03596,Yes,2025-04-11,Competition
U03597,Yes,2024-12-10,Price
U03598,Yes,2024-10-01,Inactive
U03599,Yes,2024-12-22,Competition
U03600,Yes,2024-10-17,Features
U03601,Yes,2025-03-06,Price
U03602,No,,
U03603,Yes,2024-10-30,Inactive
U03604,Yes,2024-10-01,Features
U03605,Yes,2025-01-14,Competition
U03606,Yes,2024-07-04,Competition
U03607,Yes,2024-10-22,Price
U03608,Yes,2024-12-13,Competition
U03609,Yes,2025-02-21,Competition
U03610,Yes,2024-07-03,Inactive
U03611,Yes,2024-11-10,Price
U03612,Yes,2025-07-23,Competition
U03613,Yes,2025-03-01,Features
U03614,Yes,2025-04-29,Price
U03615,Yes,2024-12-08,Price
U03616,Yes,2025-04-19,Price
U03617,Yes,2025-04-29,Inactive
U03618,Yes,2025-04-30,Features
U03619,Yes,2025-02-14,Price
U03620,Yes,2025-03-03,Competition
U03621,Yes,2024-05-06,Features
U03622,No,,
U03623,Yes,2025-04-13,Competition
U03624,Yes,2025-09-16,Competition
U03625,Yes,2025-06-01,Inactive
U03626,Yes,2024-12-16,Price
U03627,Yes,2025-03-20,Features
U03628,Yes,2025-01-01,Price
U03629,Yes,2025-04-03,Price
U03630,Yes,2024-08-03,Competition
U03631,Yes,2024-09-23,Price
U03632,Yes,2024-09-19,Price
U03633,Yes,2024-10-26,Inactive
U03634,Yes,2024-12-28,Competition
U03635,Yes,2024-11-20,Price
U03636,Yes,2024-06-12,Competition
U03637,Yes,2024-09-19,Price
U03638,No,,
U03639,Yes,2025-02-01,Features
U03640,Yes,2024-04-19,Features
U03641,Yes,2024-06-20,Inactive
U03642,Yes,2024-11-15,Inactive
U03643,Yes,2024-07-08,Price
U03644,Yes,2025-03-19,Price
U03645,Yes,2024-07-11,Price
U03646,Yes,2025-06-19,Inactive
U03647,Yes,2024-08-31,Price
U03648,Yes,2024-09-19,Competition
U03649,Yes,2025-03-21,Features
U03650,Yes,2024-09-22,Features
U03651,No,,
U03652,Yes,2024-07-30,Inactive
U03653,Yes,2025-02-02,Price
U03654,Yes,2024-09-23,Competition
U03655,Yes,2024-08-28,Features
U03656,Yes,2024-03-31,Price
U03657,Yes,2024-06-09,Features
U03658,Yes,2024-04-03,Inactive
U03659,Yes,2024-08-23,Inactive
U03660,Yes,2025-01-06,Features
U03661,Yes,2024-05-23,Price
U03662,No,,
U03663,Yes,2025-03-19,Features
U03664,Yes,2024-12-21,Inactive
U03665,Yes,2025-08-07,Features
U03666,Yes,2024-09-02,Competition
U03667,Yes,2024-07-25,Competition
U03668,Yes,2025-02-03,Inactive
U03669,Yes,2024-11-23,Features
U03670,Yes,2024-04-02,Inactive
U03671,Yes,2025-01-18,Competition
U03672,Yes,2025-01-14,Inactive
U03673,Yes,2025-01-26,Inactive
U03674,No,,
U03675,Yes,2025-04-10,Inactive
U03676,Yes,2025-06-23,Inactive
U03677,Yes,2024-08-11,Inactive
U03678,Yes,2024-10-08,Price
U03679,Yes,2024-06-12,Price
U03680,Yes,2024-08-27,Inactive
U03681,Yes,2025-01-04,Inactive
U03682,Yes,2025-04-08,Features
U03683,Yes,2024-07-03,Competition
U03684,Yes,2025-03-03,Inactive
U03685,Yes,2024-08-27,Price
U03686,Yes,2024-06-24,Competition
U03687,Yes,2025-01-02,Inactive
U03688,Yes,2025-02-09,Competition
U03689,No,,
U03690,Yes,2025-05-08,Competition
U03691,Yes,2024-12-25,Inactive
U03692,Yes,2025-03-07,Features
U03693,Yes,2024-10-24,Inactive
U03694,Yes,2024-08-01,Inactive
U03695,Yes,2025-01-22,Competition
U03696,Yes,2025-01-31,Inactive
U03697,Yes,2024-09-28,Inactive
U03698,Yes,2024-09-04,Inactive
U03699,Yes,2025-01-04,Inactive
U03700,Yes,2025-02-23,Price
U03701,Yes,2024-11-05,Inactive
U03702,Yes,2024-08-03,Features
U03703,Yes,2025-02-02,Features
U03704,Yes,2025-04-18,Competition
U03705,Yes,2024-06-07,Competition
U03706,Yes,2024-05-06,Inactive
U03707,Yes,2025-05-31,Features
U03708,Yes,2025-02-11,Competition
U03709,Yes,2024-12-27,Features
U03710,Yes,2024-08-08,Inactive
U03711,Yes,2025-07-21,Features
U03712,Yes,2024-03-31,Competition
U03713,Yes,2024-06-28,Competition
U03714,Yes,2024-11-03,Competition
U03715,Yes,2024-11-27,Competition
U03716,Yes,2024-08-05,Competition
U03717,Yes,2025-03-18,Features
U03718,Yes,2025-05-14,Features
U03719,Yes,2024-11-26,Inactive
U03720,Yes,2024-09-01,Features
U03721,Yes,2024-12-11,Competition
U03722,Yes,2024-04-13,Inactive
U03723,Yes,2025-01-08,Price
U03724,Yes,2024-07-27,Features
U03725,Yes,2025-01-08,Competition
U03726,Yes,2025-02-09,Competition
U03727,Yes,2025-03-09,Inactive
U03728,Yes,2024-12-03,Inactive
U03729,Yes,2024-09-06,Competition
U03730,Yes,2024-12-11,Inactive
U03731,Yes,2024-08-03,Features
U03732,No,,
U03733,Yes,2024-09-01,Features
U03734,Yes,2024-12-04,Competition
U03735,Yes,2024-11-28,Inactive
U03736,Yes,2024-08-30,Inactive
U03737,Yes,2024-12-17,Competition
U03738,Yes,2024-08-27,Inactive
U03739,No,,
U03740,Yes,2024-03-03,Inactive
U03741,Yes,2024-08-21,Features
U03742,Yes,2024-04-12,Inactive
U03743,Yes,2024-12-17,Features
U03744,Yes,2024-09-14,Competition
U03745,Yes,2024-07-31,Inactive
U03746,Yes,2024-06-26,Inactive
U03747,Yes,2024-12-09,Features
U03748,Yes,2024-09-20,Price
U03749,Yes,2024-09-15,Features
U03750,Yes,2025-01-04,Competition
U03751,Yes,2024-10-15,Competition
U03752,Yes,2024-02-14,Price
U03753,Yes,2025-01-12,Inactive
U03754,No,,
U03755,Yes,2025-02-19,Features
U03756,Yes,2025-01-04,Inactive
U03757,Yes,2024-09-18,Price
U03758,Yes,2025-01-23,Features
U03759,Yes,2025-11-15,Competition
U03760,Yes,2025-06-24,Features
U03761,Yes,2025-08-18,Competition
U03762,Yes,2025-01-04,Competition
U03763,Yes,2025-03-21,Inactive
U03764,Yes,2024-10-15,Inactive
U03765,Yes,2024-03-26,Competition
U03766,Yes,2025-06-21,Features
U03767,Yes,2024-09-24,Inactive
U03768,No,,
U03769,Yes,2024-05-21,Inactive
U03770,Yes,2024-09-01,Competition
U03771,No,,
U03772,No,,
U03773,Yes,2025-01-26,Competition
U03774,Yes,2024-08-28,Inactive
U03775,Yes,2024-09-25,Competition
U03776,Yes,2025-01-04,Price
U03777,Yes,2024-10-30,Features
U03778,Yes,2024-11-03,Inactive
U03779,Yes,2024-06-29,Features
U03780,Yes,2024-09-08,Price
U03781,No,,
U03782,Yes,2025-07-16,Price
U03783,Yes,2024-09-20,Inactive
U03784,Yes,2024-09-26,Inactive
U03785,Yes,2024-08-06,Inactive
U03786,Yes,2024-10-04,Price
U03787,Yes,2024-08-13,Competition
U03788,No,,
U03789,Yes,2025-01-25,Price
U03790,No,,
U03791,Yes,2024-08-12,Features
U03792,No,,
U03793,Yes,2025-10-07,Features
U03794,Yes,2024-10-11,Features
U03795,Yes,2024-09-26,Features
U03796,Yes,2025-03-09,Competition
U03797,Yes,2024-06-29,Inactive
U03798,No,,
U03799,Yes,2024-09-22,Inactive
U03800,Yes,2025-05-13,Inactive
U03801,Yes,2024-12-29,Competition
U03802,Yes,2025-05-30,Features
U03803,Yes,2024-10-01,Inactive
U03804,Yes,2025-06-24,Price
U03805,Yes,2024-11-17,Competition
U03806,Yes,2024-05-06,Competition
U03807,Yes,2024-09-16,Inactive
U03808,Yes,2024-04-09,Inactive
U03809,Yes,2025-01-04,Features
U03810,Yes,2024-09-22,Price
U03811,Yes,2025-01-31,Competition
U03812,Yes,2025-03-06,Price
U03813,Yes,2025-03-27,Inactive
U03814,No,,
U03815,Yes,2024-05-08,Features
U03816,Yes,2025-04-25,Inactive
U03817,Yes,2024-10-10,Inactive
U03818,Yes,2025-03-06,Features
U03819,Yes,2025-03-06,Price
U03820,Yes,2024-09-22,Inactive
U03821,Yes,2024-10-22,Competition
U03822,Yes,2024-08-18,Features
U03823,Yes,2024-02-14,Inactive
U03824,Yes,2025-01-11,Features
U03825,Yes,2025-02-14,Price
U03826,Yes,2025-05-17,Features
U03827,Yes,2024-04-14,Competition
U03828,Yes,2024-10-21,Competition
U03829,No,,
U03830,Yes,2025-08-18,Competition
U03831,Yes,2024-11-18,Price
U03832,No,,
U03833,Yes,2024-12-05,Features
U03834,Yes,2025-03-31,Inactive
U03835,Yes,2025-04-29,Inactive
U03836,Yes,2024-09-06,Inactive
U03837,Yes,2024-10-11,Competition
U03838,No,,
U03839,Yes,2024-12-23,Price
U03840,Yes,2025-08-01,Inactive
U03841,Yes,2024-10-11,Competition
U03842,Yes,2025-01-12,Features
U03843,Yes,2024-07-10,Competition
U03844,Yes,2024-12-13,Features
U03845,Yes,2024-07-30,Features
U03846,Yes,2024-08-12,Inactive
U03847,Yes,2024-08-15,Price
U03848,Yes,2024-06-22,Inactive
U03849,No,,
U03850,Yes,2024-08-13,Inactive
U03851,Yes,2025-01-19,Competition
U03852,No,,
U03853,Yes,2024-08-29,Features
U03854,Yes,2025-01-22,Inactive
U03855,Yes,2025-01-31,Features
U03856,Yes,2024-10-03,Competition
U03857,No,,
U03858,Yes,2024-12-30,Price
U03859,Yes,2024-09-13,Inactive
U03860,Yes,2024-06-16,Features
U03861,Yes,2025-01-18,Features
U03862,Yes,2025-01-24,Features
U03863,Yes,2024-05-18,Competition
U03864,Yes,2025-03-12,Features
U03865,Yes,2025-01-26,Competition
U03866,Yes,2025-01-20,Price
U03867,Yes,2025-02-10,Features
U03868,Yes,2025-03-03,Inactive
U03869,Yes,2025-01-15,Features
U03870,Yes,2025-03-06,Features
U03871,Yes,2024-10-10,Price
U03872,Yes,2025-03-19,Price
U03873,Yes,2025-02-15,Competition
U03874,Yes,2024-10-01,Competition
U03875,Yes,2025-02-20,Competition
U03876,Yes,2024-07-13,Price
U03877,Yes,2024-12-23,Price
U03878,No,,
U03879,Yes,2024-07-08,Competition
U03880,Yes,2024-03-25,Competition
U03881,Yes,2025-01-18,Price
U03882,Yes,2024-05-07,Competition
U03883,Yes,2024-12-17,Features
U03884,Yes,2024-03-07,Features
U03885,Yes,2024-11-25,Competition
U03886,Yes,2024-10-11,Price
U03887,Yes,2024-09-03,Features
U03888,Yes,2024-03-08,Price
U03889,Yes,2025-04-20,Features
U03890,Yes,2024-09-11,Price
U03891,Yes,2024-05-05,Features
U03892,Yes,2024-09-04,Price
U03893,Yes,2024-07-07,Price
U03894,Yes,2024-11-13,Competition
U03895,Yes,2025-02-21,Inactive
U03896,Yes,2024-08-30,Price
U03897,Yes,2024-09-27,Price
U03898,No,,
U03899,Yes,2024-12-25,Inactive
U03900,Yes,2025-06-02,Features
U03901,Yes,2024-10-18,Price
U03902,Yes,2025-04-18,Competition
U03903,Yes,2025-03-06,Features
U03904,Yes,2024-08-14,Features
U03905,Yes,2024-12-16,Price
U03906,Yes,2024-09-21,Competition
U03907,Yes,2024-09-24,Price
U03908,Yes,2024-06-03,Inactive
U03909,Yes,2025-03-07,Price
U03910,Yes,2025-10-11,Price
U03911,No,,
U03912,Yes,2025-04-01,Inactive
U03913,Yes,2024-09-02,Inactive
U03914,Yes,2024-10-18,Price
U03915,Yes,2025-01-26,Features
U03916,Yes,2025-01-18,Inactive
U03917,Yes,2025-07-04,Features
U03918,Yes,2025-05-10,Features
U03919,Yes,2025-01-06,Inactive
U03920,Yes,2024-10-12,Price
U03921,Yes,2024-12-15,Inactive
U03922,Yes,2024-09-25,Inactive
U03923,Yes,2024-09-28,Inactive
U03924,Yes,2024-09-17,Price
U03925,Yes,2024-05-21,Price
U03926,Yes,2025-01-12,Inactive
U03927,Yes,2024-06-17,Features
U03928,Yes,2025-01-30,Inactive
U03929,No,,
U03930,Yes,2024-03-21,Inactive
U03931,Yes,2024-03-11,Inactive
U03932,Yes,2025-05-03,Inactive
U03933,Yes,2025-01-24,Features
U03934,Yes,2025-02-24,Price
U03935,Yes,2025-05-13,Inactive
U03936,Yes,2025-04-24,Features
U03937,Yes,2024-10-16,Features
U03938,Yes,2024-09-22,Features
U03939,Yes,2025-01-28,Competition
U03940,Yes,2024-11-20,Inactive
U03941,Yes,2025-06-15,Inactive
U03942,Yes,2025-02-19,Features
U03943,Yes,2025-03-18,Competition
U03944,Yes,2024-10-19,Inactive
U03945,Yes,2024-10-27,Features
U03946,Yes,2024-11-26,Inactive
U03947,Yes,2024-07-09,Price
U03948,Yes,2024-08-24,Features
U03949,No,,
U03950,Yes,2024-10-09,Competition
U03951,Yes,2025-07-20,Inactive
U03952,No,,
U03953,Yes,2024-10-31,Inactive
U03954,Yes,2024-04-29,Features
U03955,Yes,2024-07-10,Features
U03956,Yes,2025-03-24,Competition
U03957,Yes,2024-03-07,Inactive
U03958,Yes,2025-03-09,Inactive
U03959,Yes,2024-10-08,Competition
U03960,Yes,2024-06-24,Inactive
U03961,Yes,2024-04-11,Price
U03962,No,,
U03963,Yes,2024-10-23,Inactive
U03964,Yes,2025-02-24,Competition
U03965,Yes,2025-05-25,Competition
U03966,Yes,2025-09-17,Competition
U03967,Yes,2024-03-23,Inactive
U03968,Yes,2024-08-15,Price
U03969,Yes,2024-11-05,Competition
U03970,Yes,2025-05-26,Competition
U03971,Yes,2024-08-26,Competition
U03972,Yes,2025-05-12,Inactive
U03973,Yes,2025-03-15,Features
U03974,Yes,2024-04-16,Inactive
U03975,Yes,2024-12-19,Competition
U03976,Yes,2025-01-19,Price
U03977,Yes,2025-04-03,Inactive
U03978,No,,
U03979,Yes,2025-06-25,Competition
U03980,Yes,2024-05-31,Price
U03981,Yes,2024-05-21,Features
U03982,Yes,2024-07-22,Price
U03983,Yes,2024-11-03,Inactive
U03984,Yes,2024-05-21,Price
U03985,Yes,2024-12-25,Features
U03986,Yes,2024-06-17,Inactive
U03987,No,,
U03988,Yes,2025-01-16,Inactive
U03989,Yes,2025-01-11,Price
U03990,Yes,2025-01-19,Price
U03991,Yes,2025-02-03,Price
U03992,Yes,2025-07-15,Inactive
U03993,Yes,2024-11-20,Inactive
U03994,Yes,2025-02-12,Features
U03995,Yes,2024-09-03,Features
U03996,Yes,2024-12-25,Features
U03997,Yes,2024-08-22,Price
U03998,Yes,2025-07-21,Features
U03999,Yes,2024-05-22,Features
U04000,Yes,2024-10-28,Competition
U04001,Yes,2025-01-30,Price
U04002,Yes,2024-07-03,Features
U04003,Yes,2024-08-22,Price
U04004,Yes,2024-05-24,Price
U04005,Yes,2024-02-16,Inactive
U04006,Yes,2025-01-26,Price
U04007,Yes,2024-09-05,Competition
U04008,Yes,2024-04-28,Inactive
U04009,Yes,2024-06-28,Competition
U04010,No,,
U04011,Yes,2024-08-30,Inactive
U04012,Yes,2024-10-02,Price
U04013,Yes,2025-01-14,Competition
U04014,Yes,2024-11-21,Inactive
U04015,No,,
U04016,Yes,2024-09-01,Inactive
U04017,Yes,2025-07-22,Competition
U04018,Yes,2025-04-30,Inactive
U04019,Yes,2025-05-11,Price
U04020,Yes,2025-02-18,Competition
U04021,Yes,2024-10-16,Inactive
U04022,Yes,2025-02-03,Competition
U04023,No,,
U04024,Yes,2025-02-24,Price
U04025,Yes,2024-07-31,Features
U04026,Yes,2024-10-31,Features
U04027,Yes,2024-12-05,Competition
U04028,No,,
U04029,Yes,2024-11-18,Inactive
U04030,Yes,2024-04-01,Inactive
U04031,No,,
U04032,Yes,2024-03-27,Features
U04033,Yes,2025-03-08,Competition
U04034,Yes,2025-07-25,Price
U04035,Yes,2025-05-09,Features
U04036,No,,
U04037,Yes,2025-06-09,Price
U04038,Yes,2024-11-28,Inactive
U04039,Yes,2024-09-14,Competition
U04040,Yes,2024-11-18,Price
U04041,No,,
U04042,Yes,2024-04-24,Price
U04043,Yes,2025-05-04,Inactive
U04044,Yes,2025-01-09,Competition
U04045,Yes,2025-07-13,Features
U04046,Yes,2025-01-10,Features
U04047,Yes,2024-03-09,Features
U04048,No,,
U04049,Yes,2024-09-28,Price
U04050,Yes,2024-04-03,Features
U04051,Yes,2024-09-25,Features
U04052,Yes,2024-10-02,Price
U04053,No,,
U04054,Yes,2025-07-25,Features
U04055,Yes,2024-12-18,Features
U04056,Yes,2024-09-06,Competition
U04057,Yes,2025-03-18,Features
U04058,Yes,2024-07-29,Price
U04059,Yes,2024-11-24,Features
U04060,Yes,2025-04-20,Inactive
U04061,Yes,2025-01-10,Price
U04062,Yes,2024-07-24,Features
U04063,Yes,2024-07-04,Features
U04064,Yes,2024-12-24,Inactive
U04065,Yes,2025-06-25,Inactive
U04066,Yes,2024-08-03,Competition
U04067,Yes,2025-01-28,Inactive
U04068,Yes,2024-07-31,Price
U04069,Yes,2025-01-31,Competition
U04070,Yes,2024-07-10,Inactive
U04071,Yes,2024-10-21,Features
U04072,Yes,2025-01-21,Competition
U04073,Yes,2024-08-06,Inactive
U04074,Yes,2024-11-14,Competition
U04075,Yes,2024-03-09,Price
U04076,Yes,2025-09-01,Price
U04077,Yes,2025-05-16,Price
U04078,Yes,2024-10-30,Inactive
U04079,Yes,2024-12-16,Competition
U04080,Yes,2024-07-12,Competition
U04081,Yes,2025-01-14,Features
U04082,No,,
U04083,Yes,2024-06-15,Price
U04084,Yes,2025-01-29,Features
U04085,No,,
U04086,Yes,2024-06-03,Features
U04087,No,,
U04088,Yes,2025-02-18,Inactive
U04089,No,,
U04090,Yes,2025-06-20,Features
U04091,Yes,2025-01-28,Features
U04092,Yes,2024-11-22,Price
U04093,Yes,2025-02-17,Features
U04094,Yes,2025-01-08,Features
U04095,No,,
U04096,Yes,2025-02-28,Competition
U04097,Yes,2025-06-10,Competition
U04098,Yes,2024-07-01,Inactive
U04099,Yes,2024-12-06,Inactive
U04100,Yes,2024-10-26,Features
U04101,Yes,2024-05-17,Price
U04102,Yes,2025-03-06,Price
U04103,Yes,2025-01-18,Features
U04104,Yes,2024-10-23,Competition
U04105,No,,
U04106,Yes,2024-05-14,Competition
U04107,Yes,2025-02-14,Price
U04108,Yes,2024-10-29,Competition
U04109,Yes,2025-02-20,Inactive
U04110,Yes,2025-04-24,Features
U04111,Yes,2025-06-15,Competition
U04112,No,,
U04113,Yes,2024-10-06,Competition
U04114,Yes,2024-11-18,Features
U04115,Yes,2024-08-10,Price
U04116,Yes,2024-12-01,Inactive
U04117,Yes,2024-11-24,Competition
U04118,Yes,2024-08-18,Competition
U04119,Yes,2024-09-10,Features
U04120,Yes,2024-11-05,Competition
U04121,Yes,2025-01-24,Features
U04122,Yes,2024-07-06,Competition
U04123,Yes,2024-04-11,Price
U04124,Yes,2024-08-21,Competition
U04125,Yes,2025-04-11,Inactive
U04126,No,,
U04127,No,,
U04128,No,,
U04129,Yes,2024-12-29,Features
U04130,Yes,2024-11-23,Features
U04131,No,,
U04132,Yes,2024-05-06,Price
U04133,Yes,2024-11-02,Competition
U04134,No,,
U04135,Yes,2024-12-30,Competition
U04136,Yes,2024-08-08,Price
U04137,Yes,2024-12-29,Price
U04138,Yes,2024-12-27,Features
U04139,No,,
U04140,Yes,2024-11-19,Price
U04141,No,,
U04142,Yes,2024-09-16,Price
U04143,Yes,2024-03-17,Features
U04144,Yes,2025-04-02,Price
U04145,Yes,2024-10-24,Price
U04146,Yes,2024-11-28,Price
U04147,Yes,2024-07-23,Competition
U04148,Yes,2024-04-07,Price
U04149,No,,
U04150,Yes,2025-01-23,Inactive
U04151,Yes,2024-12-06,Price
U04152,Yes,2024-10-11,Price
U04153,Yes,2024-09-29,Price
U04154,Yes,2024-10-01,Competition
U04155,Yes,2025-01-19,Inactive
U04156,No,,
U04157,Yes,2024-12-21,Features
U04158,No,,
U04159,Yes,2024-09-20,Competition
U04160,Yes,2025-05-21,Price
U04161,Yes,2025-01-13,Competition
U04162,Yes,2025-02-23,Competition
U04163,Yes,2025-06-08,Inactive
U04164,Yes,2024-10-19,Features
U04165,Yes,2024-12-14,Price
U04166,Yes,2024-09-06,Competition
U04167,Yes,2025-04-18,Competition
U04168,Yes,2025-02-20,Competition
U04169,Yes,2024-08-10,Price
U04170,Yes,2024-05-15,Inactive
U04171,Yes,2024-05-02,Competition
U04172,Yes,2024-08-01,Features
U04173,Yes,2025-02-06,Inactive
U04174,No,,
U04175,No,,
U04176,Yes,2024-02-03,Features
U04177,Yes,2024-10-14,Inactive
U04178,No,,
U04179,No,,
U04180,Yes,2024-09-24,Inactive
U04181,Yes,2025-03-30,Competition
U04182,No,,
U04183,Yes,2024-08-06,Competition
U04184,Yes,2024-07-27,Inactive
U04185,Yes,2025-04-26,Price
U04186,Yes,2024-12-25,Features
U04187,Yes,2025-11-07,Inactive
U04188,Yes,2024-06-30,Competition
U04189,Yes,2024-08-03,Price
U04190,Yes,2024-11-08,Inactive
U04191,No,,
U04192,Yes,2024-12-16,Features
U04193,Yes,2024-08-28,Price
U04194,Yes,2024-08-24,Features
U04195,Yes,2024-08-29,Features
U04196,No,,
U04197,Yes,2024-08-03,Features
U04198,Yes,2024-06-20,Inactive
U04199,Yes,2024-10-11,Inactive
U04200,Yes,2024-10-16,Features
U04201,Yes,2025-02-12,Inactive
U04202,Yes,2024-04-02,Features
U04203,Yes,2024-09-19,Features
U04204,Yes,2024-07-07,Inactive
U04205,Yes,2025-07-16,Features
U04206,Yes,2025-07-07,Competition
U04207,Yes,2024-04-07,Price
U04208,Yes,2025-05-19,Features
U04209,Yes,2025-01-29,Features
U04210,No,,
U04211,Yes,2024-06-15,Competition
U04212,Yes,2025-01-26,Competition
U04213,Yes,2024-08-20,Competition
U04214,Yes,2024-11-19,Inactive
U04215,Yes,2024-10-05,Features
U04216,Yes,2025-02-15,Features
U04217,Yes,2024-11-22,Price
U04218,Yes,2025-03-04,Features
U04219,No,,
U04220,Yes,2024-04-11,Features
U04221,Yes,2024-11-25,Competition
U04222,No,,
U04223,Yes,2024-08-05,Competition
U04224,Yes,2024-06-29,Inactive
U04225,Yes,2024-09-12,Price
U04226,Yes,2024-12-12,Features
U04227,Yes,2025-02-19,Inactive
U04228,Yes,2025-06-07,Price
U04229,Yes,2025-04-03,Competition
U04230,Yes,2025-03-31,Price
U04231,Yes,2025-10-21,Inactive
U04232,No,,
U04233,Yes,2025-02-12,Inactive
U04234,Yes,2025-07-07,Inactive
U04235,Yes,2024-11-02,Competition
U04236,Yes,2024-05-07,Price
U04237,No,,
U04238,Yes,2025-03-25,Price
U04239,Yes,2025-02-11,Features
U04240,Yes,2025-01-23,Competition
U04241,Yes,2024-11-24,Competition
U04242,Yes,2025-02-22,Inactive
U04243,Yes,2024-02-15,Competition
U04244,Yes,2024-10-30,Features
U04245,No,,
U04246,Yes,2024-08-09,Features
U04247,Yes,2024-06-22,Price
U04248,Yes,2024-12-27,Features
U04249,Yes,2025-05-15,Competition
U04250,Yes,2024-06-11,Inactive
U04251,Yes,2025-04-12,Price
U04252,Yes,2025-05-17,Competition
U04253,No,,
U04254,Yes,2024-11-26,Inactive
U04255,Yes,2024-04-06,Features
U04256,No,,
U04257,No,,
U04258,Yes,2024-10-06,Competition
U04259,Yes,2024-03-03,Inactive
U04260,Yes,2024-05-15,Features
U04261,Yes,2024-03-31,Competition
U04262,Yes,2024-09-29,Features
U04263,Yes,2024-12-15,Inactive
U04264,Yes,2024-10-28,Price
U04265,Yes,2024-04-16,Price
U04266,Yes,2025-03-08,Features
U04267,Yes,2024-04-15,Features
U04268,Yes,2025-03-02,Price
U04269,Yes,2025-02-02,Features
U04270,No,,
U04271,Yes,2024-09-23,Features
U04272,Yes,2024-10-15,Features
U04273,Yes,2024-11-13,Price
U04274,Yes,2024-10-06,Inactive
U04275,Yes,2024-07-28,Price
U04276,Yes,2024-05-23,Price
U04277,Yes,2025-01-16,Price
U04278,Yes,2025-03-28,Competition
U04279,Yes,2025-01-26,Price
U04280,Yes,2025-07-14,Inactive
U04281,Yes,2025-02-03,Features
U04282,Yes,2025-04-01,Features
U04283,Yes,2024-12-18,Features
U04284,Yes,2025-03-28,Features
U04285,Yes,2025-01-13,Competition
U04286,Yes,2025-02-13,Price
U04287,Yes,2025-06-12,Inactive
U04288,Yes,2025-04-19,Features
U04289,Yes,2025-01-29,Features
U04290,Yes,2024-10-19,Features
U04291,Yes,2025-02-04,Price
U04292,Yes,2024-06-26,Price
U04293,No,,
U04294,No,,
U04295,Yes,2024-12-21,Features
U04296,Yes,2024-09-23,Features
U04297,Yes,2024-07-10,Competition
U04298,Yes,2025-05-22,Features
U04299,Yes,2024-04-08,Features
U04300,Yes,2025-02-23,Features
U04301,Yes,2025-02-01,Inactive
U04302,Yes,2024-06-08,Features
U04303,Yes,2024-07-26,Inactive
U04304,Yes,2024-08-30,Price
U04305,Yes,2025-07-26,Inactive
U04306,Yes,2025-01-15,Features
U04307,Yes,2025-03-08,Features
U04308,Yes,2025-04-18,Inactive
U04309,No,,
U04310,No,,
U04311,Yes,2024-08-06,Price
U04312,Yes,2025-09-06,Price
U04313,No,,
U04314,No,,
U04315,No,,
U04316,Yes,2024-08-06,Price
U04317,Yes,2024-02-01,Price
U04318,Yes,2024-09-06,Inactive
U04319,Yes,2025-05-10,Inactive
U04320,Yes,2024-11-17,Features
U04321,Yes,2024-09-06,Inactive
U04322,Yes,2024-08-04,Features
U04323,Yes,2024-08-21,Competition
U04324,Yes,2025-01-05,Price
U04325,Yes,2024-11-24,Price
U04326,Yes,2024-10-17,Features
U04327,No,,
U04328,Yes,2024-11-26,Features
U04329,Yes,2024-12-06,Features
U04330,Yes,2025-07-19,Price
U04331,Yes,2024-08-08,Inactive
U04332,Yes,2025-05-21,Features
U04333,Yes,2024-12-03,Competition
U04334,Yes,2024-08-24,Inactive
U04335,Yes,2024-10-20,Competition
U04336,Yes,2024-12-29,Competition
U04337,Yes,2024-10-25,Competition
U04338,No,,
U04339,Yes,2024-12-17,Competition
U04340,Yes,2025-01-23,Features
U04341,Yes,2024-05-13,Price
U04342,Yes,2025-02-05,Competition
U04343,Yes,2025-01-10,Price
U04344,Yes,2024-08-25,Inactive
U04345,Yes,2025-08-26,Price
U04346,Yes,2025-01-28,Features
U04347,Yes,2024-02-11,Price
U04348,Yes,2024-06-17,Features
U04349,Yes,2025-02-23,Features
U04350,Yes,2024-10-08,Features
U04351,Yes,2025-06-01,Inactive
U04352,No,,
U04353,Yes,2025-01-23,Inactive
U04354,Yes,2025-04-16,Inactive
U04355,Yes,2025-06-22,Inactive
U04356,Yes,2025-07-16,Price
U04357,No,,
U04358,Yes,2025-01-02,Inactive
U04359,No,,
U04360,Yes,2025-01-04,Price
U04361,Yes,2024-12-09,Inactive
U04362,Yes,2024-10-09,Competition
U04363,Yes,2024-11-21,Price
U04364,Yes,2024-05-15,Competition
U04365,Yes,2025-02-01,Price
U04366,Yes,2024-05-15,Competition
U04367,Yes,2025-09-11,Competition
U04368,No,,
U04369,Yes,2025-06-04,Competition
U04370,Yes,2025-02-24,Price
U04371,No,,
U04372,Yes,2025-06-01,Features
U04373,Yes,2024-05-31,Inactive
U04374,Yes,2025-01-12,Price
U04375,Yes,2025-03-14,Features
U04376,Yes,2024-07-21,Inactive
U04377,Yes,2025-04-12,Price
U04378,Yes,2025-04-27,Price
U04379,No,,
U04380,Yes,2024-05-31,Inactive
U04381,Yes,2025-01-02,Inactive
U04382,Yes,2024-12-15,Competition
U04383,Yes,2024-09-18,Inactive
U04384,Yes,2024-11-21,Price
U04385,Yes,2024-12-26,Price
U04386,Yes,2024-05-31,Competition
U04387,Yes,2025-04-21,Features
U04388,Yes,2024-12-01,Features
U04389,Yes,2024-03-16,Price
U04390,No,,
U04391,Yes,2024-09-01,Competition
U04392,No,,
U04393,Yes,2025-02-08,Features
U04394,Yes,2024-05-05,Price
U04395,Yes,2025-02-22,Price
U04396,No,,
U04397,Yes,2024-10-09,Features
U04398,Yes,2024-04-21,Features
U04399,Yes,2025-02-08,Price
U04400,Yes,2025-02-22,Price
U04401,Yes,2024-02-17,Competition
U04402,Yes,2024-08-07,Price
U04403,Yes,2025-01-07,Price
U04404,Yes,2025-05-25,Price
U04405,Yes,2025-03-31,Features
U04406,Yes,2024-09-17,Inactive
U04407,Yes,2024-04-09,Features
U04408,Yes,2024-06-29,Inactive
U04409,No,,
U04410,Yes,2024-10-10,Price
U04411,Yes,2025-05-14,Competition
U04412,Yes,2024-08-16,Inactive
U04413,Yes,2024-06-06,Features
U04414,No,,
U04415,No,,
U04416,Yes,2025-03-21,Inactive
U04417,Yes,2024-09-02,Competition
U04418,Yes,2025-04-13,Price
U04419,Yes,2025-03-27,Features
U04420,Yes,2024-12-25,Inactive
U04421,Yes,2025-05-12,Price
U04422,Yes,2024-09-19,Competition
U04423,Yes,2024-09-16,Price
U04424,Yes,2024-07-09,Competition
U04425,Yes,2024-08-27,Inactive
U04426,Yes,2025-03-04,Competition
U04427,Yes,2025-07-07,Inactive
U04428,Yes,2024-09-21,Competition
U04429,Yes,2024-10-02,Competition
U04430,Yes,2024-07-04,Price
U04431,Yes,2024-11-06,Price
U04432,No,,
U04433,Yes,2025-02-19,Features
U04434,Yes,2024-08-05,Inactive
U04435,Yes,2024-06-26,Features
U04436,No,,
U04437,Yes,2024-03-06,Inactive
U04438,Yes,2024-09-20,Features
U04439,Yes,2024-09-22,Price
U04440,Yes,2024-08-29,Features
U04441,Yes,2024-06-12,Competition
U04442,Yes,2024-04-14,Competition
U04443,Yes,2024-10-08,Competition
U04444,Yes,2024-09-19,Price
U04445,Yes,2024-03-22,Price
U04446,Yes,2024-03-13,Competition
U04447,Yes,2024-08-01,Features
U04448,Yes,2025-04-14,Features
U04449,Yes,2024-04-28,Price
U04450,Yes,2024-05-15,Price
U04451,No,,
U04452,Yes,2025-01-28,Price
U04453,No,,
U04454,Yes,2024-08-01,Inactive
U04455,Yes,2025-01-20,Features
U04456,Yes,2024-06-15,Features
U04457,Yes,2024-09-28,Features
U04458,Yes,2024-06-17,Inactive
U04459,Yes,2025-05-25,Inactive
U04460,No,,
U04461,Yes,2024-02-29,Features
U04462,Yes,2025-06-27,Inactive
U04463,Yes,2024-10-22,Price
U04464,Yes,2024-11-27,Features
U04465,Yes,2025-01-04,Inactive
U04466,Yes,2024-05-06,Competition
U04467,Yes,2024-04-26,Features
U04468,Yes,2024-07-01,Competition
U04469,Yes,2024-10-10,Competition
U04470,Yes,2024-12-30,Features
U04471,Yes,2025-01-25,Competition
U04472,Yes,2024-07-12,Inactive
U04473,Yes,2025-01-16,Inactive
U04474,Yes,2025-01-07,Inactive
U04475,Yes,2025-04-21,Features
U04476,Yes,2025-01-09,Competition
U04477,Yes,2024-05-22,Features
U04478,Yes,2025-04-22,Competition
U04479,Yes,2024-11-10,Competition
U04480,Yes,2024-12-10,Inactive
U04481,Yes,2025-01-12,Inactive
U04482,Yes,2024-05-18,Competition
U04483,Yes,2025-07-21,Competition
U04484,Yes,2025-01-24,Inactive
U04485,Yes,2025-04-16,Features
U04486,Yes,2025-06-22,Inactive
U04487,Yes,2024-08-17,Price
U04488,Yes,2024-09-06,Features
U04489,Yes,2025-02-26,Price
U04490,Yes,2024-05-28,Inactive
U04491,Yes,2024-12-26,Features
U04492,Yes,2024-09-08,Competition
U04493,Yes,2024-12-14,Price
U04494,Yes,2024-07-03,Competition
U04495,Yes,2025-10-15,Inactive
U04496,Yes,2024-05-25,Inactive
U04497,No,,
U04498,No,,
U04499,No,,
U04500,Yes,2024-08-22,Inactive
U04501,Yes,2024-09-10,Inactive
U04502,Yes,2024-03-25,Price
U04503,Yes,2024-05-19,Inactive
U04504,Yes,2024-10-14,Inactive
U04505,Yes,2024-06-05,Competition
U04506,Yes,2024-11-22,Inactive
U04507,Yes,2024-08-31,Inactive
U04508,Yes,2024-12-14,Competition
U04509,Yes,2024-10-07,Features
U04510,Yes,2025-04-11,Inactive
U04511,Yes,2024-11-29,Features
U04512,Yes,2024-04-25,Inactive
U04513,Yes,2024-03-31,Competition
U04514,Yes,2024-04-04,Features
U04515,Yes,2024-09-15,Inactive
U04516,Yes,2024-07-05,Features
U04517,Yes,2025-04-07,Inactive
U04518,No,,
U04519,Yes,2024-10-10,Price
U04520,Yes,2025-03-24,Competition
U04521,Yes,2024-11-21,Features
U04522,Yes,2024-07-17,Features
U04523,Yes,2024-05-21,Features
U04524,Yes,2025-08-09,Features
U04525,Yes,2025-02-17,Features
U04526,No,,
U04527,Yes,2024-11-06,Inactive
U04528,Yes,2024-06-06,Competition
U04529,Yes,2025-04-28,Inactive
U04530,Yes,2024-07-14,Features
U04531,Yes,2025-01-17,Inactive
U04532,Yes,2024-11-29,Inactive
U04533,Yes,2024-07-08,Competition
U04534,Yes,2025-01-27,Features
U04535,Yes,2024-09-05,Inactive
U04536,Yes,2024-04-10,Competition
U04537,Yes,2024-09-22,Inactive
U04538,Yes,2024-12-29,Inactive
U04539,Yes,2025-04-28,Price
U04540,Yes,2025-06-06,Features
U04541,Yes,2024-12-21,Price
U04542,Yes,2024-05-02,Inactive
U04543,Yes,2025-03-22,Features
U04544,Yes,2025-08-26,Features
U04545,Yes,2024-06-02,Features
U04546,Yes,2024-11-15,Features
U04547,Yes,2024-11-14,Inactive
U04548,Yes,2025-05-21,Features
U04549,Yes,2024-04-27,Features
U04550,Yes,2025-02-26,Features
U04551,Yes,2025-03-23,Price
U04552,No,,
U04553,Yes,2024-09-24,Price
U04554,Yes,2024-12-29,Inactive
U04555,Yes,2025-05-29,Features
U04556,Yes,2025-02-14,Inactive
U04557,Yes,2024-10-26,Inactive
U04558,Yes,2024-09-08,Price
U04559,Yes,2025-06-08,Competition
U04560,Yes,2024-11-04,Features
U04561,No,,
U04562,Yes,2024-11-30,Competition
U04563,Yes,2024-05-06,Competition
U04564,Yes,2025-02-02,Price
U04565,Yes,2024-10-04,Features
U04566,Yes,2024-05-02,Price
U04567,Yes,2024-09-20,Features
U04568,Yes,2025-03-03,Price
U04569,Yes,2024-02-10,Inactive
U04570,Yes,2024-09-09,Price
U04571,Yes,2024-05-08,Price
U04572,Yes,2024-12-01,Price
U04573,Yes,2024-05-09,Price
U04574,Yes,2024-09-03,Price
U04575,No,,
U04576,Yes,2025-02-23,Competition
U04577,Yes,2024-12-16,Competition
U04578,Yes,2025-02-24,Price
U04579,Yes,2025-02-20,Inactive
U04580,Yes,2024-12-04,Competition
U04581,Yes,2025-03-04,Features
U04582,Yes,2024-09-27,Features
U04583,Yes,2024-03-16,Competition
U04584,Yes,2024-05-27,Price
U04585,Yes,2024-04-28,Inactive
U04586,Yes,2024-09-13,Features
U04587,Yes,2024-10-21,Inactive
U04588,No,,
U04589,Yes,2024-04-24,Inactive
U04590,Yes,2024-07-17,Price
U04591,No,,
U04592,Yes,2024-12-10,Inactive
U04593,Yes,2024-05-28,Inactive
U04594,Yes,2024-09-17,Features
U04595,Yes,2024-09-24,Competition
U04596,Yes,2025-07-01,Price
U04597,Yes,2025-02-10,Competition
U04598,Yes,2025-03-25,Price
U04599,Yes,2024-07-16,Features
U04600,Yes,2024-10-29,Price
U04601,Yes,2024-08-06,Inactive
U04602,Yes,2024-09-22,Features
U04603,Yes,2024-12-10,Inactive
U04604,Yes,2024-06-14,Competition
U04605,Yes,2025-01-28,Features
U04606,Yes,2024-08-04,Features
U04607,Yes,2024-11-26,Competition
U04608,Yes,2025-05-29,Features
U04609,Yes,2024-09-04,Inactive
U04610,Yes,2024-06-11,Price
U04611,Yes,2024-12-08,Price
U04612,No,,
U04613,Yes,2025-02-02,Price
U04614,Yes,2025-03-17,Inactive
U04615,Yes,2024-11-16,Competition
U04616,Yes,2025-03-06,Features
U04617,Yes,2025-01-02,Price
U04618,Yes,2024-08-24,Price
U04619,Yes,2025-01-03,Features
U04620,Yes,2024-10-29,Features
U04621,No,,
U04622,Yes,2024-11-24,Inactive
U04623,Yes,2024-12-30,Competition
U04624,Yes,2024-12-19,Features
U04625,Yes,2025-04-18,Inactive
U04626,Yes,2025-11-12,Price
U04627,Yes,2024-06-05,Price
U04628,Yes,2024-04-19,Price
U04629,Yes,2024-09-11,Features
U04630,Yes,2025-07-13,Inactive
U04631,Yes,2025-04-28,Inactive
U04632,Yes,2024-06-13,Inactive
U04633,Yes,2025-05-05,Inactive
U04634,No,,
U04635,Yes,2024-09-08,Price
U04636,Yes,2024-07-28,Price
U04637,Yes,2024-11-30,Price
U04638,No,,
U04639,Yes,2025-02-21,Features
U04640,Yes,2024-11-22,Competition
U04641,Yes,2024-09-28,Inactive
U04642,Yes,2024-06-03,Price
U04643,Yes,2024-09-17,Inactive
U04644,Yes,2024-07-31,Inactive
U04645,No,,
U04646,Yes,2024-10-26,Features
U04647,Yes,2024-07-12,Competition
U04648,Yes,2025-01-05,Competition
U04649,Yes,2025-01-06,Price
U04650,Yes,2024-08-18,Competition
U04651,Yes,2025-08-14,Features
U04652,Yes,2024-07-28,Competition
U04653,Yes,2024-10-07,Competition
U04654,Yes,2024-11-30,Inactive
U04655,Yes,2024-03-13,Price
U04656,Yes,2025-01-19,Features
U04657,Yes,2025-07-24,Features
U04658,Yes,2024-04-30,Features
U04659,Yes,2025-04-13,Price
U04660,Yes,2025-11-14,Inactive
U04661,Yes,2024-04-23,Price
U04662,Yes,2025-01-08,Competition
U04663,Yes,2024-12-09,Features
U04664,Yes,2025-02-26,Features
U04665,Yes,2024-12-20,Price
U04666,Yes,2025-04-29,Competition
U04667,Yes,2024-09-04,Competition
U04668,Yes,2025-05-11,Features
U04669,Yes,2024-10-15,Competition
U04670,Yes,2024-10-23,Competition
U04671,Yes,2025-02-20,Price
U04672,Yes,2024-05-16,Competition
U04673,Yes,2024-09-04,Inactive
U04674,Yes,2024-11-26,Features
U04675,Yes,2025-05-13,Price
U04676,Yes,2024-12-30,Inactive
U04677,Yes,2025-08-19,Competition
U04678,Yes,2025-04-29,Inactive
U04679,Yes,2024-07-21,Inactive
U04680,Yes,2024-08-30,Features
U04681,Yes,2024-09-05,Features
U04682,Yes,2024-12-13,Inactive
U04683,No,,
U04684,Yes,2024-07-31,Competition
U04685,Yes,2025-01-05,Inactive
U04686,Yes,2024-12-30,Inactive
U04687,Yes,2024-06-08,Inactive
U04688,Yes,2024-08-08,Features
U04689,Yes,2025-07-02,Competition
U04690,No,,
U04691,Yes,2024-08-17,Inactive
U04692,Yes,2024-04-20,Competition
U04693,No,,
U04694,Yes,2024-11-04,Features
U04695,Yes,2025-01-25,Price
U04696,Yes,2024-03-02,Features
U04697,Yes,2024-10-26,Features
U04698,Yes,2025-02-15,Price
U04699,Yes,2025-01-12,Features
U04700,No,,
U04701,No,,
U04702,Yes,2025-02-27,Price
U04703,Yes,2024-07-30,Inactive
U04704,Yes,2024-10-07,Price
U04705,Yes,2024-12-21,Features
U04706,Yes,2025-02-16,Competition
U04707,Yes,2025-11-25,Features
U04708,Yes,2024-11-02,Features
U04709,Yes,2024-08-02,Features
U04710,Yes,2025-10-16,Competition
U04711,Yes,2024-07-14,Inactive
U04712,Yes,2024-08-19,Competition
U04713,Yes,2024-12-04,Features
U04714,Yes,2024-03-03,Features
U04715,Yes,2024-10-31,Price
U04716,Yes,2025-04-21,Price
U04717,Yes,2024-08-04,Price
U04718,Yes,2024-07-21,Inactive
U04719,Yes,2024-10-24,Inactive
U04720,Yes,2024-08-01,Price
U04721,Yes,2024-11-06,Inactive
U04722,No,,
U04723,Yes,2024-10-20,Inactive
U04724,Yes,2024-12-25,Competition
U04725,Yes,2024-02-02,Inactive
U04726,Yes,2024-03-20,Features
U04727,Yes,2025-02-04,Competition
U04728,Yes,2025-03-11,Competition
U04729,Yes,2025-05-17,Inactive
U04730,Yes,2025-03-15,Features
U04731,Yes,2025-04-05,Competition
U04732,Yes,2025-02-22,Features
U04733,Yes,2024-04-20,Features
U04734,Yes,2025-02-26,Inactive
U04735,Yes,2024-10-17,Inactive
U04736,Yes,2024-11-16,Features
U04737,Yes,2024-07-12,Price
U04738,Yes,2024-12-02,Features
U04739,Yes,2025-01-03,Inactive
U04740,Yes,2024-12-27,Price
U04741,No,,
U04742,Yes,2024-05-20,Features
U04743,Yes,2024-07-27,Inactive
U04744,Yes,2025-09-23,Features
U04745,Yes,2025-03-26,Features
U04746,Yes,2024-12-01,Price
U04747,Yes,2024-12-16,Price
U04748,Yes,2024-09-28,Price
U04749,Yes,2024-10-09,Features
U04750,No,,
U04751,Yes,2025-05-25,Price
U04752,Yes,2025-04-22,Inactive
U04753,Yes,2025-04-16,Competition
U04754,Yes,2025-04-13,Price
U04755,Yes,2024-08-28,Features
U04756,Yes,2024-11-04,Price
U04757,Yes,2024-10-04,Inactive
U04758,Yes,2025-03-05,Competition
U04759,Yes,2024-08-03,Price
U04760,Yes,2024-05-16,Competition
U04761,Yes,2025-01-20,Inactive
U04762,Yes,2025-03-01,Price
U04763,Yes,2024-10-11,Price
U04764,Yes,2025-01-06,Inactive
U04765,Yes,2025-02-11,Price
U04766,Yes,2025-02-25,Features
U04767,Yes,2024-11-18,Price
U04768,Yes,2024-09-14,Inactive
U04769,Yes,2025-01-31,Features
U04770,Yes,2024-07-29,Price
U04771,Yes,2024-08-21,Features
U04772,Yes,2024-11-05,Price
U04773,Yes,2025-06-09,Features
U04774,Yes,2024-03-13,Inactive
U04775,Yes,2024-07-18,Price
U04776,Yes,2025-07-02,Competition
U04777,Yes,2024-10-27,Inactive
U04778,Yes,2025-01-03,Competition
U04779,Yes,2024-12-10,Inactive
U04780,Yes,2024-07-02,Competition
U04781,Yes,2024-09-06,Inactive
U04782,Yes,2024-06-09,Price
U04783,Yes,2024-05-05,Competition
U04784,Yes,2024-12-16,Price
U04785,Yes,2025-02-21,Competition
U04786,Yes,2024-09-09,Competition
U04787,Yes,2024-07-20,Inactive
U04788,Yes,2024-09-02,Price
U04789,Yes,2024-04-05,Competition
U04790,Yes,2024-02-23,Competition
U04791,Yes,2024-12-17,Competition
U04792,Yes,2025-01-06,Inactive
U04793,Yes,2024-06-14,Features
U04794,Yes,2025-03-30,Features
U04795,Yes,2024-07-14,Inactive
U04796,Yes,2024-11-20,Price
U04797,Yes,2024-04-12,Inactive
U04798,Yes,2024-06-08,Competition
U04799,Yes,2024-12-07,Inactive
U04800,Yes,2025-10-06,Features
U04801,Yes,2024-07-23,Features
U04802,Yes,2024-06-30,Features
U04803,Yes,2025-07-10,Features
U04804,Yes,2024-06-28,Inactive
U04805,Yes,2024-08-01,Competition
U04806,Yes,2025-05-02,Competition
U04807,Yes,2024-11-10,Inactive
U04808,Yes,2024-05-10,Inactive
U04809,Yes,2024-06-04,Price
U04810,Yes,2025-01-03,Features
U04811,Yes,2024-04-15,Price
U04812,Yes,2024-12-22,Inactive
U04813,No,,
U04814,Yes,2024-05-09,Competition
U04815,Yes,2024-09-04,Inactive
U04816,Yes,2024-07-02,Price
U04817,Yes,2024-11-10,Features
U04818,Yes,2024-04-19,Price
U04819,Yes,2025-02-13,Features
U04820,No,,
U04821,Yes,2025-05-20,Features
U04822,Yes,2024-12-21,Price
U04823,Yes,2024-08-02,Features
U04824,Yes,2025-08-14,Features
U04825,Yes,2025-03-09,Competition
U04826,Yes,2024-09-13,Features
U04827,Yes,2024-11-25,Inactive
U04828,Yes,2025-04-03,Price
U04829,Yes,2025-02-13,Price
U04830,No,,
U04831,Yes,2024-05-30,Competition
U04832,Yes,2025-02-16,Features
U04833,Yes,2024-11-17,Competition
U04834,Yes,2024-09-02,Price
U04835,Yes,2024-05-09,Features
U04836,Yes,2025-03-30,Inactive
U04837,Yes,2025-08-13,Features
U04838,Yes,2024-07-01,Inactive
U04839,Yes,2024-05-31,Price
U04840,Yes,2024-08-13,Inactive
U04841,Yes,2025-01-29,Price
U04842,Yes,2025-01-28,Features
U04843,Yes,2024-04-24,Inactive
U04844,Yes,2024-04-13,Competition
U04845,Yes,2024-10-01,Features
U04846,Yes,2024-11-13,Inactive
U04847,Yes,2024-07-12,Features
U04848,Yes,2024-12-11,Inactive
U04849,Yes,2025-02-17,Competition
U04850,Yes,2024-05-22,Inactive
U04851,Yes,2024-10-29,Features
U04852,Yes,2024-11-17,Inactive
U04853,No,,
U04854,Yes,2024-12-12,Inactive
U04855,Yes,2024-06-30,Inactive
U04856,Yes,2024-11-16,Features
U04857,Yes,2024-05-04,Features
U04858,Yes,2024-10-20,Price
U04859,No,,
U04860,Yes,2025-04-12,Price
U04861,No,,
U04862,Yes,2024-04-02,Features
U04863,No,,
U04864,Yes,2024-02-07,Price
U04865,Yes,2024-05-08,Inactive
U04866,Yes,2024-09-03,Features
U04867,Yes,2025-04-24,Competition
U04868,Yes,2024-12-06,Price
U04869,Yes,2024-06-20,Inactive
U04870,Yes,2024-10-15,Competition
U04871,Yes,2024-11-12,Features
U04872,Yes,2024-09-16,Inactive
U04873,Yes,2025-03-03,Features
U04874,No,,
U04875,Yes,2024-06-09,Features
U04876,Yes,2024-09-14,Inactive
U04877,Yes,2024-12-18,Competition
U04878,Yes,2025-02-07,Features
U04879,No,,
U04880,Yes,2025-01-04,Inactive
U04881,Yes,2025-01-16,Inactive
U04882,Yes,2024-06-08,Price
U04883,Yes,2024-10-10,Price
U04884,Yes,2024-10-23,Competition
U04885,Yes,2024-12-31,Price
U04886,Yes,2024-03-15,Competition
U04887,Yes,2025-01-05,Price
U04888,Yes,2025-05-26,Inactive
U04889,Yes,2024-09-29,Competition
U04890,Yes,2024-09-30,Inactive
U04891,Yes,2025-01-11,Price
U04892,Yes,2024-12-09,Price
U04893,Yes,2025-05-18,Competition
U04894,Yes,2025-05-18,Inactive
U04895,Yes,2025-04-30,Features
U04896,Yes,2025-01-03,Features
U04897,Yes,2024-03-25,Inactive
U04898,Yes,2024-05-20,Price
U04899,Yes,2024-09-19,Features
U04900,Yes,2024-11-09,Competition
U04901,Yes,2024-07-26,Price
U04902,Yes,2024-09-08,Price
U04903,Yes,2025-08-01,Price
U04904,Yes,2024-08-08,Inactive
U04905,Yes,2024-07-30,Features
U04906,Yes,2024-04-19,Features
U04907,Yes,2025-02-06,Competition
U04908,Yes,2024-06-02,Price
U04909,No,,
U04910,Yes,2025-09-15,Inactive
U04911,Yes,2024-07-02,Inactive
U04912,Yes,2024-05-20,Price
U04913,Yes,2024-11-13,Features
U04914,Yes,2025-01-26,Competition
U04915,Yes,2025-01-05,Competition
U04916,Yes,2024-11-16,Competition
U04917,Yes,2025-04-19,Inactive
U04918,Yes,2024-02-22,Features
U04919,Yes,2024-11-20,Inactive
U04920,Yes,2024-06-21,Features
U04921,Yes,2025-01-05,Price
U04922,Yes,2025-01-28,Features
U04923,No,,
U04924,Yes,2024-05-11,Competition
U04925,Yes,2024-12-17,Features
U04926,No,,
U04927,Yes,2024-08-06,Features
U04928,Yes,2024-07-24,Inactive
U04929,Yes,2025-05-06,Competition
U04930,Yes,2024-03-07,Inactive
U04931,Yes,2024-12-18,Price
U04932,Yes,2024-01-31,Competition
U04933,Yes,2024-03-10,Features
U04934,Yes,2025-04-20,Competition
U04935,Yes,2025-01-26,Competition
U04936,Yes,2025-03-02,Inactive
U04937,Yes,2024-06-10,Features
U04938,Yes,2024-06-17,Features
U04939,Yes,2024-12-22,Competition
U04940,Yes,2024-05-29,Inactive
U04941,Yes,2024-03-06,Inactive
U04942,Yes,2024-10-12,Inactive
U04943,Yes,2025-04-02,Competition
U04944,Yes,2024-09-29,Price
U04945,No,,
U04946,Yes,2024-12-14,Competition
U04947,Yes,2024-07-20,Inactive
U04948,Yes,2024-03-08,Price
U04949,Yes,2025-01-19,Price
U04950,No,,
U04951,Yes,2025-01-15,Inactive
U04952,Yes,2024-11-23,Price
U04953,Yes,2024-07-08,Features
U04954,Yes,2024-02-17,Inactive
U04955,Yes,2025-05-18,Inactive
U04956,Yes,2024-10-13,Competition
U04957,Yes,2024-08-30,Features
U04958,No,,
U04959,Yes,2024-04-14,Price
U04960,Yes,2024-09-02,Price
U04961,Yes,2024-06-22,Competition
U04962,Yes,2024-08-03,Inactive
U04963,Yes,2024-11-23,Features
U04964,Yes,2025-04-29,Price
U04965,No,,
U04966,Yes,2024-11-03,Price
U04967,No,,
U04968,Yes,2024-07-17,Competition
U04969,No,,
U04970,Yes,2024-06-15,Price
U04971,Yes,2024-08-11,Price
U04972,Yes,2024-08-18,Competition
U04973,Yes,2024-09-22,Inactive
U04974,Yes,2024-09-14,Price
U04975,No,,
U04976,Yes,2025-02-02,Inactive
U04977,No,,
U04978,Yes,2025-01-20,Price
U04979,Yes,2025-01-13,Price
U04980,Yes,2024-07-05,Features
U04981,Yes,2025-01-18,Competition
U04982,Yes,2025-04-26,Price
U04983,Yes,2024-11-24,Competition
U04984,Yes,2024-08-30,Price
U04985,No,,
U04986,No,,
U04987,Yes,2024-12-05,Inactive
U04988,Yes,2025-03-17,Price
U04989,Yes,2024-08-24,Inactive
U04990,Yes,2025-04-28,Competition
U04991,Yes,2024-02-06,Price
U04992,No,,
U04993,Yes,2024-12-02,Inactive
U04994,Yes,2025-01-20,Inactive
U04995,Yes,2024-10-14,Inactive
U04996,No,,
U04997,Yes,2024-09-30,Price
U04998,Yes,2025-03-22,Inactive
U04999,Yes,2025-07-26,Features
U05000,Yes,2025-05-23,Features
U05001,Yes,2024-09-10,Features
U05002,Yes,2024-07-12,Price
U05003,Yes,2024-12-18,Price
U05004,Yes,2025-01-26,Competition
U05005,Yes,2024-07-24,Features
U05006,Yes,2024-07-21,Inactive
U05007,Yes,2025-02-27,Features
U05008,Yes,2024-12-26,Features
U05009,Yes,2025-05-07,Inactive
U05010,Yes,2024-05-11,Features
U05011,Yes,2024-08-16,Price
U05012,Yes,2024-11-08,Price
U05013,Yes,2024-07-26,Competition
U05014,Yes,2024-12-29,Inactive
U05015,Yes,2025-02-28,Features
U05016,Yes,2024-06-14,Inactive
U05017,Yes,2024-08-15,Features
U05018,Yes,2024-11-13,Features
U05019,Yes,2024-08-20,Inactive
U05020,Yes,2025-01-29,Features
U05021,Yes,2024-09-18,Competition
U05022,Yes,2024-12-07,Price
U05023,Yes,2024-10-08,Competition
U05024,Yes,2025-03-19,Competition
U05025,Yes,2025-02-22,Competition
U05026,Yes,2025-01-17,Competition
U05027,No,,
U05028,Yes,2024-08-30,Features
U05029,No,,
U05030,Yes,2024-10-18,Features
U05031,Yes,2024-05-12,Competition
U05032,Yes,2024-08-06,Features
U05033,Yes,2024-10-25,Price
U05034,Yes,2024-06-08,Competition
U05035,Yes,2024-08-24,Competition
U05036,Yes,2024-11-08,Inactive
U05037,Yes,2025-02-09,Price
U05038,Yes,2024-05-27,Price
U05039,Yes,2024-07-01,Inactive
U05040,Yes,2025-05-15,Inactive
U05041,Yes,2024-05-01,Competition
U05042,Yes,2024-11-25,Inactive
U05043,Yes,2025-04-02,Features
U05044,No,,
U05045,Yes,2024-12-27,Inactive
U05046,Yes,2024-06-16,Competition
U05047,Yes,2024-06-06,Features
U05048,Yes,2025-07-08,Features
U05049,Yes,2024-02-10,Features
U05050,Yes,2024-08-09,Competition
U05051,No,,
U05052,Yes,2025-01-15,Features
U05053,Yes,2024-08-13,Features
U05054,Yes,2025-04-13,Price
U05055,Yes,2025-06-07,Price
U05056,Yes,2024-10-27,Inactive
U05057,Yes,2024-12-09,Competition
U05058,Yes,2024-11-02,Price
U05059,Yes,2025-04-17,Inactive
U05060,Yes,2025-05-29,Competition
U05061,No,,
U05062,Yes,2025-04-26,Competition
U05063,Yes,2024-05-20,Inactive
U05064,Yes,2025-04-01,Inactive
U05065,Yes,2025-02-26,Price
U05066,Yes,2024-07-12,Inactive
U05067,Yes,2024-06-18,Inactive
U05068,Yes,2024-11-20,Price
U05069,Yes,2024-07-21,Price
U05070,Yes,2025-03-05,Price
U05071,Yes,2024-12-03,Competition
U05072,Yes,2024-09-23,Price
U05073,No,,
U05074,Yes,2024-03-05,Inactive
U05075,Yes,2024-06-27,Features
U05076,Yes,2024-12-11,Features
U05077,Yes,2025-06-28,Features
U05078,Yes,2025-04-06,Inactive
U05079,Yes,2025-01-14,Competition
U05080,Yes,2024-10-05,Competition
U05081,Yes,2024-10-30,Inactive
U05082,Yes,2024-03-12,Inactive
U05083,Yes,2024-09-03,Inactive
U05084,Yes,2025-03-05,Price
U05085,Yes,2024-07-19,Competition
U05086,No,,
U05087,Yes,2024-11-08,Inactive
U05088,No,,
U05089,Yes,2025-04-11,Inactive
U05090,No,,
U05091,Yes,2025-05-19,Competition
U05092,Yes,2025-09-17,Features
U05093,Yes,2024-09-17,Inactive
U05094,Yes,2024-08-27,Inactive
U05095,Yes,2024-11-10,Price
U05096,Yes,2025-02-08,Inactive
U05097,Yes,2024-11-16,Competition
U05098,Yes,2024-10-06,Features
U05099,Yes,2024-05-13,Features
U05100,Yes,2024-10-10,Competition
U05101,Yes,2024-08-25,Price
U05102,Yes,2024-12-13,Competition
U05103,Yes,2025-02-03,Features
U05104,Yes,2024-04-17,Features
U05105,Yes,2025-02-21,Inactive
U05106,No,,
U05107,Yes,2024-08-22,Price
U05108,Yes,2025-08-06,Competition
U05109,Yes,2024-03-30,Features
U05110,Yes,2024-08-30,Inactive
U05111,Yes,2025-01-10,Features
U05112,Yes,2024-06-19,Price
U05113,Yes,2024-06-16,Price
U05114,Yes,2025-02-06,Price
U05115,Yes,2024-03-13,Price
U05116,Yes,2024-03-15,Price
U05117,Yes,2025-07-20,Inactive
U05118,Yes,2024-11-12,Inactive
U05119,Yes,2025-01-17,Price
U05120,Yes,2025-07-13,Competition
U05121,Yes,2025-02-11,Features
U05122,Yes,2024-09-21,Features
U05123,Yes,2024-12-11,Inactive
U05124,Yes,2024-10-16,Features
U05125,Yes,2025-02-01,Inactive
U05126,Yes,2025-07-29,Features
U05127,Yes,2024-12-20,Inactive
U05128,No,,
U05129,Yes,2025-03-20,Price
U05130,Yes,2025-05-29,Price
U05131,Yes,2025-01-07,Features
U05132,No,,
U05133,Yes,2025-04-01,Inactive
U05134,Yes,2024-07-23,Price
U05135,Yes,2024-10-10,Competition
U05136,No,,
U05137,Yes,2024-06-27,Competition
U05138,Yes,2025-05-26,Inactive
U05139,Yes,2024-04-15,Price
U05140,Yes,2024-09-28,Inactive
U05141,Yes,2025-04-03,Price
U05142,Yes,2024-10-06,Inactive
U05143,Yes,2025-03-11,Competition
U05144,Yes,2024-04-07,Price
U05145,Yes,2025-01-04,Inactive
U05146,Yes,2025-03-28,Features
U05147,Yes,2024-06-09,Price
U05148,Yes,2025-03-21,Inactive
U05149,Yes,2025-03-18,Inactive
U05150,Yes,2024-07-08,Price
U05151,Yes,2024-05-24,Competition
U05152,Yes,2024-12-14,Features
U05153,Yes,2025-03-05,Competition
U05154,No,,
U05155,No,,
U05156,Yes,2024-08-19,Competition
U05157,No,,
U05158,Yes,2024-12-11,Features
U05159,Yes,2025-01-27,Price
U05160,Yes,2024-06-23,Inactive
U05161,Yes,2024-06-23,Price
U05162,Yes,2025-01-26,Inactive
U05163,Yes,2024-02-08,Competition
U05164,Yes,2025-06-03,Inactive
U05165,Yes,2025-01-14,Inactive
U05166,Yes,2024-09-09,Features
U05167,Yes,2024-09-27,Competition
U05168,Yes,2025-01-27,Competition
U05169,Yes,2025-06-23,Price
U05170,Yes,2024-04-28,Features
U05171,Yes,2025-02-13,Inactive
U05172,Yes,2024-07-29,Inactive
U05173,Yes,2025-04-08,Price
U05174,Yes,2024-09-12,Price
U05175,Yes,2024-09-19,Price
U05176,Yes,2025-02-03,Features
U05177,Yes,2024-01-31,Features
U05178,Yes,2025-04-02,Competition
U05179,Yes,2024-11-20,Price
U05180,Yes,2024-07-18,Competition
U05181,Yes,2024-09-08,Features
U05182,Yes,2024-04-06,Price
U05183,Yes,2024-04-04,Competition
U05184,Yes,2024-09-27,Features
U05185,Yes,2024-08-13,Features
U05186,Yes,2024-06-15,Inactive
U05187,Yes,2024-11-12,Competition
U05188,Yes,2025-01-18,Competition
U05189,Yes,2025-07-04,Competition
U05190,Yes,2024-07-29,Inactive
U05191,Yes,2025-01-12,Price
U05192,No,,
U05193,Yes,2025-08-20,Price
U05194,Yes,2024-09-18,Inactive
U05195,Yes,2024-08-12,Features
U05196,Yes,2024-04-28,Competition
U05197,Yes,2024-05-14,Features
U05198,Yes,2025-06-03,Inactive
U05199,Yes,2024-09-12,Inactive
U05200,Yes,2024-03-16,Inactive
U05201,Yes,2024-10-26,Inactive
U05202,Yes,2024-08-19,Price
U05203,Yes,2024-07-13,Competition
U05204,Yes,2024-09-01,Price
U05205,Yes,2024-06-27,Competition
U05206,Yes,2024-05-13,Competition
U05207,Yes,2024-09-19,Features
U05208,Yes,2025-03-08,Price
U05209,Yes,2024-12-07,Inactive
U05210,No,,
U05211,Yes,2025-01-24,Price
U05212,Yes,2024-06-16,Inactive
U05213,Yes,2025-04-15,Price
U05214,Yes,2024-07-07,Inactive
U05215,Yes,2024-12-21,Price
U05216,Yes,2024-06-08,Features
U05217,Yes,2024-05-09,Features
U05218,Yes,2024-08-01,Features
U05219,Yes,2024-04-19,Price
U05220,Yes,2024-05-02,Inactive
U05221,Yes,2024-06-26,Inactive
U05222,Yes,2024-08-11,Competition
U05223,Yes,2024-12-24,Price
U05224,No,,
U05225,Yes,2024-07-01,Competition
U05226,Yes,2025-02-24,Features
U05227,No,,
U05228,Yes,2024-11-11,Features
U05229,Yes,2024-12-19,Price
U05230,Yes,2025-01-22,Price
U05231,Yes,2024-08-07,Competition
U05232,Yes,2024-09-08,Price
U05233,Yes,2025-04-22,Inactive
U05234,Yes,2024-05-28,Competition
U05235,Yes,2024-07-14,Price
U05236,Yes,2024-10-26,Competition
U05237,Yes,2024-03-29,Inactive
U05238,Yes,2025-01-05,Inactive
U05239,Yes,2025-03-26,Price
U05240,Yes,2025-09-16,Price
U05241,No,,
U05242,Yes,2024-08-15,Price
U05243,Yes,2024-12-17,Features
U05244,Yes,2025-07-24,Inactive
U05245,No,,
U05246,Yes,2024-04-15,Inactive
U05247,Yes,2024-07-19,Features
U05248,Yes,2025-01-19,Competition
U05249,Yes,2025-07-26,Features
U05250,Yes,2025-01-07,Features
U05251,Yes,2025-01-11,Inactive
U05252,Yes,2024-11-18,Features
U05253,Yes,2025-01-05,Features
U05254,Yes,2024-10-15,Inactive
U05255,Yes,2025-02-18,Features
U05256,Yes,2024-04-13,Features
U05257,Yes,2025-07-13,Features
U05258,Yes,2025-02-13,Price
U05259,Yes,2024-10-31,Price
U05260,Yes,2024-09-07,Inactive
U05261,Yes,2024-08-19,Competition
U05262,Yes,2024-09-27,Inactive
U05263,Yes,2025-03-17,Inactive
U05264,Yes,2025-01-12,Competition
U05265,Yes,2024-07-26,Features
U05266,Yes,2025-03-22,Features
U05267,Yes,2025-02-12,Price
U05268,Yes,2024-04-15,Features
U05269,Yes,2024-11-19,Price
U05270,Yes,2024-04-06,Competition
U05271,Yes,2024-10-05,Features
U05272,Yes,2025-05-12,Price
U05273,Yes,2024-12-05,Competition
U05274,Yes,2024-02-19,Inactive
U05275,Yes,2024-06-12,Price
U05276,Yes,2024-06-19,Features
U05277,Yes,2025-03-25,Price
U05278,No,,
U05279,Yes,2025-08-12,Features
U05280,Yes,2024-11-19,Price
U05281,Yes,2024-09-11,Price
U05282,Yes,2024-08-07,Inactive
U05283,Yes,2024-03-28,Competition
U05284,Yes,2025-01-28,Price
U05285,Yes,2025-01-22,Price
U05286,Yes,2024-06-30,Price
U05287,Yes,2024-05-18,Inactive
U05288,Yes,2024-12-29,Price
U05289,Yes,2025-04-08,Price
U05290,Yes,2024-11-07,Competition
U05291,Yes,2024-06-09,Price
U05292,Yes,2025-01-12,Inactive
U05293,Yes,2025-02-27,Inactive
U05294,No,,
U05295,No,,
U05296,No,,
U05297,Yes,2024-04-02,Competition
U05298,Yes,2024-05-07,Competition
U05299,Yes,2025-01-02,Competition
U05300,Yes,2024-09-11,Price
U05301,Yes,2024-03-17,Inactive
U05302,Yes,2024-10-14,Price
U05303,Yes,2024-09-01,Features
U05304,Yes,2025-01-22,Inactive
U05305,Yes,2025-03-24,Competition
U05306,Yes,2024-06-12,Price
U05307,Yes,2025-01-13,Features
U05308,Yes,2024-12-28,Competition
U05309,Yes,2024-11-19,Price
U05310,No,,
U05311,Yes,2025-07-04,Inactive
U05312,Yes,2024-11-02,Inactive
U05313,Yes,2024-12-01,Price
U05314,Yes,2024-06-05,Competition
U05315,Yes,2024-08-02,Features
U05316,No,,
U05317,Yes,2024-08-28,Features
U05318,Yes,2024-11-05,Price
U05319,Yes,2025-05-03,Inactive
U05320,Yes,2024-03-31,Features
U05321,No,,
U05322,Yes,2024-10-31,Price
U05323,Yes,2025-07-06,Price
U05324,Yes,2024-11-12,Features
U05325,Yes,2024-07-22,Competition
U05326,Yes,2024-06-25,Competition
U05327,Yes,2025-02-17,Price
U05328,Yes,2025-02-13,Price
U05329,No,,
U05330,Yes,2024-10-06,Competition
U05331,Yes,2024-12-29,Inactive
U05332,No,,
U05333,Yes,2024-11-05,Price
U05334,No,,
U05335,No,,
U05336,Yes,2024-09-16,Features
U05337,Yes,2024-03-30,Inactive
U05338,Yes,2024-06-07,Competition
U05339,Yes,2024-02-09,Features
U05340,Yes,2024-05-16,Inactive
U05341,Yes,2025-01-16,Inactive
U05342,Yes,2024-11-20,Competition
U05343,Yes,2024-07-06,Competition
U05344,Yes,2025-01-03,Features
U05345,Yes,2024-03-27,Features
U05346,Yes,2024-03-03,Inactive
U05347,No,,
U05348,Yes,2025-02-27,Price
U05349,Yes,2024-11-01,Competition
U05350,Yes,2024-07-25,Price
U05351,No,,
U05352,Yes,2025-02-09,Features
U05353,No,,
U05354,No,,
U05355,No,,
U05356,Yes,2025-05-01,Price
U05357,Yes,2025-02-24,Price
U05358,Yes,2024-07-07,Competition
U05359,Yes,2024-10-07,Competition
U05360,Yes,2024-08-16,Price
U05361,Yes,2024-09-16,Inactive
U05362,Yes,2024-07-11,Inactive
U05363,Yes,2024-11-28,Price
U05364,Yes,2025-02-07,Competition
U05365,Yes,2025-06-16,Competition
U05366,Yes,2025-07-01,Competition
U05367,Yes,2024-05-01,Features
U05368,Yes,2025-01-16,Competition
U05369,Yes,2025-06-15,Price
U05370,Yes,2024-07-12,Inactive
U05371,Yes,2024-07-28,Inactive
U05372,Yes,2024-09-12,Inactive
U05373,Yes,2024-05-24,Features
U05374,Yes,2024-12-10,Features
U05375,No,,
U05376,Yes,2025-06-20,Price
U05377,Yes,2024-07-30,Price
U05378,Yes,2024-12-07,Price
U05379,Yes,2024-10-02,Features
U05380,Yes,2025-01-27,Competition
U05381,Yes,2024-06-16,Features
U05382,Yes,2025-05-01,Price
U05383,Yes,2025-06-25,Competition
U05384,Yes,2024-08-13,Features
U05385,Yes,2024-07-15,Competition
U05386,Yes,2024-12-05,Inactive
U05387,Yes,2024-10-14,Price
U05388,Yes,2025-06-02,Price
U05389,Yes,2024-07-17,Inactive
U05390,Yes,2025-07-03,Features
U05391,Yes,2024-06-16,Price
U05392,Yes,2024-05-13,Features
U05393,Yes,2024-11-17,Features
U05394,Yes,2024-11-10,Price
U05395,Yes,2025-02-10,Price
U05396,Yes,2025-02-03,Features
U05397,Yes,2024-12-07,Price
U05398,No,,
U05399,Yes,2025-03-14,Price
U05400,Yes,2024-03-23,Competition
U05401,Yes,2024-03-16,Competition
U05402,Yes,2024-09-24,Competition
U05403,Yes,2024-05-18,Competition
U05404,Yes,2024-08-05,Competition
U05405,Yes,2025-06-23,Inactive
U05406,Yes,2025-03-01,Inactive
U05407,Yes,2024-09-09,Competition
U05408,Yes,2024-04-04,Competition
U05409,Yes,2025-05-01,Competition
U05410,Yes,2025-02-22,Price
U05411,Yes,2024-11-20,Competition
U05412,Yes,2024-11-11,Inactive
U05413,Yes,2024-06-13,Features
U05414,Yes,2024-11-20,Inactive
U05415,No,,
U05416,Yes,2024-09-27,Competition
U05417,Yes,2024-08-13,Price
U05418,Yes,2024-06-28,Features
U05419,Yes,2024-12-28,Price
U05420,Yes,2024-08-26,Inactive
U05421,Yes,2024-02-04,Inactive
U05422,Yes,2024-06-18,Features
U05423,Yes,2024-09-20,Inactive
U05424,Yes,2024-04-05,Competition
U05425,Yes,2025-02-08,Competition
U05426,Yes,2024-10-19,Features
U05427,Yes,2024-02-17,Competition
U05428,Yes,2025-05-30,Features
U05429,Yes,2024-08-12,Price
U05430,Yes,2024-05-04,Inactive
U05431,Yes,2025-06-17,Competition
U05432,Yes,2024-04-29,Inactive
U05433,Yes,2024-03-13,Features
U05434,Yes,2025-02-16,Inactive
U05435,Yes,2024-09-16,Price
U05436,Yes,2024-06-29,Price
U05437,No,,
U05438,Yes,2024-04-27,Features
U05439,Yes,2024-12-18,Inactive
U05440,Yes,2025-03-27,Price
U05441,Yes,2024-10-16,Price
U05442,Yes,2024-12-11,Features
U05443,Yes,2024-03-26,Competition
U05444,Yes,2025-01-15,Inactive
U05445,Yes,2024-05-20,Inactive
U05446,Yes,2024-08-03,Features
U05447,Yes,2024-08-12,Competition
U05448,No,,
U05449,Yes,2024-06-02,Competition
U05450,Yes,2025-03-30,Price
U05451,Yes,2025-04-11,Features
U05452,Yes,2024-11-19,Inactive
U05453,Yes,2025-02-10,Inactive
U05454,Yes,2024-07-09,Features
U05455,Yes,2024-08-18,Inactive
U05456,No,,
U05457,Yes,2025-03-07,Inactive
U05458,No,,
U05459,Yes,2024-04-27,Inactive
U05460,Yes,2024-10-16,Price
U05461,No,,
U05462,No,,
U05463,Yes,2024-04-28,Inactive
U05464,Yes,2024-09-08,Competition
U05465,Yes,2024-10-16,Features
U05466,Yes,2024-08-20,Inactive
U05467,Yes,2024-10-20,Price
U05468,Yes,2024-09-17,Inactive
U05469,Yes,2025-04-25,Features
U05470,Yes,2024-11-26,Competition
U05471,Yes,2024-10-08,Competition
U05472,Yes,2024-11-08,Inactive
U05473,Yes,2025-05-19,Inactive
U05474,Yes,2024-09-28,Price
U05475,Yes,2024-07-21,Price
U05476,Yes,2024-09-05,Features
U05477,Yes,2024-07-24,Inactive
U05478,Yes,2024-11-04,Features
U05479,Yes,2024-12-23,Features
U05480,Yes,2025-03-03,Features
U05481,Yes,2024-08-29,Features
U05482,Yes,2024-03-17,Price
U05483,Yes,2025-03-26,Price
U05484,Yes,2024-07-03,Features
U05485,Yes,2024-11-08,Competition
U05486,Yes,2024-10-03,Features
U05487,Yes,2025-01-25,Features
U05488,No,,
U05489,Yes,2024-08-02,Features
U05490,Yes,2024-08-02,Features
U05491,No,,
U05492,Yes,2024-08-09,Price
U05493,Yes,2025-01-10,Price
U05494,Yes,2025-06-25,Price
U05495,Yes,2024-12-23,Competition
U05496,Yes,2024-11-10,Inactive
U05497,No,,
U05498,Yes,2024-12-20,Competition
U05499,Yes,2024-05-09,Price
U05500,No,,
U05501,Yes,2024-08-26,Features
U05502,Yes,2024-05-23,Price
U05503,Yes,2024-05-02,Inactive
U05504,Yes,2025-05-17,Inactive
U05505,Yes,2025-04-05,Competition
U05506,Yes,2024-05-14,Inactive
U05507,Yes,2024-11-18,Inactive
U05508,No,,
U05509,Yes,2024-11-08,Price
U05510,Yes,2024-06-15,Inactive
U05511,Yes,2024-03-28,Features
U05512,Yes,2024-08-19,Competition
U05513,Yes,2024-04-12,Features
U05514,Yes,2024-07-28,Price
U05515,Yes,2024-11-04,Competition
U05516,Yes,2024-12-12,Features
U05517,Yes,2024-11-21,Inactive
U05518,Yes,2024-10-08,Price
U05519,Yes,2024-10-30,Competition
U05520,Yes,2025-09-12,Features
U05521,No,,
U05522,Yes,2024-07-15,Competition
U05523,Yes,2024-12-18,Price
U05524,No,,
U05525,Yes,2024-09-27,Competition
U05526,Yes,2024-06-01,Price
U05527,Yes,2024-10-12,Price
U05528,Yes,2025-01-28,Features
U05529,Yes,2025-11-04,Price
U05530,Yes,2024-07-09,Price
U05531,Yes,2024-10-08,Competition
U05532,Yes,2025-01-14,Competition
U05533,Yes,2024-09-20,Price
U05534,Yes,2024-12-05,Inactive
U05535,Yes,2024-11-26,Price
U05536,Yes,2024-10-02,Competition
U05537,Yes,2024-06-09,Competition
U05538,Yes,2025-05-16,Price
U05539,Yes,2025-03-28,Competition
U05540,Yes,2024-11-23,Features
U05541,Yes,2024-10-13,Features
U05542,Yes,2024-12-30,Price
U05543,Yes,2025-09-08,Features
U05544,Yes,2024-03-10,Competition
U05545,No,,
U05546,Yes,2024-06-12,Price
U05547,Yes,2024-12-07,Inactive
U05548,No,,
U05549,Yes,2024-02-28,Features
U05550,Yes,2024-08-01,Price
U05551,Yes,2025-02-19,Features
U05552,Yes,2024-10-13,Inactive
U05553,No,,
U05554,Yes,2024-06-13,Inactive
U05555,Yes,2024-10-20,Price
U05556,Yes,2025-02-16,Features
U05557,Yes,2024-12-02,Inactive
U05558,Yes,2024-10-04,Price
U05559,Yes,2024-09-14,Inactive
U05560,Yes,2025-01-29,Price
U05561,Yes,2025-01-15,Features
U05562,Yes,2024-07-05,Inactive
U05563,Yes,2024-09-11,Price
U05564,Yes,2024-03-02,Inactive
U05565,Yes,2024-10-06,Inactive
U05566,Yes,2024-10-12,Price
U05567,Yes,2024-04-21,Price
U05568,Yes,2024-02-26,Price
U05569,Yes,2024-09-01,Competition
U05570,Yes,2024-12-26,Price
U05571,Yes,2024-10-07,Competition
U05572,Yes,2025-01-31,Price
U05573,Yes,2024-04-16,Competition
U05574,Yes,2025-01-28,Price
U05575,Yes,2024-09-02,Competition
U05576,No,,
U05577,Yes,2025-01-08,Inactive
U05578,Yes,2024-10-06,Features
U05579,Yes,2024-04-21,Features
U05580,Yes,2024-06-12,Price
U05581,Yes,2025-03-10,Features
U05582,Yes,2024-11-13,Price
U05583,Yes,2025-05-18,Competition
U05584,Yes,2024-08-21,Features
U05585,Yes,2024-08-24,Competition
U05586,Yes,2024-03-08,Inactive
U05587,Yes,2024-05-23,Features
U05588,Yes,2025-02-03,Features
U05589,Yes,2025-04-05,Inactive
U05590,Yes,2024-11-11,Competition
U05591,No,,
U05592,Yes,2024-07-09,Inactive
U05593,Yes,2024-04-30,Features
U05594,Yes,2025-11-21,Competition
U05595,Yes,2024-06-22,Price
U05596,Yes,2024-10-14,Competition
U05597,Yes,2025-04-24,Inactive
U05598,Yes,2025-01-01,Features
U05599,No,,
U05600,Yes,2024-06-08,Inactive
U05601,Yes,2024-02-19,Competition
U05602,No,,
U05603,Yes,2024-05-28,Inactive
U05604,Yes,2024-12-03,Inactive
U05605,Yes,2024-07-24,Price
U05606,Yes,2025-07-16,Price
U05607,No,,
U05608,Yes,2024-09-07,Features
U05609,Yes,2025-05-08,Competition
U05610,Yes,2024-04-10,Inactive
U05611,Yes,2025-05-13,Inactive
U05612,Yes,2024-12-10,Price
U05613,Yes,2025-03-29,Inactive
U05614,Yes,2024-05-28,Competition
U05615,Yes,2024-10-06,Competition
U05616,Yes,2025-03-05,Features
U05617,Yes,2024-09-17,Inactive
U05618,Yes,2024-02-19,Features
U05619,Yes,2024-07-01,Inactive
U05620,Yes,2025-03-20,Inactive
U05621,Yes,2024-11-07,Features
U05622,Yes,2024-10-16,Competition
U05623,Yes,2024-10-10,Features
U05624,Yes,2024-02-11,Inactive
U05625,No,,
U05626,Yes,2024-03-02,Inactive
U05627,Yes,2024-06-10,Inactive
U05628,Yes,2025-06-05,Inactive
U05629,Yes,2025-01-13,Competition
U05630,Yes,2024-04-23,Inactive
U05631,Yes,2024-12-24,Competition
U05632,Yes,2025-09-22,Competition
U05633,Yes,2024-11-22,Price
U05634,Yes,2024-06-30,Features
U05635,Yes,2025-08-10,Inactive
U05636,No,,
U05637,No,,
U05638,Yes,2025-01-09,Inactive
U05639,Yes,2025-02-26,Inactive
U05640,Yes,2024-01-31,Features
U05641,Yes,2025-01-25,Competition
U05642,Yes,2024-12-25,Inactive
U05643,Yes,2024-10-26,Features
U05644,Yes,2024-10-29,Price
U05645,Yes,2024-10-13,Inactive
U05646,Yes,2025-02-21,Price
U05647,Yes,2024-06-17,Competition
U05648,No,,
U05649,Yes,2024-03-13,Competition
U05650,Yes,2025-06-11,Price
U05651,Yes,2024-05-18,Inactive
U05652,Yes,2024-10-03,Price
U05653,Yes,2025-07-03,Competition
U05654,Yes,2024-12-01,Features
U05655,Yes,2025-04-24,Features
U05656,No,,
U05657,Yes,2024-06-24,Competition
U05658,Yes,2024-06-07,Inactive
U05659,Yes,2024-12-09,Inactive
U05660,Yes,2024-08-02,Inactive
U05661,Yes,2024-11-11,Competition
U05662,Yes,2024-03-03,Price
U05663,Yes,2024-05-08,Competition
U05664,Yes,2024-04-27,Inactive
U05665,Yes,2024-05-05,Features
U05666,Yes,2024-08-13,Features
U05667,Yes,2024-06-07,Inactive
U05668,Yes,2025-03-04,Features
U05669,Yes,2024-08-09,Inactive
U05670,Yes,2024-05-03,Price
U05671,Yes,2024-09-17,Competition
U05672,Yes,2024-11-10,Price
U05673,Yes,2024-05-08,Price
U05674,Yes,2024-09-28,Competition
U05675,Yes,2024-05-09,Inactive
U05676,Yes,2024-09-17,Price
U05677,Yes,2024-10-31,Price
U05678,Yes,2024-11-05,Features
U05679,Yes,2025-01-26,Features
U05680,Yes,2025-07-05,Inactive
U05681,Yes,2024-04-27,Competition
U05682,Yes,2024-10-31,Price
U05683,Yes,2025-02-08,Price
U05684,Yes,2024-04-16,Inactive
U05685,Yes,2024-09-24,Features
U05686,Yes,2025-01-06,Features
U05687,Yes,2025-03-02,Features
U05688,Yes,2025-05-29,Price
U05689,Yes,2025-01-06,Features
U05690,Yes,2024-03-10,Price
U05691,Yes,2024-08-09,Features
U05692,Yes,2024-05-30,Inactive
U05693,Yes,2025-04-16,Competition
U05694,No,,
U05695,Yes,2024-09-14,Inactive
U05696,Yes,2024-06-29,Inactive
U05697,Yes,2024-11-01,Price
U05698,Yes,2025-02-02,Competition
U05699,Yes,2024-09-21,Price
U05700,Yes,2024-11-11,Price
U05701,Yes,2024-11-07,Competition
U05702,Yes,2024-12-16,Inactive
U05703,Yes,2025-08-11,Price
U05704,Yes,2025-01-22,Competition
U05705,Yes,2024-08-17,Price
U05706,No,,
U05707,Yes,2024-06-22,Competition
U05708,Yes,2024-06-29,Price
U05709,Yes,2024-04-03,Price
U05710,Yes,2024-04-17,Inactive
U05711,Yes,2025-02-24,Competition
U05712,Yes,2025-03-31,Price
U05713,Yes,2024-06-27,Price
U05714,Yes,2024-08-26,Price
U05715,Yes,2024-06-29,Features
U05716,Yes,2025-03-01,Inactive
U05717,Yes,2024-09-07,Features
U05718,Yes,2024-04-22,Competition
U05719,Yes,2025-05-25,Features
U05720,Yes,2024-10-23,Competition
U05721,Yes,2024-07-21,Price
U05722,Yes,2024-12-20,Competition
U05723,Yes,2025-03-20,Price
U05724,Yes,2024-11-23,Price
U05725,No,,
U05726,Yes,2024-06-01,Competition
U05727,Yes,2024-07-20,Competition
U05728,Yes,2024-10-01,Inactive
U05729,Yes,2024-05-13,Price
U05730,Yes,2024-08-16,Competition
U05731,Yes,2025-02-03,Price
U05732,Yes,2024-10-25,Inactive
U05733,Yes,2025-02-24,Features
U05734,Yes,2025-04-17,Inactive
U05735,Yes,2024-10-25,Competition
U05736,No,,
U05737,Yes,2025-08-24,Price
U05738,Yes,2024-04-08,Price
U05739,Yes,2025-01-19,Inactive
U05740,Yes,2024-05-06,Features
U05741,No,,
U05742,Yes,2025-02-18,Price
U05743,No,,
U05744,Yes,2024-05-19,Competition
U05745,Yes,2024-11-24,Price
U05746,Yes,2025-02-24,Inactive
U05747,Yes,2024-10-10,Price
U05748,Yes,2025-01-28,Inactive
U05749,Yes,2025-01-15,Inactive
U05750,Yes,2025-03-28,Price
U05751,Yes,2024-04-30,Price
U05752,Yes,2025-02-20,Inactive
U05753,Yes,2024-05-21,Price
U05754,Yes,2024-09-26,Inactive
U05755,Yes,2024-09-16,Inactive
U05756,No,,
U05757,Yes,2025-04-27,Price
U05758,Yes,2024-07-24,Features
U05759,Yes,2024-03-20,Features
U05760,No,,
U05761,Yes,2024-09-17,Features
U05762,Yes,2024-03-03,Features
U05763,Yes,2024-04-18,Features
U05764,Yes,2024-04-24,Competition
U05765,Yes,2024-09-24,Competition
U05766,Yes,2024-06-06,Competition
U05767,Yes,2024-12-04,Price
U05768,No,,
U05769,Yes,2024-06-27,Competition
U05770,No,,
U05771,Yes,2024-07-22,Competition
U05772,Yes,2025-01-04,Features
U05773,Yes,2025-01-07,Features
U05774,Yes,2024-04-22,Competition
U05775,Yes,2024-09-17,Price
U05776,Yes,2025-04-16,Inactive
U05777,Yes,2024-11-16,Inactive
U05778,Yes,2024-06-17,Price
U05779,Yes,2025-01-04,Competition
U05780,Yes,2024-09-23,Price
U05781,Yes,2025-03-27,Features
U05782,Yes,2025-04-04,Competition
U05783,Yes,2024-04-05,Features
U05784,Yes,2024-11-12,Inactive
U05785,Yes,2024-09-06,Inactive
U05786,Yes,2024-07-21,Competition
U05787,Yes,2024-11-12,Price
U05788,Yes,2024-08-04,Competition
U05789,Yes,2024-11-29,Features
U05790,Yes,2024-09-10,Competition
U05791,Yes,2024-12-12,Features
U05792,Yes,2025-08-04,Features
U05793,Yes,2024-07-14,Inactive
U05794,No,,
U05795,Yes,2024-11-07,Inactive
U05796,Yes,2024-09-26,Features
U05797,Yes,2024-12-10,Inactive
U05798,Yes,2025-04-03,Inactive
U05799,Yes,2024-12-05,Features
U05800,Yes,2024-08-10,Inactive
U05801,Yes,2025-02-08,Features
U05802,Yes,2024-07-31,Features
U05803,No,,
U05804,Yes,2025-01-14,Inactive
U05805,Yes,2025-03-14,Competition
U05806,Yes,2025-03-27,Features
U05807,Yes,2024-07-21,Inactive
U05808,No,,
U05809,Yes,2024-12-23,Inactive
U05810,Yes,2024-03-18,Competition
U05811,Yes,2025-06-07,Features
U05812,Yes,2024-06-15,Inactive
U05813,Yes,2025-02-25,Features
U05814,Yes,2024-06-01,Inactive
U05815,Yes,2024-09-12,Price
U05816,Yes,2024-09-14,Features
U05817,Yes,2024-05-07,Features
U05818,Yes,2024-08-14,Price
U05819,Yes,2025-01-26,Competition
U05820,Yes,2024-06-07,Features
U05821,Yes,2024-06-20,Competition
U05822,Yes,2025-08-08,Competition
U05823,No,,
U05824,Yes,2024-05-14,Features
U05825,Yes,2025-01-26,Competition
U05826,Yes,2024-12-29,Competition
U05827,Yes,2024-10-23,Price
U05828,Yes,2024-12-06,Competition
U05829,Yes,2024-12-15,Inactive
U05830,No,,
U05831,Yes,2024-10-22,Features
U05832,Yes,2024-11-10,Price
U05833,Yes,2024-07-13,Features
U05834,Yes,2024-11-27,Competition
U05835,Yes,2024-02-01,Price
U05836,Yes,2025-04-21,Price
U05837,Yes,2024-12-10,Competition
U05838,Yes,2025-01-20,Competition
U05839,Yes,2024-08-14,Price
U05840,No,,
U05841,Yes,2024-08-03,Features
U05842,Yes,2024-04-19,Competition
U05843,Yes,2024-12-27,Price
U05844,Yes,2024-10-30,Inactive
U05845,Yes,2024-12-08,Competition
U05846,Yes,2025-04-09,Inactive
U05847,Yes,2024-11-18,Competition
U05848,Yes,2025-02-23,Features
U05849,No,,
U05850,Yes,2024-10-12,Inactive
U05851,Yes,2024-09-18,Inactive
U05852,Yes,2024-08-19,Features
U05853,Yes,2024-10-14,Competition
U05854,Yes,2025-05-30,Features
U05855,Yes,2025-02-06,Price
U05856,Yes,2024-10-05,Inactive
U05857,Yes,2024-09-29,Competition
U05858,Yes,2024-06-12,Competition
U05859,Yes,2025-03-09,Inactive
U05860,Yes,2024-12-14,Features
U05861,Yes,2024-06-28,Inactive
U05862,Yes,2024-06-23,Price
U05863,No,,
U05864,Yes,2025-03-26,Features
U05865,Yes,2025-03-10,Competition
U05866,Yes,2025-02-14,Features
U05867,Yes,2025-04-08,Competition
U05868,Yes,2025-08-21,Competition
U05869,Yes,2025-01-12,Inactive
U05870,Yes,2024-08-05,Features
U05871,Yes,2024-09-16,Competition
U05872,Yes,2024-12-20,Competition
U05873,Yes,2024-07-23,Competition
U05874,Yes,2024-04-26,Price
U05875,Yes,2025-05-23,Features
U05876,Yes,2024-02-10,Competition
U05877,Yes,2025-01-24,Price
U05878,Yes,2025-01-12,Inactive
U05879,Yes,2024-08-14,Inactive
U05880,Yes,2024-09-27,Inactive
U05881,Yes,2025-01-08,Features
U05882,No,,
U05883,Yes,2024-12-09,Competition
U05884,Yes,2025-05-08,Features
U05885,Yes,2025-05-02,Price
U05886,Yes,2024-05-11,Price
U05887,Yes,2025-06-27,Competition
U05888,Yes,2024-10-26,Inactive
U05889,Yes,2025-04-22,Inactive
U05890,Yes,2025-05-19,Inactive
U05891,Yes,2024-04-05,Competition
U05892,No,,
U05893,Yes,2024-04-15,Price
U05894,Yes,2024-07-01,Price
U05895,Yes,2025-06-16,Features
U05896,Yes,2024-11-15,Features
U05897,Yes,2025-07-13,Features
U05898,Yes,2025-01-14,Inactive
U05899,Yes,2024-05-05,Competition
U05900,Yes,2024-04-17,Competition
U05901,Yes,2024-10-22,Features
U05902,Yes,2024-09-13,Inactive
U05903,Yes,2024-09-16,Inactive
U05904,Yes,2025-03-12,Features
U05905,No,,
U05906,Yes,2025-03-11,Inactive
U05907,Yes,2024-11-13,Competition
U05908,No,,
U05909,Yes,2025-01-28,Price
U05910,Yes,2024-07-04,Inactive
U05911,Yes,2025-05-18,Price
U05912,No,,
U05913,Yes,2024-04-22,Features
U05914,Yes,2025-01-23,Features
U05915,Yes,2024-06-11,Inactive
U05916,No,,
U05917,Yes,2024-04-19,Competition
U05918,Yes,2025-01-28,Competition
U05919,Yes,2025-01-20,Features
U05920,Yes,2025-07-13,Features
U05921,Yes,2024-12-11,Inactive
U05922,Yes,2024-12-15,Price
U05923,Yes,2024-03-28,Features
U05924,Yes,2024-05-02,Features
U05925,Yes,2024-09-08,Competition
U05926,Yes,2024-03-03,Inactive
U05927,Yes,2025-01-10,Features
U05928,Yes,2025-01-26,Inactive
U05929,Yes,2025-04-18,Price
U05930,Yes,2025-05-27,Features
U05931,Yes,2025-07-13,Competition
U05932,Yes,2024-12-23,Features
U05933,Yes,2025-03-07,Price
U05934,Yes,2025-03-29,Price
U05935,Yes,2024-06-24,Price
U05936,Yes,2024-09-15,Features
U05937,Yes,2024-08-06,Inactive
U05938,Yes,2024-06-09,Competition
U05939,Yes,2024-03-25,Inactive
U05940,Yes,2024-03-20,Price
U05941,Yes,2024-08-10,Inactive
U05942,Yes,2025-02-09,Features
U05943,Yes,2024-12-05,Inactive
U05944,Yes,2024-03-07,Price
U05945,No,,
U05946,Yes,2024-06-01,Price
U05947,Yes,2025-02-11,Competition
U05948,No,,
U05949,Yes,2025-01-07,Inactive
U05950,Yes,2024-07-19,Inactive
U05951,Yes,2024-02-27,Inactive
U05952,Yes,2024-06-22,Features
U05953,Yes,2024-12-19,Price
U05954,Yes,2024-06-20,Price
U05955,Yes,2025-04-20,Features
U05956,Yes,2024-08-02,Inactive
U05957,Yes,2025-07-10,Competition
U05958,Yes,2025-08-02,Competition
U05959,Yes,2024-08-31,Features
U05960,Yes,2024-04-24,Features
U05961,Yes,2025-02-19,Price
U05962,Yes,2025-04-07,Price
U05963,Yes,2024-02-19,Price
U05964,No,,
U05965,Yes,2024-10-29,Inactive
U05966,No,,
U05967,Yes,2024-09-07,Inactive
U05968,Yes,2024-10-14,Features
U05969,Yes,2024-04-01,Price
U05970,Yes,2025-05-31,Price
U05971,Yes,2024-05-25,Inactive
U05972,Yes,2025-02-02,Features
U05973,Yes,2025-02-24,Competition
U05974,No,,
U05975,Yes,2024-07-12,Features
U05976,Yes,2024-09-19,Features
U05977,Yes,2025-11-25,Features
U05978,Yes,2024-12-27,Price
U05979,Yes,2024-09-30,Competition
U05980,No,,
U05981,Yes,2024-10-05,Competition
U05982,Yes,2024-07-12,Features
U05983,Yes,2024-09-21,Features
U05984,Yes,2025-03-28,Features
U05985,Yes,2025-04-02,Competition
U05986,Yes,2024-10-19,Inactive
U05987,Yes,2024-11-24,Price
U05988,Yes,2025-05-20,Features
U05989,Yes,2025-03-10,Inactive
U05990,Yes,2024-08-13,Inactive
U05991,Yes,2025-05-01,Price
U05992,Yes,2025-01-29,Inactive
U05993,Yes,2025-09-03,Competition
U05994,Yes,2025-03-07,Price
U05995,Yes,2025-05-21,Features
U05996,Yes,2025-02-15,Features
U05997,Yes,2024-09-11,Features
U05998,Yes,2025-01-19,Price
U05999,Yes,2025-03-08,Price
U06000,Yes,2025-05-19,Features
U06001,Yes,2025-02-23,Inactive
U06002,Yes,2025-03-24,Features
U06003,Yes,2024-12-04,Price
U06004,Yes,2024-10-09,Inactive
U06005,Yes,2024-12-10,Price
U06006,Yes,2024-07-14,Competition
U06007,Yes,2024-12-17,Inactive
U06008,Yes,2025-03-09,Inactive
U06009,Yes,2024-11-20,Features
U06010,Yes,2025-02-20,Price
U06011,Yes,2024-08-11,Features
U06012,Yes,2024-12-11,Features
U06013,Yes,2024-12-29,Features
U06014,Yes,2024-05-01,Features
U06015,Yes,2024-12-06,Competition
U06016,Yes,2025-06-01,Competition
U06017,Yes,2024-08-06,Price
U06018,Yes,2025-03-10,Price
U06019,Yes,2025-02-08,Price
U06020,Yes,2024-10-23,Features
U06021,Yes,2024-11-29,Price
U06022,Yes,2024-12-27,Features
U06023,Yes,2024-07-17,Competition
U06024,Yes,2024-12-01,Features
U06025,Yes,2024-11-09,Features
U06026,Yes,2024-06-18,Competition
U06027,Yes,2025-03-28,Inactive
U06028,No,,
U06029,Yes,2025-02-07,Competition
U06030,Yes,2024-07-02,Price
U06031,Yes,2024-11-05,Features
U06032,Yes,2024-11-03,Inactive
U06033,No,,
U06034,Yes,2024-04-27,Inactive
U06035,Yes,2024-02-01,Features
U06036,Yes,2024-07-18,Competition
U06037,No,,
U06038,Yes,2025-07-09,Inactive
U06039,Yes,2024-07-31,Features
U06040,Yes,2024-10-21,Inactive
U06041,Yes,2024-11-10,Competition
U06042,Yes,2024-04-14,Competition
U06043,No,,
U06044,Yes,2025-09-27,Competition
U06045,Yes,2025-03-13,Inactive
U06046,Yes,2025-03-30,Features
U06047,Yes,2024-08-02,Price
U06048,Yes,2025-01-01,Features
U06049,Yes,2025-04-18,Features
U06050,No,,
U06051,No,,
U06052,Yes,2024-07-22,Competition
U06053,Yes,2024-11-15,Inactive
U06054,Yes,2024-08-07,Price
U06055,Yes,2024-07-06,Price
U06056,Yes,2024-04-21,Competition
U06057,Yes,2024-02-27,Features
U06058,Yes,2025-05-10,Features
U06059,Yes,2025-04-16,Price
U06060,Yes,2024-08-18,Inactive
U06061,Yes,2024-06-18,Inactive
U06062,Yes,2024-11-28,Competition
U06063,Yes,2024-11-08,Features
U06064,Yes,2025-02-02,Price
U06065,Yes,2025-03-21,Price
U06066,Yes,2024-10-14,Competition
U06067,Yes,2024-09-20,Competition
U06068,Yes,2024-07-17,Price
U06069,Yes,2025-02-02,Features
U06070,Yes,2024-07-10,Price
U06071,Yes,2025-08-11,Price
U06072,Yes,2024-07-26,Price
U06073,Yes,2024-12-22,Features
U06074,Yes,2025-01-09,Price
U06075,Yes,2025-07-08,Inactive
U06076,Yes,2024-06-08,Inactive
U06077,Yes,2024-08-09,Competition
U06078,Yes,2024-10-25,Price
U06079,Yes,2024-07-22,Inactive
U06080,No,,
U06081,Yes,2024-06-30,Price
U06082,Yes,2025-06-30,Competition
U06083,Yes,2025-01-21,Inactive
U06084,Yes,2024-11-24,Features
U06085,Yes,2024-11-24,Inactive
U06086,Yes,2024-06-26,Price
U06087,Yes,2024-06-17,Features
U06088,Yes,2024-06-07,Price
U06089,Yes,2025-01-19,Competition
U06090,Yes,2024-12-19,Features
U06091,Yes,2025-04-13,Price
U06092,No,,
U06093,Yes,2024-12-23,Features
U06094,Yes,2025-04-12,Inactive
U06095,Yes,2025-08-05,Price
U06096,Yes,2024-04-26,Price
U06097,Yes,2024-12-22,Inactive
U06098,Yes,2024-05-29,Features
U06099,Yes,2025-03-02,Price
U06100,Yes,2024-08-09,Features
U06101,Yes,2024-09-29,Competition
U06102,No,,
U06103,Yes,2025-01-21,Inactive
U06104,Yes,2025-03-15,Competition
U06105,Yes,2024-07-04,Inactive
U06106,Yes,2025-03-16,Price
U06107,Yes,2024-08-13,Inactive
U06108,Yes,2024-09-10,Inactive
U06109,Yes,2024-08-22,Inactive
U06110,Yes,2024-09-18,Features
U06111,Yes,2025-01-29,Inactive
U06112,Yes,2024-11-09,Competition
U06113,Yes,2024-04-07,Features
U06114,No,,
U06115,Yes,2024-04-07,Price
U06116,Yes,2024-12-11,Inactive
U06117,Yes,2024-12-25,Competition
U06118,Yes,2024-06-03,Price
U06119,Yes,2024-08-24,Features
U06120,Yes,2024-08-10,Inactive
U06121,Yes,2025-04-30,Competition
U06122,Yes,2024-12-02,Competition
U06123,Yes,2024-04-05,Features
U06124,No,,
U06125,Yes,2024-11-04,Competition
U06126,Yes,2024-09-20,Features
U06127,Yes,2024-09-07,Price
U06128,Yes,2024-08-19,Features
U06129,Yes,2024-07-20,Inactive
U06130,Yes,2024-08-21,Price
U06131,Yes,2025-04-10,Features
U06132,Yes,2024-03-18,Inactive
U06133,Yes,2024-11-23,Features
U06134,Yes,2025-03-15,Competition
U06135,Yes,2024-08-22,Features
U06136,Yes,2024-10-01,Features
U06137,Yes,2024-02-02,Price
U06138,Yes,2025-02-11,Price
U06139,Yes,2025-07-11,Inactive
U06140,Yes,2024-11-17,Price
U06141,Yes,2024-04-28,Inactive
U06142,Yes,2024-08-06,Features
U06143,Yes,2024-09-03,Price
U06144,No,,
U06145,Yes,2024-06-11,Features
U06146,Yes,2025-02-04,Competition
U06147,Yes,2024-07-21,Competition
U06148,Yes,2024-06-06,Features
U06149,Yes,2025-08-26,Features
U06150,Yes,2024-10-03,Price
U06151,Yes,2024-11-07,Features
U06152,Yes,2024-08-22,Price
U06153,Yes,2024-10-22,Features
U06154,Yes,2024-11-26,Inactive
U06155,No,,
U06156,Yes,2024-07-22,Inactive
U06157,No,,
U06158,Yes,2025-05-16,Inactive
U06159,Yes,2024-07-05,Features
U06160,Yes,2024-07-13,Inactive
U06161,No,,
U06162,Yes,2024-09-26,Competition
U06163,Yes,2024-11-16,Inactive
U06164,Yes,2024-12-29,Features
U06165,No,,
U06166,Yes,2024-06-15,Features
U06167,Yes,2025-07-25,Competition
U06168,Yes,2024-07-27,Competition
U06169,Yes,2024-05-14,Features
U06170,Yes,2024-08-28,Competition
U06171,Yes,2025-02-06,Price
U06172,Yes,2024-08-06,Competition
U06173,Yes,2025-04-14,Inactive
U06174,No,,
U06175,Yes,2025-02-19,Competition
U06176,No,,
U06177,Yes,2024-06-21,Inactive
U06178,Yes,2025-03-23,Competition
U06179,Yes,2024-09-28,Competition
U06180,Yes,2025-06-13,Price
U06181,Yes,2024-06-26,Competition
U06182,Yes,2025-01-14,Features
U06183,Yes,2024-10-08,Features
U06184,No,,
U06185,Yes,2025-06-13,Inactive
U06186,Yes,2024-04-30,Features
U06187,No,,
U06188,Yes,2024-06-20,Price
U06189,Yes,2024-11-05,Competition
U06190,Yes,2024-09-20,Competition
U06191,Yes,2025-04-15,Inactive
U06192,Yes,2024-10-06,Inactive
U06193,Yes,2024-07-03,Competition
U06194,Yes,2025-09-19,Price
U06195,Yes,2024-12-23,Features
U06196,Yes,2024-10-09,Competition
U06197,Yes,2024-11-12,Features
U06198,Yes,2025-04-05,Features
U06199,No,,
U06200,Yes,2025-05-30,Competition
U06201,Yes,2024-11-03,Competition
U06202,Yes,2024-09-05,Features
U06203,Yes,2024-06-12,Competition
U06204,Yes,2025-05-19,Features
U06205,Yes,2024-04-29,Inactive
U06206,No,,
U06207,Yes,2025-01-25,Inactive
U06208,Yes,2024-11-11,Competition
U06209,Yes,2025-03-28,Price
U06210,Yes,2025-11-14,Competition
U06211,Yes,2025-01-12,Features
U06212,No,,
U06213,No,,
U06214,Yes,2025-03-26,Competition
U06215,Yes,2025-08-07,Inactive
U06216,Yes,2025-04-07,Price
U06217,Yes,2024-12-18,Price
U06218,Yes,2025-02-14,Features
U06219,Yes,2025-03-29,Features
U06220,Yes,2024-11-01,Price
U06221,No,,
U06222,Yes,2024-02-22,Inactive
U06223,Yes,2025-02-25,Competition
U06224,Yes,2025-03-11,Price
U06225,Yes,2025-01-17,Features
U06226,Yes,2024-10-10,Price
U06227,Yes,2024-04-10,Price
U06228,Yes,2024-07-25,Competition
U06229,Yes,2024-06-28,Features
U06230,Yes,2025-04-18,Competition
U06231,No,,
U06232,Yes,2024-06-11,Features
U06233,Yes,2024-07-13,Competition
U06234,Yes,2024-08-10,Competition
U06235,Yes,2024-12-14,Inactive
U06236,Yes,2025-03-22,Competition
U06237,Yes,2024-12-15,Competition
U06238,Yes,2024-12-13,Features
U06239,Yes,2025-03-28,Features
U06240,Yes,2024-09-30,Competition
U06241,Yes,2025-06-12,Price
U06242,Yes,2024-08-11,Inactive
U06243,Yes,2025-03-02,Price
U06244,Yes,2024-12-27,Features
U06245,Yes,2024-10-15,Inactive
U06246,Yes,2024-09-10,Competition
U06247,Yes,2024-08-26,Price
U06248,Yes,2024-07-31,Price
U06249,Yes,2024-08-03,Price
U06250,Yes,2024-09-26,Price
U06251,Yes,2024-07-17,Price
U06252,Yes,2025-02-08,Price
U06253,Yes,2025-03-08,Inactive
U06254,Yes,2025-03-19,Competition
U06255,No,,
U06256,Yes,2024-02-12,Competition
U06257,Yes,2025-02-03,Competition
U06258,Yes,2024-10-31,Features
U06259,Yes,2024-09-22,Features
U06260,Yes,2024-05-23,Competition
U06261,Yes,2024-09-21,Inactive
U06262,Yes,2024-12-09,Inactive
U06263,Yes,2025-11-18,Features
U06264,Yes,2024-09-04,Price
U06265,Yes,2024-12-17,Features
U06266,Yes,2025-04-16,Inactive
U06267,Yes,2024-09-12,Price
U06268,Yes,2024-10-22,Inactive
U06269,Yes,2025-04-29,Competition
U06270,Yes,2025-05-12,Price
U06271,Yes,2024-09-14,Features
U06272,Yes,2024-05-02,Price
U06273,Yes,2024-12-05,Inactive
U06274,Yes,2024-04-29,Inactive
U06275,Yes,2024-09-21,Competition
U06276,Yes,2024-07-03,Features
U06277,Yes,2024-08-01,Features
U06278,Yes,2025-03-18,Price
U06279,Yes,2024-08-02,Price
U06280,Yes,2024-04-04,Price
U06281,Yes,2025-02-25,Features
U06282,Yes,2025-02-28,Competition
U06283,Yes,2025-03-04,Price
U06284,Yes,2024-08-11,Competition
U06285,Yes,2024-03-10,Competition
U06286,Yes,2024-03-26,Features
U06287,Yes,2024-05-08,Inactive
U06288,Yes,2024-11-26,Competition
U06289,Yes,2025-04-27,Features
U06290,Yes,2025-01-26,Features
U06291,Yes,2025-06-20,Features
U06292,Yes,2024-01-31,Inactive
U06293,Yes,2024-08-24,Price
U06294,Yes,2025-06-29,Competition
U06295,Yes,2025-05-05,Inactive
U06296,Yes,2024-12-19,Price
U06297,Yes,2024-04-12,Features
U06298,Yes,2024-05-17,Inactive
U06299,Yes,2024-04-04,Competition
U06300,Yes,2024-08-19,Features
U06301,Yes,2024-11-24,Inactive
U06302,Yes,2025-04-10,Inactive
U06303,Yes,2025-01-16,Inactive
U06304,Yes,2024-03-22,Inactive
U06305,Yes,2024-12-26,Competition
U06306,Yes,2024-11-11,Competition
U06307,Yes,2024-10-28,Price
U06308,Yes,2024-06-15,Price
U06309,Yes,2024-11-19,Features
U06310,No,,
U06311,Yes,2024-10-22,Price
U06312,No,,
U06313,Yes,2024-08-05,Features
U06314,Yes,2025-03-09,Inactive
U06315,Yes,2024-08-07,Features
U06316,Yes,2024-06-23,Price
U06317,Yes,2024-08-08,Competition
U06318,Yes,2024-07-01,Inactive
U06319,Yes,2024-11-27,Inactive
U06320,Yes,2025-07-17,Features
U06321,Yes,2024-05-09,Features
U06322,Yes,2024-10-21,Competition
U06323,Yes,2024-05-22,Features
U06324,Yes,2024-09-05,Price
U06325,Yes,2025-03-14,Competition
U06326,Yes,2024-08-27,Inactive
U06327,Yes,2024-10-09,Features
U06328,Yes,2025-09-06,Inactive
U06329,Yes,2024-05-18,Features
U06330,Yes,2024-10-26,Inactive
U06331,Yes,2025-04-18,Features
U06332,Yes,2024-11-29,Price
U06333,Yes,2025-06-14,Features
U06334,Yes,2024-05-12,Features
U06335,Yes,2024-02-11,Inactive
U06336,Yes,2024-03-25,Competition
U06337,Yes,2024-11-07,Features
U06338,Yes,2025-06-04,Inactive
U06339,No,,
U06340,Yes,2024-07-06,Price
U06341,Yes,2024-09-07,Features
U06342,Yes,2024-04-12,Price
U06343,Yes,2025-01-13,Competition
U06344,Yes,2025-09-05,Inactive
U06345,Yes,2025-05-14,Features
U06346,Yes,2024-06-06,Competition
U06347,Yes,2024-03-25,Price
U06348,Yes,2024-09-02,Competition
U06349,No,,
U06350,No,,
U06351,Yes,2024-08-25,Price
U06352,Yes,2024-08-18,Competition
U06353,Yes,2025-06-06,Features
U06354,Yes,2024-05-30,Features
U06355,Yes,2024-07-05,Inactive
U06356,Yes,2025-01-22,Features
U06357,Yes,2024-12-09,Price
U06358,Yes,2024-07-03,Features
U06359,Yes,2025-01-04,Competition
U06360,Yes,2024-10-13,Features
U06361,Yes,2025-07-29,Price
U06362,Yes,2024-08-02,Inactive
U06363,Yes,2025-04-22,Competition
U06364,No,,
U06365,Yes,2025-01-07,Inactive
U06366,Yes,2025-05-16,Competition
U06367,No,,
U06368,Yes,2025-01-17,Inactive
U06369,Yes,2024-06-22,Competition
U06370,Yes,2024-11-20,Competition
U06371,Yes,2024-05-26,Inactive
U06372,Yes,2025-03-23,Price
U06373,Yes,2024-04-19,Features
U06374,Yes,2024-04-12,Inactive
U06375,Yes,2025-03-18,Features
U06376,Yes,2025-04-16,Competition
U06377,Yes,2024-09-18,Price
U06378,Yes,2024-09-27,Features
U06379,Yes,2024-05-30,Competition
U06380,Yes,2025-02-14,Price
U06381,Yes,2025-04-07,Price
U06382,Yes,2024-10-19,Features
U06383,Yes,2025-04-21,Competition
U06384,Yes,2024-08-17,Competition
U06385,Yes,2025-02-26,Competition
U06386,Yes,2024-05-29,Features
U06387,Yes,2024-03-24,Competition
U06388,Yes,2024-12-09,Inactive
U06389,Yes,2025-04-04,Features
U06390,Yes,2025-02-17,Price
U06391,Yes,2024-08-21,Price
U06392,Yes,2025-01-26,Features
U06393,Yes,2024-08-20,Inactive
U06394,Yes,2024-06-14,Competition
U06395,Yes,2024-07-21,Competition
U06396,Yes,2025-01-18,Competition
U06397,Yes,2024-04-07,Competition
U06398,Yes,2025-01-27,Inactive
U06399,Yes,2024-06-13,Features
U06400,Yes,2024-02-16,Competition
U06401,Yes,2024-08-12,Features
U06402,Yes,2024-08-14,Competition
U06403,Yes,2024-09-10,Features
U06404,Yes,2025-01-04,Inactive
U06405,Yes,2024-11-23,Inactive
U06406,Yes,2025-05-30,Price
U06407,Yes,2025-01-04,Price
U06408,Yes,2025-02-04,Price
U06409,No,,
U06410,Yes,2025-01-04,Inactive
U06411,Yes,2024-08-18,Competition
U06412,Yes,2024-12-25,Price
U06413,Yes,2024-12-17,Inactive
U06414,Yes,2024-03-07,Inactive
U06415,Yes,2024-11-12,Price
U06416,Yes,2024-08-18,Features
U06417,Yes,2024-12-19,Competition
U06418,Yes,2024-06-12,Competition
U06419,Yes,2024-10-19,Price
U06420,Yes,2025-02-23,Competition
U06421,Yes,2024-05-08,Price
U06422,Yes,2024-02-09,Competition
U06423,Yes,2024-07-16,Competition
U06424,Yes,2024-10-16,Features
U06425,Yes,2024-08-09,Inactive
U06426,Yes,2024-05-05,Price
U06427,No,,
U06428,Yes,2024-12-20,Competition
U06429,Yes,2024-11-23,Competition
U06430,Yes,2024-03-04,Competition
U06431,Yes,2024-06-18,Features
U06432,Yes,2025-02-18,Features
U06433,Yes,2025-04-08,Features
U06434,Yes,2024-10-28,Features
U06435,Yes,2024-09-10,Competition
U06436,No,,
U06437,Yes,2024-12-06,Features
U06438,Yes,2024-11-26,Competition
U06439,Yes,2025-02-12,Price
U06440,No,,
U06441,Yes,2025-07-02,Price
U06442,Yes,2025-01-14,Price
U06443,Yes,2024-12-06,Features
U06444,Yes,2025-02-08,Competition
U06445,No,,
U06446,Yes,2024-06-12,Inactive
U06447,Yes,2024-11-26,Competition
U06448,Yes,2024-08-22,Competition
U06449,Yes,2024-05-30,Price
U06450,Yes,2024-10-27,Competition
U06451,Yes,2024-10-01,Features
U06452,Yes,2024-09-29,Features
U06453,Yes,2024-03-06,Competition
U06454,Yes,2025-05-07,Price
U06455,Yes,2025-02-01,Competition
U06456,Yes,2024-10-19,Inactive
U06457,Yes,2024-06-10,Inactive
U06458,Yes,2024-08-24,Features
U06459,Yes,2024-07-09,Price
U06460,Yes,2024-03-08,Inactive
U06461,Yes,2024-11-17,Competition
U06462,Yes,2025-01-26,Inactive
U06463,Yes,2025-05-08,Competition
U06464,Yes,2024-03-16,Competition
U06465,Yes,2025-02-23,Features
U06466,Yes,2025-03-15,Features
U06467,Yes,2025-03-18,Competition
U06468,No,,
U06469,Yes,2024-07-11,Features
U06470,No,,
U06471,No,,
U06472,Yes,2024-04-24,Features
U06473,Yes,2025-05-30,Price
U06474,Yes,2025-05-20,Price
U06475,Yes,2024-08-11,Price
U06476,Yes,2024-12-04,Features
U06477,Yes,2024-08-11,Features
U06478,Yes,2024-06-20,Features
U06479,Yes,2024-09-23,Competition
U06480,Yes,2024-08-12,Price
U06481,Yes,2025-02-12,Inactive
U06482,Yes,2024-09-02,Inactive
U06483,Yes,2024-02-25,Competition
U06484,Yes,2024-03-16,Price
U06485,No,,
U06486,Yes,2025-03-11,Inactive
U06487,Yes,2025-02-12,Price
U06488,Yes,2025-03-31,Price
U06489,Yes,2024-09-12,Inactive
U06490,Yes,2024-10-22,Price
U06491,No,,
U06492,No,,
U06493,Yes,2024-03-31,Competition
U06494,Yes,2025-01-25,Features
U06495,No,,
U06496,Yes,2024-10-27,Price
U06497,Yes,2024-06-17,Price
U06498,Yes,2025-05-10,Competition
U06499,Yes,2024-10-03,Price
U06500,Yes,2024-08-27,Competition
U06501,Yes,2024-12-02,Price
U06502,Yes,2024-03-30,Features
U06503,Yes,2024-09-11,Price
U06504,Yes,2024-11-01,Price
U06505,Yes,2025-01-20,Features
U06506,Yes,2024-05-19,Inactive
U06507,Yes,2025-01-26,Competition
U06508,Yes,2024-11-11,Inactive
U06509,Yes,2024-03-01,Competition
U06510,Yes,2025-02-28,Inactive
U06511,Yes,2024-03-08,Price
U06512,Yes,2024-09-15,Competition
U06513,Yes,2024-02-13,Features
U06514,Yes,2025-07-21,Competition
U06515,Yes,2025-01-29,Features
U06516,Yes,2024-09-24,Price
U06517,Yes,2025-01-24,Competition
U06518,Yes,2025-02-07,Price
U06519,Yes,2025-02-27,Competition
U06520,Yes,2025-03-23,Features
U06521,Yes,2025-04-01,Competition
U06522,Yes,2024-04-08,Features
U06523,Yes,2025-04-09,Price
U06524,Yes,2024-09-06,Inactive
U06525,No,,
U06526,No,,
U06527,Yes,2025-06-23,Competition
U06528,Yes,2024-07-07,Price
U06529,Yes,2025-01-04,Price
U06530,Yes,2024-12-15,Price
U06531,Yes,2025-05-28,Price
U06532,Yes,2025-01-22,Price
U06533,Yes,2024-12-13,Features
U06534,No,,
U06535,Yes,2024-12-10,Features
U06536,Yes,2024-10-18,Features
U06537,Yes,2025-06-17,Price
U06538,Yes,2025-06-26,Price
U06539,Yes,2024-03-11,Inactive
U06540,Yes,2025-03-07,Inactive
U06541,Yes,2024-12-06,Competition
U06542,Yes,2024-10-08,Competition
U06543,Yes,2024-12-28,Competition
U06544,No,,
U06545,Yes,2024-10-20,Inactive
U06546,Yes,2025-05-09,Price
U06547,No,,
U06548,No,,
U06549,Yes,2025-03-02,Price
U06550,No,,
U06551,Yes,2025-04-29,Features
U06552,Yes,2024-12-24,Features
U06553,Yes,2024-08-16,Price
U06554,Yes,2024-09-04,Features
U06555,No,,
U06556,Yes,2024-07-20,Inactive
U06557,Yes,2025-01-07,Inactive
U06558,Yes,2024-10-01,Price
U06559,Yes,2024-05-31,Competition
U06560,Yes,2024-09-10,Competition
U06561,No,,
U06562,Yes,2024-08-03,Price
U06563,Yes,2025-05-10,Price
U06564,Yes,2024-06-23,Features
U06565,Yes,2024-08-30,Features
U06566,Yes,2025-03-08,Inactive
U06567,Yes,2024-11-20,Price
U06568,Yes,2025-07-14,Inactive
U06569,Yes,2024-06-16,Features
U06570,Yes,2025-07-26,Price
U06571,No,,
U06572,Yes,2025-09-05,Competition
U06573,Yes,2025-02-23,Features
U06574,Yes,2024-12-20,Inactive
U06575,Yes,2025-01-01,Competition
U06576,Yes,2025-03-20,Features
U06577,Yes,2024-07-01,Competition
U06578,No,,
U06579,Yes,2024-07-18,Competition
U06580,No,,
U06581,Yes,2024-05-04,Competition
U06582,Yes,2024-10-11,Features
U06583,Yes,2025-03-21,Price
U06584,Yes,2024-08-10,Price
U06585,Yes,2024-11-10,Inactive
U06586,Yes,2025-06-27,Price
U06587,Yes,2024-12-09,Features
U06588,Yes,2025-03-05,Price
U06589,Yes,2024-12-13,Features
U06590,Yes,2024-12-16,Inactive
U06591,Yes,2024-09-11,Features
U06592,Yes,2024-10-01,Price
U06593,Yes,2024-09-20,Inactive
U06594,Yes,2025-08-20,Price
U06595,Yes,2025-01-25,Competition
U06596,Yes,2024-10-27,Inactive
U06597,Yes,2025-02-27,Inactive
U06598,Yes,2024-11-03,Competition
U06599,Yes,2024-10-05,Inactive
U06600,No,,
U06601,Yes,2024-06-28,Inactive
U06602,Yes,2024-05-25,Price
U06603,Yes,2025-01-31,Price
U06604,Yes,2025-02-17,Price
U06605,No,,
U06606,Yes,2025-03-31,Price
U06607,No,,
U06608,Yes,2025-05-27,Price
U06609,No,,
U06610,Yes,2025-07-27,Competition
U06611,Yes,2024-09-11,Competition
U06612,Yes,2024-10-20,Inactive
U06613,Yes,2024-09-27,Price
U06614,Yes,2025-02-04,Features
U06615,Yes,2024-07-25,Competition
U06616,Yes,2024-08-26,Competition
U06617,Yes,2024-07-14,Inactive
U06618,Yes,2024-04-12,Price
U06619,Yes,2024-12-17,Price
U06620,Yes,2024-12-09,Inactive
U06621,No,,
U06622,Yes,2024-05-21,Competition
U06623,Yes,2024-07-03,Price
U06624,No,,
U06625,Yes,2025-05-19,Competition
U06626,Yes,2025-08-02,Features
U06627,Yes,2025-03-12,Features
U06628,Yes,2024-09-02,Inactive
U06629,Yes,2025-01-14,Inactive
U06630,Yes,2024-12-29,Inactive
U06631,No,,
U06632,Yes,2025-08-22,Competition
U06633,No,,
U06634,Yes,2024-08-11,Inactive
U06635,Yes,2024-11-15,Features
U06636,No,,
U06637,Yes,2024-10-29,Competition
U06638,No,,
U06639,Yes,2025-06-11,Price
U06640,Yes,2025-01-17,Price
U06641,Yes,2025-01-08,Price
U06642,Yes,2024-09-18,Features
U06643,Yes,2024-12-05,Price
U06644,Yes,2024-07-24,Competition
U06645,Yes,2025-03-04,Price
U06646,Yes,2025-06-27,Inactive
U06647,Yes,2024-03-10,Inactive
U06648,Yes,2024-12-26,Features
U06649,Yes,2024-09-30,Inactive
U06650,Yes,2025-01-07,Price
U06651,Yes,2024-08-22,Inactive
U06652,Yes,2024-10-25,Price
U06653,No,,
U06654,Yes,2024-09-19,Inactive
U06655,Yes,2024-10-08,Inactive
U06656,Yes,2025-01-08,Inactive
U06657,Yes,2025-03-15,Competition
U06658,No,,
U06659,Yes,2024-08-09,Features
U06660,Yes,2025-05-15,Price
U06661,Yes,2024-09-08,Price
U06662,Yes,2025-03-05,Competition
U06663,Yes,2024-09-17,Features
U06664,Yes,2025-11-17,Price
U06665,Yes,2024-07-07,Features
U06666,Yes,2024-08-27,Price
U06667,Yes,2025-01-16,Inactive
U06668,Yes,2025-07-09,Competition
U06669,Yes,2024-09-04,Price
U06670,Yes,2025-01-08,Inactive
U06671,Yes,2024-12-23,Features
U06672,Yes,2024-05-29,Price
U06673,Yes,2024-12-08,Features
U06674,Yes,2024-07-01,Features
U06675,Yes,2024-10-25,Inactive
U06676,Yes,2025-01-21,Competition
U06677,Yes,2024-11-22,Competition
U06678,Yes,2024-12-07,Features
U06679,Yes,2025-03-18,Competition
U06680,Yes,2024-06-18,Inactive
U06681,Yes,2025-02-27,Inactive
U06682,No,,
U06683,Yes,2025-04-23,Features
U06684,Yes,2025-02-03,Inactive
U06685,Yes,2024-10-10,Price
U06686,Yes,2025-01-09,Competition
U06687,Yes,2024-10-29,Price
U06688,Yes,2024-09-01,Features
U06689,Yes,2024-07-21,Inactive
U06690,Yes,2024-02-11,Inactive
U06691,Yes,2025-03-01,Price
U06692,Yes,2024-05-23,Competition
U06693,No,,
U06694,Yes,2025-01-08,Competition
U06695,Yes,2025-01-12,Features
U06696,Yes,2024-08-29,Inactive
U06697,Yes,2024-07-04,Inactive
U06698,Yes,2025-01-08,Price
U06699,Yes,2025-06-25,Competition
U06700,No,,
U06701,Yes,2024-05-22,Competition
U06702,Yes,2025-01-22,Features
U06703,Yes,2024-06-01,Features
U06704,Yes,2024-10-23,Features
U06705,No,,
U06706,No,,
U06707,Yes,2025-01-30,Competition
U06708,Yes,2025-02-18,Competition
U06709,Yes,2024-04-29,Inactive
U06710,No,,
U06711,No,,
U06712,Yes,2024-08-01,Inactive
U06713,Yes,2025-03-09,Inactive
U06714,Yes,2025-01-15,Price
U06715,No,,
U06716,Yes,2025-05-09,Features
U06717,Yes,2025-04-03,Price
U06718,Yes,2024-07-18,Features
U06719,No,,
U06720,Yes,2025-03-05,Competition
U06721,Yes,2024-11-01,Competition
U06722,Yes,2024-11-11,Price
U06723,Yes,2024-05-04,Price
U06724,Yes,2025-01-24,Inactive
U06725,Yes,2024-04-27,Price
U06726,No,,
U06727,Yes,2024-12-17,Features
U06728,Yes,2024-09-24,Features
U06729,Yes,2024-05-02,Inactive
U06730,Yes,2024-11-21,Competition
U06731,Yes,2024-06-19,Inactive
U06732,Yes,2024-07-27,Competition
U06733,No,,
U06734,No,,
U06735,Yes,2024-12-23,Inactive
U06736,Yes,2025-06-26,Features
U06737,Yes,2024-07-09,Features
U06738,Yes,2024-03-26,Inactive
U06739,Yes,2025-08-15,Competition
U06740,Yes,2025-05-28,Competition
U06741,Yes,2024-11-12,Price
U06742,Yes,2024-10-17,Price
U06743,Yes,2024-11-01,Inactive
U06744,Yes,2024-04-04,Competition
U06745,Yes,2025-06-15,Competition
U06746,Yes,2024-09-19,Inactive
U06747,Yes,2025-04-09,Competition
U06748,Yes,2025-01-05,Inactive
U06749,Yes,2025-05-31,Features
U06750,Yes,2024-10-04,Inactive
U06751,Yes,2024-09-23,Competition
U06752,Yes,2024-04-28,Price
U06753,Yes,2024-10-03,Features
U06754,Yes,2025-08-17,Inactive
U06755,Yes,2025-10-20,Inactive
U06756,Yes,2025-02-08,Features
U06757,Yes,2025-03-27,Inactive
U06758,Yes,2024-11-12,Price
U06759,Yes,2025-04-19,Competition
U06760,Yes,2024-08-14,Inactive
U06761,Yes,2024-07-22,Inactive
U06762,No,,
U06763,Yes,2024-06-19,Features
U06764,Yes,2025-01-14,Price
U06765,Yes,2025-01-15,Competition
U06766,No,,
U06767,Yes,2025-03-17,Competition
U06768,Yes,2025-01-13,Inactive
U06769,Yes,2025-04-24,Competition
U06770,No,,
U06771,Yes,2024-09-25,Price
U06772,Yes,2025-07-02,Features
U06773,Yes,2025-02-20,Inactive
U06774,Yes,2025-03-08,Features
U06775,No,,
U06776,Yes,2024-10-09,Price
U06777,Yes,2024-08-26,Competition
U06778,Yes,2024-12-29,Features
U06779,No,,
U06780,Yes,2025-08-20,Competition
U06781,Yes,2025-02-05,Features
U06782,Yes,2024-06-03,Features
U06783,Yes,2025-04-15,Price
U06784,Yes,2024-10-13,Price
U06785,Yes,2024-10-20,Inactive
U06786,Yes,2024-09-01,Competition
U06787,Yes,2024-10-06,Price
U06788,Yes,2024-05-23,Inactive
U06789,Yes,2025-04-23,Features
U06790,Yes,2025-02-10,Price
U06791,Yes,2025-05-06,Inactive
U06792,Yes,2025-01-16,Inactive
U06793,Yes,2024-05-17,Price
U06794,Yes,2025-04-02,Inactive
U06795,No,,
U06796,Yes,2025-07-10,Features
U06797,Yes,2025-02-06,Inactive
U06798,Yes,2024-04-05,Competition
U06799,Yes,2024-12-18,Inactive
U06800,Yes,2025-02-04,Features
U06801,Yes,2024-11-14,Competition
U06802,No,,
U06803,Yes,2024-02-03,Competition
U06804,Yes,2024-04-13,Price
U06805,Yes,2024-08-24,Features
U06806,Yes,2024-09-01,Inactive
U06807,Yes,2024-11-23,Inactive
U06808,Yes,2024-09-18,Features
U06809,Yes,2025-01-26,Inactive
U06810,Yes,2025-04-01,Competition
U06811,Yes,2025-05-09,Features
U06812,Yes,2024-07-12,Competition
U06813,Yes,2025-04-01,Inactive
U06814,Yes,2024-06-04,Inactive
U06815,Yes,2024-12-23,Inactive
U06816,Yes,2025-02-09,Price
U06817,Yes,2024-08-05,Inactive
U06818,Yes,2025-02-17,Price
U06819,Yes,2024-03-16,Competition
U06820,Yes,2025-02-01,Competition
U06821,Yes,2025-06-27,Features
U06822,Yes,2024-09-13,Price
U06823,Yes,2025-01-28,Price
U06824,Yes,2024-07-15,Competition
U06825,Yes,2024-06-10,Price
U06826,Yes,2024-11-19,Inactive
U06827,Yes,2025-05-25,Price
U06828,Yes,2024-05-11,Price
U06829,Yes,2024-09-28,Competition
U06830,Yes,2024-04-15,Features
U06831,Yes,2025-05-08,Features
U06832,Yes,2024-05-13,Inactive
U06833,Yes,2024-12-26,Features
U06834,Yes,2025-01-12,Features
U06835,Yes,2024-07-18,Inactive
U06836,Yes,2024-03-02,Inactive
U06837,Yes,2024-04-12,Inactive
U06838,Yes,2024-08-31,Price
U06839,Yes,2024-09-03,Price
U06840,Yes,2025-03-01,Features
U06841,Yes,2025-07-26,Features
U06842,Yes,2024-02-19,Inactive
U06843,Yes,2024-08-05,Price
U06844,Yes,2024-07-11,Inactive
U06845,Yes,2024-08-03,Inactive
U06846,Yes,2025-09-10,Competition
U06847,Yes,2024-02-26,Features
U06848,No,,
U06849,Yes,2025-07-04,Competition
U06850,Yes,2024-06-20,Features
U06851,No,,
U06852,Yes,2024-12-05,Inactive
U06853,Yes,2025-03-24,Price
U06854,Yes,2024-04-24,Inactive
U06855,Yes,2025-07-28,Features
U06856,Yes,2025-01-09,Price
U06857,Yes,2024-09-27,Competition
U06858,Yes,2024-08-07,Inactive
U06859,Yes,2024-06-17,Inactive
U06860,Yes,2025-07-14,Competition
U06861,Yes,2024-08-24,Features
U06862,No,,
U06863,Yes,2024-07-17,Price
U06864,Yes,2025-02-02,Inactive
U06865,Yes,2024-07-15,Features
U06866,Yes,2024-09-07,Inactive
U06867,Yes,2025-06-09,Price
U06868,Yes,2024-10-10,Features
U06869,Yes,2024-08-20,Features
U06870,Yes,2024-06-22,Features
U06871,Yes,2024-12-06,Inactive
U06872,Yes,2024-11-29,Competition
U06873,Yes,2025-02-07,Competition
U06874,Yes,2024-12-04,Inactive
U06875,Yes,2024-08-21,Features
U06876,Yes,2024-12-18,Price
U06877,Yes,2025-04-07,Price
U06878,Yes,2024-06-08,Price
U06879,Yes,2024-04-12,Price
U06880,Yes,2024-12-20,Features
U06881,Yes,2024-12-05,Price
U06882,Yes,2024-07-23,Inactive
U06883,Yes,2024-09-06,Inactive
U06884,Yes,2024-12-05,Features
U06885,No,,
U06886,Yes,2024-05-09,Competition
U06887,Yes,2024-07-22,Price
U06888,Yes,2025-04-20,Competition
U06889,Yes,2024-12-10,Inactive
U06890,Yes,2025-01-06,Price
U06891,Yes,2024-08-03,Inactive
U06892,Yes,2025-03-05,Competition
U06893,Yes,2024-10-25,Price
U06894,Yes,2024-09-11,Price
U06895,Yes,2024-09-17,Price
U06896,No,,
U06897,Yes,2025-03-09,Competition
U06898,Yes,2024-11-12,Price
U06899,Yes,2024-08-02,Inactive
U06900,Yes,2025-02-14,Competition
U06901,Yes,2025-03-21,Price
U06902,Yes,2024-10-16,Inactive
U06903,No,,
U06904,Yes,2024-08-21,Inactive
U06905,Yes,2024-11-12,Price
U06906,No,,
U06907,Yes,2025-05-31,Competition
U06908,Yes,2024-11-30,Competition
U06909,Yes,2024-08-06,Inactive
U06910,Yes,2024-11-09,Features
U06911,Yes,2024-11-14,Features
U06912,Yes,2024-10-20,Inactive
U06913,Yes,2024-09-11,Competition
U06914,Yes,2025-02-21,Price
U06915,Yes,2024-07-12,Competition
U06916,Yes,2024-08-04,Inactive
U06917,Yes,2024-05-14,Competition
U06918,Yes,2025-03-25,Price
U06919,Yes,2025-01-13,Price
U06920,Yes,2024-10-01,Inactive
U06921,Yes,2024-11-05,Competition
U06922,Yes,2024-05-06,Price
U06923,Yes,2024-12-19,Features
U06924,Yes,2024-07-21,Inactive
U06925,Yes,2024-12-19,Price
U06926,Yes,2025-02-07,Competition
U06927,Yes,2024-06-28,Price
U06928,Yes,2024-05-24,Competition
U06929,Yes,2024-09-04,Competition
U06930,Yes,2024-09-24,Price
U06931,Yes,2024-12-01,Inactive
U06932,Yes,2025-06-16,Price
U06933,No,,
U06934,Yes,2025-01-25,Competition
U06935,Yes,2025-01-05,Competition
U06936,No,,
U06937,No,,
U06938,No,,
U06939,Yes,2024-07-30,Price
U06940,Yes,2024-07-13,Price
U06941,No,,
U06942,Yes,2024-07-04,Competition
U06943,Yes,2024-12-08,Inactive
U06944,No,,
U06945,Yes,2024-12-27,Inactive
U06946,Yes,2025-05-22,Inactive
U06947,Yes,2024-08-23,Inactive
U06948,Yes,2025-01-02,Features
U06949,Yes,2024-11-17,Price
U06950,Yes,2025-07-15,Price
U06951,Yes,2025-01-25,Competition
U06952,No,,
U06953,No,,
U06954,No,,
U06955,No,,
U06956,Yes,2024-06-12,Price
U06957,No,,
U06958,Yes,2025-03-09,Price
U06959,Yes,2024-11-15,Inactive
U06960,Yes,2024-07-18,Inactive
U06961,Yes,2025-04-15,Inactive
U06962,No,,
U06963,Yes,2024-10-21,Features
U06964,Yes,2024-07-28,Features
U06965,Yes,2025-02-09,Price
U06966,Yes,2024-10-29,Features
U06967,Yes,2024-11-09,Price
U06968,Yes,2024-11-02,Features
U06969,Yes,2025-04-27,Price
U06970,Yes,2024-12-16,Features
U06971,No,,
U06972,Yes,2025-04-04,Price
U06973,Yes,2025-01-10,Price
U06974,No,,
U06975,Yes,2025-08-06,Competition
U06976,Yes,2024-05-26,Competition
U06977,Yes,2024-10-05,Price
U06978,Yes,2024-07-26,Competition
U06979,Yes,2024-11-20,Inactive
U06980,Yes,2024-09-18,Features
U06981,Yes,2024-09-17,Competition
U06982,Yes,2024-02-09,Inactive
U06983,Yes,2024-07-05,Price
U06984,Yes,2025-01-09,Competition
U06985,Yes,2024-05-12,Features
U06986,Yes,2024-04-11,Competition
U06987,Yes,2025-01-29,Competition
U06988,Yes,2025-05-09,Price
U06989,Yes,2024-04-01,Competition
U06990,Yes,2025-03-07,Price
U06991,Yes,2024-06-22,Price
U06992,Yes,2024-12-17,Price
U06993,Yes,2024-12-03,Inactive
U06994,Yes,2024-10-01,Price
U06995,Yes,2024-08-16,Price
U06996,Yes,2024-08-11,Inactive
U06997,Yes,2024-09-16,Price
U06998,Yes,2024-09-29,Price
U06999,Yes,2024-09-15,Competition
U07000,Yes,2024-05-06,Features
U07001,No,,
U07002,Yes,2024-11-24,Price
U07003,Yes,2024-11-12,Competition
U07004,Yes,2024-11-15,Price
U07005,Yes,2024-08-20,Features
U07006,Yes,2025-01-01,Inactive
U07007,No,,
U07008,Yes,2024-08-27,Features
U07009,No,,
U07010,Yes,2025-04-08,Competition
U07011,Yes,2024-07-23,Competition
U07012,Yes,2025-09-30,Price
U07013,Yes,2024-12-16,Price
U07014,Yes,2024-10-25,Inactive
U07015,Yes,2024-10-22,Competition
U07016,Yes,2024-11-04,Price
U07017,Yes,2024-09-09,Features
U07018,Yes,2024-03-03,Features
U07019,Yes,2024-12-22,Competition
U07020,Yes,2024-06-06,Competition
U07021,Yes,2024-06-23,Features
U07022,Yes,2024-07-11,Features
U07023,Yes,2024-11-29,Competition
U07024,Yes,2025-03-31,Features
U07025,Yes,2024-11-06,Competition
U07026,Yes,2024-08-17,Competition
U07027,Yes,2024-06-01,Competition
U07028,Yes,2024-10-07,Competition
U07029,Yes,2024-08-20,Features
U07030,Yes,2025-02-14,Inactive
U07031,Yes,2024-11-22,Price
U07032,Yes,2024-02-27,Features
U07033,Yes,2025-01-17,Price
U07034,Yes,2025-03-14,Competition
U07035,Yes,2024-05-26,Competition
U07036,Yes,2025-01-13,Features
U07037,Yes,2024-12-18,Inactive
U07038,Yes,2024-10-12,Competition
U07039,Yes,2024-11-25,Competition
U07040,Yes,2024-05-20,Price
U07041,Yes,2025-08-15,Features
U07042,Yes,2025-04-03,Features
U07043,Yes,2024-09-30,Competition
U07044,Yes,2025-01-31,Competition
U07045,No,,
U07046,Yes,2024-05-06,Price
U07047,Yes,2024-08-29,Competition
U07048,Yes,2025-07-25,Price
U07049,No,,
U07050,Yes,2024-07-07,Features
U07051,Yes,2024-12-28,Competition
U07052,Yes,2025-01-21,Price
U07053,Yes,2025-02-08,Features
U07054,Yes,2024-11-04,Competition
U07055,Yes,2025-06-16,Features
U07056,Yes,2024-06-14,Features
U07057,Yes,2025-01-13,Inactive
U07058,Yes,2025-07-18,Price
U07059,No,,
U07060,Yes,2025-02-15,Inactive
U07061,Yes,2024-04-10,Price
U07062,Yes,2024-07-26,Competition
U07063,Yes,2024-12-14,Inactive
U07064,Yes,2024-05-14,Features
U07065,Yes,2024-07-05,Price
U07066,Yes,2024-08-02,Features
U07067,Yes,2024-11-22,Features
U07068,Yes,2024-10-08,Price
U07069,Yes,2025-03-10,Price
U07070,Yes,2024-12-04,Inactive
U07071,Yes,2024-10-21,Features
U07072,Yes,2024-05-08,Price
U07073,Yes,2024-12-13,Competition
U07074,Yes,2025-01-01,Inactive
U07075,Yes,2025-01-28,Inactive
U07076,Yes,2024-04-19,Competition
U07077,Yes,2025-03-31,Inactive
U07078,Yes,2024-09-20,Inactive
U07079,No,,
U07080,Yes,2024-11-25,Competition
U07081,Yes,2024-04-11,Price
U07082,Yes,2024-12-08,Price
U07083,Yes,2024-05-30,Features
U07084,Yes,2025-03-11,Competition
U07085,Yes,2024-08-22,Features
U07086,No,,
U07087,Yes,2024-12-30,Features
U07088,Yes,2024-09-22,Inactive
U07089,Yes,2025-02-19,Competition
U07090,Yes,2025-01-23,Inactive
U07091,Yes,2024-07-28,Competition
U07092,Yes,2024-11-01,Inactive
U07093,Yes,2025-06-16,Features
U07094,Yes,2024-07-31,Price
U07095,No,,
U07096,Yes,2024-02-11,Price
U07097,Yes,2025-01-13,Competition
U07098,Yes,2024-12-24,Price
U07099,Yes,2025-04-08,Features
U07100,Yes,2024-12-27,Inactive
U07101,Yes,2025-01-13,Inactive
U07102,Yes,2024-07-18,Competition
U07103,Yes,2025-01-19,Price
U07104,Yes,2024-08-19,Price
U07105,Yes,2024-10-12,Competition
U07106,Yes,2024-05-03,Features
U07107,Yes,2025-03-02,Competition
U07108,Yes,2025-04-11,Competition
U07109,Yes,2025-07-23,Features
U07110,Yes,2024-12-10,Price
U07111,Yes,2025-02-05,Features
U07112,Yes,2024-09-27,Price
U07113,Yes,2024-06-13,Inactive
U07114,Yes,2024-03-14,Competition
U07115,Yes,2025-08-12,Inactive
U07116,Yes,2025-10-19,Competition
U07117,Yes,2025-01-15,Price
U07118,Yes,2025-02-18,Price
U07119,Yes,2024-10-14,Inactive
U07120,Yes,2024-10-09,Price
U07121,Yes,2024-09-24,Price
U07122,No,,
U07123,Yes,2024-11-12,Price
U07124,Yes,2024-09-25,Price
U07125,Yes,2024-09-03,Price
U07126,Yes,2025-02-21,Inactive
U07127,Yes,2025-01-14,Features
U07128,Yes,2024-10-18,Inactive
U07129,No,,
U07130,Yes,2025-03-14,Features
U07131,Yes,2024-11-25,Inactive
U07132,Yes,2024-07-18,Competition
U07133,Yes,2024-08-17,Competition
U07134,No,,
U07135,Yes,2025-02-25,Features
U07136,No,,
U07137,Yes,2024-11-12,Features
U07138,Yes,2025-04-05,Inactive
U07139,Yes,2025-03-10,Competition
U07140,Yes,2025-04-28,Competition
U07141,Yes,2024-10-05,Features
U07142,Yes,2024-10-28,Inactive
U07143,Yes,2024-08-02,Price
U07144,Yes,2025-03-01,Inactive
U07145,Yes,2025-09-01,Competition
U07146,Yes,2024-10-29,Price
U07147,Yes,2024-09-07,Inactive
U07148,Yes,2024-04-10,Features
U07149,No,,
U07150,Yes,2024-04-22,Inactive
U07151,Yes,2024-04-29,Inactive
U07152,Yes,2025-05-02,Inactive
U07153,Yes,2024-10-19,Features
U07154,Yes,2025-05-09,Competition
U07155,Yes,2025-01-20,Features
U07156,Yes,2024-09-16,Features
U07157,Yes,2024-11-20,Price
U07158,No,,
U07159,Yes,2024-12-14,Inactive
U07160,No,,
U07161,No,,
U07162,Yes,2024-08-03,Price
U07163,Yes,2024-11-20,Inactive
U07164,Yes,2025-01-02,Inactive
U07165,Yes,2025-03-30,Inactive
U07166,Yes,2025-02-03,Price
U07167,Yes,2024-11-19,Price
U07168,Yes,2024-08-01,Inactive
U07169,No,,
U07170,Yes,2024-03-02,Inactive
U07171,Yes,2025-03-21,Inactive
U07172,Yes,2024-10-26,Competition
U07173,Yes,2024-11-14,Features
U07174,Yes,2024-09-14,Inactive
U07175,Yes,2024-09-30,Competition
U07176,No,,
U07177,Yes,2024-08-16,Features
U07178,Yes,2024-09-05,Price
U07179,No,,
U07180,Yes,2025-01-10,Inactive
U07181,Yes,2024-07-25,Features
U07182,Yes,2024-05-14,Inactive
U07183,No,,
U07184,Yes,2024-07-25,Competition
U07185,Yes,2024-08-18,Price
U07186,Yes,2024-10-02,Inactive
U07187,Yes,2024-04-22,Features
U07188,Yes,2024-12-15,Competition
U07189,Yes,2024-08-03,Competition
U07190,Yes,2024-06-03,Features
U07191,Yes,2025-01-19,Competition
U07192,Yes,2025-04-20,Features
U07193,Yes,2024-12-08,Competition
U07194,Yes,2024-09-11,Inactive
U07195,Yes,2025-05-29,Competition
U07196,Yes,2024-09-08,Features
U07197,Yes,2024-11-20,Price
U07198,No,,
U07199,Yes,2024-03-15,Competition
U07200,Yes,2024-05-05,Inactive
U07201,No,,
U07202,Yes,2025-02-23,Inactive
U07203,Yes,2024-04-23,Price
U07204,Yes,2024-12-06,Price
U07205,Yes,2024-10-08,Features
U07206,Yes,2024-09-26,Inactive
U07207,Yes,2024-09-19,Competition
U07208,Yes,2024-05-01,Price
U07209,Yes,2024-06-20,Features
U07210,Yes,2025-06-22,Inactive
U07211,Yes,2024-12-24,Competition
U07212,Yes,2024-06-26,Inactive
U07213,No,,
U07214,Yes,2024-12-05,Inactive
U07215,Yes,2025-02-02,Features
U07216,Yes,2024-09-09,Competition
U07217,Yes,2024-10-06,Features
U07218,Yes,2025-04-16,Inactive
U07219,Yes,2024-06-30,Price
U07220,Yes,2024-12-03,Price
U07221,Yes,2024-10-23,Features
U07222,Yes,2024-05-30,Price
U07223,Yes,2025-06-06,Inactive
U07224,Yes,2024-11-01,Competition
U07225,Yes,2024-11-07,Price
U07226,Yes,2025-02-17,Inactive
U07227,Yes,2025-01-11,Features
U07228,Yes,2025-06-16,Inactive
U07229,Yes,2025-08-18,Price
U07230,Yes,2024-08-22,Competition
U07231,Yes,2024-11-18,Price
U07232,Yes,2024-10-30,Inactive
U07233,Yes,2024-08-30,Features
U07234,Yes,2024-12-29,Features
U07235,Yes,2024-11-19,Features
U07236,Yes,2024-04-21,Price
U07237,Yes,2024-08-28,Inactive
U07238,Yes,2025-01-28,Competition
U07239,Yes,2025-01-05,Inactive
U07240,Yes,2024-02-17,Competition
U07241,Yes,2024-10-28,Inactive
U07242,Yes,2024-08-31,Features
U07243,Yes,2025-04-27,Price
U07244,Yes,2025-01-04,Inactive
U07245,Yes,2025-02-14,Competition
U07246,Yes,2024-08-14,Price
U07247,Yes,2024-10-25,Features
U07248,Yes,2025-06-14,Price
U07249,Yes,2024-11-21,Inactive
U07250,No,,
U07251,Yes,2024-07-07,Features
U07252,No,,
U07253,Yes,2024-05-25,Features
U07254,Yes,2024-07-22,Inactive
U07255,Yes,2025-01-26,Features
U07256,Yes,2025-05-15,Inactive
U07257,Yes,2024-05-08,Features
U07258,Yes,2025-03-28,Price
U07259,Yes,2024-02-13,Competition
U07260,Yes,2024-08-04,Competition
U07261,Yes,2024-09-29,Inactive
U07262,Yes,2024-09-28,Price
U07263,Yes,2025-02-01,Inactive
U07264,Yes,2025-01-06,Inactive
U07265,Yes,2025-03-23,Competition
U07266,Yes,2024-09-15,Features
U07267,Yes,2024-12-30,Inactive
U07268,Yes,2025-02-18,Inactive
U07269,No,,
U07270,Yes,2024-05-11,Inactive
U07271,Yes,2025-01-17,Features
U07272,Yes,2024-08-07,Inactive
U07273,Yes,2024-08-10,Inactive
U07274,Yes,2024-09-14,Features
U07275,Yes,2025-05-18,Price
U07276,Yes,2024-10-14,Inactive
U07277,Yes,2025-09-17,Price
U07278,Yes,2024-07-11,Inactive
U07279,Yes,2024-09-06,Inactive
U07280,Yes,2024-08-03,Features
U07281,Yes,2025-02-07,Competition
U07282,Yes,2024-09-06,Inactive
U07283,Yes,2024-09-12,Price
U07284,Yes,2024-09-29,Price
U07285,Yes,2024-11-26,Price
U07286,Yes,2024-12-07,Features
U07287,Yes,2024-12-26,Competition
U07288,Yes,2024-05-26,Competition
U07289,Yes,2025-04-08,Features
U07290,Yes,2024-05-01,Competition
U07291,No,,
U07292,No,,
U07293,Yes,2025-06-13,Price
U07294,Yes,2024-05-29,Features
U07295,Yes,2024-04-23,Competition
U07296,No,,
U07297,Yes,2024-09-28,Competition
U07298,Yes,2024-11-20,Inactive
U07299,Yes,2024-08-15,Price
U07300,Yes,2024-12-17,Competition
U07301,Yes,2025-05-03,Price
U07302,Yes,2024-02-22,Inactive
U07303,Yes,2025-04-02,Competition
U07304,Yes,2025-04-15,Price
U07305,Yes,2024-08-12,Inactive
U07306,Yes,2025-01-06,Competition
U07307,Yes,2024-12-01,Competition
U07308,Yes,2025-05-30,Features
U07309,Yes,2025-04-08,Competition
U07310,Yes,2025-01-31,Inactive
U07311,Yes,2024-09-12,Features
U07312,Yes,2024-11-21,Features
U07313,Yes,2024-11-26,Price
U07314,Yes,2025-08-04,Price
U07315,Yes,2024-07-15,Competition
U07316,No,,
U07317,Yes,2024-07-13,Price
U07318,Yes,2024-03-03,Features
U07319,Yes,2024-05-06,Price
U07320,No,,
U07321,Yes,2024-08-20,Features
U07322,Yes,2024-12-20,Inactive
U07323,Yes,2025-06-13,Inactive
U07324,Yes,2025-06-30,Price
U07325,No,,
U07326,Yes,2024-10-09,Inactive
U07327,Yes,2025-04-16,Competition
U07328,Yes,2025-04-25,Inactive
U07329,Yes,2024-12-26,Features
U07330,Yes,2025-10-13,Competition
U07331,Yes,2024-08-19,Inactive
U07332,No,,
U07333,Yes,2025-03-13,Competition
U07334,No,,
U07335,Yes,2025-03-10,Inactive
U07336,Yes,2025-01-15,Competition
U07337,Yes,2025-04-02,Price
U07338,Yes,2024-12-18,Competition
U07339,No,,
U07340,No,,
U07341,Yes,2024-08-31,Inactive
U07342,Yes,2024-08-25,Competition
U07343,Yes,2025-03-10,Inactive
U07344,Yes,2024-11-18,Inactive
U07345,No,,
U07346,Yes,2024-09-23,Competition
U07347,Yes,2024-12-31,Price
U07348,Yes,2024-07-31,Price
U07349,Yes,2024-09-23,Price
U07350,Yes,2024-08-06,Competition
U07351,Yes,2024-04-27,Price
U07352,Yes,2024-11-28,Competition
U07353,Yes,2025-07-01,Price
U07354,Yes,2024-06-15,Features
U07355,Yes,2025-05-08,Features
U07356,Yes,2024-09-19,Competition
U07357,Yes,2024-04-18,Price
U07358,Yes,2025-02-02,Competition
U07359,Yes,2024-09-25,Inactive
U07360,Yes,2024-06-15,Features
U07361,Yes,2025-02-11,Price
U07362,Yes,2024-10-06,Inactive
U07363,Yes,2024-12-19,Inactive
U07364,Yes,2024-03-03,Inactive
U07365,No,,
U07366,Yes,2024-03-14,Features
U07367,Yes,2024-08-01,Price
U07368,Yes,2024-03-29,Price
U07369,Yes,2025-03-11,Price
U07370,Yes,2025-11-09,Features
U07371,Yes,2025-04-24,Inactive
U07372,Yes,2024-10-09,Inactive
U07373,Yes,2024-09-22,Features
U07374,Yes,2024-10-21,Price
U07375,Yes,2024-08-27,Competition
U07376,Yes,2025-01-04,Price
U07377,Yes,2025-03-02,Competition
U07378,Yes,2025-01-17,Features
U07379,Yes,2025-04-03,Inactive
U07380,Yes,2025-04-12,Competition
U07381,Yes,2024-10-25,Features
U07382,Yes,2024-08-28,Price
U07383,Yes,2024-05-07,Features
U07384,Yes,2024-09-15,Price
U07385,Yes,2024-04-07,Price
U07386,Yes,2024-11-17,Inactive
U07387,Yes,2025-01-24,Inactive
U07388,Yes,2024-08-31,Inactive
U07389,Yes,2024-04-26,Features
U07390,Yes,2025-03-07,Features
U07391,Yes,2024-02-06,Competition
U07392,Yes,2024-08-03,Features
U07393,Yes,2024-09-29,Price
U07394,Yes,2024-09-03,Price
U07395,Yes,2024-07-26,Competition
U07396,Yes,2025-05-28,Features
U07397,Yes,2024-08-29,Features
U07398,Yes,2025-04-20,Competition
U07399,Yes,2024-12-11,Competition
U07400,Yes,2024-12-01,Price
U07401,Yes,2024-11-15,Features
U07402,Yes,2024-06-04,Price
U07403,Yes,2025-02-20,Price
U07404,Yes,2024-08-26,Competition
U07405,Yes,2024-08-21,Features
U07406,Yes,2024-09-26,Features
U07407,Yes,2024-07-21,Competition
U07408,Yes,2024-09-06,Price
U07409,Yes,2025-03-28,Features
U07410,Yes,2024-08-29,Competition
U07411,Yes,2025-01-22,Competition
U07412,Yes,2024-11-08,Competition
U07413,Yes,2025-04-22,Features
U07414,Yes,2025-03-22,Competition
U07415,Yes,2025-02-12,Competition
U07416,Yes,2025-01-26,Inactive
U07417,Yes,2024-11-03,Competition
U07418,Yes,2025-06-19,Competition
U07419,Yes,2025-02-01,Competition
U07420,Yes,2025-04-11,Features
U07421,Yes,2024-12-10,Features
U07422,Yes,2024-09-12,Inactive
U07423,Yes,2024-03-24,Competition
U07424,Yes,2025-08-18,Features
U07425,Yes,2024-12-28,Features
U07426,Yes,2024-12-19,Inactive
U07427,Yes,2025-02-17,Features
U07428,Yes,2024-12-24,Inactive
U07429,Yes,2024-05-10,Price
U07430,Yes,2024-08-31,Price
U07431,Yes,2024-09-12,Price
U07432,Yes,2024-12-30,Price
U07433,Yes,2024-12-05,Inactive
U07434,Yes,2024-12-06,Price
U07435,Yes,2024-11-12,Price
U07436,No,,
U07437,Yes,2024-07-05,Price
U07438,Yes,2025-01-16,Price
U07439,Yes,2025-03-12,Competition
U07440,Yes,2024-10-01,Features
U07441,Yes,2025-01-21,Inactive
U07442,Yes,2025-03-21,Inactive
U07443,Yes,2024-03-02,Inactive
U07444,Yes,2024-08-25,Price
U07445,Yes,2024-07-15,Features
U07446,Yes,2025-05-15,Inactive
U07447,No,,
U07448,Yes,2024-12-18,Inactive
U07449,Yes,2024-03-01,Inactive
U07450,No,,
U07451,Yes,2025-04-01,Competition
U07452,Yes,2024-10-08,Competition
U07453,Yes,2025-04-01,Competition
U07454,Yes,2025-04-14,Features
U07455,Yes,2025-01-07,Competition
U07456,Yes,2024-07-01,Competition
U07457,Yes,2024-09-21,Inactive
U07458,Yes,2024-08-24,Features
U07459,Yes,2024-12-02,Features
U07460,Yes,2024-12-04,Price
U07461,Yes,2024-07-18,Features
U07462,Yes,2024-08-20,Inactive
U07463,Yes,2025-06-14,Features
U07464,Yes,2025-01-19,Competition
U07465,No,,
U07466,Yes,2024-11-20,Competition
U07467,Yes,2025-05-01,Price
U07468,Yes,2025-05-18,Competition
U07469,Yes,2024-05-25,Price
U07470,Yes,2025-01-04,Price
U07471,Yes,2024-12-05,Price
U07472,Yes,2024-06-22,Competition
U07473,Yes,2025-05-12,Inactive
U07474,Yes,2024-11-24,Features
U07475,Yes,2024-06-22,Features
U07476,No,,
U07477,Yes,2024-03-28,Competition
U07478,Yes,2024-07-19,Competition
U07479,Yes,2024-03-28,Inactive
U07480,No,,
U07481,Yes,2024-02-09,Competition
U07482,Yes,2024-11-12,Features
U07483,Yes,2025-04-26,Competition
U07484,Yes,2025-01-22,Features
U07485,No,,
U07486,Yes,2024-06-17,Features
U07487,Yes,2024-12-15,Price
U07488,No,,
U07489,Yes,2024-11-21,Features
U07490,Yes,2025-03-21,Competition
U07491,Yes,2025-02-20,Competition
U07492,Yes,2025-01-27,Competition
U07493,Yes,2024-05-31,Competition
U07494,Yes,2025-02-09,Competition
U07495,Yes,2025-03-25,Competition
U07496,Yes,2024-08-20,Price
U07497,Yes,2024-08-26,Inactive
U07498,Yes,2024-07-04,Competition
U07499,No,,
U07500,No,,
U07501,Yes,2025-02-23,Inactive
U07502,Yes,2024-11-08,Price
U07503,No,,
U07504,Yes,2024-12-01,Competition
U07505,Yes,2024-05-13,Competition
U07506,Yes,2024-10-22,Competition
U07507,Yes,2024-11-26,Features
U07508,No,,
U07509,Yes,2025-01-28,Competition
U07510,Yes,2024-08-22,Competition
U07511,Yes,2024-11-20,Price
U07512,Yes,2025-04-15,Competition
U07513,Yes,2024-06-20,Features
U07514,Yes,2025-04-12,Features
U07515,Yes,2024-12-14,Competition
U07516,Yes,2024-04-22,Features
U07517,Yes,2024-03-18,Price
U07518,Yes,2024-11-04,Competition
U07519,Yes,2025-02-01,Competition
U07520,Yes,2025-05-21,Price
U07521,Yes,2025-04-01,Inactive
U07522,Yes,2024-12-06,Competition
U07523,Yes,2024-06-25,Price
U07524,Yes,2024-07-28,Features
U07525,Yes,2024-08-03,Competition
U07526,Yes,2024-07-16,Inactive
U07527,Yes,2024-11-25,Inactive
U07528,Yes,2024-09-23,Competition
U07529,Yes,2024-06-23,Price
U07530,Yes,2024-06-10,Features
U07531,Yes,2024-09-27,Price
U07532,Yes,2025-01-11,Inactive
U07533,Yes,2025-01-20,Inactive
U07534,Yes,2024-04-16,Price
U07535,Yes,2025-01-12,Inactive
U07536,Yes,2024-07-31,Features
U07537,Yes,2024-06-15,Inactive
U07538,Yes,2025-02-13,Inactive
U07539,No,,
U07540,Yes,2024-03-10,Competition
U07541,Yes,2024-12-18,Features
U07542,Yes,2025-05-28,Price
U07543,Yes,2025-01-28,Inactive
U07544,Yes,2024-07-28,Features
U07545,Yes,2024-09-19,Features
U07546,Yes,2025-01-09,Inactive
U07547,Yes,2025-03-19,Price
U07548,Yes,2024-08-29,Inactive
U07549,Yes,2025-01-27,Price
U07550,Yes,2025-02-13,Inactive
U07551,Yes,2025-05-24,Price
U07552,Yes,2024-11-16,Price
U07553,Yes,2025-06-17,Features
U07554,Yes,2025-01-01,Inactive
U07555,Yes,2024-08-10,Competition
U07556,Yes,2024-06-25,Price
U07557,Yes,2025-01-31,Competition
U07558,Yes,2024-12-11,Competition
U07559,Yes,2024-05-20,Inactive
U07560,Yes,2024-11-04,Price
U07561,Yes,2024-07-25,Competition
U07562,Yes,2025-05-16,Inactive
U07563,Yes,2024-11-08,Inactive
U07564,Yes,2025-04-15,Price
U07565,Yes,2024-05-15,Inactive
U07566,Yes,2025-01-15,Competition
U07567,Yes,2024-11-09,Features
U07568,Yes,2024-05-22,Features
U07569,Yes,2024-05-13,Features
U07570,Yes,2025-09-25,Price
U07571,Yes,2025-03-06,Price
U07572,Yes,2025-09-11,Inactive
U07573,Yes,2025-05-31,Features
U07574,Yes,2024-07-14,Inactive
U07575,No,,
U07576,Yes,2024-03-23,Competition
U07577,No,,
U07578,Yes,2024-11-26,Price
U07579,Yes,2025-01-26,Price
U07580,Yes,2024-06-19,Features
U07581,Yes,2024-10-11,Competition
U07582,Yes,2025-06-19,Features
U07583,Yes,2025-05-16,Inactive
U07584,No,,
U07585,Yes,2024-07-31,Competition
U07586,Yes,2025-01-18,Price
U07587,Yes,2024-06-11,Inactive
U07588,Yes,2024-09-28,Competition
U07589,Yes,2025-02-27,Price
U07590,Yes,2024-05-03,Competition
U07591,Yes,2024-11-14,Inactive
U07592,Yes,2025-01-12,Price
U07593,No,,
U07594,Yes,2025-06-11,Competition
U07595,Yes,2024-12-01,Features
U07596,Yes,2025-05-16,Features
U07597,Yes,2024-09-16,Features
U07598,Yes,2025-05-21,Features
U07599,No,,
U07600,Yes,2024-02-01,Inactive
U07601,Yes,2024-08-05,Features
U07602,Yes,2025-01-20,Competition
U07603,Yes,2025-01-19,Inactive
U07604,Yes,2025-04-23,Features
U07605,Yes,2024-06-27,Price
U07606,Yes,2024-11-13,Inactive
U07607,Yes,2024-09-12,Inactive
U07608,Yes,2024-11-05,Inactive
U07609,Yes,2025-05-03,Price
U07610,Yes,2025-04-07,Features
U07611,Yes,2024-12-09,Price
U07612,Yes,2025-07-16,Price
U07613,Yes,2024-12-16,Inactive
U07614,No,,
U07615,Yes,2025-05-18,Price
U07616,Yes,2024-12-03,Price
U07617,Yes,2024-11-30,Features
U07618,Yes,2025-08-11,Features
U07619,No,,
U07620,Yes,2025-03-16,Competition
U07621,Yes,2025-01-14,Features
U07622,No,,
U07623,Yes,2025-09-02,Competition
U07624,No,,
U07625,Yes,2024-03-11,Inactive
U07626,Yes,2024-07-25,Inactive
U07627,No,,
U07628,Yes,2024-11-02,Inactive
U07629,Yes,2024-07-11,Price
U07630,Yes,2025-02-25,Features
U07631,Yes,2025-04-14,Features
U07632,Yes,2024-08-14,Inactive
U07633,Yes,2024-03-30,Competition
U07634,Yes,2024-12-18,Features
U07635,Yes,2024-08-08,Competition
U07636,Yes,2024-11-06,Features
U07637,Yes,2025-02-19,Price
U07638,Yes,2024-09-22,Features
U07639,Yes,2024-12-28,Inactive
U07640,Yes,2024-11-25,Competition
U07641,Yes,2024-12-11,Competition
U07642,Yes,2024-07-26,Competition
U07643,Yes,2024-05-07,Inactive
U07644,Yes,2025-03-09,Features
U07645,Yes,2025-05-27,Competition
U07646,Yes,2025-06-21,Competition
U07647,No,,
U07648,Yes,2024-11-05,Price
U07649,Yes,2025-01-13,Features
U07650,Yes,2024-05-04,Competition
U07651,No,,
U07652,Yes,2025-02-02,Features
U07653,Yes,2024-07-22,Inactive
U07654,Yes,2025-01-14,Price
U07655,Yes,2025-02-18,Competition
U07656,Yes,2025-03-23,Features
U07657,Yes,2024-06-03,Inactive
U07658,No,,
U07659,Yes,2025-06-09,Features
U07660,Yes,2024-06-21,Features
U07661,Yes,2025-03-22,Features
U07662,No,,
U07663,Yes,2024-08-21,Competition
U07664,No,,
U07665,Yes,2024-09-20,Competition
U07666,Yes,2024-06-15,Features
U07667,Yes,2025-05-02,Features
U07668,Yes,2024-09-18,Price
U07669,Yes,2024-06-22,Inactive
U07670,Yes,2025-02-18,Inactive
U07671,Yes,2025-05-20,Inactive
U07672,Yes,2024-03-13,Price
U07673,Yes,2024-09-09,Price
U07674,Yes,2024-08-08,Inactive
U07675,Yes,2024-05-19,Price
U07676,Yes,2025-08-22,Features
U07677,Yes,2024-12-15,Features
U07678,Yes,2024-04-02,Features
U07679,Yes,2025-01-04,Competition
U07680,Yes,2024-03-29,Features
U07681,Yes,2024-07-08,Competition
U07682,Yes,2024-06-01,Features
U07683,Yes,2024-10-14,Competition
U07684,Yes,2025-01-11,Features
U07685,Yes,2024-07-29,Competition
U07686,Yes,2024-03-16,Price
U07687,Yes,2024-07-16,Features
U07688,Yes,2025-04-19,Price
U07689,Yes,2024-10-10,Price
U07690,Yes,2024-12-02,Competition
U07691,Yes,2024-05-16,Competition
U07692,Yes,2024-12-19,Features
U07693,Yes,2024-06-28,Competition
U07694,Yes,2025-01-03,Price
U07695,Yes,2024-10-10,Price
U07696,Yes,2024-03-16,Inactive
U07697,Yes,2024-03-23,Competition
U07698,Yes,2025-06-11,Competition
U07699,Yes,2024-09-09,Price
U07700,Yes,2024-05-22,Competition
U07701,Yes,2025-01-10,Price
U07702,Yes,2025-02-16,Competition
U07703,Yes,2024-12-09,Inactive
U07704,No,,
U07705,Yes,2024-04-07,Competition
U07706,No,,
U07707,Yes,2024-07-24,Competition
U07708,Yes,2024-08-15,Competition
U07709,Yes,2024-10-17,Inactive
U07710,Yes,2024-07-29,Competition
U07711,Yes,2025-02-28,Inactive
U07712,No,,
U07713,No,,
U07714,Yes,2024-06-10,Price
U07715,Yes,2024-08-10,Inactive
U07716,Yes,2024-12-28,Competition
U07717,Yes,2024-12-04,Features
U07718,Yes,2024-10-27,Features
U07719,Yes,2024-04-14,Price
U07720,Yes,2024-12-13,Inactive
U07721,Yes,2024-05-05,Competition
U07722,Yes,2025-02-04,Price
U07723,Yes,2025-07-12,Price
U07724,Yes,2025-08-19,Competition
U07725,Yes,2025-01-11,Features
U07726,Yes,2024-10-30,Competition
U07727,Yes,2025-03-11,Inactive
U07728,Yes,2024-06-02,Price
U07729,Yes,2024-09-04,Competition
U07730,Yes,2025-03-12,Competition
U07731,Yes,2024-10-17,Features
U07732,Yes,2025-01-09,Price
U07733,Yes,2025-02-19,Inactive
U07734,No,,
U07735,Yes,2024-12-16,Competition
U07736,No,,
U07737,Yes,2025-04-19,Price
U07738,Yes,2024-04-27,Features
U07739,No,,
U07740,Yes,2024-04-24,Inactive
U07741,No,,
U07742,Yes,2025-01-01,Price
U07743,Yes,2025-01-31,Competition
U07744,Yes,2024-07-16,Features
U07745,Yes,2024-09-14,Inactive
U07746,Yes,2024-07-28,Competition
U07747,Yes,2025-05-14,Features
U07748,Yes,2024-04-12,Features
U07749,Yes,2025-01-08,Price
U07750,No,,
U07751,Yes,2024-04-19,Features
U07752,Yes,2025-03-25,Inactive
U07753,Yes,2024-10-18,Competition
U07754,Yes,2024-03-29,Price
U07755,Yes,2025-05-11,Inactive
U07756,Yes,2024-07-03,Price
U07757,Yes,2024-12-17,Competition
U07758,Yes,2024-07-29,Price
U07759,Yes,2025-01-07,Features
U07760,Yes,2024-06-06,Features
U07761,Yes,2025-03-30,Features
U07762,Yes,2024-03-09,Competition
U07763,No,,
U07764,Yes,2024-02-09,Price
U07765,Yes,2024-03-22,Inactive
U07766,Yes,2024-12-06,Inactive
U07767,Yes,2024-07-22,Features
U07768,Yes,2025-01-12,Competition
U07769,Yes,2024-06-10,Features
U07770,Yes,2025-06-26,Competition
U07771,Yes,2024-04-14,Inactive
U07772,Yes,2025-07-24,Competition
U07773,Yes,2025-10-13,Features
U07774,Yes,2024-12-21,Features
U07775,Yes,2024-12-22,Inactive
U07776,Yes,2025-01-11,Inactive
U07777,Yes,2024-09-29,Price
U07778,Yes,2025-04-14,Price
U07779,Yes,2024-10-21,Price
U07780,Yes,2024-06-26,Features
U07781,No,,
U07782,Yes,2024-12-25,Features
U07783,Yes,2024-05-26,Inactive
U07784,Yes,2024-10-27,Inactive
U07785,Yes,2024-02-10,Inactive
U07786,Yes,2024-05-11,Price
U07787,Yes,2025-03-21,Features
U07788,Yes,2024-10-27,Competition
U07789,Yes,2024-04-30,Inactive
U07790,Yes,2025-01-31,Competition
U07791,Yes,2024-04-14,Features
U07792,Yes,2025-03-03,Competition
U07793,Yes,2024-09-11,Features
U07794,No,,
U07795,Yes,2024-06-24,Competition
U07796,Yes,2024-12-10,Price
U07797,Yes,2024-08-26,Features
U07798,Yes,2024-09-10,Features
U07799,Yes,2024-07-26,Price
U07800,Yes,2024-04-28,Inactive
U07801,Yes,2024-11-04,Competition
U07802,Yes,2024-05-09,Price
U07803,Yes,2025-05-17,Features
U07804,Yes,2024-11-26,Competition
U07805,Yes,2024-05-07,Price
U07806,Yes,2024-10-10,Price
U07807,Yes,2024-07-29,Inactive
U07808,Yes,2024-05-27,Inactive
U07809,Yes,2024-09-23,Features
U07810,Yes,2025-01-03,Inactive
U07811,Yes,2024-08-22,Competition
U07812,Yes,2024-05-01,Features
U07813,Yes,2024-11-29,Features
U07814,Yes,2024-04-23,Competition
U07815,Yes,2025-03-27,Price
U07816,Yes,2024-04-15,Price
U07817,No,,
U07818,Yes,2024-09-25,Inactive
U07819,No,,
U07820,Yes,2025-05-31,Features
U07821,Yes,2024-09-02,Price
U07822,Yes,2025-07-25,Competition
U07823,Yes,2024-11-12,Price
U07824,Yes,2024-03-26,Price
U07825,Yes,2024-12-25,Inactive
U07826,Yes,2024-07-29,Competition
U07827,Yes,2025-08-20,Price
U07828,No,,
U07829,Yes,2024-10-27,Competition
U07830,Yes,2024-12-02,Features
U07831,Yes,2024-08-15,Inactive
U07832,No,,
U07833,Yes,2025-02-27,Inactive
U07834,Yes,2024-09-22,Features
U07835,Yes,2025-01-09,Inactive
U07836,Yes,2024-12-28,Features
U07837,Yes,2024-08-05,Competition
U07838,Yes,2025-04-13,Features
U07839,No,,
U07840,Yes,2024-11-04,Inactive
U07841,Yes,2025-06-12,Price
U07842,Yes,2025-04-22,Competition
U07843,No,,
U07844,Yes,2024-07-13,Inactive
U07845,Yes,2024-11-14,Features
U07846,Yes,2024-04-26,Competition
U07847,No,,
U07848,Yes,2024-08-23,Competition
U07849,Yes,2025-04-26,Inactive
U07850,Yes,2024-10-04,Features
U07851,Yes,2024-09-21,Competition
U07852,Yes,2024-04-11,Inactive
U07853,Yes,2024-03-11,Inactive
U07854,Yes,2025-08-18,Price
U07855,Yes,2025-03-31,Features
U07856,No,,
U07857,No,,
U07858,Yes,2024-10-18,Inactive
U07859,Yes,2024-07-23,Features
U07860,Yes,2024-03-20,Inactive
U07861,Yes,2025-01-28,Inactive
U07862,Yes,2024-07-11,Features
U07863,Yes,2024-04-08,Competition
U07864,Yes,2024-11-21,Features
U07865,Yes,2024-07-12,Features
U07866,Yes,2024-05-24,Inactive
U07867,Yes,2024-07-14,Price
U07868,Yes,2024-11-05,Price
U07869,Yes,2025-01-10,Price
U07870,Yes,2024-12-19,Inactive
U07871,Yes,2025-01-27,Inactive
U07872,Yes,2024-03-15,Features
U07873,Yes,2024-09-06,Features
U07874,No,,
U07875,No,,
U07876,Yes,2024-07-17,Price
U07877,Yes,2024-12-09,Inactive
U07878,Yes,2025-06-26,Inactive
U07879,Yes,2025-01-06,Features
U07880,Yes,2024-12-10,Price
U07881,Yes,2024-06-05,Price
U07882,Yes,2025-04-10,Features
U07883,No,,
U07884,Yes,2024-11-18,Price
U07885,Yes,2024-04-08,Features
U07886,Yes,2024-10-15,Inactive
U07887,Yes,2025-02-09,Price
U07888,No,,
U07889,Yes,2024-07-17,Price
U07890,Yes,2025-06-14,Inactive
U07891,Yes,2024-10-12,Competition
U07892,Yes,2025-02-17,Price
U07893,Yes,2024-06-22,Inactive
U07894,Yes,2025-03-31,Inactive
U07895,Yes,2024-03-31,Inactive
U07896,Yes,2024-05-27,Competition
U07897,Yes,2025-02-13,Price
U07898,Yes,2025-01-24,Competition
U07899,Yes,2024-04-13,Features
U07900,Yes,2024-11-01,Inactive
U07901,Yes,2024-12-01,Inactive
U07902,No,,
U07903,Yes,2024-02-09,Inactive
U07904,Yes,2024-03-23,Features
U07905,Yes,2024-09-04,Competition
U07906,Yes,2024-10-15,Inactive
U07907,Yes,2025-08-08,Price
U07908,Yes,2024-12-13,Inactive
U07909,Yes,2024-06-04,Price
U07910,Yes,2024-12-28,Inactive
U07911,Yes,2024-11-10,Features
U07912,Yes,2024-06-02,Competition
U07913,No,,
U07914,Yes,2024-04-04,Inactive
U07915,Yes,2025-02-21,Features
U07916,No,,
U07917,Yes,2024-07-11,Inactive
U07918,Yes,2025-03-13,Features
U07919,Yes,2025-02-03,Competition
U07920,No,,
U07921,No,,
U07922,No,,
U07923,Yes,2024-07-11,Inactive
U07924,Yes,2024-09-16,Competition
U07925,Yes,2025-05-31,Features
U07926,Yes,2025-02-26,Features
U07927,Yes,2025-06-06,Features
U07928,Yes,2025-03-02,Features
U07929,Yes,2024-10-15,Features
U07930,Yes,2025-05-21,Features
U07931,Yes,2024-11-27,Price
U07932,Yes,2024-11-03,Features
U07933,Yes,2024-03-25,Competition
U07934,Yes,2024-12-24,Price
U07935,No,,
U07936,Yes,2024-12-20,Features
U07937,Yes,2024-07-05,Features
U07938,No,,
U07939,Yes,2024-12-18,Price
U07940,Yes,2024-08-12,Price
U07941,Yes,2024-10-30,Features
U07942,Yes,2024-02-08,Inactive
U07943,Yes,2024-09-21,Features
U07944,No,,
U07945,Yes,2025-01-26,Competition
U07946,Yes,2025-04-03,Features
U07947,Yes,2024-07-10,Inactive
U07948,Yes,2024-03-07,Inactive
U07949,Yes,2024-09-15,Features
U07950,Yes,2024-04-19,Inactive
U07951,Yes,2025-05-21,Inactive
U07952,Yes,2024-08-27,Features
U07953,Yes,2024-09-09,Price
U07954,Yes,2024-06-02,Features
U07955,Yes,2024-12-28,Competition
U07956,Yes,2025-01-25,Competition
U07957,Yes,2024-08-20,Competition
U07958,Yes,2024-11-25,Price
U07959,Yes,2025-07-15,Competition
U07960,Yes,2025-01-11,Competition
U07961,Yes,2024-02-08,Features
U07962,No,,
U07963,Yes,2024-10-07,Price
U07964,Yes,2025-02-08,Competition
U07965,Yes,2025-01-30,Price
U07966,Yes,2024-09-02,Features
U07967,Yes,2025-06-07,Price
U07968,Yes,2025-04-26,Inactive
U07969,Yes,2025-03-17,Inactive
U07970,Yes,2025-05-29,Features
U07971,Yes,2025-05-22,Price
U07972,Yes,2024-05-25,Price
U07973,No,,
U07974,Yes,2025-07-02,Competition
U07975,Yes,2024-08-16,Price
U07976,Yes,2025-09-09,Inactive
U07977,Yes,2024-09-26,Features
U07978,Yes,2025-03-31,Price
U07979,Yes,2024-11-06,Inactive
U07980,Yes,2024-10-06,Competition
U07981,Yes,2024-06-06,Features
U07982,Yes,2025-01-24,Inactive
U07983,Yes,2024-11-17,Features
U07984,Yes,2024-05-25,Price
U07985,Yes,2025-03-12,Inactive
U07986,Yes,2024-09-24,Price
U07987,Yes,2024-10-29,Competition
U07988,Yes,2024-12-22,Inactive
U07989,Yes,2025-02-09,Features
U07990,Yes,2024-11-06,Features
U07991,No,,
U07992,Yes,2024-10-03,Inactive
U07993,Yes,2025-05-08,Features
U07994,Yes,2024-09-22,Features
U07995,Yes,2024-09-18,Inactive
U07996,No,,
U07997,Yes,2025-07-08,Inactive
U07998,Yes,2025-02-10,Price
U07999,Yes,2024-11-05,Features
U08000,Yes,2025-03-26,Price
U08001,Yes,2024-04-12,Features
U08002,Yes,2025-01-11,Competition
U08003,Yes,2025-03-13,Price
U08004,Yes,2025-05-19,Features
U08005,No,,
U08006,Yes,2024-12-25,Inactive
U08007,Yes,2024-09-26,Inactive
U08008,Yes,2024-09-18,Price
U08009,Yes,2025-02-21,Features
U08010,No,,
U08011,No,,
U08012,Yes,2024-04-03,Features
U08013,Yes,2024-06-21,Inactive
U08014,Yes,2025-05-08,Inactive
U08015,No,,
U08016,Yes,2025-02-18,Features
U08017,Yes,2024-03-31,Price
U08018,Yes,2024-12-17,Features
U08019,No,,
U08020,No,,
U08021,Yes,2024-03-14,Features
U08022,Yes,2024-10-13,Features
U08023,Yes,2025-01-09,Competition
U08024,Yes,2024-08-06,Price
U08025,Yes,2025-03-29,Inactive
U08026,Yes,2025-04-13,Competition
U08027,Yes,2024-07-26,Inactive
U08028,Yes,2024-07-30,Competition
U08029,Yes,2024-08-10,Price
U08030,Yes,2024-03-08,Competition
U08031,Yes,2024-04-17,Features
U08032,Yes,2025-03-02,Features
U08033,No,,
U08034,Yes,2024-10-24,Price
U08035,Yes,2024-11-10,Competition
U08036,Yes,2025-04-12,Inactive
U08037,Yes,2024-07-10,Features
U08038,Yes,2025-02-10,Competition
U08039,Yes,2024-07-18,Inactive
U08040,Yes,2024-08-06,Price
U08041,Yes,2025-01-04,Inactive
U08042,Yes,2024-06-24,Inactive
U08043,Yes,2025-06-11,Features
U08044,Yes,2024-05-24,Inactive
U08045,Yes,2024-12-20,Inactive
U08046,Yes,2024-06-27,Competition
U08047,Yes,2024-10-26,Price
U08048,Yes,2024-10-08,Competition
U08049,Yes,2024-11-18,Competition
U08050,Yes,2024-11-26,Competition
U08051,Yes,2024-11-06,Price
U08052,Yes,2024-08-30,Price
U08053,Yes,2024-11-28,Features
U08054,Yes,2025-03-13,Competition
U08055,Yes,2024-11-07,Features
U08056,Yes,2024-04-09,Inactive
U08057,Yes,2025-11-16,Competition
U08058,Yes,2025-04-19,Price
U08059,Yes,2025-03-16,Competition
U08060,Yes,2024-06-27,Inactive
U08061,Yes,2025-08-18,Price
U08062,Yes,2025-02-04,Features
U08063,Yes,2025-08-02,Inactive
U08064,Yes,2024-08-28,Inactive
U08065,Yes,2025-03-18,Inactive
U08066,Yes,2025-01-25,Inactive
U08067,Yes,2024-10-15,Inactive
U08068,Yes,2024-08-25,Competition
U08069,No,,
U08070,Yes,2024-09-03,Competition
U08071,Yes,2025-01-07,Competition
U08072,No,,
U08073,Yes,2025-05-20,Features
U08074,Yes,2024-09-08,Competition
U08075,Yes,2024-09-09,Features
U08076,Yes,2024-06-23,Inactive
U08077,Yes,2024-11-26,Competition
U08078,Yes,2024-08-02,Inactive
U08079,No,,
U08080,Yes,2025-04-01,Competition
U08081,Yes,2025-01-15,Inactive
U08082,Yes,2025-01-04,Inactive
U08083,Yes,2024-10-11,Price
U08084,Yes,2025-05-13,Price
U08085,No,,
U08086,Yes,2024-08-23,Price
U08087,Yes,2025-08-31,Competition
U08088,Yes,2024-10-09,Competition
U08089,Yes,2024-12-31,Features
U08090,Yes,2024-06-03,Features
U08091,Yes,2025-02-25,Inactive
U08092,No,,
U08093,Yes,2024-03-26,Inactive
U08094,Yes,2025-02-23,Competition
U08095,Yes,2024-09-20,Inactive
U08096,Yes,2024-06-15,Features
U08097,Yes,2024-12-15,Price
U08098,Yes,2024-06-15,Competition
U08099,Yes,2024-10-10,Inactive
U08100,Yes,2024-08-27,Competition
U08101,Yes,2025-04-21,Inactive
U08102,Yes,2024-12-04,Inactive
U08103,Yes,2025-05-18,Inactive
U08104,Yes,2025-02-22,Price
U08105,Yes,2024-10-06,Price
U08106,Yes,2024-10-30,Inactive
U08107,Yes,2024-07-09,Inactive
U08108,Yes,2025-01-05,Competition
U08109,Yes,2025-01-02,Features
U08110,Yes,2024-06-02,Competition
U08111,Yes,2025-06-18,Inactive
U08112,Yes,2024-05-03,Features
U08113,Yes,2024-12-15,Inactive
U08114,Yes,2024-12-13,Price
U08115,No,,
U08116,Yes,2024-08-01,Features
U08117,No,,
U08118,Yes,2025-02-08,Competition
U08119,Yes,2025-03-06,Features
U08120,Yes,2025-02-06,Price
U08121,Yes,2024-05-10,Competition
U08122,Yes,2025-07-26,Features
U08123,Yes,2024-08-15,Competition
U08124,Yes,2024-12-14,Features
U08125,Yes,2024-07-06,Features
U08126,Yes,2024-07-21,Inactive
U08127,Yes,2024-04-09,Price
U08128,Yes,2025-02-05,Inactive
U08129,Yes,2025-04-14,Features
U08130,No,,
U08131,Yes,2024-09-01,Inactive
U08132,No,,
U08133,Yes,2024-12-19,Competition
U08134,Yes,2025-01-01,Price
U08135,Yes,2024-04-16,Inactive
U08136,Yes,2024-09-02,Inactive
U08137,Yes,2024-05-16,Competition
U08138,Yes,2024-11-08,Price
U08139,Yes,2024-12-16,Price
U08140,Yes,2024-09-28,Competition
U08141,Yes,2024-12-12,Price
U08142,Yes,2025-06-17,Inactive
U08143,Yes,2025-01-10,Inactive
U08144,Yes,2024-05-05,Competition
U08145,Yes,2024-10-13,Price
U08146,No,,
U08147,Yes,2024-05-10,Competition
U08148,Yes,2024-06-26,Competition
U08149,Yes,2025-04-16,Inactive
U08150,No,,
U08151,Yes,2024-09-17,Inactive
U08152,Yes,2024-07-28,Features
U08153,Yes,2024-12-12,Price
U08154,Yes,2024-03-22,Price
U08155,Yes,2024-11-11,Price
U08156,Yes,2024-11-26,Price
U08157,Yes,2024-06-21,Inactive
U08158,Yes,2024-04-10,Competition
U08159,No,,
U08160,Yes,2024-03-05,Inactive
U08161,Yes,2024-11-06,Competition
U08162,Yes,2024-10-11,Features
U08163,Yes,2024-05-27,Inactive
U08164,Yes,2025-07-04,Competition
U08165,Yes,2024-06-10,Inactive
U08166,Yes,2024-08-15,Price
U08167,Yes,2024-07-20,Price
U08168,Yes,2025-01-27,Price
U08169,No,,
U08170,Yes,2024-09-17,Price
U08171,Yes,2024-07-13,Price
U08172,Yes,2024-12-03,Features
U08173,No,,
U08174,Yes,2024-07-08,Features
U08175,Yes,2024-08-12,Price
U08176,Yes,2024-09-26,Price
U08177,Yes,2025-07-31,Price
U08178,Yes,2024-05-08,Inactive
U08179,Yes,2025-03-26,Price
U08180,Yes,2024-02-11,Features
U08181,Yes,2024-05-26,Competition
U08182,Yes,2024-03-23,Features
U08183,Yes,2024-07-19,Competition
U08184,Yes,2025-03-14,Inactive
U08185,Yes,2024-10-05,Features
U08186,Yes,2024-07-31,Inactive
U08187,Yes,2025-03-23,Competition
U08188,Yes,2024-04-08,Features
U08189,Yes,2025-11-13,Competition
U08190,Yes,2025-07-12,Features
U08191,Yes,2024-11-12,Features
U08192,Yes,2024-09-06,Inactive
U08193,Yes,2024-05-14,Inactive
U08194,No,,
U08195,No,,
U08196,Yes,2024-07-06,Features
U08197,Yes,2024-02-11,Competition
U08198,No,,
U08199,Yes,2025-07-18,Features
U08200,Yes,2024-10-20,Competition
U08201,Yes,2025-01-02,Features
U08202,Yes,2024-11-21,Price
U08203,Yes,2025-07-29,Price
U08204,No,,
U08205,Yes,2025-02-20,Features
U08206,Yes,2024-02-27,Inactive
U08207,Yes,2024-12-01,Competition
U08208,Yes,2025-01-08,Inactive
U08209,Yes,2024-06-10,Competition
U08210,Yes,2024-09-09,Price
U08211,Yes,2024-11-10,Features
U08212,Yes,2024-07-10,Price
U08213,Yes,2024-09-10,Competition
U08214,Yes,2025-01-27,Features
U08215,Yes,2025-07-22,Features
U08216,Yes,2024-11-15,Features
U08217,Yes,2024-03-08,Price
U08218,Yes,2025-05-22,Competition
U08219,Yes,2024-03-13,Competition
U08220,Yes,2025-01-30,Features
U08221,Yes,2024-04-28,Inactive
U08222,Yes,2024-12-29,Inactive
U08223,Yes,2024-04-19,Competition
U08224,Yes,2024-12-10,Competition
U08225,Yes,2024-10-04,Features
U08226,Yes,2024-06-10,Price
U08227,Yes,2025-03-21,Competition
U08228,Yes,2024-11-21,Price
U08229,Yes,2024-09-20,Features
U08230,Yes,2024-11-25,Competition
U08231,Yes,2024-06-25,Price
U08232,No,,
U08233,Yes,2024-05-08,Competition
U08234,Yes,2025-01-16,Features
U08235,Yes,2025-01-19,Inactive
U08236,Yes,2024-09-27,Competition
U08237,Yes,2025-01-30,Competition
U08238,Yes,2024-02-18,Price
U08239,Yes,2024-06-16,Inactive
U08240,Yes,2024-10-13,Price
U08241,Yes,2024-04-21,Competition
U08242,Yes,2025-02-16,Inactive
U08243,Yes,2025-06-14,Inactive
U08244,Yes,2025-07-24,Competition
U08245,Yes,2025-03-21,Inactive
U08246,Yes,2025-02-20,Inactive
U08247,Yes,2024-09-20,Inactive
U08248,No,,
U08249,Yes,2024-03-08,Price
U08250,Yes,2024-06-13,Features
U08251,Yes,2025-03-06,Inactive
U08252,Yes,2024-05-11,Price
U08253,Yes,2024-05-13,Price
U08254,Yes,2024-03-08,Competition
U08255,No,,
U08256,Yes,2024-12-17,Features
U08257,Yes,2024-10-28,Features
U08258,Yes,2025-02-03,Competition
U08259,Yes,2024-09-16,Competition
U08260,Yes,2024-11-09,Price
U08261,Yes,2024-04-12,Price
U08262,Yes,2024-08-30,Features
U08263,Yes,2024-09-14,Price
U08264,Yes,2025-06-02,Price
U08265,Yes,2024-11-03,Features
U08266,Yes,2025-07-27,Competition
U08267,Yes,2024-05-27,Features
U08268,Yes,2024-03-08,Inactive
U08269,Yes,2024-04-09,Competition
U08270,Yes,2025-04-22,Price
U08271,No,,
U08272,Yes,2025-06-05,Inactive
U08273,Yes,2025-01-02,Inactive
U08274,Yes,2025-08-20,Competition
U08275,Yes,2025-01-13,Price
U08276,Yes,2024-11-30,Competition
U08277,Yes,2024-09-27,Price
U08278,Yes,2025-02-03,Price
U08279,Yes,2024-06-25,Competition
U08280,Yes,2025-06-01,Price
U08281,No,,
U08282,Yes,2024-12-27,Inactive
U08283,Yes,2024-10-24,Competition
U08284,Yes,2024-05-29,Price
U08285,Yes,2024-10-03,Competition
U08286,Yes,2025-01-20,Features
U08287,Yes,2025-01-28,Competition
U08288,Yes,2024-03-12,Inactive
U08289,Yes,2025-01-03,Price
U08290,Yes,2025-02-12,Competition
U08291,Yes,2025-01-02,Price
U08292,Yes,2025-03-16,Competition
U08293,Yes,2024-12-09,Features
U08294,Yes,2024-11-12,Inactive
U08295,Yes,2024-11-13,Price
U08296,Yes,2024-08-30,Inactive
U08297,Yes,2025-01-18,Price
U08298,Yes,2025-05-10,Price
U08299,Yes,2024-12-30,Competition
U08300,Yes,2025-06-17,Price
U08301,Yes,2025-04-09,Inactive
U08302,Yes,2025-06-15,Inactive
U08303,Yes,2025-02-14,Price
U08304,No,,
U08305,No,,
U08306,Yes,2024-07-19,Price
U08307,Yes,2024-06-29,Competition
U08308,Yes,2024-12-06,Inactive
U08309,Yes,2024-11-19,Inactive
U08310,Yes,2024-07-24,Price
U08311,Yes,2024-10-31,Features
U08312,Yes,2025-01-17,Features
U08313,Yes,2024-06-27,Features
U08314,Yes,2024-09-04,Price
U08315,Yes,2024-12-31,Inactive
U08316,No,,
U08317,Yes,2025-01-01,Features
U08318,Yes,2025-07-28,Competition
U08319,Yes,2025-02-06,Price
U08320,Yes,2024-10-19,Inactive
U08321,Yes,2024-09-22,Price
U08322,Yes,2024-12-25,Competition
U08323,Yes,2024-07-06,Price
U08324,Yes,2025-02-03,Features
U08325,Yes,2025-02-28,Competition
U08326,Yes,2024-02-13,Competition
U08327,Yes,2024-08-24,Price
U08328,Yes,2024-11-15,Inactive
U08329,Yes,2025-05-10,Features
U08330,No,,
U08331,Yes,2025-03-01,Competition
U08332,Yes,2025-08-07,Competition
U08333,Yes,2025-02-09,Competition
U08334,Yes,2024-09-29,Competition
U08335,Yes,2025-01-15,Features
U08336,Yes,2024-06-26,Competition
U08337,Yes,2024-12-14,Inactive
U08338,Yes,2025-09-13,Competition
U08339,Yes,2024-08-26,Price
U08340,Yes,2024-03-04,Features
U08341,Yes,2025-05-02,Competition
U08342,Yes,2025-01-04,Inactive
U08343,Yes,2024-10-24,Features
U08344,No,,
U08345,Yes,2024-12-02,Competition
U08346,Yes,2025-07-31,Inactive
U08347,Yes,2025-02-19,Features
U08348,Yes,2024-10-10,Price
U08349,Yes,2024-10-20,Features
U08350,Yes,2025-03-15,Features
U08351,Yes,2025-04-03,Price
U08352,Yes,2024-12-30,Competition
U08353,Yes,2024-03-16,Inactive
U08354,Yes,2025-02-05,Inactive
U08355,Yes,2024-05-02,Price
U08356,Yes,2025-05-23,Competition
U08357,Yes,2024-09-25,Competition
U08358,Yes,2024-08-04,Features
U08359,Yes,2024-04-04,Price
U08360,Yes,2024-07-07,Features
U08361,Yes,2024-05-12,Price
U08362,Yes,2025-02-01,Competition
U08363,Yes,2024-03-02,Competition
U08364,Yes,2024-08-02,Features
U08365,Yes,2025-01-10,Price
U08366,Yes,2025-03-12,Price
U08367,Yes,2024-04-12,Inactive
U08368,No,,
U08369,Yes,2024-07-21,Features
U08370,Yes,2024-08-20,Inactive
U08371,Yes,2025-02-17,Competition
U08372,No,,
U08373,No,,
U08374,Yes,2025-03-23,Inactive
U08375,Yes,2025-01-02,Competition
U08376,Yes,2025-01-05,Inactive
U08377,Yes,2024-05-09,Features
U08378,Yes,2025-07-06,Features
U08379,Yes,2025-01-19,Price
U08380,Yes,2024-08-12,Features
U08381,Yes,2025-01-07,Features
U08382,Yes,2024-07-07,Inactive
U08383,Yes,2024-11-13,Price
U08384,Yes,2024-10-14,Inactive
U08385,Yes,2024-06-18,Price
U08386,No,,
U08387,Yes,2024-02-08,Inactive
U08388,No,,
U08389,Yes,2025-02-07,Features
U08390,No,,
U08391,Yes,2025-06-07,Inactive
U08392,Yes,2024-06-10,Price
U08393,Yes,2024-11-11,Price
U08394,Yes,2024-08-10,Features
U08395,Yes,2024-10-27,Competition
U08396,Yes,2024-07-27,Price
U08397,Yes,2024-04-11,Price
U08398,Yes,2024-04-03,Price
U08399,Yes,2024-05-30,Features
U08400,Yes,2025-02-13,Features
U08401,Yes,2025-01-01,Competition
U08402,Yes,2024-04-22,Competition
U08403,Yes,2024-07-15,Features
U08404,Yes,2025-05-04,Features
U08405,Yes,2025-01-02,Price
U08406,Yes,2024-05-31,Price
U08407,Yes,2024-12-20,Features
U08408,Yes,2025-02-15,Price
U08409,Yes,2024-04-18,Features
U08410,Yes,2025-01-31,Inactive
U08411,Yes,2025-02-12,Inactive
U08412,Yes,2024-02-27,Competition
U08413,No,,
U08414,Yes,2025-05-21,Features
U08415,Yes,2024-08-26,Competition
U08416,Yes,2025-06-19,Features
U08417,Yes,2024-04-02,Competition
U08418,Yes,2024-04-30,Price
U08419,Yes,2024-10-10,Price
U08420,Yes,2025-01-29,Inactive
U08421,Yes,2025-01-28,Inactive
U08422,Yes,2024-09-12,Inactive
U08423,No,,
U08424,Yes,2024-10-26,Competition
U08425,Yes,2025-03-25,Features
U08426,Yes,2024-11-16,Inactive
U08427,Yes,2024-10-23,Price
U08428,Yes,2024-10-27,Inactive
U08429,Yes,2025-03-12,Competition
U08430,Yes,2025-09-09,Inactive
U08431,Yes,2024-05-16,Features
U08432,Yes,2025-04-27,Price
U08433,Yes,2024-06-27,Inactive
U08434,Yes,2024-09-27,Price
U08435,Yes,2024-10-21,Competition
U08436,Yes,2024-10-24,Features
U08437,Yes,2024-10-26,Features
U08438,Yes,2024-08-16,Competition
U08439,Yes,2024-12-28,Features
U08440,Yes,2025-04-23,Price
U08441,Yes,2025-03-15,Features
U08442,Yes,2024-06-06,Inactive
U08443,Yes,2024-08-23,Competition
U08444,Yes,2024-09-18,Price
U08445,Yes,2025-03-02,Competition
U08446,Yes,2024-06-03,Competition
U08447,Yes,2024-07-13,Inactive
U08448,Yes,2024-09-01,Inactive
U08449,Yes,2025-05-23,Features
U08450,Yes,2025-03-19,Inactive
U08451,Yes,2024-12-22,Competition
U08452,Yes,2024-03-09,Competition
U08453,Yes,2024-07-24,Features
U08454,Yes,2025-03-08,Competition
U08455,Yes,2024-09-06,Competition
U08456,Yes,2024-10-04,Price
U08457,Yes,2024-10-08,Features
U08458,Yes,2024-04-05,Features
U08459,Yes,2025-03-27,Inactive
U08460,Yes,2024-12-31,Price
U08461,Yes,2024-12-18,Competition
U08462,Yes,2025-01-16,Inactive
U08463,Yes,2024-05-13,Competition
U08464,Yes,2024-06-03,Inactive
U08465,Yes,2024-07-30,Competition
U08466,Yes,2025-05-10,Competition
U08467,Yes,2024-08-05,Competition
U08468,Yes,2025-01-31,Price
U08469,Yes,2024-08-18,Price
U08470,Yes,2024-02-28,Features
U08471,Yes,2024-11-16,Price
U08472,Yes,2024-06-26,Price
U08473,Yes,2024-03-10,Features
U08474,Yes,2024-11-17,Price
U08475,Yes,2024-11-09,Features
U08476,Yes,2024-08-18,Inactive
U08477,Yes,2024-09-14,Inactive
U08478,Yes,2025-06-02,Price
U08479,Yes,2025-05-17,Price
U08480,Yes,2025-02-22,Inactive
U08481,Yes,2025-01-23,Inactive
U08482,Yes,2025-01-06,Inactive
U08483,No,,
U08484,Yes,2025-03-11,Price
U08485,Yes,2025-04-26,Price
U08486,Yes,2025-02-20,Inactive
U08487,Yes,2024-07-28,Price
U08488,No,,
U08489,Yes,2025-01-20,Features
U08490,No,,
U08491,No,,
U08492,Yes,2024-04-01,Competition
U08493,No,,
U08494,Yes,2024-08-11,Competition
U08495,Yes,2025-01-20,Price
U08496,Yes,2024-08-26,Features
U08497,Yes,2025-02-26,Inactive
U08498,Yes,2024-05-14,Price
U08499,Yes,2024-06-03,Features
U08500,Yes,2024-02-10,Price
U08501,Yes,2024-04-30,Competition
U08502,Yes,2025-04-24,Inactive
U08503,Yes,2024-07-11,Price
U08504,Yes,2025-01-23,Competition
U08505,Yes,2024-07-30,Inactive
U08506,Yes,2024-10-10,Features
U08507,No,,
U08508,Yes,2024-05-04,Inactive
U08509,Yes,2024-11-15,Competition
U08510,Yes,2024-02-11,Price
U08511,Yes,2024-09-07,Inactive
U08512,Yes,2025-03-24,Features
U08513,Yes,2024-04-21,Features
U08514,Yes,2024-06-23,Price
U08515,Yes,2024-07-12,Features
U08516,Yes,2024-11-20,Price
U08517,Yes,2025-01-10,Price
U08518,No,,
U08519,Yes,2025-03-02,Features
U08520,No,,
U08521,Yes,2024-08-22,Price
U08522,Yes,2025-08-15,Inactive
U08523,Yes,2025-05-24,Inactive
U08524,Yes,2025-07-01,Features
U08525,Yes,2025-03-10,Features
U08526,Yes,2025-03-16,Inactive
U08527,Yes,2024-11-26,Price
U08528,Yes,2024-10-21,Price
U08529,Yes,2025-10-06,Features
U08530,No,,
U08531,Yes,2025-05-22,Competition
U08532,Yes,2024-12-08,Inactive
U08533,Yes,2024-12-27,Competition
U08534,No,,
U08535,Yes,2025-02-07,Features
U08536,Yes,2025-04-06,Inactive
U08537,Yes,2025-05-20,Price
U08538,Yes,2024-10-30,Features
U08539,Yes,2024-07-09,Competition
U08540,No,,
U08541,Yes,2024-11-15,Price
U08542,Yes,2024-12-18,Inactive
U08543,Yes,2024-04-06,Features
U08544,No,,
U08545,Yes,2024-04-14,Price
U08546,Yes,2025-05-02,Inactive
U08547,Yes,2024-06-20,Inactive
U08548,Yes,2024-11-10,Inactive
U08549,No,,
U08550,Yes,2024-05-31,Features
U08551,Yes,2024-10-12,Inactive
U08552,Yes,2024-12-30,Price
U08553,Yes,2024-09-23,Features
U08554,Yes,2024-11-16,Price
U08555,Yes,2024-12-03,Competition
U08556,No,,
U08557,Yes,2025-02-22,Features
U08558,Yes,2024-07-25,Price
U08559,No,,
U08560,Yes,2024-06-09,Features
U08561,Yes,2024-12-18,Competition
U08562,Yes,2024-11-14,Inactive
U08563,No,,
U08564,Yes,2024-06-08,Competition
U08565,Yes,2024-08-06,Price
U08566,Yes,2025-02-08,Competition
U08567,No,,
U08568,Yes,2025-02-09,Features
U08569,Yes,2024-03-16,Features
U08570,Yes,2024-08-04,Inactive
U08571,Yes,2024-10-25,Features
U08572,Yes,2024-11-01,Inactive
U08573,Yes,2025-05-15,Features
U08574,Yes,2025-03-10,Competition
U08575,No,,
U08576,Yes,2024-05-22,Inactive
U08577,Yes,2024-04-09,Price
U08578,No,,
U08579,Yes,2025-07-05,Inactive
U08580,Yes,2024-10-10,Price
U08581,Yes,2024-10-06,Features
U08582,Yes,2024-12-07,Competition
U08583,Yes,2025-01-09,Features
U08584,No,,
U08585,Yes,2024-08-22,Competition
U08586,Yes,2025-08-14,Inactive
U08587,Yes,2025-01-29,Features
U08588,Yes,2024-12-08,Competition
U08589,Yes,2024-04-20,Competition
U08590,Yes,2025-03-15,Competition
U08591,Yes,2024-10-05,Features
U08592,Yes,2024-11-13,Price
U08593,Yes,2024-07-27,Inactive
U08594,Yes,2024-09-23,Features
U08595,Yes,2025-04-28,Features
U08596,No,,
U08597,Yes,2024-09-13,Inactive
U08598,Yes,2024-07-08,Competition
U08599,Yes,2024-10-03,Price
U08600,Yes,2025-02-13,Features
U08601,No,,
U08602,Yes,2025-02-08,Competition
U08603,Yes,2025-04-28,Inactive
U08604,Yes,2024-08-31,Inactive
U08605,No,,
U08606,Yes,2024-11-07,Price
U08607,Yes,2025-03-14,Features
U08608,Yes,2025-03-23,Competition
U08609,Yes,2025-09-15,Features
U08610,Yes,2024-12-26,Price
U08611,No,,
U08612,Yes,2025-01-28,Competition
U08613,No,,
U08614,No,,
U08615,No,,
U08616,Yes,2024-11-17,Inactive
U08617,Yes,2025-05-13,Competition
U08618,Yes,2025-03-25,Price
U08619,Yes,2025-05-09,Competition
U08620,Yes,2024-08-20,Features
U08621,Yes,2025-04-21,Features
U08622,Yes,2024-10-26,Competition
U08623,Yes,2025-05-06,Features
U08624,No,,
U08625,Yes,2024-02-18,Features
U08626,Yes,2024-10-14,Competition
U08627,Yes,2024-06-27,Competition
U08628,No,,
U08629,No,,
U08630,Yes,2024-08-04,Competition
U08631,Yes,2025-03-18,Competition
U08632,No,,
U08633,Yes,2025-04-11,Inactive
U08634,Yes,2024-04-11,Price
U08635,Yes,2024-12-30,Price
U08636,Yes,2024-02-04,Inactive
U08637,Yes,2024-12-08,Features
U08638,Yes,2025-04-12,Features
U08639,Yes,2024-05-27,Features
U08640,Yes,2025-10-24,Features
U08641,Yes,2024-06-16,Competition
U08642,Yes,2024-09-23,Features
U08643,Yes,2024-09-25,Competition
U08644,Yes,2024-07-26,Inactive
U08645,Yes,2025-08-05,Price
U08646,Yes,2025-01-01,Features
U08647,Yes,2025-06-08,Features
U08648,Yes,2024-12-29,Price
U08649,Yes,2024-05-11,Features
U08650,Yes,2024-07-12,Competition
U08651,Yes,2025-02-18,Inactive
U08652,Yes,2025-04-26,Competition
U08653,Yes,2025-06-22,Competition
U08654,Yes,2025-01-18,Inactive
U08655,Yes,2024-11-28,Competition
U08656,Yes,2025-03-21,Competition
U08657,No,,
U08658,Yes,2024-11-16,Competition
U08659,Yes,2024-04-21,Price
U08660,No,,
U08661,Yes,2024-10-27,Features
U08662,Yes,2024-06-29,Features
U08663,Yes,2024-11-05,Competition
U08664,No,,
U08665,Yes,2024-08-31,Competition
U08666,Yes,2025-04-06,Features
U08667,Yes,2024-06-21,Inactive
U08668,Yes,2024-10-31,Features
U08669,Yes,2024-04-20,Competition
U08670,Yes,2025-04-10,Features
U08671,Yes,2024-11-11,Price
U08672,Yes,2025-03-02,Competition
U08673,Yes,2025-05-30,Competition
U08674,Yes,2025-02-20,Features
U08675,Yes,2024-12-08,Competition
U08676,Yes,2024-12-20,Price
U08677,Yes,2024-11-07,Inactive
U08678,Yes,2024-08-08,Competition
U08679,Yes,2024-09-26,Competition
U08680,Yes,2024-12-11,Inactive
U08681,Yes,2024-05-14,Inactive
U08682,Yes,2024-10-10,Price
U08683,Yes,2025-01-16,Competition
U08684,Yes,2024-11-22,Competition
U08685,Yes,2024-09-26,Inactive
U08686,Yes,2024-06-15,Features
U08687,Yes,2024-07-03,Price
U08688,Yes,2025-01-17,Features
U08689,No,,
U08690,Yes,2024-05-01,Inactive
U08691,Yes,2025-07-05,Price
U08692,Yes,2025-03-17,Inactive
U08693,Yes,2024-06-23,Features
U08694,Yes,2024-10-16,Price
U08695,Yes,2025-02-25,Price
U08696,Yes,2025-08-02,Price
U08697,Yes,2024-05-26,Inactive
U08698,Yes,2024-12-08,Inactive
U08699,No,,
U08700,Yes,2024-10-01,Price
U08701,Yes,2025-04-03,Features
U08702,Yes,2025-01-06,Price
U08703,Yes,2025-02-16,Price
U08704,Yes,2025-02-03,Inactive
U08705,Yes,2024-12-17,Price
U08706,Yes,2025-01-28,Competition
U08707,Yes,2024-10-29,Features
U08708,Yes,2024-08-12,Features
U08709,Yes,2024-07-28,Inactive
U08710,Yes,2024-11-24,Features
U08711,Yes,2024-08-31,Inactive
U08712,Yes,2024-11-20,Competition
U08713,No,,
U08714,Yes,2024-10-10,Competition
U08715,Yes,2024-08-13,Inactive
U08716,Yes,2024-12-16,Inactive
U08717,No,,
U08718,Yes,2024-11-18,Inactive
U08719,Yes,2025-02-07,Inactive
U08720,Yes,2024-11-25,Features
U08721,Yes,2025-02-18,Price
U08722,Yes,2025-02-05,Features
U08723,Yes,2024-06-27,Competition
U08724,Yes,2024-10-16,Features
U08725,Yes,2025-07-14,Competition
U08726,Yes,2024-07-02,Inactive
U08727,Yes,2024-11-19,Competition
U08728,Yes,2025-04-05,Inactive
U08729,Yes,2024-10-12,Competition
U08730,Yes,2024-10-10,Competition
U08731,Yes,2024-07-12,Competition
U08732,Yes,2024-11-19,Competition
U08733,Yes,2025-06-01,Features
U08734,Yes,2025-01-01,Price
U08735,Yes,2024-06-30,Inactive
U08736,No,,
U08737,Yes,2025-02-18,Competition
U08738,Yes,2024-09-25,Inactive
U08739,No,,
U08740,Yes,2025-01-07,Price
U08741,Yes,2025-02-04,Price
U08742,Yes,2025-04-19,Competition
U08743,Yes,2024-04-25,Features
U08744,Yes,2024-11-06,Inactive
U08745,Yes,2024-05-31,Competition
U08746,Yes,2024-11-24,Inactive
U08747,Yes,2025-07-22,Price
U08748,Yes,2024-04-16,Inactive
U08749,Yes,2024-02-22,Inactive
U08750,Yes,2024-10-10,Price
U08751,Yes,2024-09-16,Inactive
U08752,No,,
U08753,Yes,2024-07-15,Features
U08754,Yes,2024-06-15,Competition
U08755,Yes,2024-07-06,Price
U08756,Yes,2025-02-21,Features
U08757,Yes,2025-05-12,Inactive
U08758,Yes,2024-11-28,Competition
U08759,Yes,2024-12-26,Features
U08760,Yes,2024-03-15,Features
U08761,Yes,2025-03-05,Price
U08762,Yes,2024-11-27,Competition
U08763,Yes,2024-10-04,Competition
U08764,Yes,2024-05-21,Inactive
U08765,Yes,2024-04-16,Competition
U08766,Yes,2024-12-24,Competition
U08767,Yes,2024-04-25,Features
U08768,Yes,2024-03-30,Competition
U08769,Yes,2025-01-29,Features
U08770,Yes,2025-01-21,Inactive
U08771,Yes,2025-07-06,Competition
U08772,Yes,2024-11-24,Price
U08773,Yes,2024-03-05,Competition
U08774,Yes,2024-05-23,Inactive
U08775,Yes,2025-05-06,Price
U08776,Yes,2024-05-02,Features
U08777,Yes,2024-09-07,Price
U08778,Yes,2025-03-15,Price
U08779,Yes,2024-11-23,Competition
U08780,No,,
U08781,Yes,2024-07-26,Inactive
U08782,Yes,2024-05-09,Features
U08783,Yes,2024-11-30,Features
U08784,Yes,2024-06-21,Features
U08785,Yes,2024-04-24,Price
U08786,Yes,2024-05-21,Price
U08787,No,,
U08788,Yes,2024-11-01,Features
U08789,Yes,2024-06-20,Competition
U08790,Yes,2024-07-18,Features
U08791,No,,
U08792,Yes,2025-04-19,Price
U08793,Yes,2024-05-25,Features
U08794,Yes,2024-02-15,Inactive
U08795,Yes,2024-12-06,Inactive
U08796,No,,
U08797,No,,
U08798,Yes,2024-12-24,Price
U08799,Yes,2025-10-15,Competition
U08800,Yes,2024-12-30,Price
U08801,No,,
U08802,Yes,2024-09-28,Price
U08803,No,,
U08804,Yes,2024-06-07,Price
U08805,Yes,2024-09-10,Price
U08806,No,,
U08807,Yes,2024-12-02,Features
U08808,Yes,2024-11-01,Competition
U08809,Yes,2024-12-04,Features
U08810,Yes,2025-03-15,Price
U08811,No,,
U08812,Yes,2024-12-12,Price
U08813,Yes,2025-06-15,Price
U08814,Yes,2024-08-13,Competition
U08815,Yes,2024-08-18,Inactive
U08816,No,,
U08817,Yes,2024-08-18,Price
U08818,No,,
U08819,Yes,2024-05-11,Features
U08820,Yes,2025-01-13,Inactive
U08821,Yes,2024-08-04,Inactive
U08822,Yes,2024-04-22,Price
U08823,Yes,2024-06-30,Competition
U08824,Yes,2024-05-15,Features
U08825,No,,
U08826,Yes,2024-09-29,Competition
U08827,Yes,2024-08-22,Price
U08828,Yes,2025-01-03,Inactive
U08829,Yes,2024-07-11,Competition
U08830,Yes,2024-06-01,Features
U08831,Yes,2024-02-06,Inactive
U08832,Yes,2024-05-20,Features
U08833,Yes,2025-02-07,Features
U08834,Yes,2024-05-11,Price
U08835,Yes,2024-05-15,Price
U08836,No,,
U08837,No,,
U08838,No,,
U08839,No,,
U08840,Yes,2024-11-22,Inactive
U08841,Yes,2024-09-09,Competition
U08842,Yes,2025-02-16,Features
U08843,Yes,2024-10-29,Features
U08844,Yes,2025-02-01,Inactive
U08845,Yes,2025-05-25,Inactive
U08846,Yes,2024-06-15,Competition
U08847,Yes,2025-04-17,Price
U08848,Yes,2024-05-15,Price
U08849,Yes,2024-09-04,Features
U08850,Yes,2024-11-07,Features
U08851,Yes,2025-03-16,Price
U08852,Yes,2024-09-18,Price
U08853,No,,
U08854,Yes,2024-10-05,Competition
U08855,Yes,2024-10-23,Inactive
U08856,Yes,2024-08-06,Features
U08857,Yes,2024-11-04,Competition
U08858,Yes,2024-04-14,Features
U08859,Yes,2024-10-14,Competition
U08860,Yes,2024-07-21,Inactive
U08861,Yes,2025-01-30,Price
U08862,Yes,2024-09-16,Inactive
U08863,No,,
U08864,No,,
U08865,No,,
U08866,Yes,2025-05-25,Features
U08867,Yes,2024-07-26,Price
U08868,Yes,2024-06-01,Features
U08869,Yes,2025-06-24,Competition
U08870,Yes,2024-05-15,Price
U08871,Yes,2025-04-13,Price
U08872,Yes,2024-11-12,Inactive
U08873,Yes,2024-12-12,Competition
U08874,Yes,2025-05-23,Competition
U08875,Yes,2024-04-13,Features
U08876,Yes,2025-03-01,Inactive
U08877,No,,
U08878,Yes,2024-12-12,Inactive
U08879,Yes,2024-07-09,Price
U08880,Yes,2024-05-12,Price
U08881,Yes,2024-05-01,Competition
U08882,Yes,2024-10-31,Competition
U08883,Yes,2024-07-16,Competition
U08884,Yes,2025-06-17,Competition
U08885,Yes,2024-03-09,Inactive
U08886,Yes,2025-02-15,Competition
U08887,Yes,2024-11-07,Features
U08888,Yes,2024-12-05,Price
U08889,Yes,2024-06-26,Price
U08890,Yes,2024-03-04,Price
U08891,Yes,2024-08-22,Competition
U08892,Yes,2025-05-26,Price
U08893,Yes,2025-02-10,Competition
U08894,No,,
U08895,Yes,2024-06-01,Inactive
U08896,Yes,2024-08-14,Price
U08897,Yes,2025-10-18,Price
U08898,Yes,2024-12-12,Price
U08899,Yes,2024-10-24,Features
U08900,Yes,2025-02-18,Competition
U08901,Yes,2024-06-22,Inactive
U08902,Yes,2024-11-17,Competition
U08903,Yes,2024-08-21,Features
U08904,Yes,2024-05-25,Competition
U08905,Yes,2024-08-09,Features
U08906,No,,
U08907,Yes,2025-08-25,Inactive
U08908,Yes,2024-10-31,Features
U08909,Yes,2024-07-28,Inactive
U08910,Yes,2024-06-20,Price
U08911,Yes,2024-10-01,Features
U08912,Yes,2024-03-29,Price
U08913,Yes,2025-01-31,Inactive
U08914,Yes,2024-12-16,Inactive
U08915,Yes,2024-09-07,Competition
U08916,Yes,2024-07-22,Features
U08917,Yes,2024-05-05,Competition
U08918,Yes,2024-05-17,Features
U08919,Yes,2024-10-19,Features
U08920,No,,
U08921,Yes,2025-06-06,Features
U08922,Yes,2025-02-28,Competition
U08923,Yes,2024-11-29,Features
U08924,No,,
U08925,Yes,2024-05-07,Price
U08926,Yes,2024-11-10,Price
U08927,Yes,2025-02-25,Features
U08928,Yes,2024-04-20,Features
U08929,Yes,2024-07-28,Inactive
U08930,Yes,2024-08-19,Competition
U08931,Yes,2025-02-22,Competition
U08932,Yes,2025-05-09,Inactive
U08933,Yes,2024-12-23,Competition
U08934,Yes,2024-11-05,Inactive
U08935,Yes,2024-10-04,Price
U08936,Yes,2024-06-17,Competition
U08937,Yes,2024-10-10,Competition
U08938,Yes,2025-03-24,Features
U08939,Yes,2024-07-28,Inactive
U08940,Yes,2024-10-05,Competition
U08941,Yes,2024-10-07,Price
U08942,Yes,2025-04-06,Inactive
U08943,Yes,2025-02-05,Inactive
U08944,Yes,2024-09-14,Competition
U08945,No,,
U08946,Yes,2025-01-17,Price
U08947,Yes,2024-09-15,Features
U08948,Yes,2025-01-03,Competition
U08949,Yes,2024-12-28,Price
U08950,Yes,2024-09-28,Price
U08951,Yes,2024-08-13,Competition
U08952,Yes,2025-06-18,Competition
U08953,Yes,2025-05-14,Features
U08954,Yes,2024-12-04,Features
U08955,No,,
U08956,Yes,2024-11-30,Price
U08957,Yes,2024-05-08,Price
U08958,Yes,2025-04-12,Price
U08959,Yes,2024-08-29,Features
U08960,Yes,2024-06-12,Price
U08961,Yes,2025-03-28,Competition
U08962,Yes,2024-02-17,Inactive
U08963,Yes,2024-04-22,Features
U08964,Yes,2025-08-03,Price
U08965,No,,
U08966,Yes,2024-03-19,Price
U08967,Yes,2024-04-28,Competition
U08968,Yes,2024-08-10,Features
U08969,Yes,2024-10-21,Inactive
U08970,Yes,2025-04-09,Features
U08971,Yes,2025-02-03,Competition
U08972,Yes,2024-05-20,Features
U08973,Yes,2024-12-27,Competition
U08974,Yes,2025-02-18,Inactive
U08975,No,,
U08976,Yes,2024-02-04,Price
U08977,Yes,2024-10-25,Inactive
U08978,Yes,2024-03-25,Inactive
U08979,Yes,2025-02-06,Features
U08980,Yes,2025-01-13,Price
U08981,Yes,2024-12-12,Price
U08982,No,,
U08983,Yes,2024-11-05,Competition
U08984,Yes,2025-05-04,Competition
U08985,Yes,2024-10-10,Price
U08986,Yes,2024-10-05,Inactive
U08987,Yes,2024-06-23,Features
U08988,No,,
U08989,Yes,2024-07-13,Competition
U08990,Yes,2024-08-23,Inactive
U08991,Yes,2025-02-09,Inactive
U08992,No,,
U08993,No,,
U08994,Yes,2024-05-21,Features
U08995,Yes,2025-03-17,Features
U08996,Yes,2024-08-19,Features
U08997,Yes,2024-12-08,Price
U08998,Yes,2025-02-22,Competition
U08999,Yes,2024-02-22,Inactive
U09000,No,,
U09001,Yes,2024-07-25,Inactive
U09002,Yes,2025-08-28,Inactive
U09003,Yes,2024-08-04,Features
U09004,No,,
U09005,Yes,2024-07-14,Competition
U09006,Yes,2025-09-24,Competition
U09007,Yes,2024-12-31,Inactive
U09008,Yes,2024-07-18,Inactive
U09009,Yes,2025-02-28,Features
U09010,No,,
U09011,No,,
U09012,Yes,2024-11-04,Features
U09013,No,,
U09014,No,,
U09015,Yes,2025-02-22,Inactive
U09016,No,,
U09017,Yes,2024-07-20,Price
U09018,Yes,2024-09-28,Price
U09019,No,,
U09020,Yes,2024-09-02,Inactive
U09021,Yes,2024-04-16,Competition
U09022,No,,
U09023,Yes,2025-01-04,Inactive
U09024,Yes,2025-04-11,Price
U09025,Yes,2024-03-15,Price
U09026,No,,
U09027,Yes,2024-09-13,Competition
U09028,Yes,2024-09-03,Price
U09029,Yes,2024-09-15,Competition
U09030,Yes,2024-06-10,Inactive
U09031,Yes,2025-03-27,Features
U09032,Yes,2025-02-13,Price
U09033,Yes,2024-07-21,Competition
U09034,Yes,2024-11-12,Features
U09035,Yes,2025-07-19,Price
U09036,Yes,2025-03-15,Features
U09037,Yes,2025-06-24,Features
U09038,Yes,2025-04-21,Price
U09039,Yes,2025-03-08,Competition
U09040,Yes,2024-07-27,Features
U09041,Yes,2025-01-27,Price
U09042,Yes,2025-03-06,Inactive
U09043,Yes,2024-03-16,Inactive
U09044,Yes,2025-05-30,Inactive
U09045,Yes,2024-07-24,Price
U09046,Yes,2024-11-09,Features
U09047,Yes,2024-05-29,Competition
U09048,Yes,2024-12-30,Competition
U09049,Yes,2025-08-04,Inactive
U09050,Yes,2025-01-13,Price
U09051,Yes,2024-11-04,Competition
U09052,Yes,2024-06-20,Inactive
U09053,Yes,2024-12-09,Features
U09054,Yes,2024-09-18,Price
U09055,Yes,2024-07-05,Inactive
U09056,Yes,2024-07-21,Features
U09057,Yes,2024-09-06,Price
U09058,Yes,2024-11-21,Inactive
U09059,Yes,2024-03-04,Features
U09060,Yes,2024-10-18,Competition
U09061,Yes,2024-12-05,Competition
U09062,Yes,2024-09-29,Features
U09063,Yes,2025-01-06,Features
U09064,Yes,2024-05-04,Inactive
U09065,Yes,2024-11-11,Features
U09066,Yes,2024-02-29,Competition
U09067,Yes,2024-09-08,Inactive
U09068,Yes,2024-12-11,Inactive
U09069,Yes,2024-03-11,Competition
U09070,Yes,2024-05-07,Inactive
U09071,Yes,2025-02-16,Features
U09072,Yes,2024-11-22,Competition
U09073,Yes,2024-11-29,Price
U09074,Yes,2024-08-22,Inactive
U09075,Yes,2025-05-08,Competition
U09076,Yes,2024-08-17,Features
U09077,Yes,2024-05-23,Price
U09078,No,,
U09079,Yes,2025-03-26,Competition
U09080,Yes,2024-12-06,Competition
U09081,No,,
U09082,Yes,2024-09-26,Features
U09083,Yes,2024-08-15,Price
U09084,Yes,2024-07-17,Features
U09085,No,,
U09086,Yes,2024-06-10,Features
U09087,Yes,2024-11-11,Competition
U09088,Yes,2024-07-15,Competition
U09089,Yes,2025-07-06,Price
U09090,Yes,2025-04-22,Price
U09091,Yes,2024-08-27,Competition
U09092,Yes,2024-05-19,Features
U09093,Yes,2025-01-18,Competition
U09094,Yes,2024-12-01,Price
U09095,Yes,2024-12-04,Inactive
U09096,Yes,2024-11-30,Features
U09097,Yes,2024-03-21,Competition
U09098,No,,
U09099,No,,
U09100,Yes,2025-02-11,Price
U09101,Yes,2025-01-13,Features
U09102,Yes,2024-10-02,Price
U09103,Yes,2025-02-16,Price
U09104,Yes,2024-12-25,Competition
U09105,Yes,2024-11-11,Inactive
U09106,Yes,2025-01-22,Inactive
U09107,Yes,2024-07-23,Features
U09108,Yes,2024-08-07,Inactive
U09109,No,,
U09110,Yes,2024-10-20,Features
U09111,Yes,2024-09-11,Price
U09112,Yes,2024-07-30,Competition
U09113,Yes,2025-01-09,Competition
U09114,Yes,2025-02-27,Features
U09115,No,,
U09116,Yes,2024-08-18,Competition
U09117,Yes,2024-09-15,Competition
U09118,Yes,2025-03-16,Features
U09119,Yes,2024-03-04,Inactive
U09120,Yes,2025-03-11,Price
U09121,Yes,2024-12-17,Price
U09122,Yes,2024-12-16,Competition
U09123,Yes,2024-04-09,Features
U09124,Yes,2024-11-19,Features
U09125,Yes,2025-01-17,Competition
U09126,Yes,2024-09-11,Inactive
U09127,No,,
U09128,Yes,2024-09-22,Price
U09129,No,,
U09130,Yes,2025-09-05,Inactive
U09131,Yes,2024-05-15,Features
U09132,Yes,2024-10-04,Competition
U09133,Yes,2024-10-29,Inactive
U09134,Yes,2024-08-01,Competition
U09135,Yes,2024-06-20,Inactive
U09136,No,,
U09137,No,,
U09138,Yes,2025-04-24,Inactive
U09139,Yes,2024-08-29,Inactive
U09140,Yes,2024-12-03,Price
U09141,Yes,2025-02-06,Price
U09142,Yes,2024-04-27,Price
U09143,Yes,2025-03-10,Price
U09144,Yes,2025-02-23,Inactive
U09145,Yes,2024-03-13,Price
U09146,Yes,2024-06-23,Features
U09147,No,,
U09148,Yes,2024-11-24,Competition
U09149,Yes,2024-12-07,Price
U09150,Yes,2025-07-09,Competition
U09151,Yes,2025-04-19,Competition
U09152,Yes,2025-08-10,Competition
U09153,Yes,2024-05-30,Competition
U09154,No,,
U09155,Yes,2025-04-03,Inactive
U09156,Yes,2025-03-19,Inactive
U09157,Yes,2024-12-30,Price
U09158,Yes,2025-09-14,Competition
U09159,Yes,2025-03-04,Features
U09160,Yes,2025-04-10,Price
U09161,No,,
U09162,Yes,2024-06-13,Features
U09163,Yes,2025-03-28,Features
U09164,Yes,2024-08-16,Inactive
U09165,Yes,2024-06-08,Price
U09166,Yes,2024-09-02,Inactive
U09167,Yes,2025-01-10,Inactive
U09168,Yes,2025-03-20,Inactive
U09169,Yes,2024-07-21,Competition
U09170,No,,
U09171,Yes,2025-02-15,Inactive
U09172,Yes,2024-12-19,Competition
U09173,Yes,2024-05-17,Competition
U09174,Yes,2024-09-30,Features
U09175,Yes,2024-08-30,Competition
U09176,Yes,2024-06-21,Features
U09177,Yes,2024-12-27,Features
U09178,Yes,2024-04-05,Price
U09179,Yes,2024-10-14,Features
U09180,Yes,2024-04-04,Competition
U09181,Yes,2024-08-11,Price
U09182,Yes,2025-05-27,Features
U09183,Yes,2025-03-13,Inactive
U09184,Yes,2024-12-29,Features
U09185,Yes,2025-01-01,Inactive
U09186,No,,
U09187,Yes,2024-07-24,Competition
U09188,Yes,2025-04-03,Competition
U09189,No,,
U09190,No,,
U09191,Yes,2025-01-20,Price
U09192,Yes,2024-09-05,Competition
U09193,Yes,2024-08-26,Inactive
U09194,Yes,2024-09-19,Inactive
U09195,Yes,2024-11-15,Price
U09196,Yes,2024-12-30,Features
U09197,Yes,2024-08-15,Features
U09198,Yes,2025-02-18,Features
U09199,Yes,2024-09-22,Competition
U09200,No,,
U09201,Yes,2024-09-19,Price
U09202,Yes,2025-05-07,Inactive
U09203,Yes,2025-03-02,Price
U09204,Yes,2024-06-09,Price
U09205,Yes,2024-03-06,Price
U09206,Yes,2025-03-15,Competition
U09207,Yes,2024-10-06,Features
U09208,Yes,2025-04-03,Price
U09209,Yes,2024-09-04,Inactive
U09210,Yes,2025-05-06,Features
U09211,Yes,2025-01-16,Features
U09212,Yes,2025-01-22,Features
U09213,Yes,2024-07-27,Competition
U09214,Yes,2024-08-24,Competition
U09215,Yes,2024-09-28,Inactive
U09216,No,,
U09217,Yes,2024-10-30,Competition
U09218,Yes,2024-11-19,Competition
U09219,Yes,2024-12-16,Competition
U09220,Yes,2024-08-29,Features
U09221,Yes,2024-11-04,Features
U09222,Yes,2025-01-28,Competition
U09223,Yes,2025-05-02,Price
U09224,Yes,2025-08-09,Price
U09225,Yes,2025-02-18,Competition
U09226,Yes,2025-01-18,Inactive
U09227,Yes,2024-09-09,Inactive
U09228,Yes,2025-03-30,Inactive
U09229,Yes,2024-09-03,Price
U09230,No,,
U09231,Yes,2024-10-21,Inactive
U09232,Yes,2025-06-11,Features
U09233,Yes,2024-07-14,Inactive
U09234,No,,
U09235,Yes,2024-08-11,Competition
U09236,Yes,2024-05-28,Features
U09237,Yes,2025-02-20,Price
U09238,Yes,2025-02-15,Features
U09239,Yes,2024-05-01,Inactive
U09240,Yes,2024-12-17,Inactive
U09241,Yes,2024-09-21,Price
U09242,Yes,2024-03-30,Features
U09243,Yes,2024-02-29,Features
U09244,Yes,2024-11-23,Price
U09245,Yes,2025-05-06,Inactive
U09246,Yes,2024-11-22,Competition
U09247,Yes,2024-11-30,Inactive
U09248,Yes,2024-07-10,Features
U09249,No,,
U09250,Yes,2024-09-21,Price
U09251,Yes,2024-12-15,Competition
U09252,Yes,2025-02-19,Inactive
U09253,Yes,2025-01-02,Competition
U09254,Yes,2025-01-05,Inactive
U09255,Yes,2025-04-01,Price
U09256,Yes,2025-08-10,Features
U09257,Yes,2024-04-01,Inactive
U09258,Yes,2025-02-26,Competition
U09259,Yes,2024-07-07,Inactive
U09260,Yes,2024-08-27,Inactive
U09261,Yes,2025-09-22,Features
U09262,Yes,2024-10-15,Features
U09263,Yes,2024-11-19,Price
U09264,Yes,2024-07-12,Competition
U09265,Yes,2024-04-28,Features
U09266,Yes,2024-09-07,Inactive
U09267,Yes,2024-12-08,Inactive
U09268,Yes,2025-01-22,Inactive
U09269,Yes,2025-03-26,Inactive
U09270,Yes,2025-03-03,Price
U09271,Yes,2024-08-03,Inactive
U09272,Yes,2025-03-10,Competition
U09273,Yes,2025-03-03,Price
U09274,Yes,2024-07-29,Inactive
U09275,Yes,2025-03-21,Features
U09276,Yes,2025-01-03,Competition
U09277,Yes,2025-08-23,Features
U09278,Yes,2024-08-17,Inactive
U09279,Yes,2024-05-08,Competition
U09280,Yes,2024-08-15,Competition
U09281,Yes,2024-08-01,Competition
U09282,Yes,2024-12-31,Competition
U09283,Yes,2025-04-07,Price
U09284,Yes,2025-03-22,Competition
U09285,Yes,2025-08-15,Features
U09286,Yes,2024-10-30,Features
U09287,Yes,2024-04-23,Competition
U09288,No,,
U09289,Yes,2024-12-23,Inactive
U09290,No,,
U09291,Yes,2024-11-26,Price
U09292,Yes,2024-11-05,Inactive
U09293,No,,
U09294,No,,
U09295,Yes,2024-12-23,Features
U09296,Yes,2024-10-27,Features
U09297,Yes,2025-01-15,Competition
U09298,Yes,2024-11-11,Inactive
U09299,Yes,2024-09-08,Competition
U09300,Yes,2024-11-08,Competition
U09301,No,,
U09302,Yes,2024-11-25,Features
U09303,Yes,2024-11-27,Features
U09304,Yes,2024-08-29,Inactive
U09305,Yes,2024-09-25,Price
U09306,Yes,2024-06-22,Inactive
U09307,Yes,2024-07-19,Price
U09308,Yes,2025-05-20,Competition
U09309,Yes,2024-09-06,Inactive
U09310,Yes,2025-03-10,Price
U09311,Yes,2024-11-26,Price
U09312,Yes,2024-10-25,Price
U09313,Yes,2024-04-20,Features
U09314,Yes,2025-02-14,Inactive
U09315,Yes,2024-08-14,Inactive
U09316,Yes,2025-05-10,Price
U09317,Yes,2024-04-19,Features
U09318,Yes,2024-12-03,Features
U09319,Yes,2024-10-11,Inactive
U09320,Yes,2024-06-06,Features
U09321,Yes,2024-09-29,Inactive
U09322,No,,
U09323,Yes,2024-12-10,Competition
U09324,Yes,2024-12-27,Inactive
U09325,Yes,2025-03-18,Price
U09326,Yes,2025-06-16,Price
U09327,Yes,2025-02-15,Price
U09328,No,,
U09329,Yes,2025-06-02,Price
U09330,No,,
U09331,Yes,2025-10-18,Competition
U09332,Yes,2025-11-01,Competition
U09333,No,,
U09334,Yes,2025-05-21,Price
U09335,Yes,2024-10-10,Price
U09336,No,,
U09337,Yes,2024-05-11,Features
U09338,No,,
U09339,Yes,2024-03-05,Features
U09340,Yes,2024-08-02,Inactive
U09341,Yes,2024-09-10,Price
U09342,Yes,2024-07-10,Inactive
U09343,Yes,2025-02-15,Competition
U09344,Yes,2024-05-15,Inactive
U09345,Yes,2025-01-18,Competition
U09346,Yes,2024-10-23,Competition
U09347,Yes,2025-03-25,Inactive
U09348,Yes,2025-02-17,Competition
U09349,Yes,2024-07-02,Inactive
U09350,Yes,2025-02-17,Competition
U09351,Yes,2025-01-25,Price
U09352,Yes,2024-10-17,Competition
U09353,Yes,2024-10-20,Features
U09354,Yes,2024-10-31,Inactive
U09355,Yes,2024-12-29,Price
U09356,Yes,2025-07-09,Features
U09357,Yes,2024-08-23,Inactive
U09358,Yes,2024-10-19,Features
U09359,Yes,2024-08-29,Inactive
U09360,No,,
U09361,Yes,2024-09-14,Inactive
U09362,No,,
U09363,Yes,2024-06-04,Price
U09364,Yes,2025-05-18,Competition
U09365,Yes,2025-01-25,Inactive
U09366,Yes,2024-09-20,Inactive
U09367,Yes,2024-10-22,Price
U09368,Yes,2024-02-23,Inactive
U09369,Yes,2024-10-17,Features
U09370,No,,
U09371,Yes,2024-07-12,Price
U09372,Yes,2025-01-14,Price
U09373,Yes,2024-12-20,Price
U09374,Yes,2024-04-15,Price
U09375,Yes,2025-04-10,Competition
U09376,Yes,2024-09-05,Inactive
U09377,Yes,2024-08-17,Inactive
U09378,No,,
U09379,Yes,2025-01-18,Features
U09380,Yes,2024-06-12,Inactive
U09381,Yes,2024-11-08,Inactive
U09382,Yes,2024-12-21,Inactive
U09383,Yes,2024-09-03,Competition
U09384,Yes,2024-07-25,Price
U09385,Yes,2025-09-12,Price
U09386,Yes,2025-05-10,Features
U09387,Yes,2024-08-04,Features
U09388,Yes,2024-05-27,Inactive
U09389,Yes,2024-07-03,Competition
U09390,Yes,2024-06-04,Price
U09391,Yes,2025-01-30,Competition
U09392,Yes,2025-03-08,Competition
U09393,Yes,2025-03-02,Price
U09394,Yes,2025-03-02,Price
U09395,Yes,2024-10-16,Features
U09396,Yes,2024-08-20,Price
U09397,Yes,2024-12-03,Features
U09398,Yes,2024-11-28,Features
U09399,Yes,2025-03-04,Price
U09400,Yes,2025-04-04,Price
U09401,No,,
U09402,Yes,2025-07-15,Inactive
U09403,Yes,2025-02-22,Price
U09404,Yes,2024-11-15,Inactive
U09405,Yes,2025-01-25,Inactive
U09406,Yes,2024-05-04,Competition
U09407,No,,
U09408,Yes,2024-07-09,Features
U09409,Yes,2024-05-22,Inactive
U09410,Yes,2025-03-02,Competition
U09411,Yes,2025-10-18,Inactive
U09412,Yes,2024-07-21,Features
U09413,No,,
U09414,No,,
U09415,Yes,2024-07-25,Features
U09416,Yes,2024-12-16,Competition
U09417,No,,
U09418,Yes,2024-11-11,Inactive
U09419,Yes,2024-12-31,Features
U09420,Yes,2024-10-30,Price
U09421,Yes,2025-02-13,Price
U09422,Yes,2024-09-23,Inactive
U09423,No,,
U09424,Yes,2025-03-14,Competition
U09425,Yes,2024-08-15,Competition
U09426,Yes,2024-09-22,Features
U09427,Yes,2024-07-22,Inactive
U09428,Yes,2025-01-30,Inactive
U09429,Yes,2024-06-09,Price
U09430,Yes,2024-12-05,Inactive
U09431,Yes,2025-07-18,Features
U09432,Yes,2024-09-29,Price
U09433,Yes,2025-01-04,Inactive
U09434,Yes,2025-05-18,Price
U09435,Yes,2024-10-18,Features
U09436,Yes,2024-06-05,Inactive
U09437,Yes,2025-01-12,Price
U09438,Yes,2025-03-28,Competition
U09439,Yes,2024-12-21,Inactive
U09440,Yes,2024-12-02,Features
U09441,Yes,2024-10-30,Inactive
U09442,Yes,2024-12-23,Price
U09443,Yes,2024-07-30,Price
U09444,Yes,2025-05-12,Inactive
U09445,Yes,2024-08-01,Inactive
U09446,Yes,2025-01-06,Competition
U09447,Yes,2025-03-04,Inactive
U09448,Yes,2024-10-13,Inactive
U09449,Yes,2024-07-12,Inactive
U09450,Yes,2025-04-22,Features
U09451,No,,
U09452,Yes,2024-07-16,Inactive
U09453,Yes,2025-01-15,Price
U09454,Yes,2024-04-16,Inactive
U09455,Yes,2025-03-02,Price
U09456,Yes,2024-12-17,Features
U09457,Yes,2025-01-29,Price
U09458,Yes,2025-01-07,Price
U09459,No,,
U09460,Yes,2024-09-30,Inactive
U09461,Yes,2025-02-16,Inactive
U09462,Yes,2025-01-18,Features
U09463,Yes,2025-01-09,Features
U09464,No,,
U09465,Yes,2024-11-19,Price
U09466,Yes,2024-12-17,Features
U09467,Yes,2024-08-02,Competition
U09468,No,,
U09469,Yes,2024-12-07,Competition
U09470,Yes,2024-08-12,Price
U09471,Yes,2024-12-25,Competition
U09472,Yes,2024-06-13,Inactive
U09473,Yes,2024-06-25,Competition
U09474,Yes,2024-05-12,Inactive
U09475,Yes,2024-12-03,Competition
U09476,Yes,2025-03-15,Inactive
U09477,Yes,2025-01-14,Features
U09478,Yes,2025-05-14,Inactive
U09479,Yes,2024-05-28,Price
U09480,No,,
U09481,Yes,2024-12-05,Features
U09482,Yes,2024-02-26,Features
U09483,Yes,2024-08-10,Inactive
U09484,Yes,2025-04-25,Price
U09485,Yes,2024-12-10,Inactive
U09486,No,,
U09487,Yes,2024-06-09,Features
U09488,No,,
U09489,Yes,2024-03-31,Competition
U09490,Yes,2025-05-25,Competition
U09491,Yes,2024-07-20,Inactive
U09492,Yes,2024-11-14,Competition
U09493,Yes,2025-01-20,Inactive
U09494,Yes,2024-12-09,Inactive
U09495,Yes,2024-10-12,Features
U09496,Yes,2025-04-11,Competition
U09497,Yes,2024-12-10,Price
U09498,Yes,2025-04-26,Features
U09499,No,,
U09500,Yes,2024-10-21,Inactive
U09501,Yes,2025-01-22,Competition
U09502,Yes,2025-05-01,Features
U09503,No,,
U09504,Yes,2025-09-01,Inactive
U09505,Yes,2025-03-08,Inactive
U09506,Yes,2025-02-02,Inactive
U09507,No,,
U09508,Yes,2024-03-12,Price
U09509,Yes,2025-08-01,Price
U09510,Yes,2025-10-26,Price
U09511,Yes,2024-11-23,Competition
U09512,Yes,2025-02-23,Competition
U09513,Yes,2024-11-19,Features
U09514,Yes,2025-01-17,Price
U09515,Yes,2025-05-27,Inactive
U09516,Yes,2024-12-05,Competition
U09517,Yes,2025-06-09,Competition
U09518,No,,
U09519,Yes,2024-06-21,Price
U09520,Yes,2024-07-10,Price
U09521,Yes,2024-04-12,Inactive
U09522,No,,
U09523,Yes,2024-11-27,Features
U09524,Yes,2024-04-01,Competition
U09525,Yes,2024-04-09,Inactive
U09526,Yes,2024-02-08,Price
U09527,Yes,2024-12-17,Features
U09528,Yes,2025-02-28,Competition
U09529,Yes,2025-10-02,Features
U09530,Yes,2024-10-19,Features
U09531,Yes,2024-07-17,Inactive
U09532,Yes,2024-05-19,Features
U09533,Yes,2024-07-29,Inactive
U09534,Yes,2024-11-13,Features
U09535,Yes,2024-06-17,Inactive
U09536,Yes,2024-11-17,Features
U09537,Yes,2024-08-01,Inactive
U09538,Yes,2024-08-27,Competition
U09539,Yes,2024-08-05,Features
U09540,Yes,2024-07-09,Inactive
U09541,Yes,2024-05-28,Features
U09542,Yes,2024-09-18,Competition
U09543,Yes,2024-04-22,Price
U09544,Yes,2025-04-08,Competition
U09545,Yes,2024-10-31,Inactive
U09546,Yes,2024-08-31,Price
U09547,No,,
U09548,Yes,2024-08-06,Competition
U09549,Yes,2025-02-03,Inactive
U09550,Yes,2025-05-06,Price
U09551,Yes,2024-02-04,Inactive
U09552,Yes,2024-12-08,Features
U09553,Yes,2024-08-11,Features
U09554,Yes,2025-01-25,Competition
U09555,No,,
U09556,Yes,2025-07-28,Competition
U09557,Yes,2024-08-11,Competition
U09558,Yes,2025-05-26,Inactive
U09559,Yes,2025-06-20,Competition
U09560,Yes,2024-04-18,Price
U09561,Yes,2024-05-25,Inactive
U09562,Yes,2025-01-27,Competition
U09563,Yes,2024-11-24,Price
U09564,Yes,2024-04-07,Inactive
U09565,Yes,2024-04-30,Inactive
U09566,Yes,2025-01-29,Inactive
U09567,Yes,2025-05-05,Competition
U09568,Yes,2024-08-13,Features
U09569,Yes,2024-05-24,Features
U09570,Yes,2024-03-12,Competition
U09571,Yes,2024-02-09,Price
U09572,Yes,2024-09-14,Features
U09573,Yes,2025-05-20,Inactive
U09574,Yes,2024-09-04,Competition
U09575,Yes,2025-02-28,Price
U09576,No,,
U09577,Yes,2024-07-31,Competition
U09578,Yes,2025-07-20,Price
U09579,Yes,2024-07-21,Inactive
U09580,Yes,2025-02-08,Features
U09581,Yes,2024-12-04,Competition
U09582,No,,
U09583,Yes,2024-12-30,Features
U09584,Yes,2025-07-31,Features
U09585,Yes,2025-01-24,Inactive
U09586,Yes,2024-04-05,Inactive
U09587,Yes,2024-10-21,Inactive
U09588,Yes,2025-03-14,Competition
U09589,Yes,2025-06-12,Price
U09590,Yes,2024-06-09,Inactive
U09591,Yes,2025-01-26,Inactive
U09592,Yes,2025-05-23,Competition
U09593,Yes,2025-09-23,Price
U09594,Yes,2024-04-21,Price
U09595,Yes,2025-03-05,Features
U09596,Yes,2025-07-26,Competition
U09597,Yes,2024-09-27,Competition
U09598,Yes,2024-09-23,Competition
U09599,No,,
U09600,Yes,2024-09-30,Inactive
U09601,Yes,2024-06-21,Competition
U09602,Yes,2024-04-03,Features
U09603,No,,
U09604,Yes,2024-08-24,Competition
U09605,Yes,2024-03-20,Price
U09606,Yes,2024-06-27,Inactive
U09607,Yes,2025-05-03,Inactive
U09608,Yes,2025-03-30,Price
U09609,Yes,2024-08-14,Price
U09610,Yes,2024-04-01,Price
U09611,Yes,2024-06-01,Price
U09612,Yes,2025-05-30,Price
U09613,Yes,2025-02-01,Features
U09614,No,,
U09615,No,,
U09616,Yes,2024-08-18,Inactive
U09617,Yes,2024-06-22,Price
U09618,Yes,2024-07-31,Features
U09619,Yes,2025-01-23,Price
U09620,Yes,2025-08-31,Price
U09621,Yes,2024-09-12,Inactive
U09622,Yes,2024-05-07,Competition
U09623,Yes,2024-03-01,Price
U09624,Yes,2025-02-14,Features
U09625,Yes,2024-09-25,Price
U09626,Yes,2024-02-04,Competition
U09627,Yes,2024-12-10,Price
U09628,Yes,2024-04-03,Price
U09629,Yes,2025-02-16,Inactive
U09630,Yes,2024-09-02,Inactive
U09631,Yes,2024-04-20,Features
U09632,Yes,2025-04-30,Inactive
U09633,Yes,2025-04-16,Inactive
U09634,No,,
U09635,Yes,2025-04-26,Competition
U09636,No,,
U09637,No,,
U09638,Yes,2024-08-10,Inactive
U09639,Yes,2025-01-30,Features
U09640,Yes,2025-03-26,Price
U09641,Yes,2024-12-22,Inactive
U09642,Yes,2024-10-19,Price
U09643,Yes,2024-09-14,Inactive
U09644,Yes,2024-02-03,Competition
U09645,No,,
U09646,Yes,2025-02-16,Features
U09647,Yes,2024-02-07,Price
U09648,Yes,2024-11-05,Inactive
U09649,Yes,2025-07-01,Competition
U09650,Yes,2024-09-17,Features
U09651,Yes,2024-08-26,Features
U09652,Yes,2025-04-16,Price
U09653,Yes,2024-04-20,Competition
U09654,Yes,2025-01-02,Features
U09655,Yes,2025-05-15,Competition
U09656,Yes,2024-05-11,Competition
U09657,Yes,2024-04-10,Inactive
U09658,Yes,2024-11-01,Features
U09659,Yes,2024-07-29,Inactive
U09660,Yes,2025-05-31,Inactive
U09661,No,,
U09662,Yes,2025-01-15,Competition
U09663,Yes,2024-08-09,Features
U09664,Yes,2024-06-08,Competition
U09665,No,,
U09666,Yes,2024-04-18,Competition
U09667,Yes,2024-11-19,Inactive
U09668,No,,
U09669,Yes,2025-01-07,Price
U09670,Yes,2024-10-23,Features
U09671,Yes,2025-03-21,Price
U09672,Yes,2025-08-13,Competition
U09673,Yes,2024-09-27,Competition
U09674,Yes,2024-10-13,Price
U09675,Yes,2024-07-06,Competition
U09676,Yes,2024-04-12,Features
U09677,Yes,2024-05-15,Inactive
U09678,Yes,2024-07-13,Inactive
U09679,Yes,2024-04-30,Inactive
U09680,Yes,2024-08-11,Competition
U09681,Yes,2024-12-07,Price
U09682,Yes,2024-02-08,Competition
U09683,Yes,2025-02-26,Features
U09684,Yes,2024-11-17,Inactive
U09685,Yes,2025-04-04,Competition
U09686,Yes,2024-07-13,Competition
U09687,Yes,2025-06-29,Price
U09688,Yes,2025-02-24,Price
U09689,Yes,2024-11-28,Inactive
U09690,Yes,2025-02-03,Inactive
U09691,Yes,2024-08-06,Features
U09692,Yes,2024-09-09,Inactive
U09693,Yes,2025-03-07,Features
U09694,No,,
U09695,Yes,2024-08-29,Competition
U09696,Yes,2024-08-03,Competition
U09697,Yes,2024-04-21,Features
U09698,Yes,2024-04-07,Features
U09699,Yes,2024-10-01,Competition
U09700,Yes,2025-01-24,Price
U09701,Yes,2025-01-22,Price
U09702,Yes,2025-02-08,Inactive
U09703,Yes,2024-11-29,Inactive
U09704,Yes,2024-10-14,Features
U09705,Yes,2024-04-20,Features
U09706,No,,
U09707,Yes,2024-06-04,Inactive
U09708,Yes,2025-08-11,Competition
U09709,No,,
U09710,Yes,2024-08-21,Features
U09711,Yes,2025-03-08,Price
U09712,Yes,2025-01-31,Features
U09713,Yes,2024-04-14,Competition
U09714,Yes,2024-10-14,Price
U09715,Yes,2024-10-16,Competition
U09716,Yes,2024-12-07,Inactive
U09717,No,,
U09718,Yes,2024-05-18,Inactive
U09719,Yes,2024-07-12,Competition
U09720,Yes,2025-03-20,Competition
U09721,Yes,2024-03-06,Price
U09722,Yes,2024-10-12,Features
U09723,Yes,2025-02-21,Competition
U09724,Yes,2024-07-01,Price
U09725,Yes,2025-02-13,Competition
U09726,Yes,2024-12-26,Features
U09727,Yes,2024-08-23,Features
U09728,Yes,2024-05-07,Competition
U09729,Yes,2024-06-27,Price
U09730,Yes,2025-05-27,Inactive
U09731,Yes,2025-02-01,Features
U09732,Yes,2024-10-21,Inactive
U09733,Yes,2024-07-23,Price
U09734,Yes,2024-11-23,Price
U09735,Yes,2024-04-01,Price
U09736,Yes,2024-08-31,Inactive
U09737,Yes,2024-10-23,Price
U09738,Yes,2025-01-06,Price
U09739,Yes,2024-11-07,Features
U09740,Yes,2024-11-22,Inactive
U09741,Yes,2024-12-12,Competition
U09742,Yes,2025-05-07,Price
U09743,Yes,2024-09-08,Inactive
U09744,Yes,2025-04-09,Price
U09745,Yes,2024-06-18,Price
U09746,Yes,2024-04-02,Competition
U09747,Yes,2025-02-21,Features
U09748,Yes,2024-11-27,Inactive
U09749,Yes,2024-08-10,Features
U09750,Yes,2025-03-15,Competition
U09751,Yes,2024-06-11,Inactive
U09752,No,,
U09753,Yes,2025-01-28,Price
U09754,Yes,2024-10-09,Competition
U09755,Yes,2024-11-02,Price
U09756,Yes,2025-04-08,Price
U09757,No,,
U09758,Yes,2025-01-16,Competition
U09759,No,,
U09760,Yes,2025-07-24,Price
U09761,Yes,2025-04-09,Price
U09762,Yes,2024-08-15,Competition
U09763,Yes,2024-07-10,Features
U09764,Yes,2024-05-18,Inactive
U09765,Yes,2024-07-29,Inactive
U09766,Yes,2024-11-28,Features
U09767,Yes,2024-04-16,Price
U09768,Yes,2025-06-18,Inactive
U09769,No,,
U09770,Yes,2024-11-23,Price
U09771,Yes,2025-01-12,Inactive
U09772,Yes,2024-09-11,Competition
U09773,Yes,2024-12-14,Competition
U09774,Yes,2025-04-01,Features
U09775,Yes,2024-07-31,Price
U09776,No,,
U09777,Yes,2024-11-27,Inactive
U09778,No,,
U09779,Yes,2024-11-10,Price
U09780,Yes,2025-04-26,Features
U09781,Yes,2024-06-11,Inactive
U09782,Yes,2024-07-08,Features
U09783,No,,
U09784,Yes,2024-10-10,Price
U09785,Yes,2024-11-04,Features
U09786,Yes,2025-03-03,Competition
U09787,Yes,2024-04-11,Price
U09788,Yes,2024-10-31,Inactive
U09789,Yes,2025-07-12,Competition
U09790,Yes,2025-02-17,Competition
U09791,Yes,2025-06-18,Competition
U09792,Yes,2025-01-20,Inactive
U09793,Yes,2024-05-26,Price
U09794,Yes,2024-12-24,Competition
U09795,Yes,2024-03-28,Features
U09796,Yes,2024-07-22,Price
U09797,Yes,2024-05-16,Features
U09798,Yes,2025-04-15,Price
U09799,Yes,2024-09-07,Features
U09800,Yes,2024-08-11,Price
U09801,Yes,2025-04-19,Price
U09802,Yes,2024-11-29,Inactive
U09803,Yes,2024-10-27,Inactive
U09804,Yes,2024-04-20,Inactive
U09805,Yes,2024-08-27,Price
U09806,Yes,2024-05-26,Inactive
U09807,No,,
U09808,Yes,2024-06-29,Competition
U09809,Yes,2025-03-23,Features
U09810,Yes,2025-04-01,Inactive
U09811,Yes,2024-03-07,Price
U09812,Yes,2024-12-03,Competition
U09813,Yes,2025-01-19,Competition
U09814,No,,
U09815,Yes,2024-09-23,Competition
U09816,No,,
U09817,Yes,2024-06-06,Competition
U09818,Yes,2024-10-17,Features
U09819,Yes,2024-07-21,Price
U09820,Yes,2024-05-03,Features
U09821,Yes,2024-02-13,Price
U09822,Yes,2024-11-26,Price
U09823,Yes,2025-03-31,Price
U09824,Yes,2024-10-27,Price
U09825,Yes,2024-04-05,Inactive
U09826,Yes,2025-01-04,Price
U09827,Yes,2025-01-26,Price
U09828,Yes,2024-06-17,Price
U09829,Yes,2024-05-16,Price
U09830,No,,
U09831,No,,
U09832,Yes,2025-05-24,Competition
U09833,Yes,2024-03-07,Features
U09834,Yes,2025-09-04,Competition
U09835,No,,
U09836,Yes,2025-05-15,Features
U09837,Yes,2024-03-16,Price
U09838,Yes,2024-03-07,Features
U09839,Yes,2024-05-13,Price
U09840,Yes,2025-01-28,Competition
U09841,Yes,2024-12-09,Inactive
U09842,Yes,2024-03-05,Features
U09843,Yes,2024-02-25,Price
U09844,Yes,2024-08-29,Price
U09845,No,,
U09846,Yes,2024-03-27,Inactive
U09847,Yes,2024-12-01,Competition
U09848,Yes,2024-11-04,Price
U09849,Yes,2024-11-14,Features
U09850,Yes,2024-05-06,Inactive
U09851,Yes,2024-10-31,Inactive
U09852,No,,
U09853,Yes,2024-07-06,Inactive
U09854,Yes,2024-06-29,Price
U09855,Yes,2024-03-03,Inactive
U09856,No,,
U09857,Yes,2024-12-02,Competition
U09858,No,,
U09859,Yes,2024-12-22,Competition
U09860,Yes,2024-06-29,Competition
U09861,Yes,2025-04-07,Competition
U09862,Yes,2025-01-25,Competition
U09863,Yes,2024-09-11,Competition
U09864,Yes,2024-11-11,Inactive
U09865,No,,
U09866,Yes,2024-03-28,Price
U09867,Yes,2025-03-09,Inactive
U09868,Yes,2024-08-02,Features
U09869,Yes,2024-07-18,Price
U09870,No,,
U09871,Yes,2024-05-15,Price
U09872,Yes,2025-01-17,Features
U09873,Yes,2024-07-17,Features
U09874,Yes,2025-02-25,Features
U09875,Yes,2024-09-08,Competition
U09876,Yes,2025-01-11,Inactive
U09877,Yes,2024-03-22,Features
U09878,No,,
U09879,Yes,2024-06-11,Competition
U09880,No,,
U09881,Yes,2024-09-05,Price
U09882,Yes,2024-12-18,Inactive
U09883,No,,
U09884,Yes,2024-03-19,Features
U09885,Yes,2024-09-28,Inactive
U09886,Yes,2025-06-23,Inactive
U09887,Yes,2025-07-28,Inactive
U09888,No,,
U09889,No,,
U09890,Yes,2025-02-25,Price
U09891,Yes,2024-12-05,Inactive
U09892,Yes,2024-03-23,Price
U09893,Yes,2024-07-16,Features
U09894,No,,
U09895,Yes,2025-02-16,Price
U09896,Yes,2024-12-27,Competition
U09897,Yes,2024-11-28,Inactive
U09898,Yes,2025-02-24,Inactive
U09899,Yes,2024-08-18,Inactive
U09900,Yes,2024-10-02,Competition
U09901,Yes,2024-12-01,Price
U09902,Yes,2024-06-14,Competition
U09903,Yes,2024-11-27,Competition
U09904,Yes,2024-04-06,Competition
U09905,Yes,2025-03-07,Price
U09906,Yes,2025-02-11,Inactive
U09907,Yes,2024-04-28,Inactive
U09908,Yes,2025-04-25,Inactive
U09909,Yes,2024-12-30,Competition
U09910,Yes,2024-11-07,Competition
U09911,Yes,2024-05-10,Inactive
U09912,Yes,2025-07-10,Price
U09913,Yes,2024-08-30,Price
U09914,Yes,2025-06-18,Competition
U09915,Yes,2024-12-25,Features
U09916,Yes,2024-12-28,Competition
U09917,Yes,2025-01-20,Inactive
U09918,Yes,2025-01-16,Features
U09919,Yes,2024-05-10,Price
U09920,Yes,2024-12-30,Inactive
U09921,Yes,2024-11-11,Inactive
U09922,Yes,2024-06-07,Features
U09923,Yes,2024-09-20,Inactive
U09924,Yes,2024-03-19,Price
U09925,Yes,2024-07-05,Inactive
U09926,Yes,2024-06-22,Price
U09927,Yes,2024-07-05,Inactive
U09928,Yes,2024-11-27,Price
U09929,Yes,2025-03-09,Features
U09930,Yes,2024-10-24,Price
U09931,Yes,2024-03-18,Price
U09932,Yes,2024-07-12,Inactive
U09933,Yes,2025-02-06,Features
U09934,Yes,2025-02-26,Features
U09935,Yes,2025-03-17,Price
U09936,No,,
U09937,No,,
U09938,Yes,2025-01-04,Price
U09939,Yes,2024-10-12,Features
U09940,Yes,2024-11-27,Price
U09941,No,,
U09942,Yes,2025-01-29,Inactive
U09943,Yes,2024-05-11,Inactive
U09944,Yes,2024-07-02,Price
U09945,Yes,2024-12-10,Price
U09946,Yes,2024-10-25,Features
U09947,Yes,2025-09-14,Price
U09948,Yes,2025-03-30,Features
U09949,No,,
U09950,Yes,2024-11-16,Features
U09951,Yes,2025-07-26,Features
U09952,Yes,2024-12-13,Price
U09953,No,,
U09954,Yes,2024-11-25,Price
U09955,Yes,2025-04-18,Features
U09956,Yes,2024-10-22,Competition
U09957,Yes,2024-02-24,Features
U09958,Yes,2024-07-05,Inactive
U09959,Yes,2025-01-20,Price
U09960,Yes,2024-07-12,Price
U09961,Yes,2024-10-26,Inactive
U09962,Yes,2025-04-17,Inactive
U09963,Yes,2025-03-19,Price
U09964,Yes,2025-01-22,Price
U09965,No,,
U09966,Yes,2024-12-24,Features
U09967,Yes,2024-07-05,Price
U09968,Yes,2024-06-21,Inactive
U09969,Yes,2024-09-26,Competition
U09970,Yes,2024-12-05,Features
U09971,Yes,2025-02-28,Competition
U09972,Yes,2025-06-20,Competition
U09973,Yes,2025-05-27,Features
U09974,Yes,2024-11-17,Features
U09975,Yes,2025-02-25,Features
U09976,Yes,2025-04-30,Features
U09977,Yes,2024-08-03,Features
U09978,Yes,2024-11-03,Competition
U09979,Yes,2024-03-26,Features
U09980,Yes,2025-03-07,Inactive
U09981,Yes,2024-12-13,Competition
U09982,Yes,2025-04-11,Features
U09983,No,,
U09984,Yes,2024-09-24,Competition
U09985,No,,
U09986,Yes,2024-08-06,Competition
U09987,Yes,2024-08-30,Inactive
U09988,Yes,2025-03-21,Inactive
U09989,Yes,2025-01-30,Price
U09990,Yes,2024-10-08,Competition
U09991,Yes,2024-09-29,Competition
U09992,Yes,2024-09-30,Price
U09993,Yes,2024-06-19,Features
U09994,Yes,2024-06-28,Inactive
U09995,Yes,2024-08-03,Price
U09996,Yes,2024-08-30,Price
U09997,Yes,2024-10-09,Features
U09998,Yes,2025-02-27,Price
U09999,Yes,2025-01-04,Price
U10000,Yes,2025-06-11,Price
