subscription_id,user_id,start_date,renewal_date,end_date,monthly_fee,status
S00001,U00001,2024-11-23,2024-12-23,2025-07-21,0,Cancelled
S00002,U00002,2024-10-29,2024-11-28,2025-04-27,0,Cancelled
S00003,U00003,2024-11-28,2024-12-28,2025-06-26,50,Cancelled
S00004,U00004,2024-03-22,2024-04-21,2024-06-20,0,Cancelled
S00005,U00005,2024-02-17,2024-03-18,2024-07-16,20,Cancelled
S00006,U00006,2024-10-01,2024-10-31,2024-10-31,50,Cancelled
S00007,U00007,2024-12-26,2025-01-25,2025-01-25,0,Cancelled
S00008,U00008,2024-05-22,2024-06-21,,20,Active
S00009,U00009,2024-12-25,2025-01-24,2025-04-24,50,Cancelled
S00010,U00010,2024-08-24,2024-09-23,2024-10-23,20,Cancelled
S00011,U00011,2024-01-17,2024-02-16,2024-05-16,50,Cancelled
S00012,U00012,2024-12-01,2024-12-31,2025-01-30,0,Cancelled
S00013,U00013,2024-10-26,2024-11-25,2024-11-25,0,Cancelled
S00014,U00014,2024-01-25,2024-02-24,2024-02-24,50,Cancelled
S00015,U00015,2024-07-14,2024-08-13,2024-08-13,0,Cancelled
S00016,U00016,2024-11-24,2024-12-24,2025-05-23,20,Cancelled
S00017,U00017,2024-09-13,2024-10-13,2025-07-10,50,Cancelled
S00018,U00018,2024-07-10,2024-08-09,2024-09-08,20,Cancelled
S00019,U00019,2024-02-27,2024-03-28,,50,Active
S00020,U00020,2024-09-05,2024-10-05,2024-11-04,20,Cancelled
S00021,U00021,2024-09-27,2024-10-27,2024-11-26,20,Cancelled
S00022,U00022,2024-08-12,2024-09-11,2025-04-09,0,Cancelled
S00023,U00023,2024-10-28,2024-11-27,2024-11-27,0,Cancelled
S00024,U00024,2024-02-04,2024-03-05,2024-03-05,20,Cancelled
S00025,U00025,2024-10-03,2024-11-02,2024-11-02,0,Cancelled
S00026,U00026,2024-04-07,2024-05-07,2024-06-06,20,Cancelled
S00027,U00027,2024-12-10,2025-01-09,2025-03-10,50,Cancelled
S00028,U00028,2024-05-07,2024-06-06,2025-03-03,20,Cancelled
S00029,U00029,2024-08-24,2024-09-23,2024-10-23,0,Cancelled
S00030,U00030,2024-05-01,2024-05-31,2024-07-30,20,Cancelled
S00031,U00031,2024-07-13,2024-08-12,2025-01-09,20,Cancelled
S00032,U00032,2024-04-07,2024-05-07,2024-12-03,20,Cancelled
S00033,U00033,2024-10-26,2024-11-25,2025-03-25,50,Cancelled
S00034,U00034,2024-02-05,2024-03-06,2024-03-06,50,Cancelled
S00035,U00035,2024-11-13,2024-12-13,2024-12-13,20,Cancelled
S00036,U00036,2024-12-08,2025-01-07,2025-01-07,0,Cancelled
S00037,U00037,2024-06-10,2024-07-10,2024-12-07,0,Cancelled
S00038,U00038,2024-09-16,2024-10-16,2025-02-13,20,Cancelled
S00039,U00039,2024-08-12,2024-09-11,2025-06-08,50,Cancelled
S00040,U00040,2024-03-09,2024-04-08,2024-06-07,20,Cancelled
S00041,U00041,2024-04-14,2024-05-14,2024-08-12,0,Cancelled
S00042,U00042,2024-05-21,2024-06-20,2024-07-20,20,Cancelled
S00043,U00043,2024-10-09,2024-11-08,2024-12-08,0,Cancelled
S00044,U00044,2024-07-08,2024-08-07,2024-11-05,0,Cancelled
S00045,U00045,2024-01-21,2024-02-20,2024-03-21,50,Cancelled
S00046,U00046,2024-05-01,2024-05-31,2024-06-30,50,Cancelled
S00047,U00047,2024-12-08,2025-01-07,2025-04-07,0,Cancelled
S00048,U00048,2024-08-28,2024-09-27,2024-10-27,0,Cancelled
S00049,U00049,2024-12-03,2025-01-02,2025-01-02,20,Cancelled
S00050,U00050,2024-12-13,2025-01-12,2025-01-12,0,Cancelled
S00051,U00051,2024-02-25,2024-03-26,2024-03-26,50,Cancelled
S00052,U00052,2024-10-22,2024-11-21,2025-06-19,0,Cancelled
S00053,U00053,2024-08-08,2024-09-07,2024-09-07,50,Cancelled
S00054,U00054,2024-09-16,2024-10-16,2024-11-15,50,Cancelled
S00055,U00055,2024-04-08,2024-05-08,2024-12-04,50,Cancelled
S00056,U00056,2024-10-07,2024-11-06,2025-04-05,50,Cancelled
S00057,U00057,2024-08-14,2024-09-13,,0,Active
S00058,U00058,2024-09-20,2024-10-20,2025-06-17,0,Cancelled
S00059,U00059,2024-04-11,2024-05-11,2024-12-07,50,Cancelled
S00060,U00060,2024-07-31,2024-08-30,2024-10-29,20,Cancelled
S00061,U00061,2024-12-01,2024-12-31,2024-12-31,0,Cancelled
S00062,U00062,2024-10-12,2024-11-11,2025-04-10,50,Cancelled
S00063,U00063,2024-11-09,2024-12-09,2025-01-08,50,Cancelled
S00064,U00064,2024-05-12,2024-06-11,,50,Active
S00065,U00065,2024-08-13,2024-09-12,2024-11-11,20,Cancelled
S00066,U00066,2024-03-11,2024-04-10,2024-05-10,50,Cancelled
S00067,U00067,2024-07-31,2024-08-30,2024-10-29,0,Cancelled
S00068,U00068,2024-07-18,2024-08-17,2025-06-13,0,Cancelled
S00069,U00069,2024-07-18,2024-08-17,2024-12-15,0,Cancelled
S00070,U00070,2024-09-05,2024-10-05,2024-10-05,20,Cancelled
S00071,U00071,2024-03-06,2024-04-05,,50,Active
S00072,U00072,2024-11-25,2024-12-25,2025-04-24,20,Cancelled
S00073,U00073,2024-04-18,2024-05-18,2025-02-12,20,Cancelled
S00074,U00074,2024-08-28,2024-09-27,2024-10-27,0,Cancelled
S00075,U00075,2024-01-16,2024-02-15,2024-03-16,0,Cancelled
S00076,U00076,2024-12-08,2025-01-07,2025-04-07,20,Cancelled
S00077,U00077,2024-11-06,2024-12-06,2025-04-05,0,Cancelled
S00078,U00078,2024-10-21,2024-11-20,2025-03-20,50,Cancelled
S00079,U00079,2024-12-22,2025-01-21,2025-03-22,0,Cancelled
S00080,U00080,2024-12-04,2025-01-03,2025-02-02,20,Cancelled
S00081,U00081,2024-08-09,2024-09-08,,0,Active
S00082,U00082,2024-08-26,2024-09-25,2025-04-23,0,Cancelled
S00083,U00083,2024-08-18,2024-09-17,2024-10-17,20,Cancelled
S00084,U00084,2024-09-10,2024-10-10,2025-02-07,20,Cancelled
S00085,U00085,2024-11-01,2024-12-01,2024-12-31,0,Cancelled
S00086,U00086,2024-07-27,2024-08-26,2025-04-23,50,Cancelled
S00087,U00087,2024-01-09,2024-02-08,2024-03-09,0,Cancelled
S00088,U00088,2024-08-30,2024-09-29,2025-02-26,50,Cancelled
S00089,U00089,2024-12-25,2025-01-24,2025-05-24,0,Cancelled
S00090,U00090,2024-03-02,2024-04-01,2024-05-31,50,Cancelled
S00091,U00091,2024-10-28,2024-11-27,2025-05-26,20,Cancelled
S00092,U00092,2024-04-01,2024-05-01,2024-11-27,0,Cancelled
S00093,U00093,2024-12-23,2025-01-22,2025-01-22,50,Cancelled
S00094,U00094,2024-09-02,2024-10-02,2024-12-31,20,Cancelled
S00095,U00095,2024-07-24,2024-08-23,2024-08-23,0,Cancelled
S00096,U00096,2024-05-07,2024-06-06,,50,Active
S00097,U00097,2024-08-18,2024-09-17,2024-09-17,50,Cancelled
S00098,U00098,2024-04-16,2024-05-16,2024-06-15,0,Cancelled
S00099,U00099,2024-03-21,2024-04-20,2024-07-19,20,Cancelled
S00100,U00100,2024-04-28,2024-05-28,2024-06-27,50,Cancelled
S00101,U00101,2024-11-16,2024-12-16,2024-12-16,50,Cancelled
S00102,U00102,2024-05-16,2024-06-15,2024-07-15,50,Cancelled
S00103,U00103,2024-03-04,2024-04-03,2024-04-03,50,Cancelled
S00104,U00104,2024-02-11,2024-03-12,2024-09-08,20,Cancelled
S00105,U00105,2024-04-27,2024-05-27,2024-11-23,20,Cancelled
S00106,U00106,2024-08-28,2024-09-27,2024-12-26,50,Cancelled
S00107,U00107,2024-02-16,2024-03-17,2024-05-16,50,Cancelled
S00108,U00108,2024-06-17,2024-07-17,2024-10-15,20,Cancelled
S00109,U00109,2024-02-15,2024-03-16,2024-08-13,50,Cancelled
S00110,U00110,2024-07-30,2024-08-29,2024-10-28,20,Cancelled
S00111,U00111,2024-04-14,2024-05-14,2024-08-12,50,Cancelled
S00112,U00112,2024-01-15,2024-02-14,2024-04-14,50,Cancelled
S00113,U00113,2024-02-17,2024-03-18,2024-06-16,0,Cancelled
S00114,U00114,2024-09-17,2024-10-17,2025-02-14,0,Cancelled
S00115,U00115,2024-07-15,2024-08-14,2024-08-14,0,Cancelled
S00116,U00116,2024-06-23,2024-07-23,2024-07-23,20,Cancelled
S00117,U00117,2024-08-16,2024-09-15,2024-09-15,50,Cancelled
S00118,U00118,2024-06-13,2024-07-13,2025-02-08,0,Cancelled
S00119,U00119,2024-06-11,2024-07-11,2024-12-08,50,Cancelled
S00120,U00120,2024-01-19,2024-02-18,2024-03-19,20,Cancelled
S00121,U00121,2024-01-08,2024-02-07,2024-03-08,20,Cancelled
S00122,U00122,2024-11-15,2024-12-15,2025-02-13,50,Cancelled
S00123,U00123,2024-11-16,2024-12-16,2025-04-15,0,Cancelled
S00124,U00124,2024-04-26,2024-05-26,,50,Active
S00125,U00125,2024-03-26,2024-04-25,2024-09-22,0,Cancelled
S00126,U00126,2024-07-10,2024-08-09,2025-06-05,50,Cancelled
S00127,U00127,2024-03-30,2024-04-29,2024-07-28,0,Cancelled
S00128,U00128,2024-04-28,2024-05-28,2024-07-27,50,Cancelled
S00129,U00129,2024-05-27,2024-06-26,,20,Active
S00130,U00130,2024-12-19,2025-01-18,2025-06-17,20,Cancelled
S00131,U00131,2024-07-14,2024-08-13,2024-12-11,20,Cancelled
S00132,U00132,2024-05-20,2024-06-19,2024-11-16,20,Cancelled
S00133,U00133,2024-11-06,2024-12-06,2025-02-04,50,Cancelled
S00134,U00134,2024-11-17,2024-12-17,2025-04-16,50,Cancelled
S00135,U00135,2024-02-16,2024-03-17,2024-06-15,0,Cancelled
S00136,U00136,2024-03-25,2024-04-24,2025-02-18,20,Cancelled
S00137,U00137,2024-04-25,2024-05-25,,20,Active
S00138,U00138,2024-10-01,2024-10-31,2024-12-30,50,Cancelled
S00139,U00139,2024-11-22,2024-12-22,2025-09-18,50,Cancelled
S00140,U00140,2024-11-27,2024-12-27,2025-03-27,50,Cancelled
S00141,U00141,2024-03-12,2024-04-11,2024-08-09,0,Cancelled
S00142,U00142,2024-07-17,2024-08-16,2024-10-15,50,Cancelled
S00143,U00143,2024-12-01,2024-12-31,2024-12-31,0,Cancelled
S00144,U00144,2024-08-15,2024-09-14,2025-04-12,20,Cancelled
S00145,U00145,2024-07-22,2024-08-21,,50,Active
S00146,U00146,2024-01-26,2024-02-25,2024-09-22,50,Cancelled
S00147,U00147,2024-04-29,2024-05-29,2024-09-26,0,Cancelled
S00148,U00148,2024-03-30,2024-04-29,2025-02-23,20,Cancelled
S00149,U00149,2024-01-09,2024-02-08,2024-02-08,20,Cancelled
S00150,U00150,2024-08-31,2024-09-30,2025-01-28,50,Cancelled
S00151,U00151,2024-12-03,2025-01-02,2025-03-03,20,Cancelled
S00152,U00152,2024-12-17,2025-01-16,2025-06-15,20,Cancelled
S00153,U00153,2024-03-05,2024-04-04,2024-05-04,50,Cancelled
S00154,U00154,2024-09-15,2024-10-15,2024-10-15,50,Cancelled
S00155,U00155,2024-08-19,2024-09-18,2024-10-18,20,Cancelled
S00156,U00156,2024-08-06,2024-09-05,2024-10-05,50,Cancelled
S00157,U00157,2024-02-16,2024-03-17,2024-06-15,50,Cancelled
S00158,U00158,2024-10-11,2024-11-10,,50,Active
S00159,U00159,2024-06-30,2024-07-30,2024-08-29,20,Cancelled
S00160,U00160,2024-10-22,2024-11-21,2025-02-19,0,Cancelled
S00161,U00161,2024-02-28,2024-03-29,2024-08-26,50,Cancelled
S00162,U00162,2024-01-15,2024-02-14,2024-08-12,0,Cancelled
S00163,U00163,2024-10-16,2024-11-15,2025-03-15,50,Cancelled
S00164,U00164,2024-09-28,2024-10-28,2024-11-27,0,Cancelled
S00165,U00165,2024-06-15,2024-07-15,2024-09-13,0,Cancelled
S00166,U00166,2024-05-19,2024-06-18,,20,Active
S00167,U00167,2024-04-20,2024-05-20,2024-07-19,20,Cancelled
S00168,U00168,2024-01-24,2024-02-23,2024-04-23,0,Cancelled
S00169,U00169,2024-03-11,2024-04-10,2024-07-09,20,Cancelled
S00170,U00170,2024-03-07,2024-04-06,2024-06-05,20,Cancelled
S00171,U00171,2024-01-10,2024-02-09,2024-08-07,20,Cancelled
S00172,U00172,2024-02-28,2024-03-29,,20,Active
S00173,U00173,2024-08-11,2024-09-10,2025-01-08,50,Cancelled
S00174,U00174,2024-06-07,2024-07-07,2024-10-05,0,Cancelled
S00175,U00175,2024-06-27,2024-07-27,2024-08-26,0,Cancelled
S00176,U00176,2024-03-29,2024-04-28,,20,Active
S00177,U00177,2024-12-14,2025-01-13,2025-06-12,20,Cancelled
S00178,U00178,2024-02-04,2024-03-05,2024-07-03,0,Cancelled
S00179,U00179,2024-06-07,2024-07-07,2024-08-06,20,Cancelled
S00180,U00180,2024-11-10,2024-12-10,2025-09-06,50,Cancelled
S00181,U00181,2024-10-19,2024-11-18,2024-12-18,0,Cancelled
S00182,U00182,2024-02-22,2024-03-23,2024-09-19,0,Cancelled
S00183,U00183,2024-09-25,2024-10-25,2025-02-22,20,Cancelled
S00184,U00184,2024-06-22,2024-07-22,2025-02-17,20,Cancelled
S00185,U00185,2024-05-25,2024-06-24,2024-08-23,0,Cancelled
S00186,U00186,2024-06-07,2024-07-07,2025-02-02,50,Cancelled
S00187,U00187,2024-10-13,2024-11-12,2025-01-11,50,Cancelled
S00188,U00188,2024-09-17,2024-10-17,2025-06-14,0,Cancelled
S00189,U00189,2024-04-08,2024-05-08,2024-05-08,0,Cancelled
S00190,U00190,2024-11-12,2024-12-12,,0,Active
S00191,U00191,2024-01-23,2024-02-22,2024-05-22,20,Cancelled
S00192,U00192,2024-09-30,2024-10-30,2024-10-30,50,Cancelled
S00193,U00193,2024-05-24,2024-06-23,2024-08-22,0,Cancelled
S00194,U00194,2024-01-27,2024-02-26,,50,Active
S00195,U00195,2024-02-12,2024-03-13,,20,Active
S00196,U00196,2024-08-18,2024-09-17,2024-10-17,50,Cancelled
S00197,U00197,2024-07-16,2024-08-15,2025-04-12,0,Cancelled
S00198,U00198,2024-03-11,2024-04-10,2024-04-10,50,Cancelled
S00199,U00199,2024-11-11,2024-12-11,2024-12-11,0,Cancelled
S00200,U00200,2024-05-27,2024-06-26,,20,Active
S00201,U00201,2024-02-26,2024-03-27,2024-04-26,50,Cancelled
S00202,U00202,2024-05-29,2024-06-28,2024-09-26,50,Cancelled
S00203,U00203,2024-12-06,2025-01-05,,50,Active
S00204,U00204,2024-08-28,2024-09-27,2024-09-27,50,Cancelled
S00205,U00205,2024-02-04,2024-03-05,2024-04-04,0,Cancelled
S00206,U00206,2024-11-25,2024-12-25,2025-06-23,50,Cancelled
S00207,U00207,2024-02-02,2024-03-03,2024-06-01,0,Cancelled
S00208,U00208,2024-06-10,2024-07-10,2025-02-05,0,Cancelled
S00209,U00209,2024-07-01,2024-07-31,2024-07-31,20,Cancelled
S00210,U00210,2024-08-13,2024-09-12,2025-02-09,20,Cancelled
S00211,U00211,2024-02-12,2024-03-13,,0,Active
S00212,U00212,2024-02-22,2024-03-23,2024-05-22,50,Cancelled
S00213,U00213,2024-12-19,2025-01-18,2025-04-18,20,Cancelled
S00214,U00214,2024-11-23,2024-12-23,2025-03-23,50,Cancelled
S00215,U00215,2024-03-14,2024-04-13,2024-07-12,0,Cancelled
S00216,U00216,2024-07-04,2024-08-03,2024-09-02,20,Cancelled
S00217,U00217,2024-08-15,2024-09-14,2025-07-11,20,Cancelled
S00218,U00218,2024-05-07,2024-06-06,2024-09-04,20,Cancelled
S00219,U00219,2024-05-13,2024-06-12,,20,Active
S00220,U00220,2024-03-10,2024-04-09,2024-05-09,0,Cancelled
S00221,U00221,2024-12-29,2025-01-28,,0,Active
S00222,U00222,2024-09-17,2024-10-17,2024-10-17,20,Cancelled
S00223,U00223,2024-10-10,2024-11-09,2025-01-08,0,Cancelled
S00224,U00224,2024-07-22,2024-08-21,2025-02-17,50,Cancelled
S00225,U00225,2024-06-11,2024-07-11,2024-08-10,50,Cancelled
S00226,U00226,2024-10-09,2024-11-08,2025-08-05,50,Cancelled
S00227,U00227,2024-09-22,2024-10-22,2024-12-21,50,Cancelled
S00228,U00228,2024-09-22,2024-10-22,2025-04-20,50,Cancelled
S00229,U00229,2024-11-16,2024-12-16,2025-01-15,50,Cancelled
S00230,U00230,2024-03-28,2024-04-27,2024-10-24,0,Cancelled
S00231,U00231,2024-01-24,2024-02-23,2024-06-22,20,Cancelled
S00232,U00232,2024-11-17,2024-12-17,2025-03-17,50,Cancelled
S00233,U00233,2024-08-20,2024-09-19,2025-03-18,20,Cancelled
S00234,U00234,2024-04-14,2024-05-14,2024-10-11,20,Cancelled
S00235,U00235,2024-03-07,2024-04-06,2024-04-06,0,Cancelled
S00236,U00236,2024-05-16,2024-06-15,2024-08-14,20,Cancelled
S00237,U00237,2024-05-07,2024-06-06,2024-06-06,0,Cancelled
S00238,U00238,2024-09-20,2024-10-20,2025-04-18,0,Cancelled
S00239,U00239,2024-05-03,2024-06-02,2024-08-01,20,Cancelled
S00240,U00240,2024-05-26,2024-06-25,2024-10-23,20,Cancelled
S00241,U00241,2024-07-06,2024-08-05,2025-06-01,0,Cancelled
S00242,U00242,2024-02-07,2024-03-08,2024-05-07,50,Cancelled
S00243,U00243,2024-02-19,2024-03-20,,0,Active
S00244,U00244,2024-01-24,2024-02-23,2024-03-24,20,Cancelled
S00245,U00245,2024-06-16,2024-07-16,2024-11-13,50,Cancelled
S00246,U00246,2024-09-16,2024-10-16,2025-03-15,0,Cancelled
S00247,U00247,2024-12-10,2025-01-09,2025-05-09,50,Cancelled
S00248,U00248,2024-05-15,2024-06-14,2024-11-11,0,Cancelled
S00249,U00249,2024-09-25,2024-10-25,2025-04-23,50,Cancelled
S00250,U00250,2024-10-20,2024-11-19,2025-01-18,20,Cancelled
S00251,U00251,2024-07-30,2024-08-29,2025-04-26,50,Cancelled
S00252,U00252,2024-09-22,2024-10-22,2025-05-20,50,Cancelled
S00253,U00253,2024-03-29,2024-04-28,2024-08-26,50,Cancelled
S00254,U00254,2024-04-08,2024-05-08,2024-10-05,20,Cancelled
S00255,U00255,2024-12-19,2025-01-18,2025-05-18,50,Cancelled
S00256,U00256,2024-03-03,2024-04-02,2024-04-02,20,Cancelled
S00257,U00257,2024-01-22,2024-02-21,2024-05-21,50,Cancelled
S00258,U00258,2024-04-19,2024-05-19,2025-02-13,20,Cancelled
S00259,U00259,2024-11-11,2024-12-11,,50,Active
S00260,U00260,2024-01-27,2024-02-26,2024-02-26,0,Cancelled
S00261,U00261,2024-10-08,2024-11-07,2025-01-06,0,Cancelled
S00262,U00262,2024-05-26,2024-06-25,,50,Active
S00263,U00263,2024-08-01,2024-08-31,2024-10-30,50,Cancelled
S00264,U00264,2024-01-05,2024-02-04,2024-02-04,20,Cancelled
S00265,U00265,2024-03-09,2024-04-08,2024-05-08,20,Cancelled
S00266,U00266,2024-11-27,2024-12-27,2025-04-26,20,Cancelled
S00267,U00267,2024-03-30,2024-04-29,2024-04-29,20,Cancelled
S00268,U00268,2024-12-08,2025-01-07,2025-04-07,0,Cancelled
S00269,U00269,2024-07-15,2024-08-14,2025-06-10,50,Cancelled
S00270,U00270,2024-11-30,2024-12-30,2025-03-30,0,Cancelled
S00271,U00271,2024-03-22,2024-04-21,2024-08-19,0,Cancelled
S00272,U00272,2024-11-10,2024-12-10,2025-09-06,20,Cancelled
S00273,U00273,2024-12-25,2025-01-24,2025-01-24,50,Cancelled
S00274,U00274,2024-09-27,2024-10-27,2025-05-25,50,Cancelled
S00275,U00275,2024-03-25,2024-04-24,2024-11-20,0,Cancelled
S00276,U00276,2024-09-18,2024-10-18,,20,Active
S00277,U00277,2024-10-13,2024-11-12,2025-06-10,20,Cancelled
S00278,U00278,2024-10-23,2024-11-22,2024-12-22,0,Cancelled
S00279,U00279,2024-08-29,2024-09-28,,50,Active
S00280,U00280,2024-07-14,2024-08-13,2025-01-10,50,Cancelled
S00281,U00281,2024-03-01,2024-03-31,2024-07-29,50,Cancelled
S00282,U00282,2024-01-12,2024-02-11,2024-11-07,20,Cancelled
S00283,U00283,2024-08-23,2024-09-22,2025-02-19,0,Cancelled
S00284,U00284,2024-11-10,2024-12-10,2025-04-09,50,Cancelled
S00285,U00285,2024-11-02,2024-12-02,2025-05-01,0,Cancelled
S00286,U00286,2024-04-29,2024-05-29,2024-06-28,20,Cancelled
S00287,U00287,2024-10-22,2024-11-21,2024-11-21,0,Cancelled
S00288,U00288,2024-06-02,2024-07-02,2024-08-01,50,Cancelled
S00289,U00289,2024-01-25,2024-02-24,2024-04-24,20,Cancelled
S00290,U00290,2024-06-02,2024-07-02,2024-12-29,0,Cancelled
S00291,U00291,2024-08-25,2024-09-24,2025-06-21,50,Cancelled
S00292,U00292,2024-05-04,2024-06-03,2024-06-03,20,Cancelled
S00293,U00293,2024-01-27,2024-02-26,2024-02-26,0,Cancelled
S00294,U00294,2024-04-16,2024-05-16,2025-03-12,50,Cancelled
S00295,U00295,2024-05-04,2024-06-03,2024-09-01,50,Cancelled
S00296,U00296,2024-07-13,2024-08-12,2024-09-11,20,Cancelled
S00297,U00297,2024-02-20,2024-03-21,2024-04-20,20,Cancelled
S00298,U00298,2024-10-15,2024-11-14,2025-01-13,50,Cancelled
S00299,U00299,2024-03-19,2024-04-18,2024-09-15,0,Cancelled
S00300,U00300,2024-05-11,2024-06-10,,50,Active
S00301,U00301,2024-03-12,2024-04-11,,50,Active
S00302,U00302,2024-02-08,2024-03-09,2024-11-04,50,Cancelled
S00303,U00303,2024-12-28,2025-01-27,,20,Active
S00304,U00304,2024-12-03,2025-01-02,2025-01-02,0,Cancelled
S00305,U00305,2024-01-09,2024-02-08,2024-04-08,0,Cancelled
S00306,U00306,2024-04-08,2024-05-08,2024-10-05,20,Cancelled
S00307,U00307,2024-07-26,2024-08-25,,50,Active
S00308,U00308,2024-02-17,2024-03-18,2024-05-17,50,Cancelled
S00309,U00309,2024-02-12,2024-03-13,2024-05-12,0,Cancelled
S00310,U00310,2024-12-20,2025-01-19,2025-07-18,50,Cancelled
S00311,U00311,2024-04-01,2024-05-01,,20,Active
S00312,U00312,2024-03-24,2024-04-23,2024-09-20,50,Cancelled
S00313,U00313,2024-03-12,2024-04-11,2024-05-11,0,Cancelled
S00314,U00314,2024-02-08,2024-03-09,2024-06-07,0,Cancelled
S00315,U00315,2024-09-08,2024-10-08,2025-01-06,0,Cancelled
S00316,U00316,2024-11-12,2024-12-12,,0,Active
S00317,U00317,2024-07-18,2024-08-17,2024-09-16,20,Cancelled
S00318,U00318,2024-05-18,2024-06-17,2024-10-15,20,Cancelled
S00319,U00319,2024-01-14,2024-02-13,2024-10-10,50,Cancelled
S00320,U00320,2024-01-07,2024-02-06,2024-03-07,50,Cancelled
S00321,U00321,2024-12-16,2025-01-15,2025-09-12,20,Cancelled
S00322,U00322,2024-02-02,2024-03-03,2024-07-31,20,Cancelled
S00323,U00323,2024-05-08,2024-06-07,,0,Active
S00324,U00324,2024-03-10,2024-04-09,2024-08-07,20,Cancelled
S00325,U00325,2024-06-20,2024-07-20,2025-02-15,20,Cancelled
S00326,U00326,2024-06-09,2024-07-09,2024-07-09,50,Cancelled
S00327,U00327,2024-06-15,2024-07-15,2025-03-12,50,Cancelled
S00328,U00328,2024-12-15,2025-01-14,2025-07-13,20,Cancelled
S00329,U00329,2024-12-10,2025-01-09,2025-04-09,50,Cancelled
S00330,U00330,2024-07-12,2024-08-11,2025-03-09,20,Cancelled
S00331,U00331,2024-07-03,2024-08-02,2024-11-30,0,Cancelled
S00332,U00332,2024-11-27,2024-12-27,,20,Active
S00333,U00333,2024-02-20,2024-03-21,2024-03-21,20,Cancelled
S00334,U00334,2024-12-13,2025-01-12,,0,Active
S00335,U00335,2024-05-31,2024-06-30,2024-09-28,20,Cancelled
S00336,U00336,2024-04-15,2024-05-15,2024-06-14,20,Cancelled
S00337,U00337,2024-02-04,2024-03-05,2024-09-01,50,Cancelled
S00338,U00338,2024-05-04,2024-06-03,2024-09-01,50,Cancelled
S00339,U00339,2024-04-28,2024-05-28,2025-02-22,50,Cancelled
S00340,U00340,2024-01-15,2024-02-14,2024-04-14,20,Cancelled
S00341,U00341,2024-12-26,2025-01-25,2025-02-24,50,Cancelled
S00342,U00342,2024-07-06,2024-08-05,2024-09-04,50,Cancelled
S00343,U00343,2024-11-01,2024-12-01,2025-01-30,20,Cancelled
S00344,U00344,2024-12-10,2025-01-09,,0,Active
S00345,U00345,2024-05-02,2024-06-01,2024-08-30,0,Cancelled
S00346,U00346,2024-11-01,2024-12-01,,20,Active
S00347,U00347,2024-09-07,2024-10-07,2024-11-06,50,Cancelled
S00348,U00348,2024-01-05,2024-02-04,2024-02-04,50,Cancelled
S00349,U00349,2024-12-16,2025-01-15,2025-03-16,0,Cancelled
S00350,U00350,2024-05-29,2024-06-28,,0,Active
S00351,U00351,2024-10-08,2024-11-07,2024-11-07,50,Cancelled
S00352,U00352,2024-08-13,2024-09-12,2024-09-12,50,Cancelled
S00353,U00353,2024-01-17,2024-02-16,2024-08-14,0,Cancelled
S00354,U00354,2024-10-28,2024-11-27,2025-01-26,50,Cancelled
S00355,U00355,2024-04-15,2024-05-15,2024-05-15,50,Cancelled
S00356,U00356,2024-12-26,2025-01-25,2025-03-26,50,Cancelled
S00357,U00357,2024-07-29,2024-08-28,2024-08-28,0,Cancelled
S00358,U00358,2024-05-06,2024-06-05,2025-01-01,50,Cancelled
S00359,U00359,2024-07-11,2024-08-10,2025-02-06,50,Cancelled
S00360,U00360,2024-08-20,2024-09-19,,0,Active
S00361,U00361,2024-02-02,2024-03-03,2024-03-03,20,Cancelled
S00362,U00362,2024-05-25,2024-06-24,2024-08-23,20,Cancelled
S00363,U00363,2024-01-24,2024-02-23,2024-07-22,0,Cancelled
S00364,U00364,2024-01-01,2024-01-31,2024-03-31,20,Cancelled
S00365,U00365,2024-05-08,2024-06-07,2025-01-03,50,Cancelled
S00366,U00366,2024-08-07,2024-09-06,2024-09-06,20,Cancelled
S00367,U00367,2024-10-30,2024-11-29,2025-02-27,50,Cancelled
S00368,U00368,2024-08-04,2024-09-03,2024-11-02,20,Cancelled
S00369,U00369,2024-02-22,2024-03-23,2024-08-20,0,Cancelled
S00370,U00370,2024-09-28,2024-10-28,2025-02-25,20,Cancelled
S00371,U00371,2024-07-29,2024-08-28,2024-08-28,0,Cancelled
S00372,U00372,2024-10-28,2024-11-27,,0,Active
S00373,U00373,2024-11-26,2024-12-26,2025-06-24,50,Cancelled
S00374,U00374,2024-12-03,2025-01-02,2025-02-01,20,Cancelled
S00375,U00375,2024-05-02,2024-06-01,2024-08-30,50,Cancelled
S00376,U00376,2024-07-03,2024-08-02,2024-11-30,50,Cancelled
S00377,U00377,2024-02-07,2024-03-08,2024-09-04,0,Cancelled
S00378,U00378,2024-07-22,2024-08-21,2024-09-20,50,Cancelled
S00379,U00379,2024-11-23,2024-12-23,2025-01-22,0,Cancelled
S00380,U00380,2024-09-18,2024-10-18,2025-03-17,50,Cancelled
S00381,U00381,2024-12-23,2025-01-22,2025-04-22,0,Cancelled
S00382,U00382,2024-08-20,2024-09-19,2024-11-18,50,Cancelled
S00383,U00383,2024-01-07,2024-02-06,2024-11-02,20,Cancelled
S00384,U00384,2024-07-09,2024-08-08,2024-12-06,0,Cancelled
S00385,U00385,2024-05-19,2024-06-18,2024-06-18,20,Cancelled
S00386,U00386,2024-09-12,2024-10-12,,0,Active
S00387,U00387,2024-09-17,2024-10-17,2024-11-16,20,Cancelled
S00388,U00388,2024-03-17,2024-04-16,2024-11-12,50,Cancelled
S00389,U00389,2024-06-13,2024-07-13,2024-11-10,50,Cancelled
S00390,U00390,2024-09-14,2024-10-14,2025-01-12,0,Cancelled
S00391,U00391,2024-08-26,2024-09-25,2024-10-25,20,Cancelled
S00392,U00392,2024-04-12,2024-05-12,2024-12-08,20,Cancelled
S00393,U00393,2024-10-06,2024-11-05,2025-01-04,0,Cancelled
S00394,U00394,2024-06-20,2024-07-20,2024-12-17,20,Cancelled
S00395,U00395,2024-09-28,2024-10-28,2025-03-27,50,Cancelled
S00396,U00396,2024-01-23,2024-02-22,2024-04-22,20,Cancelled
S00397,U00397,2024-09-15,2024-10-15,2024-11-14,50,Cancelled
S00398,U00398,2024-12-05,2025-01-04,2025-03-05,20,Cancelled
S00399,U00399,2024-08-19,2024-09-18,,50,Active
S00400,U00400,2024-02-24,2024-03-25,2024-04-24,0,Cancelled
S00401,U00401,2024-08-19,2024-09-18,2025-06-15,0,Cancelled
S00402,U00402,2024-04-20,2024-05-20,2024-07-19,20,Cancelled
S00403,U00403,2024-05-13,2024-06-12,2024-06-12,50,Cancelled
S00404,U00404,2024-08-24,2024-09-23,2025-07-20,0,Cancelled
S00405,U00405,2024-07-24,2024-08-23,2024-09-22,0,Cancelled
S00406,U00406,2024-11-26,2024-12-26,2024-12-26,0,Cancelled
S00407,U00407,2024-03-27,2024-04-26,2024-09-23,20,Cancelled
S00408,U00408,2024-06-30,2024-07-30,,0,Active
S00409,U00409,2024-11-27,2024-12-27,2025-03-27,0,Cancelled
S00410,U00410,2024-03-11,2024-04-10,2024-05-10,50,Cancelled
S00411,U00411,2024-07-02,2024-08-01,2024-10-30,50,Cancelled
S00412,U00412,2024-05-18,2024-06-17,2024-08-16,0,Cancelled
S00413,U00413,2024-08-29,2024-09-28,2024-12-27,0,Cancelled
S00414,U00414,2024-05-16,2024-06-15,2024-08-14,20,Cancelled
S00415,U00415,2024-03-31,2024-04-30,2024-05-30,20,Cancelled
S00416,U00416,2024-10-17,2024-11-16,,50,Active
S00417,U00417,2024-09-08,2024-10-08,2024-11-07,0,Cancelled
S00418,U00418,2024-01-01,2024-01-31,2024-01-31,50,Cancelled
S00419,U00419,2024-01-31,2024-03-01,2024-09-27,0,Cancelled
S00420,U00420,2024-07-10,2024-08-09,2024-09-08,20,Cancelled
S00421,U00421,2024-03-21,2024-04-20,2024-06-19,50,Cancelled
S00422,U00422,2024-12-06,2025-01-05,2025-05-05,50,Cancelled
S00423,U00423,2024-03-31,2024-04-30,2024-10-27,0,Cancelled
S00424,U00424,2024-11-09,2024-12-09,2025-05-08,0,Cancelled
S00425,U00425,2024-05-01,2024-05-31,2024-07-30,50,Cancelled
S00426,U00426,2024-01-06,2024-02-05,2024-10-02,20,Cancelled
S00427,U00427,2024-01-25,2024-02-24,2024-09-21,20,Cancelled
S00428,U00428,2024-10-06,2024-11-05,2025-04-04,20,Cancelled
S00429,U00429,2024-05-30,2024-06-29,2024-09-27,20,Cancelled
S00430,U00430,2024-03-23,2024-04-22,2024-06-21,50,Cancelled
S00431,U00431,2024-08-08,2024-09-07,,0,Active
S00432,U00432,2024-04-15,2024-05-15,2024-06-14,50,Cancelled
S00433,U00433,2024-06-01,2024-07-01,2024-10-29,50,Cancelled
S00434,U00434,2024-01-28,2024-02-27,2024-05-27,50,Cancelled
S00435,U00435,2024-02-19,2024-03-20,,0,Active
S00436,U00436,2024-06-06,2024-07-06,2024-10-04,50,Cancelled
S00437,U00437,2024-07-08,2024-08-07,2025-02-03,20,Cancelled
S00438,U00438,2024-05-14,2024-06-13,2024-11-10,50,Cancelled
S00439,U00439,2024-12-08,2025-01-07,2025-03-08,0,Cancelled
S00440,U00440,2024-10-01,2024-10-31,2024-11-30,20,Cancelled
S00441,U00441,2024-01-18,2024-02-17,2024-02-17,20,Cancelled
S00442,U00442,2024-04-18,2024-05-18,2024-07-17,50,Cancelled
S00443,U00443,2024-11-17,2024-12-17,2025-02-15,0,Cancelled
S00444,U00444,2024-10-11,2024-11-10,2024-11-10,20,Cancelled
S00445,U00445,2024-02-27,2024-03-28,2024-06-26,50,Cancelled
S00446,U00446,2024-10-01,2024-10-31,2025-01-29,20,Cancelled
S00447,U00447,2024-03-29,2024-04-28,2024-08-26,20,Cancelled
S00448,U00448,2024-01-26,2024-02-25,2024-06-24,20,Cancelled
S00449,U00449,2024-05-23,2024-06-22,2024-09-20,20,Cancelled
S00450,U00450,2024-05-17,2024-06-16,2024-07-16,20,Cancelled
S00451,U00451,2024-09-05,2024-10-05,2024-12-04,20,Cancelled
S00452,U00452,2024-09-25,2024-10-25,2024-12-24,0,Cancelled
S00453,U00453,2024-08-21,2024-09-20,,20,Active
S00454,U00454,2024-12-14,2025-01-13,2025-08-11,20,Cancelled
S00455,U00455,2024-10-27,2024-11-26,,50,Active
S00456,U00456,2024-01-15,2024-02-14,2024-05-14,50,Cancelled
S00457,U00457,2024-05-17,2024-06-16,2024-06-16,0,Cancelled
S00458,U00458,2024-11-27,2024-12-27,2025-02-25,50,Cancelled
S00459,U00459,2024-08-04,2024-09-03,2024-09-03,20,Cancelled
S00460,U00460,2024-10-26,2024-11-25,2025-02-23,50,Cancelled
S00461,U00461,2024-12-16,2025-01-15,2025-02-14,50,Cancelled
S00462,U00462,2024-05-13,2024-06-12,2025-01-08,50,Cancelled
S00463,U00463,2024-11-03,2024-12-03,,0,Active
S00464,U00464,2024-05-12,2024-06-11,2024-07-11,50,Cancelled
S00465,U00465,2024-04-23,2024-05-23,2024-05-23,20,Cancelled
S00466,U00466,2024-05-30,2024-06-29,2024-06-29,50,Cancelled
S00467,U00467,2024-12-01,2024-12-31,,20,Active
S00468,U00468,2024-07-09,2024-08-08,2025-02-04,20,Cancelled
S00469,U00469,2024-08-29,2024-09-28,2024-09-28,50,Cancelled
S00470,U00470,2024-01-28,2024-02-27,2024-12-23,50,Cancelled
S00471,U00471,2024-06-10,2024-07-10,2024-12-07,50,Cancelled
S00472,U00472,2024-11-20,2024-12-20,2025-10-16,0,Cancelled
S00473,U00473,2024-02-15,2024-03-16,2025-01-10,20,Cancelled
S00474,U00474,2024-07-15,2024-08-14,2024-12-12,20,Cancelled
S00475,U00475,2024-09-28,2024-10-28,2025-01-26,0,Cancelled
S00476,U00476,2024-06-08,2024-07-08,,20,Active
S00477,U00477,2024-01-24,2024-02-23,2024-07-22,50,Cancelled
S00478,U00478,2024-09-07,2024-10-07,2024-10-07,0,Cancelled
S00479,U00479,2024-04-18,2024-05-18,2024-06-17,20,Cancelled
S00480,U00480,2024-11-23,2024-12-23,2024-12-23,0,Cancelled
S00481,U00481,2024-01-25,2024-02-24,2024-07-23,0,Cancelled
S00482,U00482,2024-12-25,2025-01-24,2025-03-25,50,Cancelled
S00483,U00483,2024-11-14,2024-12-14,2024-12-14,50,Cancelled
S00484,U00484,2024-02-28,2024-03-29,2024-07-27,20,Cancelled
S00485,U00485,2024-12-26,2025-01-25,2025-05-25,20,Cancelled
S00486,U00486,2024-06-18,2024-07-18,2025-01-14,0,Cancelled
S00487,U00487,2024-02-16,2024-03-17,2024-04-16,0,Cancelled
S00488,U00488,2024-05-15,2024-06-14,,20,Active
S00489,U00489,2024-08-06,2024-09-05,2024-11-04,0,Cancelled
S00490,U00490,2024-07-02,2024-08-01,2025-04-28,20,Cancelled
S00491,U00491,2024-07-24,2024-08-23,2024-09-22,20,Cancelled
S00492,U00492,2024-02-27,2024-03-28,2024-11-23,20,Cancelled
S00493,U00493,2024-04-02,2024-05-02,2024-07-01,50,Cancelled
S00494,U00494,2024-09-06,2024-10-06,2024-10-06,20,Cancelled
S00495,U00495,2024-12-26,2025-01-25,2025-06-24,20,Cancelled
S00496,U00496,2024-12-04,2025-01-03,2025-06-02,50,Cancelled
S00497,U00497,2024-10-12,2024-11-11,,20,Active
S00498,U00498,2024-02-08,2024-03-09,2024-08-06,0,Cancelled
S00499,U00499,2024-07-25,2024-08-24,2024-09-23,20,Cancelled
S00500,U00500,2024-08-16,2024-09-15,2024-09-15,20,Cancelled
S00501,U00501,2024-10-12,2024-11-11,2025-02-09,50,Cancelled
S00502,U00502,2024-06-23,2024-07-23,2024-07-23,50,Cancelled
S00503,U00503,2024-08-19,2024-09-18,2024-12-17,20,Cancelled
S00504,U00504,2024-12-25,2025-01-24,,50,Active
S00505,U00505,2024-05-10,2024-06-09,2024-12-06,0,Cancelled
S00506,U00506,2024-06-22,2024-07-22,2024-07-22,50,Cancelled
S00507,U00507,2024-08-22,2024-09-21,2025-02-18,0,Cancelled
S00508,U00508,2024-10-26,2024-11-25,2024-11-25,0,Cancelled
S00509,U00509,2024-12-02,2025-01-01,2025-01-01,50,Cancelled
S00510,U00510,2024-07-22,2024-08-21,2024-11-19,20,Cancelled
S00511,U00511,2024-12-30,2025-01-29,2025-04-29,50,Cancelled
S00512,U00512,2024-12-10,2025-01-09,2025-02-08,50,Cancelled
S00513,U00513,2024-06-29,2024-07-29,2024-08-28,50,Cancelled
S00514,U00514,2024-01-07,2024-02-06,2024-05-06,0,Cancelled
S00515,U00515,2024-05-16,2024-06-15,2024-06-15,50,Cancelled
S00516,U00516,2024-10-04,2024-11-03,,50,Active
S00517,U00517,2024-05-01,2024-05-31,2024-11-27,20,Cancelled
S00518,U00518,2024-10-09,2024-11-08,2025-04-07,20,Cancelled
S00519,U00519,2024-10-28,2024-11-27,2025-04-26,0,Cancelled
S00520,U00520,2024-03-31,2024-04-30,2024-05-30,50,Cancelled
S00521,U00521,2024-01-21,2024-02-20,2024-02-20,0,Cancelled
S00522,U00522,2024-06-18,2024-07-18,,20,Active
S00523,U00523,2024-09-08,2024-10-08,,20,Active
S00524,U00524,2024-09-23,2024-10-23,2025-02-20,50,Cancelled
S00525,U00525,2024-06-27,2024-07-27,2025-05-23,20,Cancelled
S00526,U00526,2024-10-14,2024-11-13,2024-12-13,0,Cancelled
S00527,U00527,2024-12-15,2025-01-14,2025-03-15,50,Cancelled
S00528,U00528,2024-09-21,2024-10-21,2025-03-20,0,Cancelled
S00529,U00529,2024-06-13,2024-07-13,2024-09-11,50,Cancelled
S00530,U00530,2024-04-17,2024-05-17,2024-09-14,0,Cancelled
S00531,U00531,2024-12-17,2025-01-16,2025-02-15,0,Cancelled
S00532,U00532,2024-01-28,2024-02-27,2024-07-26,0,Cancelled
S00533,U00533,2024-07-17,2024-08-16,2024-11-14,0,Cancelled
S00534,U00534,2024-09-30,2024-10-30,2025-01-28,50,Cancelled
S00535,U00535,2024-07-02,2024-08-01,2024-08-31,0,Cancelled
S00536,U00536,2024-07-14,2024-08-13,2025-01-10,50,Cancelled
S00537,U00537,2024-07-19,2024-08-18,2024-10-17,50,Cancelled
S00538,U00538,2024-10-10,2024-11-09,2025-01-08,50,Cancelled
S00539,U00539,2024-06-05,2024-07-05,2024-08-04,50,Cancelled
S00540,U00540,2024-04-04,2024-05-04,2024-06-03,0,Cancelled
S00541,U00541,2024-11-26,2024-12-26,2025-06-24,0,Cancelled
S00542,U00542,2024-06-18,2024-07-18,2024-08-17,50,Cancelled
S00543,U00543,2024-06-11,2024-07-11,2024-07-11,50,Cancelled
S00544,U00544,2024-06-10,2024-07-10,2024-07-10,0,Cancelled
S00545,U00545,2024-07-03,2024-08-02,2024-09-01,20,Cancelled
S00546,U00546,2024-09-06,2024-10-06,2025-03-05,0,Cancelled
S00547,U00547,2024-11-16,2024-12-16,2025-03-16,50,Cancelled
S00548,U00548,2024-10-29,2024-11-28,,50,Active
S00549,U00549,2024-07-06,2024-08-05,,20,Active
S00550,U00550,2024-07-05,2024-08-04,2024-11-02,0,Cancelled
S00551,U00551,2024-04-01,2024-05-01,2024-05-01,0,Cancelled
S00552,U00552,2024-04-28,2024-05-28,2024-05-28,50,Cancelled
S00553,U00553,2024-07-17,2024-08-16,2025-03-14,20,Cancelled
S00554,U00554,2024-05-14,2024-06-13,2024-07-13,50,Cancelled
S00555,U00555,2024-10-27,2024-11-26,2025-09-22,0,Cancelled
S00556,U00556,2024-06-25,2024-07-25,2024-08-24,0,Cancelled
S00557,U00557,2024-04-27,2024-05-27,2024-05-27,0,Cancelled
S00558,U00558,2024-11-04,2024-12-04,2025-05-03,50,Cancelled
S00559,U00559,2024-12-11,2025-01-10,,20,Active
S00560,U00560,2024-01-23,2024-02-22,2024-05-22,50,Cancelled
S00561,U00561,2024-01-29,2024-02-28,2024-11-24,50,Cancelled
S00562,U00562,2024-02-13,2024-03-14,2024-06-12,0,Cancelled
S00563,U00563,2024-11-03,2024-12-03,2024-12-03,50,Cancelled
S00564,U00564,2024-12-17,2025-01-16,2025-01-16,20,Cancelled
S00565,U00565,2024-02-25,2024-03-26,2024-06-24,20,Cancelled
S00566,U00566,2024-03-31,2024-04-30,2024-04-30,50,Cancelled
S00567,U00567,2024-09-03,2024-10-03,2024-10-03,50,Cancelled
S00568,U00568,2024-07-08,2024-08-07,2024-10-06,20,Cancelled
S00569,U00569,2024-10-28,2024-11-27,2025-02-25,0,Cancelled
S00570,U00570,2024-04-29,2024-05-29,2024-05-29,20,Cancelled
S00571,U00571,2024-12-29,2025-01-28,2025-07-27,0,Cancelled
S00572,U00572,2024-12-18,2025-01-17,,20,Active
S00573,U00573,2024-10-01,2024-10-31,2025-03-30,20,Cancelled
S00574,U00574,2024-10-09,2024-11-08,2024-12-08,50,Cancelled
S00575,U00575,2024-06-06,2024-07-06,2024-08-05,0,Cancelled
S00576,U00576,2024-12-24,2025-01-23,2025-01-23,20,Cancelled
S00577,U00577,2024-07-18,2024-08-17,2024-09-16,50,Cancelled
S00578,U00578,2024-02-02,2024-03-03,2024-03-03,0,Cancelled
S00579,U00579,2024-11-10,2024-12-10,2025-09-06,50,Cancelled
S00580,U00580,2024-01-06,2024-02-05,2024-02-05,0,Cancelled
S00581,U00581,2024-12-11,2025-01-10,2025-01-10,0,Cancelled
S00582,U00582,2024-07-23,2024-08-22,2024-10-21,0,Cancelled
S00583,U00583,2024-02-16,2024-03-17,2025-01-11,20,Cancelled
S00584,U00584,2024-08-20,2024-09-19,2024-09-19,20,Cancelled
S00585,U00585,2024-09-14,2024-10-14,2025-07-11,50,Cancelled
S00586,U00586,2024-07-12,2024-08-11,,50,Active
S00587,U00587,2024-09-03,2024-10-03,2025-06-30,0,Cancelled
S00588,U00588,2024-07-30,2024-08-29,2024-08-29,20,Cancelled
S00589,U00589,2024-02-17,2024-03-18,2024-10-14,0,Cancelled
S00590,U00590,2024-06-30,2024-07-30,2024-11-27,50,Cancelled
S00591,U00591,2024-04-12,2024-05-12,,0,Active
S00592,U00592,2024-11-12,2024-12-12,2024-12-12,50,Cancelled
S00593,U00593,2024-10-04,2024-11-03,2024-12-03,20,Cancelled
S00594,U00594,2024-04-03,2024-05-03,,0,Active
S00595,U00595,2024-09-01,2024-10-01,2025-01-29,50,Cancelled
S00596,U00596,2024-03-02,2024-04-01,2024-07-30,0,Cancelled
S00597,U00597,2024-07-13,2024-08-12,2024-11-10,20,Cancelled
S00598,U00598,2024-05-01,2024-05-31,2024-06-30,0,Cancelled
S00599,U00599,2024-04-17,2024-05-17,2024-08-15,20,Cancelled
S00600,U00600,2024-10-19,2024-11-18,2025-05-17,20,Cancelled
S00601,U00601,2024-07-14,2024-08-13,2024-10-12,0,Cancelled
S00602,U00602,2024-03-09,2024-04-08,2024-04-08,20,Cancelled
S00603,U00603,2024-07-22,2024-08-21,2024-10-20,20,Cancelled
S00604,U00604,2024-08-18,2024-09-17,2025-07-14,50,Cancelled
S00605,U00605,2024-01-11,2024-02-10,,50,Active
S00606,U00606,2024-06-30,2024-07-30,,20,Active
S00607,U00607,2024-11-10,2024-12-10,,20,Active
S00608,U00608,2024-02-06,2024-03-07,2024-05-06,20,Cancelled
S00609,U00609,2024-11-05,2024-12-05,2025-03-05,50,Cancelled
S00610,U00610,2024-03-26,2024-04-25,,50,Active
S00611,U00611,2024-04-17,2024-05-17,2024-06-16,20,Cancelled
S00612,U00612,2024-07-22,2024-08-21,2024-10-20,0,Cancelled
S00613,U00613,2024-06-07,2024-07-07,2025-02-02,0,Cancelled
S00614,U00614,2024-01-15,2024-02-14,2024-09-11,20,Cancelled
S00615,U00615,2024-03-10,2024-04-09,2024-05-09,50,Cancelled
S00616,U00616,2024-06-26,2024-07-26,,20,Active
S00617,U00617,2024-05-13,2024-06-12,2024-09-10,0,Cancelled
S00618,U00618,2024-08-28,2024-09-27,2025-01-25,0,Cancelled
S00619,U00619,2024-11-01,2024-12-01,2025-01-30,20,Cancelled
S00620,U00620,2024-05-07,2024-06-06,2024-07-06,20,Cancelled
S00621,U00621,2024-11-16,2024-12-16,,20,Active
S00622,U00622,2024-07-30,2024-08-29,2025-02-25,0,Cancelled
S00623,U00623,2024-05-19,2024-06-18,2024-07-18,0,Cancelled
S00624,U00624,2024-09-30,2024-10-30,2024-11-29,0,Cancelled
S00625,U00625,2024-04-29,2024-05-29,2024-06-28,20,Cancelled
S00626,U00626,2024-09-12,2024-10-12,2024-10-12,0,Cancelled
S00627,U00627,2024-07-19,2024-08-18,2024-12-16,20,Cancelled
S00628,U00628,2024-03-03,2024-04-02,2024-04-02,50,Cancelled
S00629,U00629,2024-08-23,2024-09-22,2024-11-21,20,Cancelled
S00630,U00630,2024-03-22,2024-04-21,2024-12-17,20,Cancelled
S00631,U00631,2024-07-03,2024-08-02,2025-04-29,50,Cancelled
S00632,U00632,2024-01-08,2024-02-07,2024-07-06,0,Cancelled
S00633,U00633,2024-10-24,2024-11-23,2024-11-23,0,Cancelled
S00634,U00634,2024-09-12,2024-10-12,2024-10-12,0,Cancelled
S00635,U00635,2024-11-26,2024-12-26,2025-06-24,20,Cancelled
S00636,U00636,2024-10-12,2024-11-11,2024-12-11,50,Cancelled
S00637,U00637,2024-03-09,2024-04-08,2024-07-07,20,Cancelled
S00638,U00638,2024-10-17,2024-11-16,2025-07-14,20,Cancelled
S00639,U00639,2024-02-05,2024-03-06,2024-11-01,50,Cancelled
S00640,U00640,2024-01-01,2024-01-31,2024-07-29,50,Cancelled
S00641,U00641,2024-06-13,2024-07-13,,50,Active
S00642,U00642,2024-11-09,2024-12-09,2025-08-06,0,Cancelled
S00643,U00643,2024-03-07,2024-04-06,2024-10-03,0,Cancelled
S00644,U00644,2024-10-19,2024-11-18,,20,Active
S00645,U00645,2024-01-07,2024-02-06,2024-02-06,50,Cancelled
S00646,U00646,2024-10-12,2024-11-11,2025-01-10,20,Cancelled
S00647,U00647,2024-06-04,2024-07-04,2024-11-01,50,Cancelled
S00648,U00648,2024-04-07,2024-05-07,2024-11-03,0,Cancelled
S00649,U00649,2024-11-22,2024-12-22,2025-01-21,0,Cancelled
S00650,U00650,2024-09-15,2024-10-15,2024-12-14,20,Cancelled
S00651,U00651,2024-07-30,2024-08-29,2024-09-28,50,Cancelled
S00652,U00652,2024-10-08,2024-11-07,2025-07-05,20,Cancelled
S00653,U00653,2024-05-25,2024-06-24,2024-12-21,0,Cancelled
S00654,U00654,2024-04-19,2024-05-19,2024-06-18,0,Cancelled
S00655,U00655,2024-03-20,2024-04-19,2024-09-16,0,Cancelled
S00656,U00656,2024-02-17,2024-03-18,2024-03-18,0,Cancelled
S00657,U00657,2024-03-29,2024-04-28,2024-07-27,50,Cancelled
S00658,U00658,2024-10-22,2024-11-21,2024-12-21,20,Cancelled
S00659,U00659,2024-04-26,2024-05-26,2024-06-25,50,Cancelled
S00660,U00660,2024-06-05,2024-07-05,2025-04-01,50,Cancelled
S00661,U00661,2024-01-26,2024-02-25,,50,Active
S00662,U00662,2024-08-09,2024-09-08,2024-10-08,0,Cancelled
S00663,U00663,2024-10-07,2024-11-06,2025-03-06,20,Cancelled
S00664,U00664,2024-09-03,2024-10-03,2024-10-03,50,Cancelled
S00665,U00665,2024-05-04,2024-06-03,2024-06-03,50,Cancelled
S00666,U00666,2024-12-09,2025-01-08,2025-02-07,20,Cancelled
S00667,U00667,2024-06-05,2024-07-05,2024-11-02,0,Cancelled
S00668,U00668,2024-04-29,2024-05-29,,0,Active
S00669,U00669,2024-05-04,2024-06-03,2024-08-02,50,Cancelled
S00670,U00670,2024-08-18,2024-09-17,2025-06-14,50,Cancelled
S00671,U00671,2024-10-06,2024-11-05,2024-11-05,50,Cancelled
S00672,U00672,2024-07-11,2024-08-10,2024-10-09,0,Cancelled
S00673,U00673,2024-04-12,2024-05-12,2024-05-12,50,Cancelled
S00674,U00674,2024-07-17,2024-08-16,2024-09-15,20,Cancelled
S00675,U00675,2024-07-13,2024-08-12,2024-08-12,50,Cancelled
S00676,U00676,2024-04-11,2024-05-11,2024-09-08,0,Cancelled
S00677,U00677,2024-09-07,2024-10-07,2024-10-07,50,Cancelled
S00678,U00678,2024-11-16,2024-12-16,2025-01-15,50,Cancelled
S00679,U00679,2024-01-16,2024-02-15,2024-02-15,20,Cancelled
S00680,U00680,2024-07-14,2024-08-13,2024-08-13,0,Cancelled
S00681,U00681,2024-06-08,2024-07-08,2024-10-06,50,Cancelled
S00682,U00682,2024-03-11,2024-04-10,2024-04-10,0,Cancelled
S00683,U00683,2024-02-04,2024-03-05,2024-03-05,0,Cancelled
S00684,U00684,2024-07-30,2024-08-29,2024-12-27,0,Cancelled
S00685,U00685,2024-04-04,2024-05-04,2024-09-01,50,Cancelled
S00686,U00686,2024-04-28,2024-05-28,2024-06-27,20,Cancelled
S00687,U00687,2024-12-30,2025-01-29,2025-03-30,20,Cancelled
S00688,U00688,2024-04-08,2024-05-08,2024-07-07,20,Cancelled
S00689,U00689,2024-04-14,2024-05-14,2024-06-13,50,Cancelled
S00690,U00690,2024-05-06,2024-06-05,2025-03-02,20,Cancelled
S00691,U00691,2024-09-23,2024-10-23,2025-01-21,50,Cancelled
S00692,U00692,2024-10-12,2024-11-11,2025-07-09,20,Cancelled
S00693,U00693,2024-05-26,2024-06-25,2024-12-22,0,Cancelled
S00694,U00694,2024-11-26,2024-12-26,2025-02-24,50,Cancelled
S00695,U00695,2024-07-30,2024-08-29,2024-08-29,50,Cancelled
S00696,U00696,2024-02-16,2024-03-17,2024-03-17,0,Cancelled
S00697,U00697,2024-02-13,2024-03-14,2024-03-14,50,Cancelled
S00698,U00698,2024-03-28,2024-04-27,2024-11-23,0,Cancelled
S00699,U00699,2024-06-06,2024-07-06,2024-07-06,0,Cancelled
S00700,U00700,2024-04-13,2024-05-13,2024-06-12,20,Cancelled
S00701,U00701,2024-11-07,2024-12-07,2025-05-06,20,Cancelled
S00702,U00702,2024-11-03,2024-12-03,2025-07-31,50,Cancelled
S00703,U00703,2024-04-04,2024-05-04,2025-02-28,0,Cancelled
S00704,U00704,2024-02-14,2024-03-15,2024-12-10,50,Cancelled
S00705,U00705,2024-08-21,2024-09-20,2025-01-18,20,Cancelled
S00706,U00706,2024-07-13,2024-08-12,2024-09-11,20,Cancelled
S00707,U00707,2024-12-21,2025-01-20,2025-07-19,0,Cancelled
S00708,U00708,2024-02-25,2024-03-26,2024-05-25,50,Cancelled
S00709,U00709,2024-11-07,2024-12-07,,50,Active
S00710,U00710,2024-09-09,2024-10-09,2025-01-07,0,Cancelled
S00711,U00711,2024-01-13,2024-02-12,2024-06-11,20,Cancelled
S00712,U00712,2024-06-19,2024-07-19,2025-03-16,0,Cancelled
S00713,U00713,2024-02-04,2024-03-05,2024-07-03,0,Cancelled
S00714,U00714,2024-07-21,2024-08-20,2024-09-19,0,Cancelled
S00715,U00715,2024-12-10,2025-01-09,2025-04-09,0,Cancelled
S00716,U00716,2024-08-24,2024-09-23,2024-10-23,50,Cancelled
S00717,U00717,2024-04-16,2024-05-16,2024-07-15,0,Cancelled
S00718,U00718,2024-06-22,2024-07-22,2024-10-20,50,Cancelled
S00719,U00719,2024-10-31,2024-11-30,2025-04-29,20,Cancelled
S00720,U00720,2024-09-11,2024-10-11,2025-08-07,50,Cancelled
S00721,U00721,2024-02-27,2024-03-28,2024-07-26,50,Cancelled
S00722,U00722,2024-09-13,2024-10-13,2024-12-12,50,Cancelled
S00723,U00723,2024-03-14,2024-04-13,2024-05-13,0,Cancelled
S00724,U00724,2024-09-24,2024-10-24,2024-10-24,50,Cancelled
S00725,U00725,2024-08-27,2024-09-26,2024-12-25,20,Cancelled
S00726,U00726,2024-11-23,2024-12-23,2025-06-21,20,Cancelled
S00727,U00727,2024-12-09,2025-01-08,2025-06-07,0,Cancelled
S00728,U00728,2024-04-15,2024-05-15,2025-01-10,0,Cancelled
S00729,U00729,2024-03-28,2024-04-27,2024-08-25,20,Cancelled
S00730,U00730,2024-01-15,2024-02-14,2024-05-14,0,Cancelled
S00731,U00731,2024-07-19,2024-08-18,2024-09-17,50,Cancelled
S00732,U00732,2024-06-08,2024-07-08,2024-08-07,50,Cancelled
S00733,U00733,2024-12-23,2025-01-22,2025-05-22,50,Cancelled
S00734,U00734,2024-04-28,2024-05-28,2024-05-28,20,Cancelled
S00735,U00735,2024-06-15,2024-07-15,2024-10-13,0,Cancelled
S00736,U00736,2024-08-24,2024-09-23,2025-03-22,0,Cancelled
S00737,U00737,2024-02-24,2024-03-25,2024-04-24,20,Cancelled
S00738,U00738,2024-05-02,2024-06-01,2024-12-28,20,Cancelled
S00739,U00739,2024-04-16,2024-05-16,2024-06-15,20,Cancelled
S00740,U00740,2024-12-05,2025-01-04,2025-09-01,50,Cancelled
S00741,U00741,2024-10-11,2024-11-10,,0,Active
S00742,U00742,2024-06-16,2024-07-16,2024-12-13,0,Cancelled
S00743,U00743,2024-12-04,2025-01-03,2025-01-03,50,Cancelled
S00744,U00744,2024-04-15,2024-05-15,2024-05-15,50,Cancelled
S00745,U00745,2024-10-25,2024-11-24,,20,Active
S00746,U00746,2024-10-08,2024-11-07,2025-01-06,20,Cancelled
S00747,U00747,2024-08-09,2024-09-08,2025-04-06,20,Cancelled
S00748,U00748,2024-08-10,2024-09-09,2025-01-07,0,Cancelled
S00749,U00749,2024-08-01,2024-08-31,2025-01-28,0,Cancelled
S00750,U00750,2024-09-06,2024-10-06,2024-11-05,50,Cancelled
S00751,U00751,2024-12-22,2025-01-21,2025-06-20,50,Cancelled
S00752,U00752,2024-07-15,2024-08-14,2024-10-13,0,Cancelled
S00753,U00753,2024-12-30,2025-01-29,2025-10-26,0,Cancelled
S00754,U00754,2024-02-27,2024-03-28,2024-04-27,50,Cancelled
S00755,U00755,2024-09-21,2024-10-21,2025-04-19,20,Cancelled
S00756,U00756,2024-11-09,2024-12-09,2025-01-08,20,Cancelled
S00757,U00757,2024-08-03,2024-09-02,2024-12-01,50,Cancelled
S00758,U00758,2024-02-01,2024-03-02,2024-04-01,0,Cancelled
S00759,U00759,2024-05-26,2024-06-25,2024-06-25,20,Cancelled
S00760,U00760,2024-05-20,2024-06-19,2024-10-17,50,Cancelled
S00761,U00761,2024-07-08,2024-08-07,2024-09-06,50,Cancelled
S00762,U00762,2024-02-13,2024-03-14,2024-05-13,20,Cancelled
S00763,U00763,2024-11-22,2024-12-22,2025-09-18,0,Cancelled
S00764,U00764,2024-01-27,2024-02-26,,20,Active
S00765,U00765,2024-12-15,2025-01-14,2025-03-15,50,Cancelled
S00766,U00766,2024-05-27,2024-06-26,2024-06-26,50,Cancelled
S00767,U00767,2024-11-08,2024-12-08,2024-12-08,0,Cancelled
S00768,U00768,2024-08-24,2024-09-23,2025-04-21,20,Cancelled
S00769,U00769,2024-10-07,2024-11-06,2025-04-05,20,Cancelled
S00770,U00770,2024-12-16,2025-01-15,,0,Active
S00771,U00771,2024-11-13,2024-12-13,2024-12-13,50,Cancelled
S00772,U00772,2024-02-14,2024-03-15,2024-07-13,50,Cancelled
S00773,U00773,2024-05-30,2024-06-29,2024-06-29,20,Cancelled
S00774,U00774,2024-03-23,2024-04-22,2024-04-22,20,Cancelled
S00775,U00775,2024-05-15,2024-06-14,,50,Active
S00776,U00776,2024-11-26,2024-12-26,2025-03-26,50,Cancelled
S00777,U00777,2024-05-12,2024-06-11,2024-06-11,50,Cancelled
S00778,U00778,2024-01-10,2024-02-09,2024-07-08,20,Cancelled
S00779,U00779,2024-12-24,2025-01-23,2025-04-23,50,Cancelled
S00780,U00780,2024-08-11,2024-09-10,,20,Active
S00781,U00781,2024-10-17,2024-11-16,2025-03-16,0,Cancelled
S00782,U00782,2024-09-30,2024-10-30,2025-06-27,0,Cancelled
S00783,U00783,2024-07-15,2024-08-14,2024-10-13,50,Cancelled
S00784,U00784,2024-02-13,2024-03-14,2024-05-13,0,Cancelled
S00785,U00785,2024-09-07,2024-10-07,2024-11-06,50,Cancelled
S00786,U00786,2024-01-19,2024-02-18,,0,Active
S00787,U00787,2024-12-13,2025-01-12,,0,Active
S00788,U00788,2024-11-30,2024-12-30,2025-02-28,50,Cancelled
S00789,U00789,2024-03-29,2024-04-28,2024-05-28,50,Cancelled
S00790,U00790,2024-02-24,2024-03-25,2024-03-25,0,Cancelled
S00791,U00791,2024-06-21,2024-07-21,2024-12-18,50,Cancelled
S00792,U00792,2024-04-19,2024-05-19,2024-05-19,0,Cancelled
S00793,U00793,2024-07-31,2024-08-30,2024-11-28,20,Cancelled
S00794,U00794,2024-03-09,2024-04-08,2024-06-07,0,Cancelled
S00795,U00795,2024-01-04,2024-02-03,2024-03-04,50,Cancelled
S00796,U00796,2024-12-21,2025-01-20,2025-09-17,50,Cancelled
S00797,U00797,2024-07-29,2024-08-28,2024-11-26,50,Cancelled
S00798,U00798,2024-11-09,2024-12-09,2025-03-09,0,Cancelled
S00799,U00799,2024-03-01,2024-03-31,2024-10-27,50,Cancelled
S00800,U00800,2024-11-16,2024-12-16,2025-01-15,0,Cancelled
S00801,U00801,2024-09-11,2024-10-11,2024-11-10,20,Cancelled
S00802,U00802,2024-08-10,2024-09-09,2024-09-09,0,Cancelled
S00803,U00803,2024-03-21,2024-04-20,2024-06-19,0,Cancelled
S00804,U00804,2024-08-02,2024-09-01,2024-12-30,20,Cancelled
S00805,U00805,2024-05-01,2024-05-31,2024-09-28,0,Cancelled
S00806,U00806,2024-01-28,2024-02-27,2024-03-28,20,Cancelled
S00807,U00807,2024-08-22,2024-09-21,2025-05-19,20,Cancelled
S00808,U00808,2024-12-20,2025-01-19,,20,Active
S00809,U00809,2024-03-28,2024-04-27,,50,Active
S00810,U00810,2024-02-14,2024-03-15,2024-04-14,20,Cancelled
S00811,U00811,2024-01-08,2024-02-07,2024-11-03,20,Cancelled
S00812,U00812,2024-10-20,2024-11-19,2025-04-18,50,Cancelled
S00813,U00813,2024-09-28,2024-10-28,2024-11-27,0,Cancelled
S00814,U00814,2024-12-20,2025-01-19,2025-01-19,20,Cancelled
S00815,U00815,2024-01-09,2024-02-08,2024-02-08,20,Cancelled
S00816,U00816,2024-08-25,2024-09-24,2024-10-24,50,Cancelled
S00817,U00817,2024-11-17,2024-12-17,2025-01-16,20,Cancelled
S00818,U00818,2024-12-23,2025-01-22,2025-06-21,0,Cancelled
S00819,U00819,2024-09-20,2024-10-20,2024-10-20,20,Cancelled
S00820,U00820,2024-07-06,2024-08-05,2025-01-02,50,Cancelled
S00821,U00821,2024-06-20,2024-07-20,2024-09-18,50,Cancelled
S00822,U00822,2024-06-13,2024-07-13,,0,Active
S00823,U00823,2024-06-25,2024-07-25,2024-11-22,50,Cancelled
S00824,U00824,2024-11-13,2024-12-13,2024-12-13,0,Cancelled
S00825,U00825,2024-04-01,2024-05-01,2024-05-01,0,Cancelled
S00826,U00826,2024-03-18,2024-04-17,2024-06-16,50,Cancelled
S00827,U00827,2024-06-26,2024-07-26,2024-07-26,0,Cancelled
S00828,U00828,2024-09-23,2024-10-23,2024-12-22,50,Cancelled
S00829,U00829,2024-10-30,2024-11-29,2025-02-27,20,Cancelled
S00830,U00830,2024-03-28,2024-04-27,2024-04-27,0,Cancelled
S00831,U00831,2024-05-25,2024-06-24,2024-11-21,50,Cancelled
S00832,U00832,2024-03-30,2024-04-29,2024-07-28,0,Cancelled
S00833,U00833,2024-10-21,2024-11-20,2025-02-18,0,Cancelled
S00834,U00834,2024-06-25,2024-07-25,2025-05-21,50,Cancelled
S00835,U00835,2024-01-13,2024-02-12,,0,Active
S00836,U00836,2024-11-27,2024-12-27,2024-12-27,50,Cancelled
S00837,U00837,2024-06-22,2024-07-22,2025-01-18,50,Cancelled
S00838,U00838,2024-01-13,2024-02-12,2024-10-09,0,Cancelled
S00839,U00839,2024-11-07,2024-12-07,2025-02-05,0,Cancelled
S00840,U00840,2024-10-02,2024-11-01,2024-12-31,20,Cancelled
S00841,U00841,2024-12-07,2025-01-06,2025-08-04,20,Cancelled
S00842,U00842,2024-05-25,2024-06-24,2024-06-24,0,Cancelled
S00843,U00843,2024-07-31,2024-08-30,,20,Active
S00844,U00844,2024-03-14,2024-04-13,2024-06-12,0,Cancelled
S00845,U00845,2024-01-04,2024-02-03,2024-04-03,50,Cancelled
S00846,U00846,2024-04-12,2024-05-12,2024-12-08,0,Cancelled
S00847,U00847,2024-09-09,2024-10-09,2024-12-08,0,Cancelled
S00848,U00848,2024-06-02,2024-07-02,2024-08-31,50,Cancelled
S00849,U00849,2024-04-01,2024-05-01,2024-09-28,20,Cancelled
S00850,U00850,2024-11-02,2024-12-02,2025-03-02,20,Cancelled
S00851,U00851,2024-12-21,2025-01-20,2025-03-21,0,Cancelled
S00852,U00852,2024-10-24,2024-11-23,2025-05-22,0,Cancelled
S00853,U00853,2024-01-28,2024-02-27,2024-03-28,20,Cancelled
S00854,U00854,2024-09-20,2024-10-20,2025-01-18,0,Cancelled
S00855,U00855,2024-12-16,2025-01-15,2025-03-16,50,Cancelled
S00856,U00856,2024-01-07,2024-02-06,2024-03-07,20,Cancelled
S00857,U00857,2024-02-22,2024-03-23,2024-10-19,50,Cancelled
S00858,U00858,2024-08-23,2024-09-22,2024-11-21,20,Cancelled
S00859,U00859,2024-03-12,2024-04-11,2024-09-08,50,Cancelled
S00860,U00860,2024-03-01,2024-03-31,2024-08-28,20,Cancelled
S00861,U00861,2024-03-07,2024-04-06,2024-05-06,20,Cancelled
S00862,U00862,2024-04-10,2024-05-10,2024-05-10,20,Cancelled
S00863,U00863,2024-01-23,2024-02-22,2024-09-19,50,Cancelled
S00864,U00864,2024-04-04,2024-05-04,2024-08-02,50,Cancelled
S00865,U00865,2024-06-29,2024-07-29,2024-09-27,50,Cancelled
S00866,U00866,2024-10-23,2024-11-22,2025-02-20,20,Cancelled
S00867,U00867,2024-02-20,2024-03-21,2024-06-19,50,Cancelled
S00868,U00868,2024-12-10,2025-01-09,2025-01-09,0,Cancelled
S00869,U00869,2024-02-27,2024-03-28,2024-07-26,0,Cancelled
S00870,U00870,2024-12-26,2025-01-25,2025-02-24,20,Cancelled
S00871,U00871,2024-05-25,2024-06-24,2024-07-24,50,Cancelled
S00872,U00872,2024-08-07,2024-09-06,2024-11-05,0,Cancelled
S00873,U00873,2024-12-10,2025-01-09,2025-03-10,50,Cancelled
S00874,U00874,2024-03-14,2024-04-13,2024-04-13,0,Cancelled
S00875,U00875,2024-04-11,2024-05-11,2024-06-10,0,Cancelled
S00876,U00876,2024-05-22,2024-06-21,2025-01-17,20,Cancelled
S00877,U00877,2024-12-07,2025-01-06,2025-03-07,20,Cancelled
S00878,U00878,2024-05-08,2024-06-07,2024-09-05,0,Cancelled
S00879,U00879,2024-09-12,2024-10-12,2024-11-11,50,Cancelled
S00880,U00880,2024-06-04,2024-07-04,2024-12-01,50,Cancelled
S00881,U00881,2024-04-13,2024-05-13,2025-02-07,20,Cancelled
S00882,U00882,2024-01-17,2024-02-16,2024-12-12,20,Cancelled
S00883,U00883,2024-01-19,2024-02-18,2024-04-18,50,Cancelled
S00884,U00884,2024-08-08,2024-09-07,2024-09-07,50,Cancelled
S00885,U00885,2024-08-31,2024-09-30,2024-11-29,20,Cancelled
S00886,U00886,2024-11-11,2024-12-11,2025-02-09,0,Cancelled
S00887,U00887,2024-07-06,2024-08-05,2024-08-05,20,Cancelled
S00888,U00888,2024-08-07,2024-09-06,2025-02-03,50,Cancelled
S00889,U00889,2024-04-30,2024-05-30,2024-05-30,0,Cancelled
S00890,U00890,2024-06-21,2024-07-21,2024-07-21,20,Cancelled
S00891,U00891,2024-05-16,2024-06-15,2024-07-15,20,Cancelled
S00892,U00892,2024-06-14,2024-07-14,2024-12-11,50,Cancelled
S00893,U00893,2024-09-11,2024-10-11,,20,Active
S00894,U00894,2024-04-13,2024-05-13,2024-10-10,20,Cancelled
S00895,U00895,2024-10-20,2024-11-19,2024-11-19,50,Cancelled
S00896,U00896,2024-05-19,2024-06-18,2025-03-15,0,Cancelled
S00897,U00897,2024-11-29,2024-12-29,2025-04-28,50,Cancelled
S00898,U00898,2024-07-31,2024-08-30,2024-10-29,50,Cancelled
S00899,U00899,2024-11-17,2024-12-17,,50,Active
S00900,U00900,2024-11-22,2024-12-22,2025-05-21,0,Cancelled
S00901,U00901,2024-03-16,2024-04-15,2024-04-15,20,Cancelled
S00902,U00902,2024-07-30,2024-08-29,2025-02-25,50,Cancelled
S00903,U00903,2024-05-02,2024-06-01,,20,Active
S00904,U00904,2024-10-13,2024-11-12,2025-07-10,20,Cancelled
S00905,U00905,2024-05-12,2024-06-11,2024-07-11,0,Cancelled
S00906,U00906,2024-01-29,2024-02-28,2024-06-27,20,Cancelled
S00907,U00907,2024-07-22,2024-08-21,2024-08-21,50,Cancelled
S00908,U00908,2024-09-11,2024-10-11,2024-12-10,20,Cancelled
S00909,U00909,2024-08-04,2024-09-03,2024-09-03,20,Cancelled
S00910,U00910,2024-05-10,2024-06-09,2025-02-04,0,Cancelled
S00911,U00911,2024-08-31,2024-09-30,2025-01-28,20,Cancelled
S00912,U00912,2024-01-11,2024-02-10,2024-03-11,50,Cancelled
S00913,U00913,2024-10-09,2024-11-08,2025-01-07,0,Cancelled
S00914,U00914,2024-01-05,2024-02-04,2024-02-04,20,Cancelled
S00915,U00915,2024-08-12,2024-09-11,2024-11-10,0,Cancelled
S00916,U00916,2024-07-30,2024-08-29,2024-08-29,50,Cancelled
S00917,U00917,2024-06-29,2024-07-29,2024-12-26,50,Cancelled
S00918,U00918,2024-11-24,2024-12-24,2025-02-22,20,Cancelled
S00919,U00919,2024-06-09,2024-07-09,2024-11-06,50,Cancelled
S00920,U00920,2024-06-12,2024-07-12,2025-03-09,50,Cancelled
S00921,U00921,2024-04-11,2024-05-11,2024-09-08,20,Cancelled
S00922,U00922,2024-01-12,2024-02-11,,20,Active
S00923,U00923,2024-12-25,2025-01-24,2025-02-23,50,Cancelled
S00924,U00924,2024-02-15,2024-03-16,2024-04-15,50,Cancelled
S00925,U00925,2024-12-10,2025-01-09,2025-05-09,20,Cancelled
S00926,U00926,2024-07-14,2024-08-13,2024-09-12,20,Cancelled
S00927,U00927,2024-04-02,2024-05-02,2024-12-28,0,Cancelled
S00928,U00928,2024-07-08,2024-08-07,2024-08-07,20,Cancelled
S00929,U00929,2024-12-20,2025-01-19,2025-04-19,20,Cancelled
S00930,U00930,2024-02-18,2024-03-19,2024-05-18,20,Cancelled
S00931,U00931,2024-01-03,2024-02-02,2024-04-02,20,Cancelled
S00932,U00932,2024-10-13,2024-11-12,2025-01-11,50,Cancelled
S00933,U00933,2024-08-27,2024-09-26,2025-03-25,20,Cancelled
S00934,U00934,2024-02-29,2024-03-30,2024-05-29,50,Cancelled
S00935,U00935,2024-05-24,2024-06-23,2024-06-23,0,Cancelled
S00936,U00936,2024-03-18,2024-04-17,2024-12-13,0,Cancelled
S00937,U00937,2024-04-03,2024-05-03,2024-06-02,20,Cancelled
S00938,U00938,2024-09-10,2024-10-10,2024-10-10,20,Cancelled
S00939,U00939,2024-02-27,2024-03-28,2024-10-24,0,Cancelled
S00940,U00940,2024-03-27,2024-04-26,2024-04-26,0,Cancelled
S00941,U00941,2024-02-09,2024-03-10,2024-08-07,20,Cancelled
S00942,U00942,2024-07-10,2024-08-09,2024-08-09,0,Cancelled
S00943,U00943,2024-08-20,2024-09-19,2024-09-19,0,Cancelled
S00944,U00944,2024-10-18,2024-11-17,2025-01-16,20,Cancelled
S00945,U00945,2024-10-07,2024-11-06,2025-01-05,0,Cancelled
S00946,U00946,2024-02-15,2024-03-16,2024-06-14,20,Cancelled
S00947,U00947,2024-06-01,2024-07-01,2024-08-30,50,Cancelled
S00948,U00948,2024-09-19,2024-10-19,2025-02-16,20,Cancelled
S00949,U00949,2024-08-04,2024-09-03,2024-12-02,20,Cancelled
S00950,U00950,2024-09-19,2024-10-19,2025-03-18,50,Cancelled
S00951,U00951,2024-08-27,2024-09-26,2025-04-24,0,Cancelled
S00952,U00952,2024-09-24,2024-10-24,2025-03-23,0,Cancelled
S00953,U00953,2024-09-18,2024-10-18,2025-06-15,50,Cancelled
S00954,U00954,2024-05-10,2024-06-09,2024-06-09,50,Cancelled
S00955,U00955,2024-04-03,2024-05-03,2024-12-29,20,Cancelled
S00956,U00956,2024-12-09,2025-01-08,2025-03-09,0,Cancelled
S00957,U00957,2024-11-05,2024-12-05,2025-02-03,0,Cancelled
S00958,U00958,2024-02-29,2024-03-30,2024-12-25,20,Cancelled
S00959,U00959,2024-11-12,2024-12-12,,0,Active
S00960,U00960,2024-04-07,2024-05-07,2024-05-07,20,Cancelled
S00961,U00961,2024-08-11,2024-09-10,2024-12-09,20,Cancelled
S00962,U00962,2024-08-04,2024-09-03,2024-09-03,50,Cancelled
S00963,U00963,2024-08-29,2024-09-28,2024-11-27,20,Cancelled
S00964,U00964,2024-06-19,2024-07-19,2025-04-15,50,Cancelled
S00965,U00965,2024-09-06,2024-10-06,2024-11-05,50,Cancelled
S00966,U00966,2024-08-04,2024-09-03,2024-11-02,50,Cancelled
S00967,U00967,2024-02-29,2024-03-30,2024-05-29,20,Cancelled
S00968,U00968,2024-05-27,2024-06-26,2025-03-23,0,Cancelled
S00969,U00969,2024-11-04,2024-12-04,2025-02-02,50,Cancelled
S00970,U00970,2024-12-10,2025-01-09,2025-06-08,50,Cancelled
S00971,U00971,2024-12-19,2025-01-18,2025-03-19,0,Cancelled
S00972,U00972,2024-02-21,2024-03-22,2024-09-18,50,Cancelled
S00973,U00973,2024-07-02,2024-08-01,,0,Active
S00974,U00974,2024-08-08,2024-09-07,2025-03-06,0,Cancelled
S00975,U00975,2024-06-23,2024-07-23,2025-02-18,50,Cancelled
S00976,U00976,2024-08-12,2024-09-11,2025-01-09,0,Cancelled
S00977,U00977,2024-11-18,2024-12-18,2025-03-18,20,Cancelled
S00978,U00978,2024-02-20,2024-03-21,2024-07-19,0,Cancelled
S00979,U00979,2024-07-31,2024-08-30,2024-11-28,50,Cancelled
S00980,U00980,2024-05-16,2024-06-15,2024-08-14,50,Cancelled
S00981,U00981,2024-09-28,2024-10-28,2025-02-25,20,Cancelled
S00982,U00982,2024-01-16,2024-02-15,2024-12-11,20,Cancelled
S00983,U00983,2024-03-25,2024-04-24,,50,Active
S00984,U00984,2024-11-19,2024-12-19,2025-06-17,20,Cancelled
S00985,U00985,2024-06-25,2024-07-25,2025-03-22,50,Cancelled
S00986,U00986,2024-11-25,2024-12-25,2025-09-21,20,Cancelled
S00987,U00987,2024-04-11,2024-05-11,2024-06-10,50,Cancelled
S00988,U00988,2024-04-19,2024-05-19,2024-06-18,20,Cancelled
S00989,U00989,2024-01-15,2024-02-14,2024-10-11,50,Cancelled
S00990,U00990,2024-01-31,2024-03-01,2024-06-29,0,Cancelled
S00991,U00991,2024-06-01,2024-07-01,2024-08-30,0,Cancelled
S00992,U00992,2024-06-02,2024-07-02,2024-09-30,20,Cancelled
S00993,U00993,2024-06-16,2024-07-16,2024-12-13,0,Cancelled
S00994,U00994,2024-07-29,2024-08-28,2025-01-25,20,Cancelled
S00995,U00995,2024-02-09,2024-03-10,2024-04-09,50,Cancelled
S00996,U00996,2024-10-26,2024-11-25,2025-05-24,20,Cancelled
S00997,U00997,2024-03-14,2024-04-13,2024-05-13,50,Cancelled
S00998,U00998,2024-08-21,2024-09-20,2025-03-19,50,Cancelled
S00999,U00999,2024-03-02,2024-04-01,2024-04-01,0,Cancelled
S01000,U01000,2024-06-05,2024-07-05,2025-03-02,0,Cancelled
S01001,U01001,2024-01-25,2024-02-24,2024-02-24,20,Cancelled
S01002,U01002,2024-10-07,2024-11-06,2024-12-06,50,Cancelled
S01003,U01003,2024-06-21,2024-07-21,2024-09-19,50,Cancelled
S01004,U01004,2024-12-07,2025-01-06,2025-01-06,50,Cancelled
S01005,U01005,2024-04-29,2024-05-29,2024-08-27,20,Cancelled
S01006,U01006,2024-03-25,2024-04-24,2024-12-20,50,Cancelled
S01007,U01007,2024-04-08,2024-05-08,2024-07-07,50,Cancelled
S01008,U01008,2024-09-14,2024-10-14,2025-01-12,20,Cancelled
S01009,U01009,2024-12-27,2025-01-26,2025-08-24,50,Cancelled
S01010,U01010,2024-01-12,2024-02-11,2024-08-09,50,Cancelled
S01011,U01011,2024-05-11,2024-06-10,2024-06-10,20,Cancelled
S01012,U01012,2024-05-10,2024-06-09,2024-11-06,0,Cancelled
S01013,U01013,2024-04-02,2024-05-02,2024-05-02,0,Cancelled
S01014,U01014,2024-07-30,2024-08-29,2024-09-28,0,Cancelled
S01015,U01015,2024-09-09,2024-10-09,2025-03-08,0,Cancelled
S01016,U01016,2024-10-10,2024-11-09,2025-01-08,50,Cancelled
S01017,U01017,2024-05-17,2024-06-16,2025-04-12,50,Cancelled
S01018,U01018,2024-10-17,2024-11-16,2024-11-16,20,Cancelled
S01019,U01019,2024-10-02,2024-11-01,2024-12-01,20,Cancelled
S01020,U01020,2024-01-01,2024-01-31,2024-01-31,50,Cancelled
S01021,U01021,2024-11-19,2024-12-19,,0,Active
S01022,U01022,2024-02-15,2024-03-16,2024-04-15,50,Cancelled
S01023,U01023,2024-04-17,2024-05-17,2024-07-16,20,Cancelled
S01024,U01024,2024-05-05,2024-06-04,2025-01-30,50,Cancelled
S01025,U01025,2024-12-20,2025-01-19,2025-09-16,0,Cancelled
S01026,U01026,2024-07-30,2024-08-29,,0,Active
S01027,U01027,2024-12-09,2025-01-08,2025-01-08,50,Cancelled
S01028,U01028,2024-03-31,2024-04-30,2024-06-29,0,Cancelled
S01029,U01029,2024-04-23,2024-05-23,2025-03-19,0,Cancelled
S01030,U01030,2024-04-29,2024-05-29,2024-05-29,50,Cancelled
S01031,U01031,2024-04-10,2024-05-10,2024-06-09,50,Cancelled
S01032,U01032,2024-10-09,2024-11-08,2025-01-07,50,Cancelled
S01033,U01033,2024-10-28,2024-11-27,2025-09-23,50,Cancelled
S01034,U01034,2024-04-08,2024-05-08,2024-09-05,50,Cancelled
S01035,U01035,2024-08-06,2024-09-05,,20,Active
S01036,U01036,2024-12-14,2025-01-13,2025-03-14,0,Cancelled
S01037,U01037,2024-05-22,2024-06-21,2024-12-18,20,Cancelled
S01038,U01038,2024-02-11,2024-03-12,2024-04-11,0,Cancelled
S01039,U01039,2024-06-17,2024-07-17,2024-09-15,20,Cancelled
S01040,U01040,2024-05-08,2024-06-07,2024-10-05,0,Cancelled
S01041,U01041,2024-02-07,2024-03-08,2024-04-07,20,Cancelled
S01042,U01042,2024-02-01,2024-03-02,2024-03-02,0,Cancelled
S01043,U01043,2024-01-29,2024-02-28,2024-09-25,50,Cancelled
S01044,U01044,2024-05-30,2024-06-29,2024-10-27,50,Cancelled
S01045,U01045,2024-07-15,2024-08-14,2025-03-12,50,Cancelled
S01046,U01046,2024-09-21,2024-10-21,2025-06-18,0,Cancelled
S01047,U01047,2024-10-20,2024-11-19,2025-03-19,20,Cancelled
S01048,U01048,2024-04-05,2024-05-05,2024-09-02,20,Cancelled
S01049,U01049,2024-06-08,2024-07-08,,20,Active
S01050,U01050,2024-07-07,2024-08-06,2024-08-06,0,Cancelled
S01051,U01051,2024-09-16,2024-10-16,2024-10-16,0,Cancelled
S01052,U01052,2024-06-23,2024-07-23,,20,Active
S01053,U01053,2024-11-11,2024-12-11,2025-10-07,20,Cancelled
S01054,U01054,2024-04-22,2024-05-22,,20,Active
S01055,U01055,2024-09-03,2024-10-03,,0,Active
S01056,U01056,2024-01-06,2024-02-05,2024-02-05,0,Cancelled
S01057,U01057,2024-04-09,2024-05-09,2024-05-09,0,Cancelled
S01058,U01058,2024-03-30,2024-04-29,2025-01-24,0,Cancelled
S01059,U01059,2024-01-12,2024-02-11,2024-03-12,0,Cancelled
S01060,U01060,2024-06-22,2024-07-22,2025-04-18,20,Cancelled
S01061,U01061,2024-12-30,2025-01-29,2025-01-29,0,Cancelled
S01062,U01062,2024-06-11,2024-07-11,,50,Active
S01063,U01063,2024-03-17,2024-04-16,2024-05-16,50,Cancelled
S01064,U01064,2024-02-11,2024-03-12,2024-03-12,50,Cancelled
S01065,U01065,2024-09-12,2024-10-12,2025-06-09,20,Cancelled
S01066,U01066,2024-08-30,2024-09-29,2024-11-28,0,Cancelled
S01067,U01067,2024-04-30,2024-05-30,2024-09-27,50,Cancelled
S01068,U01068,2024-05-10,2024-06-09,2024-06-09,20,Cancelled
S01069,U01069,2024-10-25,2024-11-24,2024-11-24,20,Cancelled
S01070,U01070,2024-08-09,2024-09-08,2025-05-06,20,Cancelled
S01071,U01071,2024-08-14,2024-09-13,2024-10-13,20,Cancelled
S01072,U01072,2024-04-26,2024-05-26,2024-11-22,50,Cancelled
S01073,U01073,2024-04-10,2024-05-10,,50,Active
S01074,U01074,2024-12-27,2025-01-26,2025-02-25,20,Cancelled
S01075,U01075,2024-07-25,2024-08-24,2024-10-23,50,Cancelled
S01076,U01076,2024-04-26,2024-05-26,2024-05-26,50,Cancelled
S01077,U01077,2024-06-23,2024-07-23,2024-09-21,20,Cancelled
S01078,U01078,2024-08-18,2024-09-17,2024-11-16,0,Cancelled
S01079,U01079,2024-09-12,2024-10-12,2024-11-11,20,Cancelled
S01080,U01080,2024-06-15,2024-07-15,2024-08-14,0,Cancelled
S01081,U01081,2024-07-14,2024-08-13,2025-04-10,0,Cancelled
S01082,U01082,2024-06-17,2024-07-17,2024-12-14,0,Cancelled
S01083,U01083,2024-12-18,2025-01-17,,0,Active
S01084,U01084,2024-04-15,2024-05-15,2024-09-12,0,Cancelled
S01085,U01085,2024-03-28,2024-04-27,,0,Active
S01086,U01086,2024-02-05,2024-03-06,,20,Active
S01087,U01087,2024-11-05,2024-12-05,2025-01-04,50,Cancelled
S01088,U01088,2024-04-13,2024-05-13,2024-06-12,50,Cancelled
S01089,U01089,2024-10-18,2024-11-17,2025-01-16,0,Cancelled
S01090,U01090,2024-06-26,2024-07-26,2024-07-26,0,Cancelled
S01091,U01091,2024-04-01,2024-05-01,2024-09-28,50,Cancelled
S01092,U01092,2024-07-20,2024-08-19,2024-11-17,50,Cancelled
S01093,U01093,2024-12-23,2025-01-22,2025-05-22,50,Cancelled
S01094,U01094,2024-02-09,2024-03-10,2024-04-09,0,Cancelled
S01095,U01095,2024-09-16,2024-10-16,2024-12-15,50,Cancelled
S01096,U01096,2024-06-24,2024-07-24,2024-10-22,0,Cancelled
S01097,U01097,2024-12-29,2025-01-28,,0,Active
S01098,U01098,2024-08-12,2024-09-11,2024-09-11,0,Cancelled
S01099,U01099,2024-05-30,2024-06-29,2024-07-29,50,Cancelled
S01100,U01100,2024-03-19,2024-04-18,2024-06-17,0,Cancelled
S01101,U01101,2024-12-22,2025-01-21,2025-04-21,50,Cancelled
S01102,U01102,2024-12-19,2025-01-18,2025-01-18,20,Cancelled
S01103,U01103,2024-07-10,2024-08-09,2024-12-07,0,Cancelled
S01104,U01104,2024-04-08,2024-05-08,2024-06-07,50,Cancelled
S01105,U01105,2024-01-23,2024-02-22,2024-06-21,50,Cancelled
S01106,U01106,2024-10-04,2024-11-03,,0,Active
S01107,U01107,2024-03-29,2024-04-28,2024-05-28,0,Cancelled
S01108,U01108,2024-02-03,2024-03-04,2024-05-03,0,Cancelled
S01109,U01109,2024-06-03,2024-07-03,2024-08-02,0,Cancelled
S01110,U01110,2024-12-13,2025-01-12,2025-01-12,50,Cancelled
S01111,U01111,2024-02-04,2024-03-05,2024-06-03,50,Cancelled
S01112,U01112,2024-04-29,2024-05-29,2024-06-28,50,Cancelled
S01113,U01113,2024-11-13,2024-12-13,2025-06-11,20,Cancelled
S01114,U01114,2024-07-11,2024-08-10,2024-09-09,50,Cancelled
S01115,U01115,2024-03-09,2024-04-08,2024-05-08,20,Cancelled
S01116,U01116,2024-06-18,2024-07-18,2024-11-15,0,Cancelled
S01117,U01117,2024-09-23,2024-10-23,2024-12-22,20,Cancelled
S01118,U01118,2024-01-27,2024-02-26,2024-11-22,0,Cancelled
S01119,U01119,2024-09-16,2024-10-16,2024-10-16,50,Cancelled
S01120,U01120,2024-08-05,2024-09-04,,50,Active
S01121,U01121,2024-05-19,2024-06-18,2024-06-18,0,Cancelled
S01122,U01122,2024-08-04,2024-09-03,2025-04-01,0,Cancelled
S01123,U01123,2024-02-12,2024-03-13,2024-08-10,50,Cancelled
S01124,U01124,2024-07-13,2024-08-12,2024-10-11,50,Cancelled
S01125,U01125,2024-06-19,2024-07-19,2025-01-15,0,Cancelled
S01126,U01126,2024-09-13,2024-10-13,2025-04-11,20,Cancelled
S01127,U01127,2024-07-15,2024-08-14,2024-11-12,0,Cancelled
S01128,U01128,2024-10-16,2024-11-15,2024-12-15,20,Cancelled
S01129,U01129,2024-12-22,2025-01-21,2025-07-20,0,Cancelled
S01130,U01130,2024-01-18,2024-02-17,2024-04-17,50,Cancelled
S01131,U01131,2024-05-10,2024-06-09,2024-08-08,0,Cancelled
S01132,U01132,2024-11-25,2024-12-25,2025-06-23,0,Cancelled
S01133,U01133,2024-08-06,2024-09-05,2024-11-04,20,Cancelled
S01134,U01134,2024-02-25,2024-03-26,2024-04-25,50,Cancelled
S01135,U01135,2024-12-23,2025-01-22,2025-01-22,0,Cancelled
S01136,U01136,2024-09-25,2024-10-25,2025-01-23,0,Cancelled
S01137,U01137,2024-12-26,2025-01-25,2025-06-24,0,Cancelled
S01138,U01138,2024-04-05,2024-05-05,2024-12-31,20,Cancelled
S01139,U01139,2024-11-21,2024-12-21,2025-06-19,0,Cancelled
S01140,U01140,2024-06-24,2024-07-24,2024-08-23,50,Cancelled
S01141,U01141,2024-02-01,2024-03-02,,0,Active
S01142,U01142,2024-11-04,2024-12-04,2025-05-03,50,Cancelled
S01143,U01143,2024-07-08,2024-08-07,2024-11-05,50,Cancelled
S01144,U01144,2024-11-08,2024-12-08,2025-06-06,20,Cancelled
S01145,U01145,2024-01-14,2024-02-13,2024-03-14,0,Cancelled
S01146,U01146,2024-11-12,2024-12-12,2025-04-11,0,Cancelled
S01147,U01147,2024-01-09,2024-02-08,2024-03-09,20,Cancelled
S01148,U01148,2024-07-23,2024-08-22,2025-03-20,20,Cancelled
S01149,U01149,2024-05-30,2024-06-29,,20,Active
S01150,U01150,2024-12-10,2025-01-09,2025-02-08,20,Cancelled
S01151,U01151,2024-04-18,2024-05-18,2024-09-15,50,Cancelled
S01152,U01152,2024-06-16,2024-07-16,2024-07-16,20,Cancelled
S01153,U01153,2024-09-30,2024-10-30,,20,Active
S01154,U01154,2024-11-25,2024-12-25,2025-03-25,0,Cancelled
S01155,U01155,2024-05-28,2024-06-27,2024-09-25,50,Cancelled
S01156,U01156,2024-10-20,2024-11-19,2024-11-19,50,Cancelled
S01157,U01157,2024-02-01,2024-03-02,2024-04-01,20,Cancelled
S01158,U01158,2024-09-23,2024-10-23,2024-11-22,20,Cancelled
S01159,U01159,2024-06-10,2024-07-10,2024-10-08,20,Cancelled
S01160,U01160,2024-03-15,2024-04-14,2024-05-14,50,Cancelled
S01161,U01161,2024-12-27,2025-01-26,,50,Active
S01162,U01162,2024-06-19,2024-07-19,2024-08-18,50,Cancelled
S01163,U01163,2024-09-06,2024-10-06,2025-08-02,50,Cancelled
S01164,U01164,2024-08-04,2024-09-03,2024-11-02,0,Cancelled
S01165,U01165,2024-12-22,2025-01-21,2025-01-21,0,Cancelled
S01166,U01166,2024-12-29,2025-01-28,2025-06-27,50,Cancelled
S01167,U01167,2024-03-15,2024-04-14,2024-11-10,0,Cancelled
S01168,U01168,2024-12-13,2025-01-12,2025-01-12,0,Cancelled
S01169,U01169,2024-08-30,2024-09-29,2024-11-28,20,Cancelled
S01170,U01170,2024-11-17,2024-12-17,2024-12-17,0,Cancelled
S01171,U01171,2024-06-03,2024-07-03,2025-04-29,50,Cancelled
S01172,U01172,2024-11-28,2024-12-28,2025-05-27,0,Cancelled
S01173,U01173,2024-03-03,2024-04-02,2024-04-02,50,Cancelled
S01174,U01174,2024-12-21,2025-01-20,,20,Active
S01175,U01175,2024-10-19,2024-11-18,2025-02-16,50,Cancelled
S01176,U01176,2024-12-24,2025-01-23,2025-01-23,20,Cancelled
S01177,U01177,2024-04-16,2024-05-16,2025-02-10,50,Cancelled
S01178,U01178,2024-03-03,2024-04-02,2024-06-01,0,Cancelled
S01179,U01179,2024-01-18,2024-02-17,,50,Active
S01180,U01180,2024-12-02,2025-01-01,2025-06-30,20,Cancelled
S01181,U01181,2024-10-22,2024-11-21,2025-03-21,50,Cancelled
S01182,U01182,2024-12-05,2025-01-04,2025-02-03,20,Cancelled
S01183,U01183,2024-11-04,2024-12-04,2025-06-02,0,Cancelled
S01184,U01184,2024-10-08,2024-11-07,2025-05-06,20,Cancelled
S01185,U01185,2024-12-12,2025-01-11,2025-01-11,50,Cancelled
S01186,U01186,2024-07-09,2024-08-08,,0,Active
S01187,U01187,2024-07-13,2024-08-12,2024-09-11,0,Cancelled
S01188,U01188,2024-02-03,2024-03-04,2024-03-04,20,Cancelled
S01189,U01189,2024-05-20,2024-06-19,2024-09-17,0,Cancelled
S01190,U01190,2024-09-26,2024-10-26,2025-07-23,50,Cancelled
S01191,U01191,2024-10-09,2024-11-08,2025-03-08,20,Cancelled
S01192,U01192,2024-06-25,2024-07-25,2024-10-23,50,Cancelled
S01193,U01193,2024-01-05,2024-02-04,,20,Active
S01194,U01194,2024-11-23,2024-12-23,2025-04-22,20,Cancelled
S01195,U01195,2024-06-30,2024-07-30,2024-12-27,50,Cancelled
S01196,U01196,2024-11-21,2024-12-21,2025-02-19,50,Cancelled
S01197,U01197,2024-05-02,2024-06-01,2024-11-28,50,Cancelled
S01198,U01198,2024-01-06,2024-02-05,2024-07-04,20,Cancelled
S01199,U01199,2024-01-08,2024-02-07,2024-09-04,50,Cancelled
S01200,U01200,2024-12-04,2025-01-03,2025-05-03,20,Cancelled
S01201,U01201,2024-03-30,2024-04-29,2024-04-29,0,Cancelled
S01202,U01202,2024-07-13,2024-08-12,2024-09-11,0,Cancelled
S01203,U01203,2024-06-02,2024-07-02,2024-08-01,50,Cancelled
S01204,U01204,2024-06-05,2024-07-05,2024-08-04,20,Cancelled
S01205,U01205,2024-01-04,2024-02-03,2024-04-03,0,Cancelled
S01206,U01206,2024-04-05,2024-05-05,,20,Active
S01207,U01207,2024-09-27,2024-10-27,2025-02-24,0,Cancelled
S01208,U01208,2024-04-25,2024-05-25,2024-08-23,20,Cancelled
S01209,U01209,2024-02-25,2024-03-26,2024-08-23,20,Cancelled
S01210,U01210,2024-07-02,2024-08-01,2024-09-30,0,Cancelled
S01211,U01211,2024-08-03,2024-09-02,2024-10-02,0,Cancelled
S01212,U01212,2024-03-01,2024-03-31,2024-05-30,50,Cancelled
S01213,U01213,2024-07-23,2024-08-22,2025-03-20,0,Cancelled
S01214,U01214,2024-03-20,2024-04-19,2024-08-17,50,Cancelled
S01215,U01215,2024-11-01,2024-12-01,2024-12-31,20,Cancelled
S01216,U01216,2024-08-07,2024-09-06,2024-09-06,0,Cancelled
S01217,U01217,2024-02-28,2024-03-29,2024-04-28,20,Cancelled
S01218,U01218,2024-04-06,2024-05-06,2024-06-05,0,Cancelled
S01219,U01219,2024-05-20,2024-06-19,,0,Active
S01220,U01220,2024-07-13,2024-08-12,2024-08-12,20,Cancelled
S01221,U01221,2024-02-01,2024-03-02,2024-05-01,20,Cancelled
S01222,U01222,2024-06-28,2024-07-28,2024-07-28,0,Cancelled
S01223,U01223,2024-01-27,2024-02-26,2024-11-22,20,Cancelled
S01224,U01224,2024-08-08,2024-09-07,2025-01-05,20,Cancelled
S01225,U01225,2024-12-08,2025-01-07,2025-09-04,20,Cancelled
S01226,U01226,2024-05-01,2024-05-31,,0,Active
S01227,U01227,2024-01-22,2024-02-21,2024-04-21,20,Cancelled
S01228,U01228,2024-10-06,2024-11-05,2025-04-04,50,Cancelled
S01229,U01229,2024-03-06,2024-04-05,2025-01-30,50,Cancelled
S01230,U01230,2024-08-17,2024-09-16,2025-02-13,20,Cancelled
S01231,U01231,2024-03-26,2024-04-25,2024-04-25,50,Cancelled
S01232,U01232,2024-07-22,2024-08-21,2024-09-20,20,Cancelled
S01233,U01233,2024-07-24,2024-08-23,,0,Active
S01234,U01234,2024-09-19,2024-10-19,2025-05-17,0,Cancelled
S01235,U01235,2024-10-09,2024-11-08,2024-11-08,0,Cancelled
S01236,U01236,2024-11-23,2024-12-23,2024-12-23,50,Cancelled
S01237,U01237,2024-09-30,2024-10-30,,20,Active
S01238,U01238,2024-12-27,2025-01-26,2025-03-27,20,Cancelled
S01239,U01239,2024-11-16,2024-12-16,2025-04-15,0,Cancelled
S01240,U01240,2024-10-02,2024-11-01,2024-11-01,20,Cancelled
S01241,U01241,2024-04-22,2024-05-22,,20,Active
S01242,U01242,2024-07-07,2024-08-06,2024-09-05,20,Cancelled
S01243,U01243,2024-04-06,2024-05-06,2024-11-02,20,Cancelled
S01244,U01244,2024-07-20,2024-08-19,,0,Active
S01245,U01245,2024-08-20,2024-09-19,2024-11-18,0,Cancelled
S01246,U01246,2024-07-15,2024-08-14,2025-06-10,0,Cancelled
S01247,U01247,2024-05-17,2024-06-16,2024-06-16,0,Cancelled
S01248,U01248,2024-04-13,2024-05-13,2025-02-07,20,Cancelled
S01249,U01249,2024-03-20,2024-04-19,2024-05-19,50,Cancelled
S01250,U01250,2024-01-23,2024-02-22,2024-02-22,20,Cancelled
S01251,U01251,2024-04-24,2024-05-24,2024-08-22,20,Cancelled
S01252,U01252,2024-12-16,2025-01-15,2025-07-14,0,Cancelled
S01253,U01253,2024-05-24,2024-06-23,,20,Active
S01254,U01254,2024-11-05,2024-12-05,2025-01-04,50,Cancelled
S01255,U01255,2024-03-17,2024-04-16,,0,Active
S01256,U01256,2024-12-04,2025-01-03,2025-06-02,50,Cancelled
S01257,U01257,2024-03-16,2024-04-15,,50,Active
S01258,U01258,2024-03-15,2024-04-14,2024-04-14,20,Cancelled
S01259,U01259,2024-08-05,2024-09-04,2024-10-04,50,Cancelled
S01260,U01260,2024-08-02,2024-09-01,2024-09-01,50,Cancelled
S01261,U01261,2024-02-12,2024-03-13,2024-07-11,0,Cancelled
S01262,U01262,2024-01-02,2024-02-01,,0,Active
S01263,U01263,2024-06-27,2024-07-27,2024-07-27,50,Cancelled
S01264,U01264,2024-04-17,2024-05-17,2025-03-13,50,Cancelled
S01265,U01265,2024-01-14,2024-02-13,,0,Active
S01266,U01266,2024-10-31,2024-11-30,2025-02-28,0,Cancelled
S01267,U01267,2024-01-07,2024-02-06,,50,Active
S01268,U01268,2024-08-28,2024-09-27,2024-10-27,50,Cancelled
S01269,U01269,2024-02-26,2024-03-27,2024-03-27,50,Cancelled
S01270,U01270,2024-07-21,2024-08-20,2025-06-16,50,Cancelled
S01271,U01271,2024-08-04,2024-09-03,2024-09-03,0,Cancelled
S01272,U01272,2024-11-12,2024-12-12,2024-12-12,50,Cancelled
S01273,U01273,2024-09-01,2024-10-01,2025-02-28,0,Cancelled
S01274,U01274,2024-04-09,2024-05-09,,50,Active
S01275,U01275,2024-05-02,2024-06-01,2024-07-01,0,Cancelled
S01276,U01276,2024-04-06,2024-05-06,2024-08-04,0,Cancelled
S01277,U01277,2024-01-24,2024-02-23,2024-05-23,20,Cancelled
S01278,U01278,2024-09-13,2024-10-13,2025-06-10,0,Cancelled
S01279,U01279,2024-07-27,2024-08-26,2024-08-26,50,Cancelled
S01280,U01280,2024-10-27,2024-11-26,2025-03-26,20,Cancelled
S01281,U01281,2024-04-28,2024-05-28,2024-05-28,50,Cancelled
S01282,U01282,2024-03-08,2024-04-07,2024-04-07,50,Cancelled
S01283,U01283,2024-04-16,2024-05-16,2024-05-16,50,Cancelled
S01284,U01284,2024-01-08,2024-02-07,2024-02-07,0,Cancelled
S01285,U01285,2024-03-27,2024-04-26,2024-10-23,20,Cancelled
S01286,U01286,2024-02-06,2024-03-07,2024-05-06,20,Cancelled
S01287,U01287,2024-03-04,2024-04-03,2024-05-03,20,Cancelled
S01288,U01288,2024-08-13,2024-09-12,2024-09-12,0,Cancelled
S01289,U01289,2024-05-14,2024-06-13,,0,Active
S01290,U01290,2024-02-23,2024-03-24,2024-03-24,0,Cancelled
S01291,U01291,2024-12-08,2025-01-07,2025-08-05,50,Cancelled
S01292,U01292,2024-02-13,2024-03-14,2025-01-08,0,Cancelled
S01293,U01293,2024-02-03,2024-03-04,2024-05-03,50,Cancelled
S01294,U01294,2024-05-22,2024-06-21,2024-08-20,0,Cancelled
S01295,U01295,2024-10-17,2024-11-16,2024-12-16,20,Cancelled
S01296,U01296,2024-01-28,2024-02-27,2024-03-28,50,Cancelled
S01297,U01297,2024-03-13,2024-04-12,2025-01-07,50,Cancelled
S01298,U01298,2024-09-25,2024-10-25,2025-05-23,0,Cancelled
S01299,U01299,2024-06-01,2024-07-01,2024-10-29,20,Cancelled
S01300,U01300,2024-06-30,2024-07-30,2024-08-29,50,Cancelled
S01301,U01301,2024-12-07,2025-01-06,2025-02-05,50,Cancelled
S01302,U01302,2024-03-18,2024-04-17,,50,Active
S01303,U01303,2024-09-23,2024-10-23,,20,Active
S01304,U01304,2024-04-21,2024-05-21,2024-07-20,20,Cancelled
S01305,U01305,2024-04-17,2024-05-17,2024-06-16,20,Cancelled
S01306,U01306,2024-06-06,2024-07-06,2025-02-01,20,Cancelled
S01307,U01307,2024-10-04,2024-11-03,2025-07-31,20,Cancelled
S01308,U01308,2024-03-31,2024-04-30,2024-07-29,20,Cancelled
S01309,U01309,2024-12-25,2025-01-24,2025-03-25,50,Cancelled
S01310,U01310,2024-02-23,2024-03-24,2024-10-20,20,Cancelled
S01311,U01311,2024-08-03,2024-09-02,,0,Active
S01312,U01312,2024-03-04,2024-04-03,2024-11-29,20,Cancelled
S01313,U01313,2024-05-17,2024-06-16,2024-09-14,0,Cancelled
S01314,U01314,2024-01-17,2024-02-16,2024-09-13,50,Cancelled
S01315,U01315,2024-03-28,2024-04-27,2024-10-24,50,Cancelled
S01316,U01316,2024-10-22,2024-11-21,2025-05-20,20,Cancelled
S01317,U01317,2024-04-28,2024-05-28,2025-03-24,50,Cancelled
S01318,U01318,2024-10-10,2024-11-09,2025-02-07,0,Cancelled
S01319,U01319,2024-11-17,2024-12-17,2024-12-17,20,Cancelled
S01320,U01320,2024-08-20,2024-09-19,,50,Active
S01321,U01321,2024-04-09,2024-05-09,2024-07-08,0,Cancelled
S01322,U01322,2024-03-14,2024-04-13,2024-06-12,20,Cancelled
S01323,U01323,2024-03-13,2024-04-12,2024-06-11,20,Cancelled
S01324,U01324,2024-07-19,2024-08-18,2024-12-16,20,Cancelled
S01325,U01325,2024-12-17,2025-01-16,2025-03-17,0,Cancelled
S01326,U01326,2024-04-01,2024-05-01,2024-05-31,20,Cancelled
S01327,U01327,2024-11-10,2024-12-10,2025-04-09,50,Cancelled
S01328,U01328,2024-04-08,2024-05-08,2024-09-05,50,Cancelled
S01329,U01329,2024-07-05,2024-08-04,2025-01-01,0,Cancelled
S01330,U01330,2024-05-17,2024-06-16,2024-10-14,50,Cancelled
S01331,U01331,2024-09-10,2024-10-10,2024-12-09,0,Cancelled
S01332,U01332,2024-07-20,2024-08-19,2024-08-19,0,Cancelled
S01333,U01333,2024-08-16,2024-09-15,2025-01-13,0,Cancelled
S01334,U01334,2024-04-12,2024-05-12,2024-10-09,0,Cancelled
S01335,U01335,2024-10-27,2024-11-26,2024-11-26,0,Cancelled
S01336,U01336,2024-06-14,2024-07-14,2025-05-10,0,Cancelled
S01337,U01337,2024-03-15,2024-04-14,2024-07-13,0,Cancelled
S01338,U01338,2024-08-26,2024-09-25,2024-11-24,20,Cancelled
S01339,U01339,2024-02-22,2024-03-23,2024-03-23,50,Cancelled
S01340,U01340,2024-06-11,2024-07-11,2024-07-11,20,Cancelled
S01341,U01341,2024-08-03,2024-09-02,2024-11-01,20,Cancelled
S01342,U01342,2024-10-22,2024-11-21,2025-04-20,0,Cancelled
S01343,U01343,2024-03-08,2024-04-07,2024-08-05,50,Cancelled
S01344,U01344,2024-08-28,2024-09-27,2024-12-26,20,Cancelled
S01345,U01345,2024-10-11,2024-11-10,2025-06-08,20,Cancelled
S01346,U01346,2024-11-24,2024-12-24,2025-02-22,0,Cancelled
S01347,U01347,2024-03-12,2024-04-11,2024-07-10,0,Cancelled
S01348,U01348,2024-10-02,2024-11-01,2024-11-01,0,Cancelled
S01349,U01349,2024-02-08,2024-03-09,2024-09-05,50,Cancelled
S01350,U01350,2024-10-25,2024-11-24,2024-12-24,50,Cancelled
S01351,U01351,2024-12-08,2025-01-07,2025-02-06,20,Cancelled
S01352,U01352,2024-06-13,2024-07-13,2024-11-10,20,Cancelled
S01353,U01353,2024-10-12,2024-11-11,2025-05-10,0,Cancelled
S01354,U01354,2024-04-18,2024-05-18,2024-09-15,0,Cancelled
S01355,U01355,2024-06-23,2024-07-23,2024-12-20,20,Cancelled
S01356,U01356,2024-09-15,2024-10-15,,20,Active
S01357,U01357,2024-04-06,2024-05-06,2024-05-06,20,Cancelled
S01358,U01358,2024-08-24,2024-09-23,2024-12-22,20,Cancelled
S01359,U01359,2024-01-15,2024-02-14,2024-12-10,20,Cancelled
S01360,U01360,2024-06-30,2024-07-30,2024-08-29,20,Cancelled
S01361,U01361,2024-08-13,2024-09-12,2024-10-12,20,Cancelled
S01362,U01362,2024-05-30,2024-06-29,2024-08-28,50,Cancelled
S01363,U01363,2024-02-25,2024-03-26,2024-05-25,0,Cancelled
S01364,U01364,2024-10-21,2024-11-20,2024-12-20,0,Cancelled
S01365,U01365,2024-07-20,2024-08-19,2024-11-17,0,Cancelled
S01366,U01366,2024-11-22,2024-12-22,2024-12-22,0,Cancelled
S01367,U01367,2024-09-14,2024-10-14,2025-06-11,0,Cancelled
S01368,U01368,2024-12-14,2025-01-13,,0,Active
S01369,U01369,2024-08-07,2024-09-06,2024-09-06,0,Cancelled
S01370,U01370,2024-08-30,2024-09-29,2025-01-27,0,Cancelled
S01371,U01371,2024-10-17,2024-11-16,2024-12-16,0,Cancelled
S01372,U01372,2024-06-20,2024-07-20,2024-08-19,20,Cancelled
S01373,U01373,2024-08-22,2024-09-21,2024-10-21,50,Cancelled
S01374,U01374,2024-05-18,2024-06-17,2025-01-13,0,Cancelled
S01375,U01375,2024-09-11,2024-10-11,2025-01-09,20,Cancelled
S01376,U01376,2024-02-15,2024-03-16,2024-06-14,50,Cancelled
S01377,U01377,2024-05-15,2024-06-14,2024-11-11,20,Cancelled
S01378,U01378,2024-04-07,2024-05-07,2024-10-04,50,Cancelled
S01379,U01379,2024-08-20,2024-09-19,2024-10-19,20,Cancelled
S01380,U01380,2024-12-14,2025-01-13,2025-09-10,50,Cancelled
S01381,U01381,2024-09-06,2024-10-06,2025-01-04,0,Cancelled
S01382,U01382,2024-10-30,2024-11-29,2025-05-28,20,Cancelled
S01383,U01383,2024-01-26,2024-02-25,2024-12-21,50,Cancelled
S01384,U01384,2024-05-18,2024-06-17,2024-11-14,0,Cancelled
S01385,U01385,2024-01-17,2024-02-16,2024-03-17,20,Cancelled
S01386,U01386,2024-06-03,2024-07-03,2024-07-03,20,Cancelled
S01387,U01387,2024-05-08,2024-06-07,2024-07-07,20,Cancelled
S01388,U01388,2024-10-17,2024-11-16,2024-11-16,20,Cancelled
S01389,U01389,2024-09-26,2024-10-26,2024-10-26,20,Cancelled
S01390,U01390,2024-08-03,2024-09-02,2024-09-02,0,Cancelled
S01391,U01391,2024-05-04,2024-06-03,2024-10-01,50,Cancelled
S01392,U01392,2024-07-20,2024-08-19,,20,Active
S01393,U01393,2024-01-29,2024-02-28,2024-10-25,0,Cancelled
S01394,U01394,2024-12-19,2025-01-18,2025-06-17,0,Cancelled
S01395,U01395,2024-03-10,2024-04-09,2024-06-08,20,Cancelled
S01396,U01396,2024-11-15,2024-12-15,2025-04-14,0,Cancelled
S01397,U01397,2024-05-06,2024-06-05,2024-06-05,20,Cancelled
S01398,U01398,2024-03-03,2024-04-02,2024-06-01,50,Cancelled
S01399,U01399,2024-12-02,2025-01-01,,0,Active
S01400,U01400,2024-12-02,2025-01-01,2025-05-31,50,Cancelled
S01401,U01401,2024-09-02,2024-10-02,2024-12-31,50,Cancelled
S01402,U01402,2024-07-16,2024-08-15,2024-08-15,0,Cancelled
S01403,U01403,2024-08-22,2024-09-21,2024-09-21,20,Cancelled
S01404,U01404,2024-01-22,2024-02-21,2024-04-21,0,Cancelled
S01405,U01405,2024-09-13,2024-10-13,2024-12-12,0,Cancelled
S01406,U01406,2024-06-29,2024-07-29,2024-07-29,50,Cancelled
S01407,U01407,2024-12-03,2025-01-02,2025-05-02,20,Cancelled
S01408,U01408,2024-03-07,2024-04-06,2024-12-02,50,Cancelled
S01409,U01409,2024-01-24,2024-02-23,2024-06-22,50,Cancelled
S01410,U01410,2024-12-13,2025-01-12,2025-07-11,0,Cancelled
S01411,U01411,2024-02-02,2024-03-03,2024-05-02,50,Cancelled
S01412,U01412,2024-07-10,2024-08-09,2025-04-06,0,Cancelled
S01413,U01413,2024-03-09,2024-04-08,2024-06-07,20,Cancelled
S01414,U01414,2024-12-13,2025-01-12,2025-03-13,50,Cancelled
S01415,U01415,2024-10-25,2024-11-24,2025-02-22,0,Cancelled
S01416,U01416,2024-07-27,2024-08-26,2024-10-25,50,Cancelled
S01417,U01417,2024-04-16,2024-05-16,2024-08-14,50,Cancelled
S01418,U01418,2024-08-12,2024-09-11,2024-09-11,0,Cancelled
S01419,U01419,2024-02-21,2024-03-22,2024-06-20,50,Cancelled
S01420,U01420,2024-04-24,2024-05-24,2024-11-20,0,Cancelled
S01421,U01421,2024-09-30,2024-10-30,2025-02-27,50,Cancelled
S01422,U01422,2024-10-25,2024-11-24,2025-04-23,20,Cancelled
S01423,U01423,2024-06-20,2024-07-20,2024-09-18,20,Cancelled
S01424,U01424,2024-09-09,2024-10-09,2025-06-06,20,Cancelled
S01425,U01425,2024-11-02,2024-12-02,2024-12-02,20,Cancelled
S01426,U01426,2024-01-19,2024-02-18,2024-03-19,20,Cancelled
S01427,U01427,2024-01-11,2024-02-10,,20,Active
S01428,U01428,2024-01-27,2024-02-26,2024-02-26,20,Cancelled
S01429,U01429,2024-08-12,2024-09-11,2024-09-11,20,Cancelled
S01430,U01430,2024-05-01,2024-05-31,2025-01-26,20,Cancelled
S01431,U01431,2024-05-07,2024-06-06,2024-06-06,0,Cancelled
S01432,U01432,2024-06-09,2024-07-09,2024-07-09,50,Cancelled
S01433,U01433,2024-12-02,2025-01-01,2025-04-01,50,Cancelled
S01434,U01434,2024-12-27,2025-01-26,2025-02-25,20,Cancelled
S01435,U01435,2024-11-30,2024-12-30,2025-03-30,50,Cancelled
S01436,U01436,2024-06-26,2024-07-26,2024-08-25,0,Cancelled
S01437,U01437,2024-09-23,2024-10-23,,20,Active
S01438,U01438,2024-04-30,2024-05-30,,20,Active
S01439,U01439,2024-05-22,2024-06-21,2025-02-16,20,Cancelled
S01440,U01440,2024-01-10,2024-02-09,2024-06-08,0,Cancelled
S01441,U01441,2024-12-03,2025-01-02,2025-01-02,50,Cancelled
S01442,U01442,2024-11-07,2024-12-07,2025-10-03,20,Cancelled
S01443,U01443,2024-01-30,2024-02-29,2024-09-26,20,Cancelled
S01444,U01444,2024-10-20,2024-11-19,2024-11-19,20,Cancelled
S01445,U01445,2024-03-08,2024-04-07,2024-06-06,50,Cancelled
S01446,U01446,2024-10-19,2024-11-18,2025-02-16,20,Cancelled
S01447,U01447,2024-03-04,2024-04-03,2024-08-01,20,Cancelled
S01448,U01448,2024-08-13,2024-09-12,,50,Active
S01449,U01449,2024-01-30,2024-02-29,2024-09-26,20,Cancelled
S01450,U01450,2024-05-21,2024-06-20,2024-10-18,0,Cancelled
S01451,U01451,2024-04-29,2024-05-29,2024-10-26,50,Cancelled
S01452,U01452,2024-01-22,2024-02-21,2024-12-17,20,Cancelled
S01453,U01453,2024-12-13,2025-01-12,,0,Active
S01454,U01454,2024-02-27,2024-03-28,2024-06-26,50,Cancelled
S01455,U01455,2024-02-06,2024-03-07,2024-08-04,20,Cancelled
S01456,U01456,2024-07-27,2024-08-26,2024-08-26,0,Cancelled
S01457,U01457,2024-01-23,2024-02-22,2024-04-22,50,Cancelled
S01458,U01458,2024-09-18,2024-10-18,2025-01-16,20,Cancelled
S01459,U01459,2024-07-14,2024-08-13,2024-09-12,50,Cancelled
S01460,U01460,2024-09-27,2024-10-27,2025-01-25,50,Cancelled
S01461,U01461,2024-05-17,2024-06-16,2024-07-16,0,Cancelled
S01462,U01462,2024-08-21,2024-09-20,2025-02-17,50,Cancelled
S01463,U01463,2024-02-10,2024-03-11,,50,Active
S01464,U01464,2024-08-17,2024-09-16,2025-03-15,0,Cancelled
S01465,U01465,2024-11-06,2024-12-06,2025-03-06,0,Cancelled
S01466,U01466,2024-09-15,2024-10-15,2024-11-14,0,Cancelled
S01467,U01467,2024-03-26,2024-04-25,2024-08-23,20,Cancelled
S01468,U01468,2024-01-18,2024-02-17,2024-02-17,50,Cancelled
S01469,U01469,2024-06-30,2024-07-30,2024-07-30,20,Cancelled
S01470,U01470,2024-06-21,2024-07-21,2024-09-19,0,Cancelled
S01471,U01471,2024-08-17,2024-09-16,2024-12-15,20,Cancelled
S01472,U01472,2024-10-28,2024-11-27,2024-12-27,50,Cancelled
S01473,U01473,2024-07-13,2024-08-12,2025-01-09,0,Cancelled
S01474,U01474,2024-06-23,2024-07-23,2024-07-23,50,Cancelled
S01475,U01475,2024-06-14,2024-07-14,2024-12-11,50,Cancelled
S01476,U01476,2024-09-22,2024-10-22,2024-10-22,20,Cancelled
S01477,U01477,2024-03-01,2024-03-31,2025-01-25,0,Cancelled
S01478,U01478,2024-11-06,2024-12-06,,0,Active
S01479,U01479,2024-11-02,2024-12-02,2025-01-01,20,Cancelled
S01480,U01480,2024-04-14,2024-05-14,2024-10-11,0,Cancelled
S01481,U01481,2024-02-26,2024-03-27,2024-10-23,20,Cancelled
S01482,U01482,2024-03-11,2024-04-10,,50,Active
S01483,U01483,2024-06-16,2024-07-16,2025-03-13,50,Cancelled
S01484,U01484,2024-01-20,2024-02-19,,50,Active
S01485,U01485,2024-05-05,2024-06-04,2025-03-01,0,Cancelled
S01486,U01486,2024-03-18,2024-04-17,2024-08-15,0,Cancelled
S01487,U01487,2024-01-02,2024-02-01,,0,Active
S01488,U01488,2024-12-18,2025-01-17,2025-10-14,20,Cancelled
S01489,U01489,2024-06-02,2024-07-02,2024-10-30,20,Cancelled
S01490,U01490,2024-05-31,2024-06-30,2024-07-30,20,Cancelled
S01491,U01491,2024-12-05,2025-01-04,2025-01-04,50,Cancelled
S01492,U01492,2024-12-22,2025-01-21,2025-03-22,50,Cancelled
S01493,U01493,2024-01-15,2024-02-14,2024-07-13,0,Cancelled
S01494,U01494,2024-12-11,2025-01-10,2025-05-10,20,Cancelled
S01495,U01495,2024-05-17,2024-06-16,2024-08-15,0,Cancelled
S01496,U01496,2024-07-28,2024-08-27,,50,Active
S01497,U01497,2024-03-07,2024-04-06,2024-05-06,0,Cancelled
S01498,U01498,2024-10-10,2024-11-09,2024-12-09,20,Cancelled
S01499,U01499,2024-10-01,2024-10-31,2025-05-29,20,Cancelled
S01500,U01500,2024-04-20,2024-05-20,2024-09-17,0,Cancelled
S01501,U01501,2024-09-05,2024-10-05,2025-03-04,0,Cancelled
S01502,U01502,2024-05-19,2024-06-18,,50,Active
S01503,U01503,2024-02-09,2024-03-10,2024-04-09,50,Cancelled
S01504,U01504,2024-10-28,2024-11-27,2025-02-25,20,Cancelled
S01505,U01505,2024-05-20,2024-06-19,2024-08-18,50,Cancelled
S01506,U01506,2024-05-29,2024-06-28,2024-08-27,20,Cancelled
S01507,U01507,2024-12-25,2025-01-24,2025-01-24,20,Cancelled
S01508,U01508,2024-10-06,2024-11-05,2025-01-04,0,Cancelled
S01509,U01509,2024-08-16,2024-09-15,2024-10-15,20,Cancelled
S01510,U01510,2024-11-18,2024-12-18,,20,Active
S01511,U01511,2024-03-13,2024-04-12,2024-06-11,20,Cancelled
S01512,U01512,2024-06-08,2024-07-08,,50,Active
S01513,U01513,2024-05-17,2024-06-16,2024-10-14,20,Cancelled
S01514,U01514,2024-06-13,2024-07-13,2024-12-10,20,Cancelled
S01515,U01515,2024-03-06,2024-04-05,2024-12-31,0,Cancelled
S01516,U01516,2024-02-28,2024-03-29,2024-06-27,50,Cancelled
S01517,U01517,2024-10-07,2024-11-06,2025-01-05,20,Cancelled
S01518,U01518,2024-09-24,2024-10-24,2025-03-23,20,Cancelled
S01519,U01519,2024-09-22,2024-10-22,2025-01-20,20,Cancelled
S01520,U01520,2024-09-25,2024-10-25,2024-12-24,0,Cancelled
S01521,U01521,2024-02-04,2024-03-05,2024-08-02,0,Cancelled
S01522,U01522,2024-02-18,2024-03-19,2024-05-18,0,Cancelled
S01523,U01523,2024-06-25,2024-07-25,2024-07-25,20,Cancelled
S01524,U01524,2024-11-15,2024-12-15,2025-07-13,50,Cancelled
S01525,U01525,2024-04-20,2024-05-20,2024-08-18,50,Cancelled
S01526,U01526,2024-10-21,2024-11-20,,0,Active
S01527,U01527,2024-04-20,2024-05-20,2025-01-15,20,Cancelled
S01528,U01528,2024-02-09,2024-03-10,2024-04-09,50,Cancelled
S01529,U01529,2024-06-03,2024-07-03,2024-08-02,20,Cancelled
S01530,U01530,2024-06-08,2024-07-08,2024-07-08,0,Cancelled
S01531,U01531,2024-12-30,2025-01-29,2025-06-28,50,Cancelled
S01532,U01532,2024-10-12,2024-11-11,2025-01-10,20,Cancelled
S01533,U01533,2024-08-05,2024-09-04,2024-11-03,20,Cancelled
S01534,U01534,2024-04-10,2024-05-10,2024-06-09,50,Cancelled
S01535,U01535,2024-02-18,2024-03-19,2024-08-16,20,Cancelled
S01536,U01536,2024-11-24,2024-12-24,2025-01-23,50,Cancelled
S01537,U01537,2024-08-29,2024-09-28,2025-05-26,20,Cancelled
S01538,U01538,2024-07-08,2024-08-07,2024-09-06,0,Cancelled
S01539,U01539,2024-08-02,2024-09-01,2025-01-29,0,Cancelled
S01540,U01540,2024-10-05,2024-11-04,2025-04-03,50,Cancelled
S01541,U01541,2024-10-27,2024-11-26,2024-11-26,20,Cancelled
S01542,U01542,2024-02-03,2024-03-04,2024-04-03,0,Cancelled
S01543,U01543,2024-01-23,2024-02-22,2024-02-22,50,Cancelled
S01544,U01544,2024-05-20,2024-06-19,2024-11-16,50,Cancelled
S01545,U01545,2024-02-15,2024-03-16,2024-08-13,0,Cancelled
S01546,U01546,2024-03-27,2024-04-26,2024-05-26,50,Cancelled
S01547,U01547,2024-12-14,2025-01-13,2025-03-14,20,Cancelled
S01548,U01548,2024-05-22,2024-06-21,2024-07-21,0,Cancelled
S01549,U01549,2024-03-31,2024-04-30,2024-09-27,20,Cancelled
S01550,U01550,2024-06-27,2024-07-27,2024-08-26,50,Cancelled
S01551,U01551,2024-10-02,2024-11-01,2025-06-29,50,Cancelled
S01552,U01552,2024-06-24,2024-07-24,2024-12-21,50,Cancelled
S01553,U01553,2024-04-21,2024-05-21,2024-10-18,50,Cancelled
S01554,U01554,2024-03-12,2024-04-11,2024-09-08,20,Cancelled
S01555,U01555,2024-12-25,2025-01-24,2025-08-22,20,Cancelled
S01556,U01556,2024-06-21,2024-07-21,2024-12-18,0,Cancelled
S01557,U01557,2024-01-12,2024-02-11,2024-02-11,20,Cancelled
S01558,U01558,2024-05-09,2024-06-08,2024-12-05,50,Cancelled
S01559,U01559,2024-01-21,2024-02-20,2024-02-20,20,Cancelled
S01560,U01560,2024-03-24,2024-04-23,2024-10-20,0,Cancelled
S01561,U01561,2024-01-28,2024-02-27,2024-03-28,20,Cancelled
S01562,U01562,2024-01-01,2024-01-31,2024-09-27,20,Cancelled
S01563,U01563,2024-04-30,2024-05-30,2024-07-29,0,Cancelled
S01564,U01564,2024-09-01,2024-10-01,2024-10-01,50,Cancelled
S01565,U01565,2024-08-29,2024-09-28,2024-11-27,20,Cancelled
S01566,U01566,2024-03-09,2024-04-08,2024-04-08,20,Cancelled
S01567,U01567,2024-09-07,2024-10-07,2025-06-04,50,Cancelled
S01568,U01568,2024-07-07,2024-08-06,,50,Active
S01569,U01569,2024-11-26,2024-12-26,,0,Active
S01570,U01570,2024-02-17,2024-03-18,2024-08-15,20,Cancelled
S01571,U01571,2024-12-11,2025-01-10,2025-03-11,0,Cancelled
S01572,U01572,2024-08-26,2024-09-25,2025-01-23,0,Cancelled
S01573,U01573,2024-03-06,2024-04-05,2024-04-05,20,Cancelled
S01574,U01574,2024-01-28,2024-02-27,2024-03-28,20,Cancelled
S01575,U01575,2024-12-30,2025-01-29,2025-04-29,20,Cancelled
S01576,U01576,2024-03-17,2024-04-16,2024-06-15,50,Cancelled
S01577,U01577,2024-01-25,2024-02-24,,20,Active
S01578,U01578,2024-11-02,2024-12-02,,50,Active
S01579,U01579,2024-10-04,2024-11-03,2025-01-02,0,Cancelled
S01580,U01580,2024-06-01,2024-07-01,2024-07-01,50,Cancelled
S01581,U01581,2024-05-07,2024-06-06,2024-09-04,50,Cancelled
S01582,U01582,2024-08-08,2024-09-07,,50,Active
S01583,U01583,2024-02-09,2024-03-10,2024-11-05,50,Cancelled
S01584,U01584,2024-09-19,2024-10-19,2025-01-17,20,Cancelled
S01585,U01585,2024-05-11,2024-06-10,,0,Active
S01586,U01586,2024-11-11,2024-12-11,2025-03-11,50,Cancelled
S01587,U01587,2024-08-11,2024-09-10,2024-11-09,50,Cancelled
S01588,U01588,2024-04-02,2024-05-02,2024-05-02,0,Cancelled
S01589,U01589,2024-12-02,2025-01-01,2025-01-01,50,Cancelled
S01590,U01590,2024-04-23,2024-05-23,2024-05-23,50,Cancelled
S01591,U01591,2024-10-28,2024-11-27,2024-11-27,20,Cancelled
S01592,U01592,2024-06-24,2024-07-24,2024-09-22,20,Cancelled
S01593,U01593,2024-09-29,2024-10-29,2024-10-29,0,Cancelled
S01594,U01594,2024-10-14,2024-11-13,2024-11-13,20,Cancelled
S01595,U01595,2024-12-11,2025-01-10,2025-01-10,20,Cancelled
S01596,U01596,2024-01-12,2024-02-11,2024-10-08,50,Cancelled
S01597,U01597,2024-11-06,2024-12-06,2024-12-06,0,Cancelled
S01598,U01598,2024-03-22,2024-04-21,2024-04-21,0,Cancelled
S01599,U01599,2024-06-12,2024-07-12,2025-02-07,50,Cancelled
S01600,U01600,2024-07-25,2024-08-24,2025-01-21,0,Cancelled
S01601,U01601,2024-01-02,2024-02-01,2024-07-30,0,Cancelled
S01602,U01602,2024-08-02,2024-09-01,,50,Active
S01603,U01603,2024-01-12,2024-02-11,2024-03-12,50,Cancelled
S01604,U01604,2024-07-08,2024-08-07,2025-01-04,50,Cancelled
S01605,U01605,2024-08-22,2024-09-21,,50,Active
S01606,U01606,2024-03-08,2024-04-07,,20,Active
S01607,U01607,2024-12-16,2025-01-15,2025-06-14,50,Cancelled
S01608,U01608,2024-03-22,2024-04-21,2024-07-20,0,Cancelled
S01609,U01609,2024-07-16,2024-08-15,2025-05-12,0,Cancelled
S01610,U01610,2024-09-03,2024-10-03,2024-10-03,0,Cancelled
S01611,U01611,2024-09-18,2024-10-18,,0,Active
S01612,U01612,2024-10-23,2024-11-22,2024-11-22,50,Cancelled
S01613,U01613,2024-05-04,2024-06-03,2024-11-30,50,Cancelled
S01614,U01614,2024-12-29,2025-01-28,2025-04-28,50,Cancelled
S01615,U01615,2024-08-18,2024-09-17,,0,Active
S01616,U01616,2024-09-24,2024-10-24,2024-10-24,20,Cancelled
S01617,U01617,2024-03-22,2024-04-21,2024-04-21,20,Cancelled
S01618,U01618,2024-12-21,2025-01-20,2025-02-19,20,Cancelled
S01619,U01619,2024-04-18,2024-05-18,2024-06-17,20,Cancelled
S01620,U01620,2024-11-12,2024-12-12,2024-12-12,20,Cancelled
S01621,U01621,2024-09-05,2024-10-05,2024-11-04,20,Cancelled
S01622,U01622,2024-12-08,2025-01-07,2025-02-06,0,Cancelled
S01623,U01623,2024-11-07,2024-12-07,2025-01-06,20,Cancelled
S01624,U01624,2024-04-13,2024-05-13,2024-05-13,0,Cancelled
S01625,U01625,2024-05-18,2024-06-17,2024-06-17,20,Cancelled
S01626,U01626,2024-05-11,2024-06-10,2024-08-09,50,Cancelled
S01627,U01627,2024-01-21,2024-02-20,2024-04-20,50,Cancelled
S01628,U01628,2024-03-08,2024-04-07,2024-08-05,0,Cancelled
S01629,U01629,2024-02-20,2024-03-21,,20,Active
S01630,U01630,2024-02-12,2024-03-13,2024-05-12,20,Cancelled
S01631,U01631,2024-10-24,2024-11-23,2025-03-23,50,Cancelled
S01632,U01632,2024-05-08,2024-06-07,2024-06-07,0,Cancelled
S01633,U01633,2024-09-20,2024-10-20,2025-02-17,0,Cancelled
S01634,U01634,2024-12-13,2025-01-12,2025-02-11,0,Cancelled
S01635,U01635,2024-06-12,2024-07-12,2024-07-12,0,Cancelled
S01636,U01636,2024-02-18,2024-03-19,2024-06-17,0,Cancelled
S01637,U01637,2024-06-06,2024-07-06,,50,Active
S01638,U01638,2024-10-19,2024-11-18,2024-11-18,20,Cancelled
S01639,U01639,2024-11-08,2024-12-08,2025-05-07,50,Cancelled
S01640,U01640,2024-04-27,2024-05-27,2024-12-23,20,Cancelled
S01641,U01641,2024-06-10,2024-07-10,2024-07-10,0,Cancelled
S01642,U01642,2024-07-28,2024-08-27,2025-05-24,0,Cancelled
S01643,U01643,2024-12-04,2025-01-03,,20,Active
S01644,U01644,2024-06-15,2024-07-15,2024-11-12,50,Cancelled
S01645,U01645,2024-02-24,2024-03-25,2024-05-24,20,Cancelled
S01646,U01646,2024-12-03,2025-01-02,2025-03-03,50,Cancelled
S01647,U01647,2024-02-21,2024-03-22,2024-05-21,20,Cancelled
S01648,U01648,2024-02-26,2024-03-27,2024-05-26,20,Cancelled
S01649,U01649,2024-10-28,2024-11-27,2024-12-27,0,Cancelled
S01650,U01650,2024-10-12,2024-11-11,,50,Active
S01651,U01651,2024-08-16,2024-09-15,2025-02-12,0,Cancelled
S01652,U01652,2024-06-19,2024-07-19,,50,Active
S01653,U01653,2024-03-02,2024-04-01,2024-08-29,0,Cancelled
S01654,U01654,2024-01-09,2024-02-08,2024-06-07,20,Cancelled
S01655,U01655,2024-11-20,2024-12-20,2025-03-20,50,Cancelled
S01656,U01656,2024-09-19,2024-10-19,,0,Active
S01657,U01657,2024-05-21,2024-06-20,2024-08-19,0,Cancelled
S01658,U01658,2024-09-27,2024-10-27,,50,Active
S01659,U01659,2024-11-15,2024-12-15,2025-07-13,20,Cancelled
S01660,U01660,2024-04-24,2024-05-24,2024-11-20,50,Cancelled
S01661,U01661,2024-10-22,2024-11-21,2024-11-21,0,Cancelled
S01662,U01662,2024-09-30,2024-10-30,2024-10-30,20,Cancelled
S01663,U01663,2024-12-02,2025-01-01,2025-01-31,20,Cancelled
S01664,U01664,2024-06-30,2024-07-30,2024-08-29,0,Cancelled
S01665,U01665,2024-07-13,2024-08-12,2024-12-10,0,Cancelled
S01666,U01666,2024-02-17,2024-03-18,2024-07-16,0,Cancelled
S01667,U01667,2024-03-02,2024-04-01,2024-05-01,20,Cancelled
S01668,U01668,2024-04-17,2024-05-17,2024-05-17,50,Cancelled
S01669,U01669,2024-01-09,2024-02-08,2024-05-08,20,Cancelled
S01670,U01670,2024-02-03,2024-03-04,2024-08-31,0,Cancelled
S01671,U01671,2024-01-09,2024-02-08,2024-05-08,0,Cancelled
S01672,U01672,2024-03-06,2024-04-05,2024-04-05,0,Cancelled
S01673,U01673,2024-07-09,2024-08-08,2024-08-08,0,Cancelled
S01674,U01674,2024-07-05,2024-08-04,2024-11-02,20,Cancelled
S01675,U01675,2024-05-15,2024-06-14,2024-08-13,0,Cancelled
S01676,U01676,2024-03-14,2024-04-13,2024-09-10,50,Cancelled
S01677,U01677,2024-02-21,2024-03-22,2024-12-17,0,Cancelled
S01678,U01678,2024-08-25,2024-09-24,,50,Active
S01679,U01679,2024-08-31,2024-09-30,2024-09-30,50,Cancelled
S01680,U01680,2024-09-01,2024-10-01,2024-10-01,0,Cancelled
S01681,U01681,2024-04-25,2024-05-25,,50,Active
S01682,U01682,2024-04-25,2024-05-25,2024-09-22,20,Cancelled
S01683,U01683,2024-06-16,2024-07-16,2024-11-13,20,Cancelled
S01684,U01684,2024-04-03,2024-05-03,2025-01-28,20,Cancelled
S01685,U01685,2024-10-19,2024-11-18,2024-12-18,50,Cancelled
S01686,U01686,2024-04-19,2024-05-19,,50,Active
S01687,U01687,2024-06-21,2024-07-21,2025-01-17,20,Cancelled
S01688,U01688,2024-09-22,2024-10-22,2024-10-22,0,Cancelled
S01689,U01689,2024-04-26,2024-05-26,2024-06-25,20,Cancelled
S01690,U01690,2024-08-11,2024-09-10,2025-05-08,50,Cancelled
S01691,U01691,2024-12-14,2025-01-13,2025-03-14,20,Cancelled
S01692,U01692,2024-09-29,2024-10-29,2025-08-25,0,Cancelled
S01693,U01693,2024-11-21,2024-12-21,2025-05-20,50,Cancelled
S01694,U01694,2024-05-22,2024-06-21,2024-12-18,20,Cancelled
S01695,U01695,2024-06-13,2024-07-13,2024-10-11,20,Cancelled
S01696,U01696,2024-11-09,2024-12-09,2025-05-08,0,Cancelled
S01697,U01697,2024-05-04,2024-06-03,2024-08-02,0,Cancelled
S01698,U01698,2024-02-06,2024-03-07,2024-05-06,50,Cancelled
S01699,U01699,2024-08-15,2024-09-14,2025-02-11,50,Cancelled
S01700,U01700,2024-09-25,2024-10-25,2025-05-23,50,Cancelled
S01701,U01701,2024-03-04,2024-04-03,2024-11-29,0,Cancelled
S01702,U01702,2024-01-21,2024-02-20,2024-06-19,50,Cancelled
S01703,U01703,2024-05-29,2024-06-28,,50,Active
S01704,U01704,2024-12-06,2025-01-05,2025-07-04,50,Cancelled
S01705,U01705,2024-05-21,2024-06-20,,50,Active
S01706,U01706,2024-02-12,2024-03-13,2024-05-12,20,Cancelled
S01707,U01707,2024-12-06,2025-01-05,2025-03-06,50,Cancelled
S01708,U01708,2024-11-04,2024-12-04,2025-03-04,0,Cancelled
S01709,U01709,2024-10-24,2024-11-23,2024-12-23,50,Cancelled
S01710,U01710,2024-11-27,2024-12-27,,50,Active
S01711,U01711,2024-04-20,2024-05-20,2024-07-19,20,Cancelled
S01712,U01712,2024-08-21,2024-09-20,2024-10-20,20,Cancelled
S01713,U01713,2024-06-15,2024-07-15,2024-07-15,50,Cancelled
S01714,U01714,2024-06-27,2024-07-27,2025-05-23,50,Cancelled
S01715,U01715,2024-06-05,2024-07-05,2024-08-04,20,Cancelled
S01716,U01716,2024-07-14,2024-08-13,2025-01-10,20,Cancelled
S01717,U01717,2024-03-27,2024-04-26,,20,Active
S01718,U01718,2024-07-22,2024-08-21,2025-02-17,0,Cancelled
S01719,U01719,2024-03-15,2024-04-14,2024-07-13,0,Cancelled
S01720,U01720,2024-05-30,2024-06-29,2025-01-25,20,Cancelled
S01721,U01721,2024-10-07,2024-11-06,2025-04-05,0,Cancelled
S01722,U01722,2024-04-25,2024-05-25,2025-03-21,20,Cancelled
S01723,U01723,2024-11-09,2024-12-09,,0,Active
S01724,U01724,2024-05-13,2024-06-12,2024-12-09,20,Cancelled
S01725,U01725,2024-10-03,2024-11-02,2024-11-02,0,Cancelled
S01726,U01726,2024-09-16,2024-10-16,,50,Active
S01727,U01727,2024-12-25,2025-01-24,2025-10-21,50,Cancelled
S01728,U01728,2024-11-12,2024-12-12,2025-06-10,0,Cancelled
S01729,U01729,2024-10-13,2024-11-12,2024-11-12,0,Cancelled
S01730,U01730,2024-02-03,2024-03-04,2024-05-03,0,Cancelled
S01731,U01731,2024-12-26,2025-01-25,2025-01-25,20,Cancelled
S01732,U01732,2024-04-29,2024-05-29,2024-09-26,50,Cancelled
S01733,U01733,2024-11-08,2024-12-08,2024-12-08,0,Cancelled
S01734,U01734,2024-03-23,2024-04-22,2024-11-18,0,Cancelled
S01735,U01735,2024-06-18,2024-07-18,2025-02-13,50,Cancelled
S01736,U01736,2024-07-14,2024-08-13,2024-09-12,0,Cancelled
S01737,U01737,2024-03-31,2024-04-30,2024-07-29,0,Cancelled
S01738,U01738,2024-04-12,2024-05-12,2024-07-11,0,Cancelled
S01739,U01739,2024-11-06,2024-12-06,2025-03-06,0,Cancelled
S01740,U01740,2024-09-27,2024-10-27,2025-02-24,0,Cancelled
S01741,U01741,2024-03-29,2024-04-28,2024-09-25,50,Cancelled
S01742,U01742,2024-02-19,2024-03-20,2024-07-18,0,Cancelled
S01743,U01743,2024-09-16,2024-10-16,2025-04-14,50,Cancelled
S01744,U01744,2024-05-29,2024-06-28,2025-03-25,0,Cancelled
S01745,U01745,2024-04-08,2024-05-08,2024-10-05,50,Cancelled
S01746,U01746,2024-02-29,2024-03-30,2024-06-28,20,Cancelled
S01747,U01747,2024-09-08,2024-10-08,2024-12-07,20,Cancelled
S01748,U01748,2024-12-05,2025-01-04,2025-04-04,50,Cancelled
S01749,U01749,2024-06-13,2024-07-13,2024-10-11,20,Cancelled
S01750,U01750,2024-07-12,2024-08-11,2024-09-10,20,Cancelled
S01751,U01751,2024-06-05,2024-07-05,2024-08-04,0,Cancelled
S01752,U01752,2024-11-24,2024-12-24,2024-12-24,20,Cancelled
S01753,U01753,2024-06-29,2024-07-29,2025-05-25,20,Cancelled
S01754,U01754,2024-02-20,2024-03-21,2024-05-20,50,Cancelled
S01755,U01755,2024-04-15,2024-05-15,2024-07-14,20,Cancelled
S01756,U01756,2024-05-28,2024-06-27,2024-09-25,0,Cancelled
S01757,U01757,2024-01-23,2024-02-22,2024-11-18,50,Cancelled
S01758,U01758,2024-12-14,2025-01-13,2025-03-14,50,Cancelled
S01759,U01759,2024-12-19,2025-01-18,,0,Active
S01760,U01760,2024-11-03,2024-12-03,2025-02-01,20,Cancelled
S01761,U01761,2024-02-06,2024-03-07,2024-03-07,0,Cancelled
S01762,U01762,2024-03-26,2024-04-25,,20,Active
S01763,U01763,2024-02-25,2024-03-26,2024-03-26,20,Cancelled
S01764,U01764,2024-09-22,2024-10-22,,0,Active
S01765,U01765,2024-04-04,2024-05-04,2024-07-03,50,Cancelled
S01766,U01766,2024-03-14,2024-04-13,2024-07-12,50,Cancelled
S01767,U01767,2024-10-18,2024-11-17,2024-11-17,20,Cancelled
S01768,U01768,2024-11-25,2024-12-25,2025-06-23,50,Cancelled
S01769,U01769,2024-04-04,2024-05-04,2024-07-03,20,Cancelled
S01770,U01770,2024-11-04,2024-12-04,2024-12-04,50,Cancelled
S01771,U01771,2024-02-27,2024-03-28,2024-05-27,50,Cancelled
S01772,U01772,2024-07-08,2024-08-07,2025-06-03,0,Cancelled
S01773,U01773,2024-10-15,2024-11-14,2025-01-13,50,Cancelled
S01774,U01774,2024-01-11,2024-02-10,2024-04-10,50,Cancelled
S01775,U01775,2024-05-01,2024-05-31,2025-02-25,50,Cancelled
S01776,U01776,2024-03-19,2024-04-18,2024-04-18,20,Cancelled
S01777,U01777,2024-05-11,2024-06-10,2024-08-09,0,Cancelled
S01778,U01778,2024-07-29,2024-08-28,2024-12-26,50,Cancelled
S01779,U01779,2024-07-26,2024-08-25,2024-09-24,20,Cancelled
S01780,U01780,2024-06-21,2024-07-21,2024-08-20,50,Cancelled
S01781,U01781,2024-04-21,2024-05-21,2024-08-19,50,Cancelled
S01782,U01782,2024-10-07,2024-11-06,2025-01-05,0,Cancelled
S01783,U01783,2024-10-04,2024-11-03,2024-11-03,0,Cancelled
S01784,U01784,2024-10-09,2024-11-08,2024-11-08,0,Cancelled
S01785,U01785,2024-12-21,2025-01-20,2025-04-20,20,Cancelled
S01786,U01786,2024-10-21,2024-11-20,2025-07-18,0,Cancelled
S01787,U01787,2024-06-10,2024-07-10,2024-07-10,0,Cancelled
S01788,U01788,2024-01-11,2024-02-10,2024-04-10,20,Cancelled
S01789,U01789,2024-04-19,2024-05-19,2024-05-19,20,Cancelled
S01790,U01790,2024-12-26,2025-01-25,2025-11-21,0,Cancelled
S01791,U01791,2024-07-31,2024-08-30,2025-02-26,50,Cancelled
S01792,U01792,2024-12-19,2025-01-18,2025-06-17,0,Cancelled
S01793,U01793,2024-08-30,2024-09-29,2025-02-26,50,Cancelled
S01794,U01794,2024-10-26,2024-11-25,2025-08-22,50,Cancelled
S01795,U01795,2024-02-13,2024-03-14,2024-09-10,20,Cancelled
S01796,U01796,2024-02-26,2024-03-27,2024-08-24,0,Cancelled
S01797,U01797,2024-01-09,2024-02-08,,20,Active
S01798,U01798,2024-09-23,2024-10-23,,50,Active
S01799,U01799,2024-05-14,2024-06-13,2024-12-10,50,Cancelled
S01800,U01800,2024-06-19,2024-07-19,2024-10-17,50,Cancelled
S01801,U01801,2024-07-13,2024-08-12,2024-09-11,50,Cancelled
S01802,U01802,2024-06-20,2024-07-20,2024-07-20,20,Cancelled
S01803,U01803,2024-05-13,2024-06-12,2025-01-08,0,Cancelled
S01804,U01804,2024-12-07,2025-01-06,2025-03-07,0,Cancelled
S01805,U01805,2024-03-31,2024-04-30,2024-05-30,0,Cancelled
S01806,U01806,2024-06-23,2024-07-23,2024-10-21,20,Cancelled
S01807,U01807,2024-01-29,2024-02-28,,0,Active
S01808,U01808,2024-08-09,2024-09-08,,0,Active
S01809,U01809,2024-11-16,2024-12-16,2025-02-14,20,Cancelled
S01810,U01810,2024-05-27,2024-06-26,2024-11-23,0,Cancelled
S01811,U01811,2024-03-31,2024-04-30,2024-04-30,0,Cancelled
S01812,U01812,2024-04-06,2024-05-06,2024-08-04,50,Cancelled
S01813,U01813,2024-09-16,2024-10-16,2024-10-16,20,Cancelled
S01814,U01814,2024-12-01,2024-12-31,2025-01-30,0,Cancelled
S01815,U01815,2024-06-25,2024-07-25,,50,Active
S01816,U01816,2024-12-11,2025-01-10,2025-04-10,50,Cancelled
S01817,U01817,2024-06-12,2024-07-12,2025-03-09,20,Cancelled
S01818,U01818,2024-10-06,2024-11-05,2024-11-05,50,Cancelled
S01819,U01819,2024-08-26,2024-09-25,2024-09-25,20,Cancelled
S01820,U01820,2024-07-16,2024-08-15,2024-11-13,50,Cancelled
S01821,U01821,2024-07-06,2024-08-05,2024-11-03,0,Cancelled
S01822,U01822,2024-01-09,2024-02-08,2024-03-09,0,Cancelled
S01823,U01823,2024-07-19,2024-08-18,2024-11-16,0,Cancelled
S01824,U01824,2024-08-09,2024-09-08,2024-12-07,0,Cancelled
S01825,U01825,2024-12-27,2025-01-26,2025-06-25,50,Cancelled
S01826,U01826,2024-08-01,2024-08-31,2024-10-30,50,Cancelled
S01827,U01827,2024-11-09,2024-12-09,2025-01-08,20,Cancelled
S01828,U01828,2024-07-08,2024-08-07,2025-05-04,20,Cancelled
S01829,U01829,2024-04-17,2024-05-17,2024-07-16,20,Cancelled
S01830,U01830,2024-10-22,2024-11-21,2025-05-20,50,Cancelled
S01831,U01831,2024-05-07,2024-06-06,2024-12-03,50,Cancelled
S01832,U01832,2024-03-16,2024-04-15,2024-04-15,50,Cancelled
S01833,U01833,2024-08-18,2024-09-17,,0,Active
S01834,U01834,2024-04-24,2024-05-24,2024-06-23,20,Cancelled
S01835,U01835,2024-06-12,2024-07-12,2024-07-12,0,Cancelled
S01836,U01836,2024-02-01,2024-03-02,,20,Active
S01837,U01837,2024-06-01,2024-07-01,2025-01-27,0,Cancelled
S01838,U01838,2024-07-07,2024-08-06,2025-02-02,0,Cancelled
S01839,U01839,2024-02-25,2024-03-26,2024-08-23,50,Cancelled
S01840,U01840,2024-03-24,2024-04-23,2025-01-18,0,Cancelled
S01841,U01841,2024-07-07,2024-08-06,2024-08-06,50,Cancelled
S01842,U01842,2024-07-21,2024-08-20,2025-02-16,20,Cancelled
S01843,U01843,2024-09-18,2024-10-18,2024-10-18,0,Cancelled
S01844,U01844,2024-02-22,2024-03-23,2024-04-22,20,Cancelled
S01845,U01845,2024-07-30,2024-08-29,,0,Active
S01846,U01846,2024-12-21,2025-01-20,2025-06-19,0,Cancelled
S01847,U01847,2024-04-26,2024-05-26,2024-09-23,50,Cancelled
S01848,U01848,2024-01-22,2024-02-21,,50,Active
S01849,U01849,2024-07-17,2024-08-16,2024-10-15,20,Cancelled
S01850,U01850,2024-12-08,2025-01-07,2025-02-06,0,Cancelled
S01851,U01851,2024-04-27,2024-05-27,2024-08-25,0,Cancelled
S01852,U01852,2024-07-22,2024-08-21,2024-12-19,50,Cancelled
S01853,U01853,2024-10-11,2024-11-10,,50,Active
S01854,U01854,2024-04-10,2024-05-10,2024-05-10,20,Cancelled
S01855,U01855,2024-08-16,2024-09-15,2025-01-13,0,Cancelled
S01856,U01856,2024-07-17,2024-08-16,2024-09-15,50,Cancelled
S01857,U01857,2024-10-30,2024-11-29,2024-11-29,50,Cancelled
S01858,U01858,2024-04-21,2024-05-21,2024-05-21,0,Cancelled
S01859,U01859,2024-09-12,2024-10-12,,50,Active
S01860,U01860,2024-09-02,2024-10-02,2025-05-30,50,Cancelled
S01861,U01861,2024-01-16,2024-02-15,2024-05-15,20,Cancelled
S01862,U01862,2024-10-17,2024-11-16,2025-07-14,50,Cancelled
S01863,U01863,2024-07-09,2024-08-08,2024-08-08,20,Cancelled
S01864,U01864,2024-06-03,2024-07-03,2024-09-01,50,Cancelled
S01865,U01865,2024-03-30,2024-04-29,,20,Active
S01866,U01866,2024-01-12,2024-02-11,2024-11-07,50,Cancelled
S01867,U01867,2024-02-03,2024-03-04,2024-03-04,20,Cancelled
S01868,U01868,2024-07-30,2024-08-29,2024-08-29,0,Cancelled
S01869,U01869,2024-09-02,2024-10-02,2025-01-30,0,Cancelled
S01870,U01870,2024-01-01,2024-01-31,2024-03-31,50,Cancelled
S01871,U01871,2024-01-25,2024-02-24,2024-09-21,20,Cancelled
S01872,U01872,2024-12-03,2025-01-02,2025-05-02,50,Cancelled
S01873,U01873,2024-03-30,2024-04-29,2024-05-29,20,Cancelled
S01874,U01874,2024-12-11,2025-01-10,,50,Active
S01875,U01875,2024-06-19,2024-07-19,,50,Active
S01876,U01876,2024-06-24,2024-07-24,2024-07-24,50,Cancelled
S01877,U01877,2024-04-15,2024-05-15,2024-07-14,50,Cancelled
S01878,U01878,2024-10-21,2024-11-20,2024-12-20,50,Cancelled
S01879,U01879,2024-09-07,2024-10-07,2025-07-04,50,Cancelled
S01880,U01880,2024-10-22,2024-11-21,2024-12-21,50,Cancelled
S01881,U01881,2024-12-21,2025-01-20,2025-05-20,20,Cancelled
S01882,U01882,2024-12-21,2025-01-20,2025-02-19,50,Cancelled
S01883,U01883,2024-01-13,2024-02-12,2024-02-12,0,Cancelled
S01884,U01884,2024-05-09,2024-06-08,2025-01-04,20,Cancelled
S01885,U01885,2024-06-24,2024-07-24,,50,Active
S01886,U01886,2024-12-13,2025-01-12,2025-02-11,0,Cancelled
S01887,U01887,2024-07-15,2024-08-14,2024-11-12,20,Cancelled
S01888,U01888,2024-01-20,2024-02-19,2024-12-15,0,Cancelled
S01889,U01889,2024-11-19,2024-12-19,2024-12-19,0,Cancelled
S01890,U01890,2024-06-14,2024-07-14,2024-12-11,20,Cancelled
S01891,U01891,2024-12-16,2025-01-15,2025-04-15,0,Cancelled
S01892,U01892,2024-05-20,2024-06-19,2024-09-17,50,Cancelled
S01893,U01893,2024-03-30,2024-04-29,2024-05-29,50,Cancelled
S01894,U01894,2024-02-26,2024-03-27,2024-03-27,20,Cancelled
S01895,U01895,2024-07-17,2024-08-16,2025-01-13,20,Cancelled
S01896,U01896,2024-06-23,2024-07-23,2024-09-21,20,Cancelled
S01897,U01897,2024-03-25,2024-04-24,2024-04-24,20,Cancelled
S01898,U01898,2024-12-23,2025-01-22,2025-06-21,50,Cancelled
S01899,U01899,2024-08-30,2024-09-29,2024-12-28,20,Cancelled
S01900,U01900,2024-02-14,2024-03-15,2024-03-15,50,Cancelled
S01901,U01901,2024-03-02,2024-04-01,2024-05-31,50,Cancelled
S01902,U01902,2024-12-03,2025-01-02,,0,Active
S01903,U01903,2024-02-29,2024-03-30,2024-06-28,20,Cancelled
S01904,U01904,2024-01-06,2024-02-05,2024-02-05,50,Cancelled
S01905,U01905,2024-06-04,2024-07-04,2024-09-02,0,Cancelled
S01906,U01906,2024-09-02,2024-10-02,2024-10-02,50,Cancelled
S01907,U01907,2024-12-07,2025-01-06,2025-03-07,50,Cancelled
S01908,U01908,2024-05-06,2024-06-05,2024-07-05,20,Cancelled
S01909,U01909,2024-01-22,2024-02-21,2024-07-20,50,Cancelled
S01910,U01910,2024-08-18,2024-09-17,2024-10-17,50,Cancelled
S01911,U01911,2024-05-03,2024-06-02,2024-07-02,20,Cancelled
S01912,U01912,2024-02-03,2024-03-04,2024-03-04,20,Cancelled
S01913,U01913,2024-08-25,2024-09-24,2025-02-21,20,Cancelled
S01914,U01914,2024-12-18,2025-01-17,2025-01-17,20,Cancelled
S01915,U01915,2024-06-24,2024-07-24,2024-12-21,50,Cancelled
S01916,U01916,2024-05-27,2024-06-26,,0,Active
S01917,U01917,2024-06-05,2024-07-05,2025-01-01,20,Cancelled
S01918,U01918,2024-12-08,2025-01-07,2025-01-07,20,Cancelled
S01919,U01919,2024-12-30,2025-01-29,2025-05-29,50,Cancelled
S01920,U01920,2024-05-29,2024-06-28,2024-10-26,50,Cancelled
S01921,U01921,2024-05-05,2024-06-04,2025-03-31,20,Cancelled
S01922,U01922,2024-11-06,2024-12-06,2025-01-05,20,Cancelled
S01923,U01923,2024-04-06,2024-05-06,2024-12-02,50,Cancelled
S01924,U01924,2024-05-16,2024-06-15,2024-10-13,20,Cancelled
S01925,U01925,2024-06-09,2024-07-09,2025-03-06,0,Cancelled
S01926,U01926,2024-05-22,2024-06-21,2025-01-17,0,Cancelled
S01927,U01927,2024-01-21,2024-02-20,2024-09-17,20,Cancelled
S01928,U01928,2024-08-08,2024-09-07,,50,Active
S01929,U01929,2024-05-01,2024-05-31,2024-10-28,0,Cancelled
S01930,U01930,2024-04-14,2024-05-14,2024-06-13,50,Cancelled
S01931,U01931,2024-03-04,2024-04-03,2024-07-02,20,Cancelled
S01932,U01932,2024-04-22,2024-05-22,2024-06-21,20,Cancelled
S01933,U01933,2024-08-16,2024-09-15,2025-01-13,50,Cancelled
S01934,U01934,2024-03-17,2024-04-16,2024-07-15,50,Cancelled
S01935,U01935,2024-12-10,2025-01-09,2025-01-09,0,Cancelled
S01936,U01936,2024-08-14,2024-09-13,2025-01-11,0,Cancelled
S01937,U01937,2024-07-25,2024-08-24,2024-09-23,20,Cancelled
S01938,U01938,2024-04-28,2024-05-28,2024-06-27,50,Cancelled
S01939,U01939,2024-08-19,2024-09-18,2024-12-17,20,Cancelled
S01940,U01940,2024-08-11,2024-09-10,2025-01-08,20,Cancelled
S01941,U01941,2024-05-17,2024-06-16,2025-03-13,0,Cancelled
S01942,U01942,2024-07-14,2024-08-13,2024-10-12,0,Cancelled
S01943,U01943,2024-05-08,2024-06-07,2024-06-07,20,Cancelled
S01944,U01944,2024-05-22,2024-06-21,,50,Active
S01945,U01945,2024-02-17,2024-03-18,2024-06-16,50,Cancelled
S01946,U01946,2024-03-26,2024-04-25,,0,Active
S01947,U01947,2024-05-17,2024-06-16,2024-07-16,20,Cancelled
S01948,U01948,2024-09-30,2024-10-30,2025-08-26,20,Cancelled
S01949,U01949,2024-07-20,2024-08-19,2024-10-18,0,Cancelled
S01950,U01950,2024-10-20,2024-11-19,2024-11-19,50,Cancelled
S01951,U01951,2024-03-23,2024-04-22,2024-06-21,0,Cancelled
S01952,U01952,2024-08-23,2024-09-22,2024-09-22,20,Cancelled
S01953,U01953,2024-05-08,2024-06-07,2024-09-05,0,Cancelled
S01954,U01954,2024-11-03,2024-12-03,2025-02-01,20,Cancelled
S01955,U01955,2024-01-13,2024-02-12,2024-07-11,20,Cancelled
S01956,U01956,2024-10-29,2024-11-28,2025-02-26,0,Cancelled
S01957,U01957,2024-08-12,2024-09-11,2024-10-11,20,Cancelled
S01958,U01958,2024-08-25,2024-09-24,2024-12-23,50,Cancelled
S01959,U01959,2024-07-10,2024-08-09,2024-12-07,20,Cancelled
S01960,U01960,2024-06-30,2024-07-30,2025-05-26,0,Cancelled
S01961,U01961,2024-04-09,2024-05-09,2024-09-06,0,Cancelled
S01962,U01962,2024-01-13,2024-02-12,2024-05-12,20,Cancelled
S01963,U01963,2024-11-09,2024-12-09,,20,Active
S01964,U01964,2024-08-12,2024-09-11,2024-09-11,50,Cancelled
S01965,U01965,2024-07-12,2024-08-11,2024-10-10,0,Cancelled
S01966,U01966,2024-11-11,2024-12-11,2025-04-10,0,Cancelled
S01967,U01967,2024-03-09,2024-04-08,2024-10-05,0,Cancelled
S01968,U01968,2024-04-17,2024-05-17,2024-05-17,50,Cancelled
S01969,U01969,2024-04-22,2024-05-22,,50,Active
S01970,U01970,2024-11-11,2024-12-11,,50,Active
S01971,U01971,2024-09-26,2024-10-26,2024-12-25,20,Cancelled
S01972,U01972,2024-01-12,2024-02-11,2024-05-11,20,Cancelled
S01973,U01973,2024-01-27,2024-02-26,2024-02-26,50,Cancelled
S01974,U01974,2024-05-07,2024-06-06,2025-02-01,50,Cancelled
S01975,U01975,2024-10-17,2024-11-16,2025-02-14,50,Cancelled
S01976,U01976,2024-06-09,2024-07-09,2025-03-06,20,Cancelled
S01977,U01977,2024-06-19,2024-07-19,2024-08-18,20,Cancelled
S01978,U01978,2024-07-26,2024-08-25,2024-09-24,0,Cancelled
S01979,U01979,2024-11-02,2024-12-02,2025-01-31,0,Cancelled
S01980,U01980,2024-03-17,2024-04-16,2024-10-13,50,Cancelled
S01981,U01981,2024-01-02,2024-02-01,2024-06-30,20,Cancelled
S01982,U01982,2024-01-21,2024-02-20,2024-10-17,50,Cancelled
S01983,U01983,2024-11-10,2024-12-10,2024-12-10,0,Cancelled
S01984,U01984,2024-11-11,2024-12-11,,0,Active
S01985,U01985,2024-03-21,2024-04-20,2024-04-20,50,Cancelled
S01986,U01986,2024-01-17,2024-02-16,2024-04-16,20,Cancelled
S01987,U01987,2024-11-30,2024-12-30,2024-12-30,50,Cancelled
S01988,U01988,2024-05-03,2024-06-02,,0,Active
S01989,U01989,2024-02-25,2024-03-26,2024-11-21,20,Cancelled
S01990,U01990,2024-09-03,2024-10-03,2025-04-01,0,Cancelled
S01991,U01991,2024-07-05,2024-08-04,,0,Active
S01992,U01992,2024-07-18,2024-08-17,2025-01-14,50,Cancelled
S01993,U01993,2024-03-09,2024-04-08,2024-11-04,50,Cancelled
S01994,U01994,2024-03-25,2024-04-24,,0,Active
S01995,U01995,2024-05-02,2024-06-01,2024-06-01,50,Cancelled
S01996,U01996,2024-01-20,2024-02-19,2024-05-19,50,Cancelled
S01997,U01997,2024-01-02,2024-02-01,2024-06-30,0,Cancelled
S01998,U01998,2024-09-28,2024-10-28,2025-04-26,50,Cancelled
S01999,U01999,2024-10-29,2024-11-28,2024-11-28,20,Cancelled
S02000,U02000,2024-07-27,2024-08-26,2024-08-26,20,Cancelled
S02001,U02001,2024-10-29,2024-11-28,2024-12-28,0,Cancelled
S02002,U02002,2024-07-21,2024-08-20,2025-02-16,0,Cancelled
S02003,U02003,2024-07-22,2024-08-21,2024-10-20,50,Cancelled
S02004,U02004,2024-09-13,2024-10-13,2025-02-10,50,Cancelled
S02005,U02005,2024-02-29,2024-03-30,2024-06-28,0,Cancelled
S02006,U02006,2024-12-16,2025-01-15,2025-02-14,0,Cancelled
S02007,U02007,2024-05-12,2024-06-11,2024-09-09,20,Cancelled
S02008,U02008,2024-04-14,2024-05-14,2024-12-10,20,Cancelled
S02009,U02009,2024-03-20,2024-04-19,,0,Active
S02010,U02010,2024-06-21,2024-07-21,2024-07-21,0,Cancelled
S02011,U02011,2024-02-12,2024-03-13,2024-04-12,0,Cancelled
S02012,U02012,2024-11-13,2024-12-13,2025-03-13,0,Cancelled
S02013,U02013,2024-11-19,2024-12-19,2025-08-16,0,Cancelled
S02014,U02014,2024-03-26,2024-04-25,2024-05-25,50,Cancelled
S02015,U02015,2024-12-02,2025-01-01,,50,Active
S02016,U02016,2024-01-22,2024-02-21,,20,Active
S02017,U02017,2024-11-28,2024-12-28,,0,Active
S02018,U02018,2024-10-31,2024-11-30,2025-06-28,20,Cancelled
S02019,U02019,2024-11-15,2024-12-15,2025-01-14,50,Cancelled
S02020,U02020,2024-01-20,2024-02-19,2024-03-20,50,Cancelled
S02021,U02021,2024-03-19,2024-04-18,2024-05-18,20,Cancelled
S02022,U02022,2024-06-06,2024-07-06,,20,Active
S02023,U02023,2024-12-30,2025-01-29,,0,Active
S02024,U02024,2024-02-18,2024-03-19,2024-03-19,50,Cancelled
S02025,U02025,2024-04-28,2024-05-28,2025-01-23,0,Cancelled
S02026,U02026,2024-02-21,2024-03-22,2024-04-21,50,Cancelled
S02027,U02027,2024-01-27,2024-02-26,2024-02-26,0,Cancelled
S02028,U02028,2024-08-28,2024-09-27,2024-10-27,0,Cancelled
S02029,U02029,2024-06-20,2024-07-20,2024-07-20,50,Cancelled
S02030,U02030,2024-04-21,2024-05-21,2024-05-21,50,Cancelled
S02031,U02031,2024-01-03,2024-02-02,2024-05-02,50,Cancelled
S02032,U02032,2024-08-08,2024-09-07,2024-12-06,20,Cancelled
S02033,U02033,2024-07-26,2024-08-25,,0,Active
S02034,U02034,2024-05-10,2024-06-09,2025-03-06,20,Cancelled
S02035,U02035,2024-12-19,2025-01-18,2025-06-17,0,Cancelled
S02036,U02036,2024-12-30,2025-01-29,2025-09-26,50,Cancelled
S02037,U02037,2024-03-09,2024-04-08,2024-05-08,50,Cancelled
S02038,U02038,2024-12-22,2025-01-21,2025-07-20,20,Cancelled
S02039,U02039,2024-11-27,2024-12-27,2025-04-26,50,Cancelled
S02040,U02040,2024-12-05,2025-01-04,2025-10-01,20,Cancelled
S02041,U02041,2024-09-07,2024-10-07,2024-12-06,0,Cancelled
S02042,U02042,2024-03-22,2024-04-21,2024-09-18,0,Cancelled
S02043,U02043,2024-05-27,2024-06-26,2024-10-24,0,Cancelled
S02044,U02044,2024-10-27,2024-11-26,2024-12-26,0,Cancelled
S02045,U02045,2024-07-18,2024-08-17,2024-11-15,0,Cancelled
S02046,U02046,2024-11-26,2024-12-26,2025-01-25,20,Cancelled
S02047,U02047,2024-12-19,2025-01-18,2025-07-17,20,Cancelled
S02048,U02048,2024-10-17,2024-11-16,2025-03-16,50,Cancelled
S02049,U02049,2024-09-27,2024-10-27,2025-06-24,50,Cancelled
S02050,U02050,2024-01-01,2024-01-31,2024-03-01,20,Cancelled
S02051,U02051,2024-12-22,2025-01-21,2025-01-21,50,Cancelled
S02052,U02052,2024-07-13,2024-08-12,2024-09-11,0,Cancelled
S02053,U02053,2024-08-29,2024-09-28,2025-01-26,20,Cancelled
S02054,U02054,2024-02-22,2024-03-23,2025-01-17,0,Cancelled
S02055,U02055,2024-09-30,2024-10-30,2024-11-29,0,Cancelled
S02056,U02056,2024-04-21,2024-05-21,2024-08-19,50,Cancelled
S02057,U02057,2024-05-23,2024-06-22,2024-06-22,20,Cancelled
S02058,U02058,2024-02-17,2024-03-18,2024-11-13,20,Cancelled
S02059,U02059,2024-12-02,2025-01-01,2025-06-30,20,Cancelled
S02060,U02060,2024-02-15,2024-03-16,2024-05-15,20,Cancelled
S02061,U02061,2024-08-19,2024-09-18,2025-03-17,0,Cancelled
S02062,U02062,2024-04-08,2024-05-08,,50,Active
S02063,U02063,2024-04-17,2024-05-17,2024-05-17,50,Cancelled
S02064,U02064,2024-11-12,2024-12-12,,0,Active
S02065,U02065,2024-12-17,2025-01-16,2025-02-15,20,Cancelled
S02066,U02066,2024-07-10,2024-08-09,2024-12-07,0,Cancelled
S02067,U02067,2024-04-18,2024-05-18,2024-12-14,0,Cancelled
S02068,U02068,2024-09-23,2024-10-23,2024-11-22,0,Cancelled
S02069,U02069,2024-08-05,2024-09-04,2024-10-04,20,Cancelled
S02070,U02070,2024-04-10,2024-05-10,2024-07-09,50,Cancelled
S02071,U02071,2024-01-28,2024-02-27,2024-02-27,20,Cancelled
S02072,U02072,2024-01-28,2024-02-27,2024-02-27,0,Cancelled
S02073,U02073,2024-05-03,2024-06-02,2024-06-02,50,Cancelled
S02074,U02074,2024-05-13,2024-06-12,2024-10-10,20,Cancelled
S02075,U02075,2024-03-12,2024-04-11,2024-09-08,50,Cancelled
S02076,U02076,2024-08-04,2024-09-03,2025-01-01,20,Cancelled
S02077,U02077,2024-12-14,2025-01-13,2025-01-13,0,Cancelled
S02078,U02078,2024-02-12,2024-03-13,,50,Active
S02079,U02079,2024-02-20,2024-03-21,2024-04-20,50,Cancelled
S02080,U02080,2024-06-29,2024-07-29,2025-04-25,20,Cancelled
S02081,U02081,2024-10-06,2024-11-05,2025-09-01,20,Cancelled
S02082,U02082,2024-03-18,2024-04-17,2024-11-13,20,Cancelled
S02083,U02083,2024-01-21,2024-02-20,2024-10-17,50,Cancelled
S02084,U02084,2024-12-04,2025-01-03,2025-01-03,20,Cancelled
S02085,U02085,2024-09-21,2024-10-21,2024-11-20,50,Cancelled
S02086,U02086,2024-07-30,2024-08-29,2025-05-26,20,Cancelled
S02087,U02087,2024-06-07,2024-07-07,2025-05-03,50,Cancelled
S02088,U02088,2024-01-28,2024-02-27,2024-06-26,50,Cancelled
S02089,U02089,2024-01-09,2024-02-08,2024-05-08,0,Cancelled
S02090,U02090,2024-01-25,2024-02-24,2024-05-24,50,Cancelled
S02091,U02091,2024-11-16,2024-12-16,2025-07-14,0,Cancelled
S02092,U02092,2024-04-06,2024-05-06,2024-12-02,0,Cancelled
S02093,U02093,2024-03-13,2024-04-12,2024-07-11,0,Cancelled
S02094,U02094,2024-06-01,2024-07-01,2024-07-31,0,Cancelled
S02095,U02095,2024-04-19,2024-05-19,2025-01-14,0,Cancelled
S02096,U02096,2024-11-19,2024-12-19,2025-04-18,0,Cancelled
S02097,U02097,2024-04-27,2024-05-27,2024-07-26,50,Cancelled
S02098,U02098,2024-04-08,2024-05-08,2024-10-05,20,Cancelled
S02099,U02099,2024-05-28,2024-06-27,2024-08-26,50,Cancelled
S02100,U02100,2024-05-03,2024-06-02,2025-01-28,20,Cancelled
S02101,U02101,2024-11-08,2024-12-08,2025-04-07,50,Cancelled
S02102,U02102,2024-05-02,2024-06-01,2024-08-30,50,Cancelled
S02103,U02103,2024-12-28,2025-01-27,,0,Active
S02104,U02104,2024-09-26,2024-10-26,2024-10-26,0,Cancelled
S02105,U02105,2024-11-19,2024-12-19,2025-02-17,20,Cancelled
S02106,U02106,2024-01-21,2024-02-20,2024-10-17,50,Cancelled
S02107,U02107,2024-07-18,2024-08-17,2024-12-15,50,Cancelled
S02108,U02108,2024-04-04,2024-05-04,2024-08-02,20,Cancelled
S02109,U02109,2024-10-08,2024-11-07,2024-11-07,50,Cancelled
S02110,U02110,2024-08-29,2024-09-28,2025-06-25,20,Cancelled
S02111,U02111,2024-01-02,2024-02-01,,50,Active
S02112,U02112,2024-01-30,2024-02-29,2024-02-29,50,Cancelled
S02113,U02113,2024-10-03,2024-11-02,2024-11-02,20,Cancelled
S02114,U02114,2024-10-27,2024-11-26,2025-03-26,0,Cancelled
S02115,U02115,2024-02-07,2024-03-08,2024-03-08,20,Cancelled
S02116,U02116,2024-05-10,2024-06-09,2024-06-09,50,Cancelled
S02117,U02117,2024-07-06,2024-08-05,2024-10-04,20,Cancelled
S02118,U02118,2024-01-24,2024-02-23,2024-07-22,0,Cancelled
S02119,U02119,2024-01-22,2024-02-21,2024-03-22,20,Cancelled
S02120,U02120,2024-01-14,2024-02-13,2024-08-11,50,Cancelled
S02121,U02121,2024-03-30,2024-04-29,2024-05-29,20,Cancelled
S02122,U02122,2024-10-19,2024-11-18,2025-01-17,50,Cancelled
S02123,U02123,2024-09-25,2024-10-25,2025-05-23,20,Cancelled
S02124,U02124,2024-04-09,2024-05-09,2024-08-07,50,Cancelled
S02125,U02125,2024-01-24,2024-02-23,2024-08-21,0,Cancelled
S02126,U02126,2024-12-07,2025-01-06,2025-06-05,20,Cancelled
S02127,U02127,2024-05-26,2024-06-25,2025-03-22,50,Cancelled
S02128,U02128,2024-11-02,2024-12-02,2025-05-31,50,Cancelled
S02129,U02129,2024-10-09,2024-11-08,2024-11-08,50,Cancelled
S02130,U02130,2024-10-01,2024-10-31,2025-02-28,20,Cancelled
S02131,U02131,2024-01-11,2024-02-10,2024-10-07,0,Cancelled
S02132,U02132,2024-04-24,2024-05-24,2024-07-23,50,Cancelled
S02133,U02133,2024-11-14,2024-12-14,2025-04-13,20,Cancelled
S02134,U02134,2024-08-01,2024-08-31,,0,Active
S02135,U02135,2024-09-23,2024-10-23,2025-08-19,0,Cancelled
S02136,U02136,2024-05-25,2024-06-24,2024-06-24,0,Cancelled
S02137,U02137,2024-01-16,2024-02-15,2024-04-15,50,Cancelled
S02138,U02138,2024-12-04,2025-01-03,2025-10-30,20,Cancelled
S02139,U02139,2024-11-18,2024-12-18,2025-04-17,20,Cancelled
S02140,U02140,2024-04-07,2024-05-07,2025-02-01,20,Cancelled
S02141,U02141,2024-07-23,2024-08-22,2025-01-19,20,Cancelled
S02142,U02142,2024-03-25,2024-04-24,,50,Active
S02143,U02143,2024-07-18,2024-08-17,2024-09-16,0,Cancelled
S02144,U02144,2024-12-08,2025-01-07,2025-02-06,0,Cancelled
S02145,U02145,2024-11-09,2024-12-09,2025-02-07,50,Cancelled
S02146,U02146,2024-01-28,2024-02-27,2024-05-27,20,Cancelled
S02147,U02147,2024-01-26,2024-02-25,2024-03-26,0,Cancelled
S02148,U02148,2024-08-14,2024-09-13,2024-12-12,50,Cancelled
S02149,U02149,2024-07-25,2024-08-24,2024-08-24,0,Cancelled
S02150,U02150,2024-11-16,2024-12-16,2025-04-15,50,Cancelled
S02151,U02151,2024-01-12,2024-02-11,2024-12-07,0,Cancelled
S02152,U02152,2024-08-20,2024-09-19,2025-01-17,50,Cancelled
S02153,U02153,2024-06-25,2024-07-25,2024-07-25,0,Cancelled
S02154,U02154,2024-12-13,2025-01-12,2025-02-11,20,Cancelled
S02155,U02155,2024-08-04,2024-09-03,2025-01-01,20,Cancelled
S02156,U02156,2024-03-03,2024-04-02,2024-07-01,50,Cancelled
S02157,U02157,2024-05-15,2024-06-14,2024-06-14,0,Cancelled
S02158,U02158,2024-09-18,2024-10-18,2024-10-18,0,Cancelled
S02159,U02159,2024-04-14,2024-05-14,2024-06-13,50,Cancelled
S02160,U02160,2024-08-25,2024-09-24,2024-12-23,0,Cancelled
S02161,U02161,2024-11-23,2024-12-23,2025-05-22,0,Cancelled
S02162,U02162,2024-09-22,2024-10-22,2025-06-19,20,Cancelled
S02163,U02163,2024-08-06,2024-09-05,,0,Active
S02164,U02164,2024-01-15,2024-02-14,2024-05-14,0,Cancelled
S02165,U02165,2024-07-25,2024-08-24,2024-09-23,0,Cancelled
S02166,U02166,2024-04-30,2024-05-30,2024-07-29,0,Cancelled
S02167,U02167,2024-02-13,2024-03-14,,20,Active
S02168,U02168,2024-02-14,2024-03-15,2025-01-09,50,Cancelled
S02169,U02169,2024-12-17,2025-01-16,2025-04-16,0,Cancelled
S02170,U02170,2024-10-19,2024-11-18,2025-04-17,50,Cancelled
S02171,U02171,2024-04-30,2024-05-30,2024-08-28,0,Cancelled
S02172,U02172,2024-01-20,2024-02-19,2024-08-17,50,Cancelled
S02173,U02173,2024-09-16,2024-10-16,2024-10-16,20,Cancelled
S02174,U02174,2024-05-25,2024-06-24,2024-07-24,50,Cancelled
S02175,U02175,2024-07-01,2024-07-31,2024-11-28,20,Cancelled
S02176,U02176,2024-10-03,2024-11-02,2025-01-01,20,Cancelled
S02177,U02177,2024-11-17,2024-12-17,2025-01-16,50,Cancelled
S02178,U02178,2024-09-15,2024-10-15,2024-11-14,50,Cancelled
S02179,U02179,2024-01-20,2024-02-19,,50,Active
S02180,U02180,2024-07-07,2024-08-06,2024-12-04,20,Cancelled
S02181,U02181,2024-11-13,2024-12-13,2025-02-11,50,Cancelled
S02182,U02182,2024-05-23,2024-06-22,2024-06-22,20,Cancelled
S02183,U02183,2024-08-23,2024-09-22,,50,Active
S02184,U02184,2024-11-22,2024-12-22,2025-06-20,50,Cancelled
S02185,U02185,2024-04-23,2024-05-23,2024-05-23,20,Cancelled
S02186,U02186,2024-02-10,2024-03-11,2024-04-10,20,Cancelled
S02187,U02187,2024-06-24,2024-07-24,2024-12-21,50,Cancelled
S02188,U02188,2024-06-24,2024-07-24,2025-01-20,50,Cancelled
S02189,U02189,2024-07-08,2024-08-07,2024-09-06,50,Cancelled
S02190,U02190,2024-11-08,2024-12-08,2025-01-07,0,Cancelled
S02191,U02191,2024-11-17,2024-12-17,2025-03-17,20,Cancelled
S02192,U02192,2024-01-25,2024-02-24,2024-06-23,20,Cancelled
S02193,U02193,2024-07-05,2024-08-04,2024-09-03,20,Cancelled
S02194,U02194,2024-06-16,2024-07-16,2024-09-14,0,Cancelled
S02195,U02195,2024-08-02,2024-09-01,2024-11-30,20,Cancelled
S02196,U02196,2024-01-24,2024-02-23,2024-08-21,50,Cancelled
S02197,U02197,2024-02-14,2024-03-15,2024-12-10,50,Cancelled
S02198,U02198,2024-10-14,2024-11-13,2025-04-12,20,Cancelled
S02199,U02199,2024-04-30,2024-05-30,2024-05-30,0,Cancelled
S02200,U02200,2024-10-12,2024-11-11,2025-03-11,50,Cancelled
S02201,U02201,2024-10-02,2024-11-01,2024-12-01,20,Cancelled
S02202,U02202,2024-12-08,2025-01-07,2025-02-06,20,Cancelled
S02203,U02203,2024-09-14,2024-10-14,,50,Active
S02204,U02204,2024-01-14,2024-02-13,2024-03-14,20,Cancelled
S02205,U02205,2024-10-27,2024-11-26,2024-11-26,50,Cancelled
S02206,U02206,2024-06-11,2024-07-11,2024-10-09,20,Cancelled
S02207,U02207,2024-11-20,2024-12-20,2024-12-20,0,Cancelled
S02208,U02208,2024-05-25,2024-06-24,2024-06-24,50,Cancelled
S02209,U02209,2024-09-12,2024-10-12,2024-12-11,20,Cancelled
S02210,U02210,2024-03-17,2024-04-16,,50,Active
S02211,U02211,2024-05-27,2024-06-26,2024-08-25,50,Cancelled
S02212,U02212,2024-04-07,2024-05-07,2024-06-06,50,Cancelled
S02213,U02213,2024-11-15,2024-12-15,2025-05-14,0,Cancelled
S02214,U02214,2024-05-14,2024-06-13,2025-02-08,0,Cancelled
S02215,U02215,2024-07-25,2024-08-24,2024-12-22,0,Cancelled
S02216,U02216,2024-08-25,2024-09-24,2025-01-22,0,Cancelled
S02217,U02217,2024-10-19,2024-11-18,2024-11-18,50,Cancelled
S02218,U02218,2024-12-02,2025-01-01,2025-04-01,50,Cancelled
S02219,U02219,2024-03-02,2024-04-01,2024-05-31,50,Cancelled
S02220,U02220,2024-08-14,2024-09-13,2024-10-13,20,Cancelled
S02221,U02221,2024-03-20,2024-04-19,2024-10-16,20,Cancelled
S02222,U02222,2024-08-06,2024-09-05,2024-09-05,20,Cancelled
S02223,U02223,2024-05-01,2024-05-31,,50,Active
S02224,U02224,2024-10-11,2024-11-10,2025-05-09,50,Cancelled
S02225,U02225,2024-04-22,2024-05-22,2024-11-18,50,Cancelled
S02226,U02226,2024-05-09,2024-06-08,2024-07-08,20,Cancelled
S02227,U02227,2024-04-05,2024-05-05,2024-06-04,0,Cancelled
S02228,U02228,2024-12-07,2025-01-06,2025-01-06,0,Cancelled
S02229,U02229,2024-12-28,2025-01-27,2025-01-27,0,Cancelled
S02230,U02230,2024-03-09,2024-04-08,2024-09-05,0,Cancelled
S02231,U02231,2024-10-10,2024-11-09,2025-05-08,50,Cancelled
S02232,U02232,2024-12-07,2025-01-06,2025-02-05,50,Cancelled
S02233,U02233,2024-01-21,2024-02-20,2024-04-20,20,Cancelled
S02234,U02234,2024-02-26,2024-03-27,2024-03-27,50,Cancelled
S02235,U02235,2024-03-17,2024-04-16,2025-01-11,0,Cancelled
S02236,U02236,2024-04-11,2024-05-11,,50,Active
S02237,U02237,2024-10-22,2024-11-21,2025-06-19,50,Cancelled
S02238,U02238,2024-11-07,2024-12-07,2025-01-06,0,Cancelled
S02239,U02239,2024-04-16,2024-05-16,2024-06-15,50,Cancelled
S02240,U02240,2024-02-28,2024-03-29,2024-12-24,20,Cancelled
S02241,U02241,2024-03-07,2024-04-06,2024-10-03,0,Cancelled
S02242,U02242,2024-06-24,2024-07-24,2024-08-23,0,Cancelled
S02243,U02243,2024-05-30,2024-06-29,,0,Active
S02244,U02244,2024-08-21,2024-09-20,2025-04-18,20,Cancelled
S02245,U02245,2024-02-16,2024-03-17,2024-05-16,50,Cancelled
S02246,U02246,2024-01-05,2024-02-04,2024-11-30,50,Cancelled
S02247,U02247,2024-03-06,2024-04-05,2024-05-05,20,Cancelled
S02248,U02248,2024-12-01,2024-12-31,2025-01-30,0,Cancelled
S02249,U02249,2024-02-19,2024-03-20,2024-06-18,0,Cancelled
S02250,U02250,2024-10-08,2024-11-07,2024-12-07,0,Cancelled
S02251,U02251,2024-05-12,2024-06-11,2024-06-11,20,Cancelled
S02252,U02252,2024-03-04,2024-04-03,2024-08-31,50,Cancelled
S02253,U02253,2024-01-31,2024-03-01,2024-05-30,50,Cancelled
S02254,U02254,2024-08-06,2024-09-05,2025-02-02,0,Cancelled
S02255,U02255,2024-06-24,2024-07-24,2024-07-24,50,Cancelled
S02256,U02256,2024-05-07,2024-06-06,2024-10-04,20,Cancelled
S02257,U02257,2024-07-07,2024-08-06,2024-11-04,20,Cancelled
S02258,U02258,2024-05-25,2024-06-24,2025-02-19,0,Cancelled
S02259,U02259,2024-08-24,2024-09-23,2025-05-21,0,Cancelled
S02260,U02260,2024-01-20,2024-02-19,2024-09-16,0,Cancelled
S02261,U02261,2024-05-21,2024-06-20,2024-08-19,0,Cancelled
S02262,U02262,2024-12-09,2025-01-08,2025-01-08,0,Cancelled
S02263,U02263,2024-12-26,2025-01-25,,0,Active
S02264,U02264,2024-02-22,2024-03-23,2024-06-21,20,Cancelled
S02265,U02265,2024-05-27,2024-06-26,2024-06-26,0,Cancelled
S02266,U02266,2024-02-28,2024-03-29,2024-07-27,20,Cancelled
S02267,U02267,2024-09-29,2024-10-29,,50,Active
S02268,U02268,2024-09-11,2024-10-11,2024-11-10,20,Cancelled
S02269,U02269,2024-11-06,2024-12-06,2025-04-05,20,Cancelled
S02270,U02270,2024-02-10,2024-03-11,2024-10-07,50,Cancelled
S02271,U02271,2024-01-17,2024-02-16,2024-02-16,0,Cancelled
S02272,U02272,2024-11-16,2024-12-16,2025-06-14,20,Cancelled
S02273,U02273,2024-03-04,2024-04-03,2024-07-02,0,Cancelled
S02274,U02274,2024-10-20,2024-11-19,2024-11-19,0,Cancelled
S02275,U02275,2024-01-22,2024-02-21,2024-02-21,20,Cancelled
S02276,U02276,2024-11-06,2024-12-06,2025-09-02,20,Cancelled
S02277,U02277,2024-07-31,2024-08-30,,20,Active
S02278,U02278,2024-03-17,2024-04-16,2024-04-16,20,Cancelled
S02279,U02279,2024-04-29,2024-05-29,2024-05-29,50,Cancelled
S02280,U02280,2024-11-08,2024-12-08,2025-03-08,20,Cancelled
S02281,U02281,2024-04-19,2024-05-19,2024-06-18,0,Cancelled
S02282,U02282,2024-07-29,2024-08-28,2024-08-28,50,Cancelled
S02283,U02283,2024-10-06,2024-11-05,2025-01-04,50,Cancelled
S02284,U02284,2024-02-27,2024-03-28,2024-03-28,50,Cancelled
S02285,U02285,2024-02-06,2024-03-07,2024-06-05,0,Cancelled
S02286,U02286,2024-08-19,2024-09-18,2024-10-18,20,Cancelled
S02287,U02287,2024-01-06,2024-02-05,2024-12-01,50,Cancelled
S02288,U02288,2024-08-30,2024-09-29,2024-12-28,20,Cancelled
S02289,U02289,2024-10-31,2024-11-30,,20,Active
S02290,U02290,2024-11-03,2024-12-03,2025-01-02,50,Cancelled
S02291,U02291,2024-12-06,2025-01-05,2025-02-04,20,Cancelled
S02292,U02292,2024-05-12,2024-06-11,2025-03-08,20,Cancelled
S02293,U02293,2024-10-09,2024-11-08,,50,Active
S02294,U02294,2024-07-12,2024-08-11,2024-11-09,20,Cancelled
S02295,U02295,2024-12-25,2025-01-24,,50,Active
S02296,U02296,2024-11-09,2024-12-09,2025-01-08,20,Cancelled
S02297,U02297,2024-08-15,2024-09-14,2024-09-14,20,Cancelled
S02298,U02298,2024-07-01,2024-07-31,2024-09-29,50,Cancelled
S02299,U02299,2024-09-14,2024-10-14,2024-11-13,50,Cancelled
S02300,U02300,2024-08-11,2024-09-10,2025-02-07,50,Cancelled
S02301,U02301,2024-08-05,2024-09-04,2024-10-04,0,Cancelled
S02302,U02302,2024-10-27,2024-11-26,2024-11-26,50,Cancelled
S02303,U02303,2024-04-29,2024-05-29,2024-10-26,0,Cancelled
S02304,U02304,2024-05-10,2024-06-09,2024-06-09,20,Cancelled
S02305,U02305,2024-07-03,2024-08-02,,0,Active
S02306,U02306,2024-06-11,2024-07-11,2024-08-10,0,Cancelled
S02307,U02307,2024-02-02,2024-03-03,,0,Active
S02308,U02308,2024-10-06,2024-11-05,2024-11-05,50,Cancelled
S02309,U02309,2024-05-19,2024-06-18,2024-06-18,0,Cancelled
S02310,U02310,2024-11-14,2024-12-14,2025-09-10,20,Cancelled
S02311,U02311,2024-12-22,2025-01-21,2025-01-21,20,Cancelled
S02312,U02312,2024-06-16,2024-07-16,2024-08-15,0,Cancelled
S02313,U02313,2024-11-10,2024-12-10,2025-01-09,0,Cancelled
S02314,U02314,2024-05-06,2024-06-05,2024-07-05,0,Cancelled
S02315,U02315,2024-08-04,2024-09-03,2025-06-30,50,Cancelled
S02316,U02316,2024-08-03,2024-09-02,2024-09-02,50,Cancelled
S02317,U02317,2024-07-09,2024-08-08,2025-04-05,0,Cancelled
S02318,U02318,2024-03-10,2024-04-09,2024-08-07,0,Cancelled
S02319,U02319,2024-07-11,2024-08-10,2024-08-10,20,Cancelled
S02320,U02320,2024-06-16,2024-07-16,2024-11-13,20,Cancelled
S02321,U02321,2024-09-07,2024-10-07,2025-08-03,20,Cancelled
S02322,U02322,2024-04-23,2024-05-23,2024-11-19,0,Cancelled
S02323,U02323,2024-05-12,2024-06-11,2024-11-08,20,Cancelled
S02324,U02324,2024-02-25,2024-03-26,2024-06-24,0,Cancelled
S02325,U02325,2024-03-23,2024-04-22,2024-04-22,0,Cancelled
S02326,U02326,2024-09-01,2024-10-01,2025-03-30,0,Cancelled
S02327,U02327,2024-07-18,2024-08-17,2024-11-15,50,Cancelled
S02328,U02328,2024-07-09,2024-08-08,2024-09-07,0,Cancelled
S02329,U02329,2024-08-30,2024-09-29,2025-01-27,20,Cancelled
S02330,U02330,2024-02-10,2024-03-11,,0,Active
S02331,U02331,2024-03-10,2024-04-09,2024-07-08,20,Cancelled
S02332,U02332,2024-02-26,2024-03-27,,0,Active
S02333,U02333,2024-04-26,2024-05-26,2024-05-26,0,Cancelled
S02334,U02334,2024-11-21,2024-12-21,2025-06-19,20,Cancelled
S02335,U02335,2024-12-09,2025-01-08,2025-03-09,20,Cancelled
S02336,U02336,2024-01-17,2024-02-16,2024-02-16,20,Cancelled
S02337,U02337,2024-06-22,2024-07-22,2024-08-21,0,Cancelled
S02338,U02338,2024-08-17,2024-09-16,2024-09-16,50,Cancelled
S02339,U02339,2024-08-12,2024-09-11,2025-02-08,50,Cancelled
S02340,U02340,2024-03-27,2024-04-26,2024-06-25,50,Cancelled
S02341,U02341,2024-08-31,2024-09-30,2024-09-30,50,Cancelled
S02342,U02342,2024-01-22,2024-02-21,2024-04-21,50,Cancelled
S02343,U02343,2024-10-06,2024-11-05,2024-11-05,0,Cancelled
S02344,U02344,2024-01-19,2024-02-18,2024-07-17,20,Cancelled
S02345,U02345,2024-09-15,2024-10-15,2025-05-13,0,Cancelled
S02346,U02346,2024-05-10,2024-06-09,,0,Active
S02347,U02347,2024-12-18,2025-01-17,2025-07-16,20,Cancelled
S02348,U02348,2024-11-24,2024-12-24,2025-02-22,50,Cancelled
S02349,U02349,2024-10-01,2024-10-31,2025-01-29,50,Cancelled
S02350,U02350,2024-10-27,2024-11-26,2025-01-25,20,Cancelled
S02351,U02351,2024-09-02,2024-10-02,2024-11-01,20,Cancelled
S02352,U02352,2024-01-19,2024-02-18,2024-03-19,20,Cancelled
S02353,U02353,2024-05-17,2024-06-16,2024-12-13,50,Cancelled
S02354,U02354,2024-09-23,2024-10-23,2025-04-21,0,Cancelled
S02355,U02355,2024-07-19,2024-08-18,2024-11-16,50,Cancelled
S02356,U02356,2024-03-26,2024-04-25,2024-06-24,0,Cancelled
S02357,U02357,2024-01-02,2024-02-01,2024-05-01,20,Cancelled
S02358,U02358,2024-01-24,2024-02-23,2024-02-23,50,Cancelled
S02359,U02359,2024-03-03,2024-04-02,2024-05-02,20,Cancelled
S02360,U02360,2024-05-27,2024-06-26,2024-07-26,20,Cancelled
S02361,U02361,2024-10-28,2024-11-27,2024-11-27,50,Cancelled
S02362,U02362,2024-06-10,2024-07-10,2024-11-07,0,Cancelled
S02363,U02363,2024-04-11,2024-05-11,2024-05-11,0,Cancelled
S02364,U02364,2024-06-17,2024-07-17,2024-10-15,20,Cancelled
S02365,U02365,2024-08-11,2024-09-10,2025-02-07,0,Cancelled
S02366,U02366,2024-11-27,2024-12-27,2025-06-25,0,Cancelled
S02367,U02367,2024-01-01,2024-01-31,2024-05-30,50,Cancelled
S02368,U02368,2024-01-22,2024-02-21,2024-03-22,0,Cancelled
S02369,U02369,2024-10-07,2024-11-06,2024-12-06,50,Cancelled
S02370,U02370,2024-07-17,2024-08-16,2024-11-14,20,Cancelled
S02371,U02371,2024-09-27,2024-10-27,2024-12-26,0,Cancelled
S02372,U02372,2024-04-02,2024-05-02,2024-07-31,0,Cancelled
S02373,U02373,2024-01-12,2024-02-11,2024-05-11,20,Cancelled
S02374,U02374,2024-01-08,2024-02-07,2024-12-03,20,Cancelled
S02375,U02375,2024-08-24,2024-09-23,2024-12-22,20,Cancelled
S02376,U02376,2024-05-28,2024-06-27,,20,Active
S02377,U02377,2024-02-19,2024-03-20,2024-06-18,0,Cancelled
S02378,U02378,2024-08-11,2024-09-10,2024-09-10,20,Cancelled
S02379,U02379,2024-08-18,2024-09-17,2025-01-15,20,Cancelled
S02380,U02380,2024-02-23,2024-03-24,2024-09-20,0,Cancelled
S02381,U02381,2024-09-15,2024-10-15,2025-01-13,20,Cancelled
S02382,U02382,2024-12-29,2025-01-28,2025-02-27,20,Cancelled
S02383,U02383,2024-07-28,2024-08-27,2024-12-25,0,Cancelled
S02384,U02384,2024-03-31,2024-04-30,2024-11-26,20,Cancelled
S02385,U02385,2024-02-15,2024-03-16,2024-05-15,50,Cancelled
S02386,U02386,2024-05-03,2024-06-02,2025-02-27,50,Cancelled
S02387,U02387,2024-09-03,2024-10-03,2024-11-02,50,Cancelled
S02388,U02388,2024-02-29,2024-03-30,2024-10-26,0,Cancelled
S02389,U02389,2024-04-05,2024-05-05,2024-07-04,20,Cancelled
S02390,U02390,2024-04-12,2024-05-12,2025-01-07,50,Cancelled
S02391,U02391,2024-01-03,2024-02-02,2024-03-03,50,Cancelled
S02392,U02392,2024-04-26,2024-05-26,2024-10-23,50,Cancelled
S02393,U02393,2024-06-25,2024-07-25,2024-07-25,0,Cancelled
S02394,U02394,2024-11-15,2024-12-15,2025-02-13,20,Cancelled
S02395,U02395,2024-02-06,2024-03-07,2024-10-03,20,Cancelled
S02396,U02396,2024-12-16,2025-01-15,2025-01-15,50,Cancelled
S02397,U02397,2024-05-11,2024-06-10,2024-06-10,50,Cancelled
S02398,U02398,2024-05-19,2024-06-18,2024-09-16,0,Cancelled
S02399,U02399,2024-06-02,2024-07-02,2024-08-01,20,Cancelled
S02400,U02400,2024-11-18,2024-12-18,,20,Active
S02401,U02401,2024-08-15,2024-09-14,2024-10-14,20,Cancelled
S02402,U02402,2024-02-10,2024-03-11,2024-10-07,0,Cancelled
S02403,U02403,2024-10-03,2024-11-02,2024-11-02,50,Cancelled
S02404,U02404,2024-12-07,2025-01-06,2025-02-05,0,Cancelled
S02405,U02405,2024-02-18,2024-03-19,2024-05-18,20,Cancelled
S02406,U02406,2024-01-28,2024-02-27,2024-04-27,0,Cancelled
S02407,U02407,2024-04-29,2024-05-29,2024-09-26,0,Cancelled
S02408,U02408,2024-08-12,2024-09-11,2024-12-10,0,Cancelled
S02409,U02409,2024-02-10,2024-03-11,2024-05-10,0,Cancelled
S02410,U02410,2024-08-13,2024-09-12,2024-10-12,20,Cancelled
S02411,U02411,2024-02-21,2024-03-22,2024-04-21,50,Cancelled
S02412,U02412,2024-12-28,2025-01-27,2025-09-24,50,Cancelled
S02413,U02413,2024-01-05,2024-02-04,2024-06-03,50,Cancelled
S02414,U02414,2024-12-19,2025-01-18,2025-01-18,0,Cancelled
S02415,U02415,2024-08-07,2024-09-06,2025-01-04,0,Cancelled
S02416,U02416,2024-11-16,2024-12-16,2025-01-15,50,Cancelled
S02417,U02417,2024-06-26,2024-07-26,2024-07-26,0,Cancelled
S02418,U02418,2024-02-06,2024-03-07,2024-12-02,50,Cancelled
S02419,U02419,2024-07-22,2024-08-21,2024-10-20,50,Cancelled
S02420,U02420,2024-09-01,2024-10-01,2024-10-31,20,Cancelled
S02421,U02421,2024-12-05,2025-01-04,2025-10-01,50,Cancelled
S02422,U02422,2024-01-11,2024-02-10,2024-02-10,0,Cancelled
S02423,U02423,2024-01-05,2024-02-04,2024-04-04,20,Cancelled
S02424,U02424,2024-06-09,2024-07-09,2024-09-07,0,Cancelled
S02425,U02425,2024-04-04,2024-05-04,2024-06-03,0,Cancelled
S02426,U02426,2024-02-18,2024-03-19,2024-05-18,50,Cancelled
S02427,U02427,2024-07-01,2024-07-31,2024-07-31,50,Cancelled
S02428,U02428,2024-01-08,2024-02-07,2024-09-04,20,Cancelled
S02429,U02429,2024-11-11,2024-12-11,,50,Active
S02430,U02430,2024-10-16,2024-11-15,2024-12-15,50,Cancelled
S02431,U02431,2024-03-26,2024-04-25,2024-09-22,50,Cancelled
S02432,U02432,2024-12-21,2025-01-20,2025-03-21,0,Cancelled
S02433,U02433,2024-08-24,2024-09-23,2025-07-20,20,Cancelled
S02434,U02434,2024-06-25,2024-07-25,2024-07-25,0,Cancelled
S02435,U02435,2024-02-20,2024-03-21,2024-11-16,50,Cancelled
S02436,U02436,2024-01-03,2024-02-02,,0,Active
S02437,U02437,2024-04-18,2024-05-18,2024-10-15,50,Cancelled
S02438,U02438,2024-12-19,2025-01-18,2025-02-17,50,Cancelled
S02439,U02439,2024-06-22,2024-07-22,2024-08-21,0,Cancelled
S02440,U02440,2024-11-07,2024-12-07,2025-01-06,50,Cancelled
S02441,U02441,2024-06-08,2024-07-08,2024-07-08,0,Cancelled
S02442,U02442,2024-01-01,2024-01-31,2024-06-29,20,Cancelled
S02443,U02443,2024-03-10,2024-04-09,2024-06-08,20,Cancelled
S02444,U02444,2024-05-22,2024-06-21,2024-06-21,20,Cancelled
S02445,U02445,2024-12-24,2025-01-23,2025-01-23,50,Cancelled
S02446,U02446,2024-01-19,2024-02-18,2024-05-18,50,Cancelled
S02447,U02447,2024-03-08,2024-04-07,2025-01-02,0,Cancelled
S02448,U02448,2024-07-09,2024-08-08,2024-08-08,0,Cancelled
S02449,U02449,2024-01-25,2024-02-24,2024-02-24,50,Cancelled
S02450,U02450,2024-10-31,2024-11-30,2024-12-30,20,Cancelled
S02451,U02451,2024-03-08,2024-04-07,2024-09-04,50,Cancelled
S02452,U02452,2024-12-15,2025-01-14,2025-01-14,20,Cancelled
S02453,U02453,2024-10-25,2024-11-24,2024-11-24,20,Cancelled
S02454,U02454,2024-02-04,2024-03-05,2024-05-04,50,Cancelled
S02455,U02455,2024-03-01,2024-03-31,2024-04-30,20,Cancelled
S02456,U02456,2024-07-20,2024-08-19,2024-08-19,20,Cancelled
S02457,U02457,2024-10-19,2024-11-18,2025-06-16,20,Cancelled
S02458,U02458,2024-06-02,2024-07-02,,0,Active
S02459,U02459,2024-04-25,2024-05-25,2024-08-23,50,Cancelled
S02460,U02460,2024-08-20,2024-09-19,2024-12-18,20,Cancelled
S02461,U02461,2024-05-31,2024-06-30,2025-01-26,0,Cancelled
S02462,U02462,2024-05-16,2024-06-15,2024-07-15,50,Cancelled
S02463,U02463,2024-11-14,2024-12-14,2025-02-12,0,Cancelled
S02464,U02464,2024-04-22,2024-05-22,2024-05-22,50,Cancelled
S02465,U02465,2024-04-05,2024-05-05,,0,Active
S02466,U02466,2024-05-13,2024-06-12,2024-08-11,50,Cancelled
S02467,U02467,2024-07-26,2024-08-25,2024-09-24,50,Cancelled
S02468,U02468,2024-09-12,2024-10-12,2025-04-10,50,Cancelled
S02469,U02469,2024-07-03,2024-08-02,2025-02-28,20,Cancelled
S02470,U02470,2024-10-31,2024-11-30,,20,Active
S02471,U02471,2024-03-31,2024-04-30,2024-07-29,50,Cancelled
S02472,U02472,2024-11-12,2024-12-12,2024-12-12,20,Cancelled
S02473,U02473,2024-07-09,2024-08-08,2025-02-04,0,Cancelled
S02474,U02474,2024-01-07,2024-02-06,,50,Active
S02475,U02475,2024-04-02,2024-05-02,2025-02-26,20,Cancelled
S02476,U02476,2024-03-21,2024-04-20,2024-05-20,0,Cancelled
S02477,U02477,2024-10-17,2024-11-16,2025-03-16,50,Cancelled
S02478,U02478,2024-09-30,2024-10-30,2024-12-29,20,Cancelled
S02479,U02479,2024-03-02,2024-04-01,2024-11-27,50,Cancelled
S02480,U02480,2024-03-21,2024-04-20,2024-11-16,20,Cancelled
S02481,U02481,2024-05-16,2024-06-15,2024-06-15,20,Cancelled
S02482,U02482,2024-11-27,2024-12-27,2024-12-27,50,Cancelled
S02483,U02483,2024-08-15,2024-09-14,2024-11-13,50,Cancelled
S02484,U02484,2024-04-06,2024-05-06,,0,Active
S02485,U02485,2024-03-19,2024-04-18,2024-04-18,20,Cancelled
S02486,U02486,2024-01-13,2024-02-12,2024-03-13,0,Cancelled
S02487,U02487,2024-06-12,2024-07-12,2024-08-11,0,Cancelled
S02488,U02488,2024-10-20,2024-11-19,2024-12-19,50,Cancelled
S02489,U02489,2024-03-25,2024-04-24,2024-08-22,50,Cancelled
S02490,U02490,2024-12-29,2025-01-28,2025-06-27,0,Cancelled
S02491,U02491,2024-05-06,2024-06-05,2025-01-01,50,Cancelled
S02492,U02492,2024-03-16,2024-04-15,2024-05-15,50,Cancelled
S02493,U02493,2024-01-01,2024-01-31,2024-03-31,0,Cancelled
S02494,U02494,2024-08-04,2024-09-03,2024-09-03,20,Cancelled
S02495,U02495,2024-01-26,2024-02-25,2024-07-24,50,Cancelled
S02496,U02496,2024-09-15,2024-10-15,2025-01-13,0,Cancelled
S02497,U02497,2024-03-20,2024-04-19,2024-07-18,50,Cancelled
S02498,U02498,2024-09-09,2024-10-09,2025-04-07,20,Cancelled
S02499,U02499,2024-04-12,2024-05-12,2024-08-10,0,Cancelled
S02500,U02500,2024-03-13,2024-04-12,2024-05-12,0,Cancelled
S02501,U02501,2024-03-19,2024-04-18,2024-09-15,50,Cancelled
S02502,U02502,2024-06-30,2024-07-30,2024-10-28,20,Cancelled
S02503,U02503,2024-12-01,2024-12-31,2025-01-30,20,Cancelled
S02504,U02504,2024-11-27,2024-12-27,,50,Active
S02505,U02505,2024-02-23,2024-03-24,2024-04-23,0,Cancelled
S02506,U02506,2024-11-30,2024-12-30,2025-04-29,0,Cancelled
S02507,U02507,2024-03-30,2024-04-29,2024-10-26,20,Cancelled
S02508,U02508,2024-12-02,2025-01-01,2025-01-31,20,Cancelled
S02509,U02509,2024-07-04,2024-08-03,2024-11-01,50,Cancelled
S02510,U02510,2024-02-14,2024-03-15,2024-05-14,50,Cancelled
S02511,U02511,2024-08-07,2024-09-06,2024-11-05,50,Cancelled
S02512,U02512,2024-10-29,2024-11-28,2025-01-27,0,Cancelled
S02513,U02513,2024-01-01,2024-01-31,2024-01-31,0,Cancelled
S02514,U02514,2024-11-14,2024-12-14,2025-08-11,50,Cancelled
S02515,U02515,2024-06-06,2024-07-06,2024-10-04,20,Cancelled
S02516,U02516,2024-09-29,2024-10-29,,50,Active
S02517,U02517,2024-02-07,2024-03-08,2024-09-04,0,Cancelled
S02518,U02518,2024-08-12,2024-09-11,2024-12-10,50,Cancelled
S02519,U02519,2024-06-29,2024-07-29,2024-08-28,50,Cancelled
S02520,U02520,2024-02-29,2024-03-30,2024-11-25,0,Cancelled
S02521,U02521,2024-04-03,2024-05-03,2024-07-02,0,Cancelled
S02522,U02522,2024-01-13,2024-02-12,2024-02-12,50,Cancelled
S02523,U02523,2024-09-02,2024-10-02,2024-11-01,20,Cancelled
S02524,U02524,2024-06-05,2024-07-05,2024-09-03,20,Cancelled
S02525,U02525,2024-06-07,2024-07-07,2024-07-07,20,Cancelled
S02526,U02526,2024-06-18,2024-07-18,2025-02-13,20,Cancelled
S02527,U02527,2024-04-11,2024-05-11,2024-05-11,20,Cancelled
S02528,U02528,2024-08-13,2024-09-12,2024-10-12,0,Cancelled
S02529,U02529,2024-06-13,2024-07-13,2024-12-10,50,Cancelled
S02530,U02530,2024-07-07,2024-08-06,2025-04-03,20,Cancelled
S02531,U02531,2024-06-02,2024-07-02,2024-08-01,50,Cancelled
S02532,U02532,2024-06-27,2024-07-27,2024-12-24,20,Cancelled
S02533,U02533,2024-04-23,2024-05-23,2025-01-18,50,Cancelled
S02534,U02534,2024-10-18,2024-11-17,2024-11-17,20,Cancelled
S02535,U02535,2024-05-25,2024-06-24,2025-04-20,0,Cancelled
S02536,U02536,2024-04-24,2024-05-24,2024-08-22,0,Cancelled
S02537,U02537,2024-10-21,2024-11-20,2024-11-20,0,Cancelled
S02538,U02538,2024-01-05,2024-02-04,2024-03-05,0,Cancelled
S02539,U02539,2024-01-23,2024-02-22,2024-06-21,20,Cancelled
S02540,U02540,2024-06-21,2024-07-21,2025-05-17,0,Cancelled
S02541,U02541,2024-06-03,2024-07-03,2025-01-29,0,Cancelled
S02542,U02542,2024-10-17,2024-11-16,2025-02-14,0,Cancelled
S02543,U02543,2024-04-14,2024-05-14,2024-11-10,50,Cancelled
S02544,U02544,2024-06-18,2024-07-18,,20,Active
S02545,U02545,2024-02-05,2024-03-06,2024-09-02,20,Cancelled
S02546,U02546,2024-07-17,2024-08-16,2024-12-14,50,Cancelled
S02547,U02547,2024-04-14,2024-05-14,2024-07-13,50,Cancelled
S02548,U02548,2024-05-07,2024-06-06,2024-09-04,20,Cancelled
S02549,U02549,2024-12-01,2024-12-31,2024-12-31,20,Cancelled
S02550,U02550,2024-10-03,2024-11-02,2025-06-30,50,Cancelled
S02551,U02551,2024-07-14,2024-08-13,2024-09-12,50,Cancelled
S02552,U02552,2024-05-26,2024-06-25,2024-12-22,20,Cancelled
S02553,U02553,2024-01-30,2024-02-29,2024-04-29,0,Cancelled
S02554,U02554,2024-08-04,2024-09-03,2024-09-03,50,Cancelled
S02555,U02555,2024-04-12,2024-05-12,2024-06-11,0,Cancelled
S02556,U02556,2024-03-09,2024-04-08,2024-06-07,0,Cancelled
S02557,U02557,2024-01-12,2024-02-11,2024-02-11,20,Cancelled
S02558,U02558,2024-12-09,2025-01-08,2025-04-08,20,Cancelled
S02559,U02559,2024-11-08,2024-12-08,2025-03-08,0,Cancelled
S02560,U02560,2024-11-24,2024-12-24,2025-03-24,0,Cancelled
S02561,U02561,2024-03-28,2024-04-27,2024-04-27,0,Cancelled
S02562,U02562,2024-10-03,2024-11-02,2024-12-02,20,Cancelled
S02563,U02563,2024-12-04,2025-01-03,2025-04-03,20,Cancelled
S02564,U02564,2024-12-04,2025-01-03,2025-07-02,50,Cancelled
S02565,U02565,2024-05-13,2024-06-12,2024-12-09,0,Cancelled
S02566,U02566,2024-11-23,2024-12-23,2025-09-19,50,Cancelled
S02567,U02567,2024-06-22,2024-07-22,2024-10-20,50,Cancelled
S02568,U02568,2024-07-16,2024-08-15,2025-01-12,50,Cancelled
S02569,U02569,2024-09-05,2024-10-05,2024-11-04,0,Cancelled
S02570,U02570,2024-03-07,2024-04-06,2024-09-03,20,Cancelled
S02571,U02571,2024-12-22,2025-01-21,2025-05-21,50,Cancelled
S02572,U02572,2024-08-20,2024-09-19,2024-09-19,50,Cancelled
S02573,U02573,2024-06-29,2024-07-29,2024-10-27,50,Cancelled
S02574,U02574,2024-11-02,2024-12-02,,0,Active
S02575,U02575,2024-09-09,2024-10-09,2025-01-07,50,Cancelled
S02576,U02576,2024-03-24,2024-04-23,2024-06-22,0,Cancelled
S02577,U02577,2024-07-11,2024-08-10,2024-08-10,0,Cancelled
S02578,U02578,2024-04-13,2024-05-13,2024-05-13,20,Cancelled
S02579,U02579,2024-01-07,2024-02-06,2024-10-03,20,Cancelled
S02580,U02580,2024-02-06,2024-03-07,2024-03-07,20,Cancelled
S02581,U02581,2024-08-06,2024-09-05,2025-05-03,50,Cancelled
S02582,U02582,2024-04-29,2024-05-29,2024-06-28,20,Cancelled
S02583,U02583,2024-07-02,2024-08-01,2025-02-27,20,Cancelled
S02584,U02584,2024-03-13,2024-04-12,2024-05-12,50,Cancelled
S02585,U02585,2024-10-30,2024-11-29,2025-03-29,0,Cancelled
S02586,U02586,2024-10-29,2024-11-28,2025-01-27,20,Cancelled
S02587,U02587,2024-12-08,2025-01-07,2025-06-06,50,Cancelled
S02588,U02588,2024-01-22,2024-02-21,2024-12-17,20,Cancelled
S02589,U02589,2024-02-19,2024-03-20,2024-03-20,50,Cancelled
S02590,U02590,2024-05-19,2024-06-18,2024-10-16,50,Cancelled
S02591,U02591,2024-03-18,2024-04-17,2024-08-15,20,Cancelled
S02592,U02592,2024-10-02,2024-11-01,2024-12-01,20,Cancelled
S02593,U02593,2024-01-05,2024-02-04,2024-06-03,20,Cancelled
S02594,U02594,2024-06-07,2024-07-07,2024-12-04,0,Cancelled
S02595,U02595,2024-11-22,2024-12-22,2025-03-22,20,Cancelled
S02596,U02596,2024-05-24,2024-06-23,2024-10-21,20,Cancelled
S02597,U02597,2024-05-31,2024-06-30,2024-08-29,20,Cancelled
S02598,U02598,2024-02-08,2024-03-09,2024-03-09,0,Cancelled
S02599,U02599,2024-03-24,2024-04-23,2024-06-22,20,Cancelled
S02600,U02600,2024-02-16,2024-03-17,2024-04-16,50,Cancelled
S02601,U02601,2024-11-29,2024-12-29,2024-12-29,50,Cancelled
S02602,U02602,2024-04-22,2024-05-22,2024-07-21,50,Cancelled
S02603,U02603,2024-02-01,2024-03-02,2024-03-02,50,Cancelled
S02604,U02604,2024-10-05,2024-11-04,2025-02-02,50,Cancelled
S02605,U02605,2024-04-01,2024-05-01,2024-05-01,50,Cancelled
S02606,U02606,2024-10-10,2024-11-09,2025-05-08,50,Cancelled
S02607,U02607,2024-08-18,2024-09-17,2024-09-17,20,Cancelled
S02608,U02608,2024-03-31,2024-04-30,,0,Active
S02609,U02609,2024-07-27,2024-08-26,2025-05-23,0,Cancelled
S02610,U02610,2024-07-22,2024-08-21,2024-08-21,20,Cancelled
S02611,U02611,2024-02-08,2024-03-09,2024-07-07,0,Cancelled
S02612,U02612,2024-12-10,2025-01-09,,20,Active
S02613,U02613,2024-06-15,2024-07-15,,20,Active
S02614,U02614,2024-11-29,2024-12-29,2024-12-29,0,Cancelled
S02615,U02615,2024-05-06,2024-06-05,2024-06-05,20,Cancelled
S02616,U02616,2024-08-23,2024-09-22,2024-09-22,20,Cancelled
S02617,U02617,2024-06-28,2024-07-28,2024-07-28,50,Cancelled
S02618,U02618,2024-07-11,2024-08-10,2025-04-07,50,Cancelled
S02619,U02619,2024-03-11,2024-04-10,,50,Active
S02620,U02620,2024-06-15,2024-07-15,2024-11-12,50,Cancelled
S02621,U02621,2024-06-01,2024-07-01,2024-10-29,20,Cancelled
S02622,U02622,2024-11-12,2024-12-12,,20,Active
S02623,U02623,2024-01-12,2024-02-11,2024-03-12,50,Cancelled
S02624,U02624,2024-10-13,2024-11-12,2024-12-12,20,Cancelled
S02625,U02625,2024-11-07,2024-12-07,2025-02-05,0,Cancelled
S02626,U02626,2024-09-22,2024-10-22,2024-10-22,50,Cancelled
S02627,U02627,2024-05-29,2024-06-28,2024-08-27,20,Cancelled
S02628,U02628,2024-12-05,2025-01-04,2025-04-04,0,Cancelled
S02629,U02629,2024-03-24,2024-04-23,2024-05-23,20,Cancelled
S02630,U02630,2024-01-10,2024-02-09,,50,Active
S02631,U02631,2024-01-01,2024-01-31,2024-06-29,0,Cancelled
S02632,U02632,2024-06-05,2024-07-05,,50,Active
S02633,U02633,2024-02-24,2024-03-25,2024-05-24,0,Cancelled
S02634,U02634,2024-01-07,2024-02-06,2024-04-06,20,Cancelled
S02635,U02635,2024-02-22,2024-03-23,2024-06-21,20,Cancelled
S02636,U02636,2024-02-19,2024-03-20,2024-03-20,50,Cancelled
S02637,U02637,2024-08-17,2024-09-16,2024-10-16,0,Cancelled
S02638,U02638,2024-03-23,2024-04-22,2024-06-21,50,Cancelled
S02639,U02639,2024-07-09,2024-08-08,2025-04-05,20,Cancelled
S02640,U02640,2024-03-08,2024-04-07,2024-06-06,20,Cancelled
S02641,U02641,2024-10-13,2024-11-12,2025-07-10,20,Cancelled
S02642,U02642,2024-02-29,2024-03-30,2024-04-29,0,Cancelled
S02643,U02643,2024-04-01,2024-05-01,2024-07-30,20,Cancelled
S02644,U02644,2024-11-21,2024-12-21,2025-08-18,20,Cancelled
S02645,U02645,2024-09-02,2024-10-02,2025-01-30,20,Cancelled
S02646,U02646,2024-11-03,2024-12-03,2024-12-03,50,Cancelled
S02647,U02647,2024-01-04,2024-02-03,,50,Active
S02648,U02648,2024-02-22,2024-03-23,2024-03-23,50,Cancelled
S02649,U02649,2024-03-06,2024-04-05,2024-04-05,20,Cancelled
S02650,U02650,2024-11-20,2024-12-20,2025-07-18,50,Cancelled
S02651,U02651,2024-10-11,2024-11-10,2025-02-08,0,Cancelled
S02652,U02652,2024-12-14,2025-01-13,2025-03-14,0,Cancelled
S02653,U02653,2024-07-07,2024-08-06,2024-11-04,20,Cancelled
S02654,U02654,2024-07-04,2024-08-03,2024-08-03,20,Cancelled
S02655,U02655,2024-08-29,2024-09-28,2024-09-28,20,Cancelled
S02656,U02656,2024-02-27,2024-03-28,2024-03-28,50,Cancelled
S02657,U02657,2024-05-13,2024-06-12,2024-07-12,0,Cancelled
S02658,U02658,2024-04-23,2024-05-23,2024-06-22,0,Cancelled
S02659,U02659,2024-05-02,2024-06-01,2024-10-29,0,Cancelled
S02660,U02660,2024-10-12,2024-11-11,2024-11-11,20,Cancelled
S02661,U02661,2024-05-26,2024-06-25,2024-07-25,0,Cancelled
S02662,U02662,2024-03-03,2024-04-02,2024-04-02,50,Cancelled
S02663,U02663,2024-04-25,2024-05-25,2024-07-24,50,Cancelled
S02664,U02664,2024-08-05,2024-09-04,2024-09-04,20,Cancelled
S02665,U02665,2024-09-02,2024-10-02,2024-10-02,20,Cancelled
S02666,U02666,2024-04-24,2024-05-24,2024-07-23,50,Cancelled
S02667,U02667,2024-11-18,2024-12-18,2025-04-17,50,Cancelled
S02668,U02668,2024-02-27,2024-03-28,2024-09-24,20,Cancelled
S02669,U02669,2024-09-29,2024-10-29,,50,Active
S02670,U02670,2024-12-05,2025-01-04,2025-01-04,20,Cancelled
S02671,U02671,2024-09-20,2024-10-20,2025-07-17,20,Cancelled
S02672,U02672,2024-10-14,2024-11-13,2025-03-13,0,Cancelled
S02673,U02673,2024-04-01,2024-05-01,2024-07-30,20,Cancelled
S02674,U02674,2024-06-02,2024-07-02,2024-09-30,20,Cancelled
S02675,U02675,2024-10-24,2024-11-23,2024-12-23,20,Cancelled
S02676,U02676,2024-09-11,2024-10-11,2024-11-10,0,Cancelled
S02677,U02677,2024-11-22,2024-12-22,2025-05-21,20,Cancelled
S02678,U02678,2024-10-22,2024-11-21,2025-01-20,20,Cancelled
S02679,U02679,2024-01-12,2024-02-11,2024-05-11,20,Cancelled
S02680,U02680,2024-07-08,2024-08-07,2024-09-06,50,Cancelled
S02681,U02681,2024-07-10,2024-08-09,,50,Active
S02682,U02682,2024-01-07,2024-02-06,2024-05-06,20,Cancelled
S02683,U02683,2024-03-03,2024-04-02,2024-12-28,0,Cancelled
S02684,U02684,2024-06-06,2024-07-06,2024-07-06,0,Cancelled
S02685,U02685,2024-10-20,2024-11-19,2024-12-19,0,Cancelled
S02686,U02686,2024-05-25,2024-06-24,,50,Active
S02687,U02687,2024-07-24,2024-08-23,2024-11-21,20,Cancelled
S02688,U02688,2024-08-13,2024-09-12,2024-11-11,50,Cancelled
S02689,U02689,2024-04-17,2024-05-17,2024-09-14,0,Cancelled
S02690,U02690,2024-08-08,2024-09-07,,0,Active
S02691,U02691,2024-07-16,2024-08-15,2024-08-15,0,Cancelled
S02692,U02692,2024-02-29,2024-03-30,2024-03-30,50,Cancelled
S02693,U02693,2024-09-17,2024-10-17,2025-05-15,0,Cancelled
S02694,U02694,2024-11-28,2024-12-28,2025-10-24,20,Cancelled
S02695,U02695,2024-07-12,2024-08-11,2024-12-09,0,Cancelled
S02696,U02696,2024-06-14,2024-07-14,2024-08-13,20,Cancelled
S02697,U02697,2024-03-04,2024-04-03,2024-08-31,0,Cancelled
S02698,U02698,2024-01-05,2024-02-04,2024-07-03,20,Cancelled
S02699,U02699,2024-05-14,2024-06-13,2024-09-11,50,Cancelled
S02700,U02700,2024-04-18,2024-05-18,2024-09-15,20,Cancelled
S02701,U02701,2024-05-13,2024-06-12,2024-10-10,0,Cancelled
S02702,U02702,2024-11-10,2024-12-10,2025-01-09,0,Cancelled
S02703,U02703,2024-10-02,2024-11-01,2024-11-01,20,Cancelled
S02704,U02704,2024-01-11,2024-02-10,2024-05-10,20,Cancelled
S02705,U02705,2024-04-13,2024-05-13,2024-06-12,20,Cancelled
S02706,U02706,2024-08-14,2024-09-13,2025-03-12,0,Cancelled
S02707,U02707,2024-05-25,2024-06-24,2024-09-22,0,Cancelled
S02708,U02708,2024-11-14,2024-12-14,2025-03-14,20,Cancelled
S02709,U02709,2024-10-06,2024-11-05,2025-01-04,0,Cancelled
S02710,U02710,2024-02-04,2024-03-05,2024-04-04,0,Cancelled
S02711,U02711,2024-08-24,2024-09-23,2025-01-21,0,Cancelled
S02712,U02712,2024-12-19,2025-01-18,,0,Active
S02713,U02713,2024-07-09,2024-08-08,2024-08-08,20,Cancelled
S02714,U02714,2024-11-20,2024-12-20,2025-06-18,0,Cancelled
S02715,U02715,2024-07-18,2024-08-17,2024-11-15,0,Cancelled
S02716,U02716,2024-09-10,2024-10-10,2024-10-10,20,Cancelled
S02717,U02717,2024-08-02,2024-09-01,,0,Active
S02718,U02718,2024-07-14,2024-08-13,2024-09-12,0,Cancelled
S02719,U02719,2024-03-17,2024-04-16,2024-07-15,0,Cancelled
S02720,U02720,2024-10-31,2024-11-30,2025-08-27,0,Cancelled
S02721,U02721,2024-04-10,2024-05-10,2024-06-09,20,Cancelled
S02722,U02722,2024-11-05,2024-12-05,2024-12-05,0,Cancelled
S02723,U02723,2024-10-15,2024-11-14,2025-05-13,20,Cancelled
S02724,U02724,2024-01-18,2024-02-17,2024-02-17,0,Cancelled
S02725,U02725,2024-10-16,2024-11-15,2025-04-14,50,Cancelled
S02726,U02726,2024-03-13,2024-04-12,,50,Active
S02727,U02727,2024-02-27,2024-03-28,2024-05-27,0,Cancelled
S02728,U02728,2024-08-20,2024-09-19,2024-11-18,0,Cancelled
S02729,U02729,2024-05-30,2024-06-29,2024-06-29,50,Cancelled
S02730,U02730,2024-03-14,2024-04-13,2024-10-10,0,Cancelled
S02731,U02731,2024-06-05,2024-07-05,2024-10-03,50,Cancelled
S02732,U02732,2024-12-11,2025-01-10,2025-02-09,0,Cancelled
S02733,U02733,2024-07-28,2024-08-27,2025-05-24,50,Cancelled
S02734,U02734,2024-05-18,2024-06-17,2024-06-17,20,Cancelled
S02735,U02735,2024-02-24,2024-03-25,2024-07-23,50,Cancelled
S02736,U02736,2024-08-08,2024-09-07,2024-11-06,20,Cancelled
S02737,U02737,2024-03-05,2024-04-04,2024-04-04,50,Cancelled
S02738,U02738,2024-08-21,2024-09-20,,50,Active
S02739,U02739,2024-10-19,2024-11-18,2025-01-17,0,Cancelled
S02740,U02740,2024-06-02,2024-07-02,2024-10-30,50,Cancelled
S02741,U02741,2024-11-07,2024-12-07,2025-04-06,0,Cancelled
S02742,U02742,2024-09-18,2024-10-18,2024-10-18,0,Cancelled
S02743,U02743,2024-10-20,2024-11-19,2025-05-18,0,Cancelled
S02744,U02744,2024-03-27,2024-04-26,2024-04-26,20,Cancelled
S02745,U02745,2024-07-02,2024-08-01,2025-03-29,0,Cancelled
S02746,U02746,2024-10-07,2024-11-06,2025-01-05,50,Cancelled
S02747,U02747,2024-05-02,2024-06-01,2024-10-29,50,Cancelled
S02748,U02748,2024-05-09,2024-06-08,2024-09-06,0,Cancelled
S02749,U02749,2024-04-30,2024-05-30,2024-05-30,50,Cancelled
S02750,U02750,2024-07-17,2024-08-16,2025-01-13,0,Cancelled
S02751,U02751,2024-05-12,2024-06-11,2024-11-08,50,Cancelled
S02752,U02752,2024-05-07,2024-06-06,2024-08-05,0,Cancelled
S02753,U02753,2024-06-11,2024-07-11,2024-10-09,20,Cancelled
S02754,U02754,2024-09-13,2024-10-13,2024-12-12,0,Cancelled
S02755,U02755,2024-02-05,2024-03-06,2024-11-01,20,Cancelled
S02756,U02756,2024-08-16,2024-09-15,2025-01-13,50,Cancelled
S02757,U02757,2024-08-09,2024-09-08,,50,Active
S02758,U02758,2024-11-25,2024-12-25,2025-02-23,50,Cancelled
S02759,U02759,2024-11-30,2024-12-30,2025-02-28,0,Cancelled
S02760,U02760,2024-03-13,2024-04-12,,20,Active
S02761,U02761,2024-03-10,2024-04-09,2025-02-03,20,Cancelled
S02762,U02762,2024-06-25,2024-07-25,2024-11-22,0,Cancelled
S02763,U02763,2024-10-09,2024-11-08,2025-01-07,20,Cancelled
S02764,U02764,2024-11-19,2024-12-19,,50,Active
S02765,U02765,2024-01-17,2024-02-16,2024-08-14,0,Cancelled
S02766,U02766,2024-07-28,2024-08-27,,0,Active
S02767,U02767,2024-02-14,2024-03-15,2024-06-13,50,Cancelled
S02768,U02768,2024-06-28,2024-07-28,2024-08-27,50,Cancelled
S02769,U02769,2024-09-11,2024-10-11,,50,Active
S02770,U02770,2024-07-14,2024-08-13,2025-06-09,20,Cancelled
S02771,U02771,2024-11-20,2024-12-20,2025-04-19,0,Cancelled
S02772,U02772,2024-01-04,2024-02-03,2024-05-03,0,Cancelled
S02773,U02773,2024-06-28,2024-07-28,2024-07-28,50,Cancelled
S02774,U02774,2024-06-11,2024-07-11,,0,Active
S02775,U02775,2024-01-02,2024-02-01,2024-02-01,50,Cancelled
S02776,U02776,2024-03-07,2024-04-06,2024-06-05,50,Cancelled
S02777,U02777,2024-11-15,2024-12-15,2025-01-14,0,Cancelled
S02778,U02778,2024-07-04,2024-08-03,2025-01-30,20,Cancelled
S02779,U02779,2024-03-15,2024-04-14,,20,Active
S02780,U02780,2024-08-02,2024-09-01,,0,Active
S02781,U02781,2024-11-22,2024-12-22,2025-04-21,20,Cancelled
S02782,U02782,2024-01-09,2024-02-08,2024-08-06,0,Cancelled
S02783,U02783,2024-12-09,2025-01-08,2025-02-07,50,Cancelled
S02784,U02784,2024-08-25,2024-09-24,2024-10-24,0,Cancelled
S02785,U02785,2024-09-13,2024-10-13,2025-08-09,20,Cancelled
S02786,U02786,2024-07-26,2024-08-25,2024-09-24,0,Cancelled
S02787,U02787,2024-03-23,2024-04-22,2024-04-22,50,Cancelled
S02788,U02788,2024-01-16,2024-02-15,2024-02-15,50,Cancelled
S02789,U02789,2024-05-02,2024-06-01,2024-11-28,0,Cancelled
S02790,U02790,2024-02-01,2024-03-02,2024-05-31,50,Cancelled
S02791,U02791,2024-02-15,2024-03-16,2024-07-14,20,Cancelled
S02792,U02792,2024-02-24,2024-03-25,2024-03-25,50,Cancelled
S02793,U02793,2024-02-23,2024-03-24,2024-04-23,50,Cancelled
S02794,U02794,2024-02-20,2024-03-21,,20,Active
S02795,U02795,2024-11-17,2024-12-17,2025-07-15,0,Cancelled
S02796,U02796,2024-12-27,2025-01-26,,50,Active
S02797,U02797,2024-08-29,2024-09-28,2024-09-28,0,Cancelled
S02798,U02798,2024-07-31,2024-08-30,2024-09-29,50,Cancelled
S02799,U02799,2024-03-20,2024-04-19,2024-10-16,20,Cancelled
S02800,U02800,2024-09-08,2024-10-08,2025-03-07,0,Cancelled
S02801,U02801,2024-08-02,2024-09-01,2024-10-01,50,Cancelled
S02802,U02802,2024-06-29,2024-07-29,2024-09-27,50,Cancelled
S02803,U02803,2024-04-09,2024-05-09,,0,Active
S02804,U02804,2024-07-15,2024-08-14,2024-09-13,20,Cancelled
S02805,U02805,2024-01-11,2024-02-10,2024-08-08,50,Cancelled
S02806,U02806,2024-10-22,2024-11-21,2024-11-21,0,Cancelled
S02807,U02807,2024-06-01,2024-07-01,,0,Active
S02808,U02808,2024-07-05,2024-08-04,2024-08-04,20,Cancelled
S02809,U02809,2024-11-13,2024-12-13,2024-12-13,50,Cancelled
S02810,U02810,2024-04-22,2024-05-22,2024-09-19,20,Cancelled
S02811,U02811,2024-06-10,2024-07-10,2024-08-09,0,Cancelled
S02812,U02812,2024-07-05,2024-08-04,2024-09-03,50,Cancelled
S02813,U02813,2024-12-07,2025-01-06,2025-09-03,0,Cancelled
S02814,U02814,2024-06-15,2024-07-15,2025-04-11,20,Cancelled
S02815,U02815,2024-09-15,2024-10-15,2025-06-12,0,Cancelled
S02816,U02816,2024-02-26,2024-03-27,2024-04-26,20,Cancelled
S02817,U02817,2024-04-29,2024-05-29,2024-10-26,0,Cancelled
S02818,U02818,2024-05-12,2024-06-11,2024-09-09,20,Cancelled
S02819,U02819,2024-07-15,2024-08-14,2024-11-12,50,Cancelled
S02820,U02820,2024-08-04,2024-09-03,2024-10-03,0,Cancelled
S02821,U02821,2024-01-14,2024-02-13,2024-03-14,20,Cancelled
S02822,U02822,2024-11-29,2024-12-29,2025-03-29,50,Cancelled
S02823,U02823,2024-02-20,2024-03-21,2024-08-18,0,Cancelled
S02824,U02824,2024-05-31,2024-06-30,2024-07-30,20,Cancelled
S02825,U02825,2024-01-26,2024-02-25,2024-02-25,20,Cancelled
S02826,U02826,2024-08-18,2024-09-17,2024-11-16,20,Cancelled
S02827,U02827,2024-05-08,2024-06-07,,50,Active
S02828,U02828,2024-09-01,2024-10-01,2024-12-30,50,Cancelled
S02829,U02829,2024-08-01,2024-08-31,2024-10-30,50,Cancelled
S02830,U02830,2024-11-06,2024-12-06,2025-03-06,50,Cancelled
S02831,U02831,2024-03-31,2024-04-30,2024-06-29,20,Cancelled
S02832,U02832,2024-01-14,2024-02-13,2024-08-11,0,Cancelled
S02833,U02833,2024-06-16,2024-07-16,2024-12-13,20,Cancelled
S02834,U02834,2024-07-29,2024-08-28,2024-09-27,50,Cancelled
S02835,U02835,2024-05-10,2024-06-09,2024-06-09,0,Cancelled
S02836,U02836,2024-03-16,2024-04-15,2024-06-14,0,Cancelled
S02837,U02837,2024-04-02,2024-05-02,2024-09-29,0,Cancelled
S02838,U02838,2024-02-24,2024-03-25,2024-11-20,20,Cancelled
S02839,U02839,2024-02-24,2024-03-25,2024-05-24,50,Cancelled
S02840,U02840,2024-05-27,2024-06-26,,20,Active
S02841,U02841,2024-08-05,2024-09-04,,0,Active
S02842,U02842,2024-10-18,2024-11-17,2025-01-16,50,Cancelled
S02843,U02843,2024-09-10,2024-10-10,2025-06-07,0,Cancelled
S02844,U02844,2024-01-10,2024-02-09,2024-06-08,0,Cancelled
S02845,U02845,2024-01-17,2024-02-16,2024-11-12,20,Cancelled
S02846,U02846,2024-05-09,2024-06-08,2025-03-05,20,Cancelled
S02847,U02847,2024-08-15,2024-09-14,2025-05-12,0,Cancelled
S02848,U02848,2024-06-15,2024-07-15,2024-11-12,50,Cancelled
S02849,U02849,2024-12-23,2025-01-22,2025-09-19,20,Cancelled
S02850,U02850,2024-04-02,2024-05-02,2024-05-02,0,Cancelled
S02851,U02851,2024-06-01,2024-07-01,,50,Active
S02852,U02852,2024-07-21,2024-08-20,2025-01-17,50,Cancelled
S02853,U02853,2024-04-15,2024-05-15,2024-06-14,20,Cancelled
S02854,U02854,2024-06-03,2024-07-03,2024-12-30,0,Cancelled
S02855,U02855,2024-10-06,2024-11-05,2025-02-03,50,Cancelled
S02856,U02856,2024-04-05,2024-05-05,2024-06-04,0,Cancelled
S02857,U02857,2024-10-04,2024-11-03,2025-07-01,0,Cancelled
S02858,U02858,2024-05-06,2024-06-05,2024-08-04,20,Cancelled
S02859,U02859,2024-03-19,2024-04-18,2024-06-17,0,Cancelled
S02860,U02860,2024-05-25,2024-06-24,2024-09-22,50,Cancelled
S02861,U02861,2024-11-15,2024-12-15,2024-12-15,0,Cancelled
S02862,U02862,2024-10-30,2024-11-29,,50,Active
S02863,U02863,2024-03-05,2024-04-04,2024-07-03,0,Cancelled
S02864,U02864,2024-11-02,2024-12-02,2025-04-01,0,Cancelled
S02865,U02865,2024-09-11,2024-10-11,2025-01-09,20,Cancelled
S02866,U02866,2024-03-22,2024-04-21,2024-11-17,20,Cancelled
S02867,U02867,2024-08-17,2024-09-16,2024-09-16,20,Cancelled
S02868,U02868,2024-12-25,2025-01-24,,50,Active
S02869,U02869,2024-08-04,2024-09-03,2024-09-03,50,Cancelled
S02870,U02870,2024-07-15,2024-08-14,,0,Active
S02871,U02871,2024-01-14,2024-02-13,2024-03-14,50,Cancelled
S02872,U02872,2024-03-11,2024-04-10,2024-04-10,0,Cancelled
S02873,U02873,2024-12-19,2025-01-18,2025-05-18,0,Cancelled
S02874,U02874,2024-03-12,2024-04-11,2024-04-11,50,Cancelled
S02875,U02875,2024-09-05,2024-10-05,2025-02-02,50,Cancelled
S02876,U02876,2024-12-20,2025-01-19,2025-10-16,50,Cancelled
S02877,U02877,2024-11-17,2024-12-17,2025-05-16,0,Cancelled
S02878,U02878,2024-10-04,2024-11-03,2025-07-01,50,Cancelled
S02879,U02879,2024-04-16,2024-05-16,2024-11-12,20,Cancelled
S02880,U02880,2024-07-02,2024-08-01,,50,Active
S02881,U02881,2024-05-20,2024-06-19,2024-07-19,20,Cancelled
S02882,U02882,2024-06-13,2024-07-13,2024-09-11,0,Cancelled
S02883,U02883,2024-07-22,2024-08-21,2024-09-20,20,Cancelled
S02884,U02884,2024-07-10,2024-08-09,2024-08-09,0,Cancelled
S02885,U02885,2024-06-28,2024-07-28,2024-12-25,50,Cancelled
S02886,U02886,2024-06-02,2024-07-02,2024-07-02,50,Cancelled
S02887,U02887,2024-11-26,2024-12-26,2025-03-26,20,Cancelled
S02888,U02888,2024-10-18,2024-11-17,2024-11-17,50,Cancelled
S02889,U02889,2024-03-28,2024-04-27,2024-11-23,20,Cancelled
S02890,U02890,2024-06-24,2024-07-24,2024-11-21,0,Cancelled
S02891,U02891,2024-05-25,2024-06-24,2024-10-22,0,Cancelled
S02892,U02892,2024-10-21,2024-11-20,2025-02-18,50,Cancelled
S02893,U02893,2024-03-23,2024-04-22,2024-06-21,0,Cancelled
S02894,U02894,2024-12-21,2025-01-20,2025-01-20,20,Cancelled
S02895,U02895,2024-06-13,2024-07-13,,50,Active
S02896,U02896,2024-08-30,2024-09-29,2024-09-29,50,Cancelled
S02897,U02897,2024-01-08,2024-02-07,2024-04-07,0,Cancelled
S02898,U02898,2024-02-16,2024-03-17,2024-10-13,0,Cancelled
S02899,U02899,2024-07-29,2024-08-28,2024-11-26,50,Cancelled
S02900,U02900,2024-06-02,2024-07-02,2024-08-31,20,Cancelled
S02901,U02901,2024-04-10,2024-05-10,2024-05-10,20,Cancelled
S02902,U02902,2024-08-03,2024-09-02,2024-09-02,20,Cancelled
S02903,U02903,2024-05-22,2024-06-21,2024-08-20,0,Cancelled
S02904,U02904,2024-02-14,2024-03-15,2024-08-12,20,Cancelled
S02905,U02905,2024-03-27,2024-04-26,,20,Active
S02906,U02906,2024-09-11,2024-10-11,2024-12-10,20,Cancelled
S02907,U02907,2024-10-20,2024-11-19,2024-11-19,20,Cancelled
S02908,U02908,2024-04-25,2024-05-25,2024-06-24,50,Cancelled
S02909,U02909,2024-04-11,2024-05-11,2025-02-05,0,Cancelled
S02910,U02910,2024-04-26,2024-05-26,2024-10-23,20,Cancelled
S02911,U02911,2024-07-19,2024-08-18,2024-10-17,50,Cancelled
S02912,U02912,2024-10-24,2024-11-23,2024-11-23,50,Cancelled
S02913,U02913,2024-06-05,2024-07-05,2024-09-03,0,Cancelled
S02914,U02914,2024-05-21,2024-06-20,2024-06-20,20,Cancelled
S02915,U02915,2024-11-29,2024-12-29,,0,Active
S02916,U02916,2024-07-25,2024-08-24,2024-10-23,0,Cancelled
S02917,U02917,2024-01-31,2024-03-01,,50,Active
S02918,U02918,2024-09-21,2024-10-21,2025-01-19,50,Cancelled
S02919,U02919,2024-05-28,2024-06-27,2024-10-25,20,Cancelled
S02920,U02920,2024-12-27,2025-01-26,2025-06-25,50,Cancelled
S02921,U02921,2024-01-14,2024-02-13,2024-02-13,20,Cancelled
S02922,U02922,2024-10-07,2024-11-06,2025-02-04,20,Cancelled
S02923,U02923,2024-11-10,2024-12-10,2025-08-07,50,Cancelled
S02924,U02924,2024-04-21,2024-05-21,2024-06-20,20,Cancelled
S02925,U02925,2024-04-14,2024-05-14,2024-06-13,0,Cancelled
S02926,U02926,2024-01-12,2024-02-11,2024-09-08,0,Cancelled
S02927,U02927,2024-05-14,2024-06-13,2025-01-09,20,Cancelled
S02928,U02928,2024-07-27,2024-08-26,2024-11-24,20,Cancelled
S02929,U02929,2024-08-30,2024-09-29,2024-10-29,50,Cancelled
S02930,U02930,2024-09-08,2024-10-08,2025-02-05,20,Cancelled
S02931,U02931,2024-08-25,2024-09-24,2024-11-23,20,Cancelled
S02932,U02932,2024-07-26,2024-08-25,2024-09-24,50,Cancelled
S02933,U02933,2024-12-11,2025-01-10,2025-01-10,50,Cancelled
S02934,U02934,2024-05-24,2024-06-23,2024-12-20,0,Cancelled
S02935,U02935,2024-02-02,2024-03-03,2024-10-29,0,Cancelled
S02936,U02936,2024-11-06,2024-12-06,2025-03-06,50,Cancelled
S02937,U02937,2024-01-28,2024-02-27,2024-05-27,50,Cancelled
S02938,U02938,2024-08-29,2024-09-28,2024-12-27,20,Cancelled
S02939,U02939,2024-06-24,2024-07-24,2024-09-22,20,Cancelled
S02940,U02940,2024-11-30,2024-12-30,2025-06-28,20,Cancelled
S02941,U02941,2024-08-31,2024-09-30,2025-06-27,20,Cancelled
S02942,U02942,2024-01-25,2024-02-24,,0,Active
S02943,U02943,2024-03-22,2024-04-21,2024-04-21,20,Cancelled
S02944,U02944,2024-06-02,2024-07-02,2025-04-28,0,Cancelled
S02945,U02945,2024-11-24,2024-12-24,2025-03-24,20,Cancelled
S02946,U02946,2024-10-30,2024-11-29,2025-04-28,0,Cancelled
S02947,U02947,2024-07-19,2024-08-18,2024-08-18,0,Cancelled
S02948,U02948,2024-11-15,2024-12-15,2024-12-15,20,Cancelled
S02949,U02949,2024-05-23,2024-06-22,2024-08-21,50,Cancelled
S02950,U02950,2024-06-20,2024-07-20,2024-08-19,0,Cancelled
S02951,U02951,2024-12-04,2025-01-03,2025-01-03,20,Cancelled
S02952,U02952,2024-11-01,2024-12-01,2024-12-31,20,Cancelled
S02953,U02953,2024-01-05,2024-02-04,2024-02-04,20,Cancelled
S02954,U02954,2024-11-08,2024-12-08,2025-07-06,20,Cancelled
S02955,U02955,2024-06-11,2024-07-11,2024-08-10,20,Cancelled
S02956,U02956,2024-05-10,2024-06-09,2024-07-09,20,Cancelled
S02957,U02957,2024-07-23,2024-08-22,,20,Active
S02958,U02958,2024-05-07,2024-06-06,2024-08-05,0,Cancelled
S02959,U02959,2024-04-28,2024-05-28,,50,Active
S02960,U02960,2024-10-26,2024-11-25,2025-06-23,50,Cancelled
S02961,U02961,2024-03-10,2024-04-09,2024-10-06,50,Cancelled
S02962,U02962,2024-03-25,2024-04-24,2024-05-24,20,Cancelled
S02963,U02963,2024-02-07,2024-03-08,2024-03-08,0,Cancelled
S02964,U02964,2024-11-08,2024-12-08,2025-06-06,20,Cancelled
S02965,U02965,2024-10-11,2024-11-10,2025-06-08,0,Cancelled
S02966,U02966,2024-01-07,2024-02-06,2024-02-06,0,Cancelled
S02967,U02967,2024-11-07,2024-12-07,2025-04-06,50,Cancelled
S02968,U02968,2024-03-20,2024-04-19,,0,Active
S02969,U02969,2024-01-26,2024-02-25,,50,Active
S02970,U02970,2024-11-29,2024-12-29,2025-04-28,50,Cancelled
S02971,U02971,2024-06-02,2024-07-02,,20,Active
S02972,U02972,2024-11-21,2024-12-21,2025-07-19,50,Cancelled
S02973,U02973,2024-12-09,2025-01-08,2025-01-08,0,Cancelled
S02974,U02974,2024-01-29,2024-02-28,2024-10-25,0,Cancelled
S02975,U02975,2024-08-07,2024-09-06,2025-02-03,50,Cancelled
S02976,U02976,2024-10-18,2024-11-17,2025-02-15,0,Cancelled
S02977,U02977,2024-08-30,2024-09-29,,50,Active
S02978,U02978,2024-02-21,2024-03-22,2024-12-17,0,Cancelled
S02979,U02979,2024-06-07,2024-07-07,2024-09-05,50,Cancelled
S02980,U02980,2024-04-25,2024-05-25,2024-09-22,50,Cancelled
S02981,U02981,2024-02-19,2024-03-20,2024-03-20,0,Cancelled
S02982,U02982,2024-09-11,2024-10-11,2025-01-09,50,Cancelled
S02983,U02983,2024-03-16,2024-04-15,,0,Active
S02984,U02984,2024-04-17,2024-05-17,2024-05-17,0,Cancelled
S02985,U02985,2024-05-20,2024-06-19,2024-12-16,20,Cancelled
S02986,U02986,2024-08-15,2024-09-14,2025-04-12,20,Cancelled
S02987,U02987,2024-12-20,2025-01-19,2025-05-19,0,Cancelled
S02988,U02988,2024-12-18,2025-01-17,2025-02-16,0,Cancelled
S02989,U02989,2024-02-10,2024-03-11,2024-06-09,0,Cancelled
S02990,U02990,2024-09-17,2024-10-17,2024-12-16,0,Cancelled
S02991,U02991,2024-08-19,2024-09-18,2024-09-18,20,Cancelled
S02992,U02992,2024-07-22,2024-08-21,2024-11-19,0,Cancelled
S02993,U02993,2024-10-27,2024-11-26,2025-04-25,0,Cancelled
S02994,U02994,2024-05-07,2024-06-06,2024-10-04,0,Cancelled
S02995,U02995,2024-10-28,2024-11-27,2025-05-26,50,Cancelled
S02996,U02996,2024-12-16,2025-01-15,2025-04-15,50,Cancelled
S02997,U02997,2024-07-19,2024-08-18,2025-02-14,20,Cancelled
S02998,U02998,2024-12-29,2025-01-28,2025-07-27,50,Cancelled
S02999,U02999,2024-04-12,2024-05-12,,20,Active
S03000,U03000,2024-08-09,2024-09-08,2024-12-07,50,Cancelled
S03001,U03001,2024-12-13,2025-01-12,2025-10-09,50,Cancelled
S03002,U03002,2024-02-10,2024-03-11,2024-03-11,0,Cancelled
S03003,U03003,2024-10-02,2024-11-01,2025-03-01,0,Cancelled
S03004,U03004,2024-04-05,2024-05-05,2024-08-03,20,Cancelled
S03005,U03005,2024-03-16,2024-04-15,2024-05-15,50,Cancelled
S03006,U03006,2024-09-01,2024-10-01,2024-10-31,50,Cancelled
S03007,U03007,2024-11-23,2024-12-23,2025-04-22,20,Cancelled
S03008,U03008,2024-05-04,2024-06-03,2024-08-02,20,Cancelled
S03009,U03009,2024-04-02,2024-05-02,2024-09-29,20,Cancelled
S03010,U03010,2024-03-11,2024-04-10,2024-10-07,0,Cancelled
S03011,U03011,2024-10-11,2024-11-10,,20,Active
S03012,U03012,2024-01-27,2024-02-26,2024-02-26,0,Cancelled
S03013,U03013,2024-07-08,2024-08-07,,50,Active
S03014,U03014,2024-01-05,2024-02-04,2024-02-04,0,Cancelled
S03015,U03015,2024-03-25,2024-04-24,2024-07-23,0,Cancelled
S03016,U03016,2024-01-12,2024-02-11,,0,Active
S03017,U03017,2024-10-18,2024-11-17,2025-02-15,0,Cancelled
S03018,U03018,2024-01-22,2024-02-21,2024-02-21,0,Cancelled
S03019,U03019,2024-09-09,2024-10-09,2025-07-06,50,Cancelled
S03020,U03020,2024-06-12,2024-07-12,2025-03-09,20,Cancelled
S03021,U03021,2024-09-20,2024-10-20,2025-01-18,50,Cancelled
S03022,U03022,2024-06-27,2024-07-27,2024-09-25,20,Cancelled
S03023,U03023,2024-07-26,2024-08-25,2024-11-23,0,Cancelled
S03024,U03024,2024-11-11,2024-12-11,2025-05-10,0,Cancelled
S03025,U03025,2024-02-22,2024-03-23,2025-01-17,20,Cancelled
S03026,U03026,2024-08-17,2024-09-16,2024-11-15,0,Cancelled
S03027,U03027,2024-02-02,2024-03-03,2024-03-03,20,Cancelled
S03028,U03028,2024-02-04,2024-03-05,2024-03-05,0,Cancelled
S03029,U03029,2024-01-28,2024-02-27,2024-02-27,0,Cancelled
S03030,U03030,2024-06-03,2024-07-03,2025-02-28,20,Cancelled
S03031,U03031,2024-01-29,2024-02-28,2024-02-28,0,Cancelled
S03032,U03032,2024-10-25,2024-11-24,2024-12-24,50,Cancelled
S03033,U03033,2024-08-10,2024-09-09,2025-02-06,20,Cancelled
S03034,U03034,2024-10-10,2024-11-09,2024-12-09,20,Cancelled
S03035,U03035,2024-07-21,2024-08-20,2024-08-20,0,Cancelled
S03036,U03036,2024-08-30,2024-09-29,2024-09-29,0,Cancelled
S03037,U03037,2024-03-24,2024-04-23,2024-04-23,0,Cancelled
S03038,U03038,2024-03-14,2024-04-13,2024-09-10,50,Cancelled
S03039,U03039,2024-10-16,2024-11-15,2025-03-15,50,Cancelled
S03040,U03040,2024-05-02,2024-06-01,2024-07-31,50,Cancelled
S03041,U03041,2024-03-25,2024-04-24,2024-11-20,50,Cancelled
S03042,U03042,2024-01-24,2024-02-23,2024-02-23,0,Cancelled
S03043,U03043,2024-02-03,2024-03-04,2024-10-30,50,Cancelled
S03044,U03044,2024-03-11,2024-04-10,2024-10-07,50,Cancelled
S03045,U03045,2024-12-10,2025-01-09,2025-01-09,20,Cancelled
S03046,U03046,2024-07-18,2024-08-17,,50,Active
S03047,U03047,2024-10-09,2024-11-08,2025-03-08,20,Cancelled
S03048,U03048,2024-04-19,2024-05-19,,50,Active
S03049,U03049,2024-09-09,2024-10-09,2025-04-07,0,Cancelled
S03050,U03050,2024-07-22,2024-08-21,2024-08-21,0,Cancelled
S03051,U03051,2024-01-27,2024-02-26,,20,Active
S03052,U03052,2024-03-10,2024-04-09,2024-06-08,20,Cancelled
S03053,U03053,2024-03-08,2024-04-07,2024-11-03,20,Cancelled
S03054,U03054,2024-08-20,2024-09-19,2025-06-16,0,Cancelled
S03055,U03055,2024-05-05,2024-06-04,2024-08-03,20,Cancelled
S03056,U03056,2024-02-06,2024-03-07,2024-05-06,50,Cancelled
S03057,U03057,2024-02-23,2024-03-24,2024-04-23,50,Cancelled
S03058,U03058,2024-05-11,2024-06-10,2025-02-05,50,Cancelled
S03059,U03059,2024-01-08,2024-02-07,2024-02-07,20,Cancelled
S03060,U03060,2024-03-06,2024-04-05,2024-06-04,20,Cancelled
S03061,U03061,2024-02-21,2024-03-22,2024-03-22,50,Cancelled
S03062,U03062,2024-06-17,2024-07-17,2024-08-16,20,Cancelled
S03063,U03063,2024-12-24,2025-01-23,2025-02-22,50,Cancelled
S03064,U03064,2024-04-08,2024-05-08,2024-07-07,0,Cancelled
S03065,U03065,2024-07-22,2024-08-21,2024-10-20,50,Cancelled
S03066,U03066,2024-04-14,2024-05-14,2024-07-13,20,Cancelled
S03067,U03067,2024-07-17,2024-08-16,2025-01-13,0,Cancelled
S03068,U03068,2024-07-24,2024-08-23,2025-06-19,0,Cancelled
S03069,U03069,2024-12-17,2025-01-16,2025-04-16,50,Cancelled
S03070,U03070,2024-11-13,2024-12-13,2025-01-12,0,Cancelled
S03071,U03071,2024-08-01,2024-08-31,2024-11-29,0,Cancelled
S03072,U03072,2024-07-01,2024-07-31,,20,Active
S03073,U03073,2024-06-14,2024-07-14,,0,Active
S03074,U03074,2024-08-08,2024-09-07,2024-09-07,50,Cancelled
S03075,U03075,2024-09-23,2024-10-23,2024-11-22,0,Cancelled
S03076,U03076,2024-07-31,2024-08-30,,0,Active
S03077,U03077,2024-06-03,2024-07-03,2024-08-02,0,Cancelled
S03078,U03078,2024-04-13,2024-05-13,2025-03-09,50,Cancelled
S03079,U03079,2024-08-28,2024-09-27,2024-10-27,0,Cancelled
S03080,U03080,2024-01-24,2024-02-23,2024-02-23,50,Cancelled
S03081,U03081,2024-03-29,2024-04-28,2024-04-28,50,Cancelled
S03082,U03082,2024-11-07,2024-12-07,,50,Active
S03083,U03083,2024-11-22,2024-12-22,2025-02-20,50,Cancelled
S03084,U03084,2024-05-19,2024-06-18,2024-08-17,0,Cancelled
S03085,U03085,2024-11-08,2024-12-08,2024-12-08,0,Cancelled
S03086,U03086,2024-06-30,2024-07-30,2024-08-29,0,Cancelled
S03087,U03087,2024-11-23,2024-12-23,2025-01-22,0,Cancelled
S03088,U03088,2024-03-12,2024-04-11,2024-04-11,50,Cancelled
S03089,U03089,2024-03-16,2024-04-15,2024-06-14,50,Cancelled
S03090,U03090,2024-09-23,2024-10-23,,20,Active
S03091,U03091,2024-04-26,2024-05-26,2024-09-23,20,Cancelled
S03092,U03092,2024-08-23,2024-09-22,2025-02-19,20,Cancelled
S03093,U03093,2024-05-16,2024-06-15,,50,Active
S03094,U03094,2024-11-24,2024-12-24,2025-04-23,50,Cancelled
S03095,U03095,2024-05-05,2024-06-04,2024-06-04,50,Cancelled
S03096,U03096,2024-11-14,2024-12-14,2024-12-14,20,Cancelled
S03097,U03097,2024-08-15,2024-09-14,2024-10-14,0,Cancelled
S03098,U03098,2024-07-09,2024-08-08,2024-10-07,50,Cancelled
S03099,U03099,2024-03-16,2024-04-15,,50,Active
S03100,U03100,2024-03-19,2024-04-18,2024-10-15,0,Cancelled
S03101,U03101,2024-08-18,2024-09-17,,0,Active
S03102,U03102,2024-12-13,2025-01-12,2025-06-11,20,Cancelled
S03103,U03103,2024-12-09,2025-01-08,2025-02-07,20,Cancelled
S03104,U03104,2024-11-17,2024-12-17,2025-01-16,0,Cancelled
S03105,U03105,2024-08-19,2024-09-18,2025-01-16,50,Cancelled
S03106,U03106,2024-09-09,2024-10-09,2025-07-06,50,Cancelled
S03107,U03107,2024-07-26,2024-08-25,,50,Active
S03108,U03108,2024-04-15,2024-05-15,2024-07-14,20,Cancelled
S03109,U03109,2024-03-18,2024-04-17,2024-05-17,0,Cancelled
S03110,U03110,2024-11-19,2024-12-19,,50,Active
S03111,U03111,2024-09-18,2024-10-18,,20,Active
S03112,U03112,2024-01-25,2024-02-24,2024-08-22,0,Cancelled
S03113,U03113,2024-10-10,2024-11-09,,50,Active
S03114,U03114,2024-11-07,2024-12-07,2025-01-06,20,Cancelled
S03115,U03115,2024-08-23,2024-09-22,2024-11-21,20,Cancelled
S03116,U03116,2024-01-07,2024-02-06,2024-09-03,50,Cancelled
S03117,U03117,2024-06-14,2024-07-14,2024-07-14,50,Cancelled
S03118,U03118,2024-03-06,2024-04-05,2024-09-02,50,Cancelled
S03119,U03119,2024-12-29,2025-01-28,2025-01-28,50,Cancelled
S03120,U03120,2024-02-09,2024-03-10,,50,Active
S03121,U03121,2024-04-26,2024-05-26,2025-03-22,50,Cancelled
S03122,U03122,2024-06-15,2024-07-15,2024-10-13,0,Cancelled
S03123,U03123,2024-11-12,2024-12-12,2025-02-10,50,Cancelled
S03124,U03124,2024-07-01,2024-07-31,2025-02-26,20,Cancelled
S03125,U03125,2024-04-28,2024-05-28,2024-08-26,0,Cancelled
S03126,U03126,2024-03-09,2024-04-08,2024-06-07,50,Cancelled
S03127,U03127,2024-06-30,2024-07-30,2024-09-28,0,Cancelled
S03128,U03128,2024-04-29,2024-05-29,2025-02-23,0,Cancelled
S03129,U03129,2024-10-16,2024-11-15,2024-12-15,50,Cancelled
S03130,U03130,2024-04-26,2024-05-26,,50,Active
S03131,U03131,2024-10-08,2024-11-07,2024-11-07,20,Cancelled
S03132,U03132,2024-08-26,2024-09-25,2025-05-23,50,Cancelled
S03133,U03133,2024-03-31,2024-04-30,2024-09-27,20,Cancelled
S03134,U03134,2024-05-17,2024-06-16,2024-11-13,20,Cancelled
S03135,U03135,2024-01-07,2024-02-06,,0,Active
S03136,U03136,2024-11-26,2024-12-26,2024-12-26,50,Cancelled
S03137,U03137,2024-12-23,2025-01-22,2025-04-22,0,Cancelled
S03138,U03138,2024-05-27,2024-06-26,2024-10-24,0,Cancelled
S03139,U03139,2024-12-06,2025-01-05,2025-02-04,20,Cancelled
S03140,U03140,2024-10-21,2024-11-20,2024-12-20,0,Cancelled
S03141,U03141,2024-07-31,2024-08-30,2024-11-28,50,Cancelled
S03142,U03142,2024-07-30,2024-08-29,2024-09-28,50,Cancelled
S03143,U03143,2024-05-22,2024-06-21,2024-12-18,50,Cancelled
S03144,U03144,2024-11-10,2024-12-10,2025-06-08,50,Cancelled
S03145,U03145,2024-10-10,2024-11-09,2025-05-08,50,Cancelled
S03146,U03146,2024-08-30,2024-09-29,2024-10-29,50,Cancelled
S03147,U03147,2024-07-25,2024-08-24,2024-10-23,0,Cancelled
S03148,U03148,2024-06-28,2024-07-28,,20,Active
S03149,U03149,2024-07-11,2024-08-10,2024-10-09,20,Cancelled
S03150,U03150,2024-04-21,2024-05-21,2025-02-15,50,Cancelled
S03151,U03151,2024-07-01,2024-07-31,2024-11-28,20,Cancelled
S03152,U03152,2024-02-17,2024-03-18,2024-05-17,50,Cancelled
S03153,U03153,2024-04-01,2024-05-01,2024-10-28,50,Cancelled
S03154,U03154,2024-05-27,2024-06-26,2024-07-26,0,Cancelled
S03155,U03155,2024-10-20,2024-11-19,2024-12-19,0,Cancelled
S03156,U03156,2024-05-21,2024-06-20,2024-10-18,20,Cancelled
S03157,U03157,2024-03-17,2024-04-16,2024-05-16,50,Cancelled
S03158,U03158,2024-10-28,2024-11-27,2024-12-27,0,Cancelled
S03159,U03159,2024-10-25,2024-11-24,2024-11-24,50,Cancelled
S03160,U03160,2024-02-18,2024-03-19,2024-10-15,0,Cancelled
S03161,U03161,2024-12-22,2025-01-21,2025-01-21,0,Cancelled
S03162,U03162,2024-02-17,2024-03-18,2024-12-13,50,Cancelled
S03163,U03163,2024-11-19,2024-12-19,2025-09-15,50,Cancelled
S03164,U03164,2024-01-24,2024-02-23,2024-09-20,20,Cancelled
S03165,U03165,2024-08-20,2024-09-19,2025-01-17,0,Cancelled
S03166,U03166,2024-05-05,2024-06-04,,50,Active
S03167,U03167,2024-07-25,2024-08-24,2024-10-23,0,Cancelled
S03168,U03168,2024-11-27,2024-12-27,2025-05-26,0,Cancelled
S03169,U03169,2024-02-19,2024-03-20,2024-04-19,20,Cancelled
S03170,U03170,2024-06-10,2024-07-10,,50,Active
S03171,U03171,2024-02-18,2024-03-19,2024-08-16,50,Cancelled
S03172,U03172,2024-03-10,2024-04-09,2024-07-08,0,Cancelled
S03173,U03173,2024-12-06,2025-01-05,2025-02-04,50,Cancelled
S03174,U03174,2024-12-05,2025-01-04,2025-02-03,0,Cancelled
S03175,U03175,2024-04-17,2024-05-17,2024-07-16,50,Cancelled
S03176,U03176,2024-04-02,2024-05-02,2024-11-28,0,Cancelled
S03177,U03177,2024-07-29,2024-08-28,2024-08-28,20,Cancelled
S03178,U03178,2024-06-01,2024-07-01,,0,Active
S03179,U03179,2024-08-07,2024-09-06,2025-05-04,50,Cancelled
S03180,U03180,2024-08-11,2024-09-10,2024-09-10,50,Cancelled
S03181,U03181,2024-11-14,2024-12-14,2024-12-14,20,Cancelled
S03182,U03182,2024-07-25,2024-08-24,2024-12-22,20,Cancelled
S03183,U03183,2024-07-08,2024-08-07,2024-12-05,20,Cancelled
S03184,U03184,2024-02-23,2024-03-24,2024-12-19,20,Cancelled
S03185,U03185,2024-05-27,2024-06-26,2024-06-26,20,Cancelled
S03186,U03186,2024-04-16,2024-05-16,2025-02-10,50,Cancelled
S03187,U03187,2024-03-19,2024-04-18,2024-10-15,0,Cancelled
S03188,U03188,2024-06-22,2024-07-22,2025-02-17,50,Cancelled
S03189,U03189,2024-11-16,2024-12-16,2024-12-16,50,Cancelled
S03190,U03190,2024-10-07,2024-11-06,2024-11-06,50,Cancelled
S03191,U03191,2024-02-21,2024-03-22,2024-04-21,50,Cancelled
S03192,U03192,2024-11-11,2024-12-11,2025-05-10,20,Cancelled
S03193,U03193,2024-02-21,2024-03-22,,0,Active
S03194,U03194,2024-09-11,2024-10-11,2024-10-11,20,Cancelled
S03195,U03195,2024-02-18,2024-03-19,2024-04-18,50,Cancelled
S03196,U03196,2024-07-16,2024-08-15,2025-04-12,0,Cancelled
S03197,U03197,2024-07-22,2024-08-21,2024-10-20,0,Cancelled
S03198,U03198,2024-03-14,2024-04-13,2024-05-13,20,Cancelled
S03199,U03199,2024-04-15,2024-05-15,2024-08-13,50,Cancelled
S03200,U03200,2024-04-20,2024-05-20,2025-01-15,0,Cancelled
S03201,U03201,2024-12-25,2025-01-24,2025-04-24,50,Cancelled
S03202,U03202,2024-12-10,2025-01-09,2025-08-07,20,Cancelled
S03203,U03203,2024-01-17,2024-02-16,2024-03-17,50,Cancelled
S03204,U03204,2024-07-24,2024-08-23,2024-08-23,50,Cancelled
S03205,U03205,2024-04-09,2024-05-09,,20,Active
S03206,U03206,2024-12-02,2025-01-01,2025-03-02,20,Cancelled
S03207,U03207,2024-02-15,2024-03-16,2024-05-15,50,Cancelled
S03208,U03208,2024-02-07,2024-03-08,2024-05-07,0,Cancelled
S03209,U03209,2024-01-13,2024-02-12,2024-06-11,50,Cancelled
S03210,U03210,2024-03-01,2024-03-31,,50,Active
S03211,U03211,2024-05-29,2024-06-28,,50,Active
S03212,U03212,2024-10-10,2024-11-09,2025-01-08,0,Cancelled
S03213,U03213,2024-02-01,2024-03-02,2024-05-01,50,Cancelled
S03214,U03214,2024-10-05,2024-11-04,2025-06-02,0,Cancelled
S03215,U03215,2024-02-29,2024-03-30,,20,Active
S03216,U03216,2024-06-04,2024-07-04,2024-09-02,50,Cancelled
S03217,U03217,2024-02-17,2024-03-18,2024-09-14,20,Cancelled
S03218,U03218,2024-09-05,2024-10-05,2024-10-05,20,Cancelled
S03219,U03219,2024-07-13,2024-08-12,2025-03-10,50,Cancelled
S03220,U03220,2024-11-22,2024-12-22,,20,Active
S03221,U03221,2024-03-27,2024-04-26,2024-07-25,20,Cancelled
S03222,U03222,2024-12-29,2025-01-28,,0,Active
S03223,U03223,2024-12-04,2025-01-03,2025-05-03,20,Cancelled
S03224,U03224,2024-03-26,2024-04-25,,0,Active
S03225,U03225,2024-05-24,2024-06-23,2024-06-23,50,Cancelled
S03226,U03226,2024-08-06,2024-09-05,,0,Active
S03227,U03227,2024-10-29,2024-11-28,2024-11-28,20,Cancelled
S03228,U03228,2024-07-06,2024-08-05,2024-09-04,20,Cancelled
S03229,U03229,2024-03-20,2024-04-19,2024-11-15,20,Cancelled
S03230,U03230,2024-07-14,2024-08-13,2024-09-12,0,Cancelled
S03231,U03231,2024-02-26,2024-03-27,2024-07-25,20,Cancelled
S03232,U03232,2024-01-21,2024-02-20,2024-04-20,0,Cancelled
S03233,U03233,2024-10-04,2024-11-03,2024-12-03,0,Cancelled
S03234,U03234,2024-08-29,2024-09-28,2024-11-27,20,Cancelled
S03235,U03235,2024-04-27,2024-05-27,2024-09-24,50,Cancelled
S03236,U03236,2024-01-07,2024-02-06,2024-07-05,50,Cancelled
S03237,U03237,2024-11-06,2024-12-06,2025-05-05,20,Cancelled
S03238,U03238,2024-10-10,2024-11-09,2024-11-09,20,Cancelled
S03239,U03239,2024-05-06,2024-06-05,2024-10-03,20,Cancelled
S03240,U03240,2024-03-25,2024-04-24,2024-05-24,20,Cancelled
S03241,U03241,2024-11-23,2024-12-23,2025-01-22,0,Cancelled
S03242,U03242,2024-01-15,2024-02-14,2024-07-13,20,Cancelled
S03243,U03243,2024-12-30,2025-01-29,2025-08-27,20,Cancelled
S03244,U03244,2024-12-01,2024-12-31,2025-05-30,20,Cancelled
S03245,U03245,2024-03-30,2024-04-29,2024-05-29,50,Cancelled
S03246,U03246,2024-07-16,2024-08-15,2025-03-13,50,Cancelled
S03247,U03247,2024-08-25,2024-09-24,2024-12-23,0,Cancelled
S03248,U03248,2024-05-02,2024-06-01,2024-07-31,20,Cancelled
S03249,U03249,2024-09-09,2024-10-09,,0,Active
S03250,U03250,2024-10-21,2024-11-20,2025-01-19,50,Cancelled
S03251,U03251,2024-07-02,2024-08-01,2024-10-30,0,Cancelled
S03252,U03252,2024-01-25,2024-02-24,2024-03-25,0,Cancelled
S03253,U03253,2024-07-09,2024-08-08,2025-01-05,0,Cancelled
S03254,U03254,2024-02-17,2024-03-18,2024-03-18,50,Cancelled
S03255,U03255,2024-07-02,2024-08-01,2025-01-28,0,Cancelled
S03256,U03256,2024-11-11,2024-12-11,2025-01-10,20,Cancelled
S03257,U03257,2024-09-12,2024-10-12,2024-12-11,50,Cancelled
S03258,U03258,2024-03-13,2024-04-12,2024-04-12,0,Cancelled
S03259,U03259,2024-02-10,2024-03-11,2024-09-07,50,Cancelled
S03260,U03260,2024-05-06,2024-06-05,2024-07-05,20,Cancelled
S03261,U03261,2024-05-24,2024-06-23,2024-10-21,50,Cancelled
S03262,U03262,2024-03-24,2024-04-23,2024-08-21,0,Cancelled
S03263,U03263,2024-12-02,2025-01-01,2025-01-31,20,Cancelled
S03264,U03264,2024-04-23,2024-05-23,2024-06-22,20,Cancelled
S03265,U03265,2024-05-23,2024-06-22,2024-10-20,0,Cancelled
S03266,U03266,2024-03-21,2024-04-20,2024-07-19,0,Cancelled
S03267,U03267,2024-06-03,2024-07-03,2024-08-02,0,Cancelled
S03268,U03268,2024-10-29,2024-11-28,2024-12-28,20,Cancelled
S03269,U03269,2024-04-23,2024-05-23,2024-09-20,0,Cancelled
S03270,U03270,2024-06-03,2024-07-03,2025-03-30,0,Cancelled
S03271,U03271,2024-12-09,2025-01-08,2025-01-08,0,Cancelled
S03272,U03272,2024-11-12,2024-12-12,2025-03-12,50,Cancelled
S03273,U03273,2024-01-30,2024-02-29,2024-04-29,0,Cancelled
S03274,U03274,2024-04-04,2024-05-04,2024-07-03,50,Cancelled
S03275,U03275,2024-11-03,2024-12-03,2025-04-02,0,Cancelled
S03276,U03276,2024-04-21,2024-05-21,2024-06-20,50,Cancelled
S03277,U03277,2024-09-30,2024-10-30,,20,Active
S03278,U03278,2024-08-15,2024-09-14,2024-10-14,20,Cancelled
S03279,U03279,2024-02-11,2024-03-12,2024-05-11,50,Cancelled
S03280,U03280,2024-01-30,2024-02-29,,0,Active
S03281,U03281,2024-10-10,2024-11-09,2024-11-09,0,Cancelled
S03282,U03282,2024-11-15,2024-12-15,2025-03-15,50,Cancelled
S03283,U03283,2024-09-01,2024-10-01,2025-01-29,50,Cancelled
S03284,U03284,2024-04-14,2024-05-14,2024-09-11,50,Cancelled
S03285,U03285,2024-10-03,2024-11-02,2024-12-02,20,Cancelled
S03286,U03286,2024-07-31,2024-08-30,2025-04-27,0,Cancelled
S03287,U03287,2024-01-12,2024-02-11,2024-08-09,0,Cancelled
S03288,U03288,2024-12-25,2025-01-24,2025-10-21,20,Cancelled
S03289,U03289,2024-07-13,2024-08-12,2024-08-12,50,Cancelled
S03290,U03290,2024-09-08,2024-10-08,2025-06-05,20,Cancelled
S03291,U03291,2024-04-17,2024-05-17,2024-12-13,20,Cancelled
S03292,U03292,2024-06-29,2024-07-29,2024-07-29,0,Cancelled
S03293,U03293,2024-04-22,2024-05-22,2024-06-21,20,Cancelled
S03294,U03294,2024-04-22,2024-05-22,2024-05-22,20,Cancelled
S03295,U03295,2024-07-29,2024-08-28,2024-09-27,20,Cancelled
S03296,U03296,2024-05-22,2024-06-21,2024-06-21,20,Cancelled
S03297,U03297,2024-06-10,2024-07-10,2024-08-09,20,Cancelled
S03298,U03298,2024-09-30,2024-10-30,2025-07-27,0,Cancelled
S03299,U03299,2024-12-30,2025-01-29,,20,Active
S03300,U03300,2024-10-26,2024-11-25,2025-05-24,0,Cancelled
S03301,U03301,2024-08-11,2024-09-10,2025-02-07,0,Cancelled
S03302,U03302,2024-08-24,2024-09-23,2024-09-23,20,Cancelled
S03303,U03303,2024-07-10,2024-08-09,2024-12-07,0,Cancelled
S03304,U03304,2024-04-14,2024-05-14,2024-09-11,0,Cancelled
S03305,U03305,2024-10-11,2024-11-10,2024-12-10,50,Cancelled
S03306,U03306,2024-10-17,2024-11-16,2025-01-15,50,Cancelled
S03307,U03307,2024-07-23,2024-08-22,2024-09-21,20,Cancelled
S03308,U03308,2024-09-23,2024-10-23,2025-02-20,0,Cancelled
S03309,U03309,2024-01-26,2024-02-25,2024-06-24,20,Cancelled
S03310,U03310,2024-05-09,2024-06-08,2025-03-05,20,Cancelled
S03311,U03311,2024-09-17,2024-10-17,2025-05-15,20,Cancelled
S03312,U03312,2024-07-14,2024-08-13,2024-08-13,20,Cancelled
S03313,U03313,2024-10-14,2024-11-13,2025-02-11,0,Cancelled
S03314,U03314,2024-11-14,2024-12-14,2025-06-12,0,Cancelled
S03315,U03315,2024-02-25,2024-03-26,2024-07-24,20,Cancelled
S03316,U03316,2024-04-20,2024-05-20,2024-05-20,20,Cancelled
S03317,U03317,2024-05-24,2024-06-23,,20,Active
S03318,U03318,2024-02-08,2024-03-09,,50,Active
S03319,U03319,2024-09-20,2024-10-20,2025-05-18,20,Cancelled
S03320,U03320,2024-04-10,2024-05-10,2024-05-10,50,Cancelled
S03321,U03321,2024-05-24,2024-06-23,2024-07-23,20,Cancelled
S03322,U03322,2024-11-07,2024-12-07,2025-05-06,20,Cancelled
S03323,U03323,2024-12-25,2025-01-24,2025-02-23,50,Cancelled
S03324,U03324,2024-09-21,2024-10-21,2025-02-18,20,Cancelled
S03325,U03325,2024-12-05,2025-01-04,2025-05-04,0,Cancelled
S03326,U03326,2024-06-19,2024-07-19,,20,Active
S03327,U03327,2024-08-04,2024-09-03,2024-11-02,20,Cancelled
S03328,U03328,2024-10-23,2024-11-22,2025-02-20,0,Cancelled
S03329,U03329,2024-12-03,2025-01-02,2025-05-02,20,Cancelled
S03330,U03330,2024-12-14,2025-01-13,,50,Active
S03331,U03331,2024-01-03,2024-02-02,2024-09-29,0,Cancelled
S03332,U03332,2024-04-01,2024-05-01,2024-05-31,20,Cancelled
S03333,U03333,2024-12-29,2025-01-28,2025-09-25,20,Cancelled
S03334,U03334,2024-02-24,2024-03-25,2024-05-24,0,Cancelled
S03335,U03335,2024-01-05,2024-02-04,2024-09-01,20,Cancelled
S03336,U03336,2024-02-29,2024-03-30,2024-04-29,0,Cancelled
S03337,U03337,2024-04-11,2024-05-11,2024-08-09,0,Cancelled
S03338,U03338,2024-01-25,2024-02-24,2024-02-24,20,Cancelled
S03339,U03339,2024-04-20,2024-05-20,2024-11-16,50,Cancelled
S03340,U03340,2024-02-18,2024-03-19,2024-07-17,50,Cancelled
S03341,U03341,2024-07-11,2024-08-10,2024-10-09,20,Cancelled
S03342,U03342,2024-07-27,2024-08-26,2024-10-25,0,Cancelled
S03343,U03343,2024-05-16,2024-06-15,2024-09-13,0,Cancelled
S03344,U03344,2024-03-11,2024-04-10,2024-07-09,50,Cancelled
S03345,U03345,2024-03-06,2024-04-05,2024-08-03,50,Cancelled
S03346,U03346,2024-01-11,2024-02-10,2024-02-10,0,Cancelled
S03347,U03347,2024-02-28,2024-03-29,2024-08-26,20,Cancelled
S03348,U03348,2024-01-23,2024-02-22,2024-04-22,0,Cancelled
S03349,U03349,2024-07-24,2024-08-23,2025-05-20,20,Cancelled
S03350,U03350,2024-11-02,2024-12-02,2025-01-31,20,Cancelled
S03351,U03351,2024-09-08,2024-10-08,2025-04-06,50,Cancelled
S03352,U03352,2024-10-18,2024-11-17,2025-01-16,50,Cancelled
S03353,U03353,2024-05-25,2024-06-24,2024-09-22,0,Cancelled
S03354,U03354,2024-12-02,2025-01-01,2025-01-01,0,Cancelled
S03355,U03355,2024-10-02,2024-11-01,2024-11-01,20,Cancelled
S03356,U03356,2024-01-02,2024-02-01,2024-08-29,20,Cancelled
S03357,U03357,2024-06-04,2024-07-04,2024-11-01,0,Cancelled
S03358,U03358,2024-05-23,2024-06-22,2024-09-20,50,Cancelled
S03359,U03359,2024-11-26,2024-12-26,2025-03-26,20,Cancelled
S03360,U03360,2024-11-02,2024-12-02,2025-01-31,0,Cancelled
S03361,U03361,2024-09-26,2024-10-26,2024-10-26,20,Cancelled
S03362,U03362,2024-06-07,2024-07-07,,50,Active
S03363,U03363,2024-06-20,2024-07-20,2024-08-19,50,Cancelled
S03364,U03364,2024-05-14,2024-06-13,2024-07-13,0,Cancelled
S03365,U03365,2024-07-20,2024-08-19,2024-08-19,0,Cancelled
S03366,U03366,2024-09-23,2024-10-23,2025-04-21,50,Cancelled
S03367,U03367,2024-01-02,2024-02-01,2024-03-02,0,Cancelled
S03368,U03368,2024-12-11,2025-01-10,,0,Active
S03369,U03369,2024-03-12,2024-04-11,2024-05-11,20,Cancelled
S03370,U03370,2024-11-06,2024-12-06,2025-07-04,50,Cancelled
S03371,U03371,2024-07-26,2024-08-25,2025-06-21,20,Cancelled
S03372,U03372,2024-03-05,2024-04-04,,0,Active
S03373,U03373,2024-01-13,2024-02-12,2024-06-11,20,Cancelled
S03374,U03374,2024-10-30,2024-11-29,2025-04-28,20,Cancelled
S03375,U03375,2024-08-17,2024-09-16,2024-12-15,0,Cancelled
S03376,U03376,2024-08-25,2024-09-24,,50,Active
S03377,U03377,2024-06-14,2024-07-14,,0,Active
S03378,U03378,2024-11-04,2024-12-04,2025-05-03,0,Cancelled
S03379,U03379,2024-06-11,2024-07-11,2025-03-08,0,Cancelled
S03380,U03380,2024-09-04,2024-10-04,2025-04-02,50,Cancelled
S03381,U03381,2024-06-28,2024-07-28,2025-04-24,50,Cancelled
S03382,U03382,2024-09-26,2024-10-26,2025-05-24,0,Cancelled
S03383,U03383,2024-05-18,2024-06-17,2024-09-15,20,Cancelled
S03384,U03384,2024-01-26,2024-02-25,2024-02-25,0,Cancelled
S03385,U03385,2024-02-22,2024-03-23,2024-06-21,50,Cancelled
S03386,U03386,2024-09-09,2024-10-09,2025-02-06,50,Cancelled
S03387,U03387,2024-04-02,2024-05-02,2024-08-30,0,Cancelled
S03388,U03388,2024-07-15,2024-08-14,2024-11-12,0,Cancelled
S03389,U03389,2024-05-13,2024-06-12,2025-02-07,50,Cancelled
S03390,U03390,2024-05-02,2024-06-01,,20,Active
S03391,U03391,2024-11-24,2024-12-24,2025-03-24,50,Cancelled
S03392,U03392,2024-01-26,2024-02-25,2024-05-25,20,Cancelled
S03393,U03393,2024-07-09,2024-08-08,2024-08-08,20,Cancelled
S03394,U03394,2024-10-08,2024-11-07,2025-03-07,0,Cancelled
S03395,U03395,2024-05-31,2024-06-30,2024-07-30,50,Cancelled
S03396,U03396,2024-08-01,2024-08-31,2024-11-29,50,Cancelled
S03397,U03397,2024-03-19,2024-04-18,2024-10-15,50,Cancelled
S03398,U03398,2024-09-17,2024-10-17,2024-12-16,20,Cancelled
S03399,U03399,2024-06-02,2024-07-02,2024-08-01,20,Cancelled
S03400,U03400,2024-01-13,2024-02-12,2024-02-12,50,Cancelled
S03401,U03401,2024-09-29,2024-10-29,2024-10-29,0,Cancelled
S03402,U03402,2024-04-10,2024-05-10,2024-05-10,0,Cancelled
S03403,U03403,2024-04-26,2024-05-26,2024-10-23,50,Cancelled
S03404,U03404,2024-05-03,2024-06-02,2024-10-30,20,Cancelled
S03405,U03405,2024-06-30,2024-07-30,2025-01-26,50,Cancelled
S03406,U03406,2024-06-24,2024-07-24,2025-01-20,20,Cancelled
S03407,U03407,2024-04-26,2024-05-26,2024-07-25,50,Cancelled
S03408,U03408,2024-09-08,2024-10-08,2024-12-07,50,Cancelled
S03409,U03409,2024-03-13,2024-04-12,2024-10-09,20,Cancelled
S03410,U03410,2024-07-02,2024-08-01,2024-08-31,20,Cancelled
S03411,U03411,2024-12-07,2025-01-06,2025-10-03,0,Cancelled
S03412,U03412,2024-06-27,2024-07-27,2024-12-24,20,Cancelled
S03413,U03413,2024-10-26,2024-11-25,2025-08-22,50,Cancelled
S03414,U03414,2024-07-02,2024-08-01,2024-10-30,0,Cancelled
S03415,U03415,2024-08-30,2024-09-29,2025-05-27,0,Cancelled
S03416,U03416,2024-05-08,2024-06-07,2024-09-05,20,Cancelled
S03417,U03417,2024-08-04,2024-09-03,2024-10-03,0,Cancelled
S03418,U03418,2024-01-15,2024-02-14,2024-11-10,50,Cancelled
S03419,U03419,2024-03-22,2024-04-21,,50,Active
S03420,U03420,2024-11-04,2024-12-04,2025-01-03,50,Cancelled
S03421,U03421,2024-08-11,2024-09-10,2024-10-10,0,Cancelled
S03422,U03422,2024-03-05,2024-04-04,2024-06-03,50,Cancelled
S03423,U03423,2024-04-20,2024-05-20,2024-06-19,50,Cancelled
S03424,U03424,2024-12-02,2025-01-01,2025-05-01,20,Cancelled
S03425,U03425,2024-06-01,2024-07-01,2024-12-28,0,Cancelled
S03426,U03426,2024-05-10,2024-06-09,2024-07-09,20,Cancelled
S03427,U03427,2024-11-06,2024-12-06,,50,Active
S03428,U03428,2024-11-17,2024-12-17,2025-04-16,20,Cancelled
S03429,U03429,2024-11-10,2024-12-10,2024-12-10,50,Cancelled
S03430,U03430,2024-09-04,2024-10-04,2024-10-04,20,Cancelled
S03431,U03431,2024-12-10,2025-01-09,2025-04-09,0,Cancelled
S03432,U03432,2024-03-23,2024-04-22,,50,Active
S03433,U03433,2024-09-14,2024-10-14,2025-04-12,0,Cancelled
S03434,U03434,2024-10-17,2024-11-16,2024-11-16,20,Cancelled
S03435,U03435,2024-02-28,2024-03-29,2024-03-29,50,Cancelled
S03436,U03436,2024-01-01,2024-01-31,2024-03-01,50,Cancelled
S03437,U03437,2024-04-10,2024-05-10,2024-06-09,0,Cancelled
S03438,U03438,2024-03-08,2024-04-07,2024-05-07,20,Cancelled
S03439,U03439,2024-06-07,2024-07-07,2025-02-02,20,Cancelled
S03440,U03440,2024-07-22,2024-08-21,2024-12-19,50,Cancelled
S03441,U03441,2024-07-27,2024-08-26,2024-12-24,50,Cancelled
S03442,U03442,2024-05-02,2024-06-01,,0,Active
S03443,U03443,2024-08-16,2024-09-15,2025-04-13,0,Cancelled
S03444,U03444,2024-07-11,2024-08-10,2024-08-10,0,Cancelled
S03445,U03445,2024-04-30,2024-05-30,2024-05-30,0,Cancelled
S03446,U03446,2024-10-08,2024-11-07,2025-03-07,0,Cancelled
S03447,U03447,2024-07-31,2024-08-30,2024-09-29,50,Cancelled
S03448,U03448,2024-05-05,2024-06-04,2024-06-04,50,Cancelled
S03449,U03449,2024-08-07,2024-09-06,2024-12-05,20,Cancelled
S03450,U03450,2024-05-11,2024-06-10,,0,Active
S03451,U03451,2024-08-10,2024-09-09,2025-05-07,50,Cancelled
S03452,U03452,2024-04-02,2024-05-02,,0,Active
S03453,U03453,2024-11-14,2024-12-14,2025-05-13,20,Cancelled
S03454,U03454,2024-03-13,2024-04-12,2024-07-11,0,Cancelled
S03455,U03455,2024-08-07,2024-09-06,2024-11-05,50,Cancelled
S03456,U03456,2024-03-13,2024-04-12,2024-04-12,0,Cancelled
S03457,U03457,2024-07-14,2024-08-13,2024-08-13,20,Cancelled
S03458,U03458,2024-08-22,2024-09-21,2025-03-20,50,Cancelled
S03459,U03459,2024-03-25,2024-04-24,2024-05-24,20,Cancelled
S03460,U03460,2024-06-01,2024-07-01,2024-09-29,0,Cancelled
S03461,U03461,2024-05-31,2024-06-30,2024-09-28,0,Cancelled
S03462,U03462,2024-11-16,2024-12-16,2025-02-14,50,Cancelled
S03463,U03463,2024-11-03,2024-12-03,2025-01-02,20,Cancelled
S03464,U03464,2024-05-08,2024-06-07,2024-06-07,50,Cancelled
S03465,U03465,2024-04-20,2024-05-20,2024-05-20,0,Cancelled
S03466,U03466,2024-09-06,2024-10-06,2025-01-04,0,Cancelled
S03467,U03467,2024-10-22,2024-11-21,2025-01-20,0,Cancelled
S03468,U03468,2024-01-30,2024-02-29,2024-06-28,0,Cancelled
S03469,U03469,2024-01-26,2024-02-25,2024-03-26,50,Cancelled
S03470,U03470,2024-03-06,2024-04-05,2024-12-01,50,Cancelled
S03471,U03471,2024-02-14,2024-03-15,2024-05-14,0,Cancelled
S03472,U03472,2024-12-12,2025-01-11,2025-06-10,20,Cancelled
S03473,U03473,2024-11-15,2024-12-15,,0,Active
S03474,U03474,2024-02-26,2024-03-27,2024-03-27,20,Cancelled
S03475,U03475,2024-01-05,2024-02-04,2024-04-04,50,Cancelled
S03476,U03476,2024-05-04,2024-06-03,2024-07-03,50,Cancelled
S03477,U03477,2024-06-29,2024-07-29,2024-08-28,50,Cancelled
S03478,U03478,2024-04-21,2024-05-21,2025-01-16,50,Cancelled
S03479,U03479,2024-07-19,2024-08-18,2024-11-16,50,Cancelled
S03480,U03480,2024-02-09,2024-03-10,2024-05-09,50,Cancelled
S03481,U03481,2024-07-18,2024-08-17,2025-04-14,0,Cancelled
S03482,U03482,2024-11-10,2024-12-10,2025-02-08,20,Cancelled
S03483,U03483,2024-08-31,2024-09-30,2025-01-28,20,Cancelled
S03484,U03484,2024-09-14,2024-10-14,2024-12-13,50,Cancelled
S03485,U03485,2024-09-03,2024-10-03,2025-04-01,20,Cancelled
S03486,U03486,2024-08-12,2024-09-11,2025-01-09,50,Cancelled
S03487,U03487,2024-09-09,2024-10-09,2025-04-07,0,Cancelled
S03488,U03488,2024-03-03,2024-04-02,2024-10-29,50,Cancelled
S03489,U03489,2024-05-12,2024-06-11,2024-07-11,0,Cancelled
S03490,U03490,2024-07-18,2024-08-17,2024-08-17,20,Cancelled
S03491,U03491,2024-11-14,2024-12-14,2024-12-14,50,Cancelled
S03492,U03492,2024-10-23,2024-11-22,2024-11-22,0,Cancelled
S03493,U03493,2024-08-23,2024-09-22,,0,Active
S03494,U03494,2024-09-17,2024-10-17,2025-06-14,20,Cancelled
S03495,U03495,2024-08-19,2024-09-18,2024-12-17,50,Cancelled
S03496,U03496,2024-01-06,2024-02-05,2024-08-03,0,Cancelled
S03497,U03497,2024-02-18,2024-03-19,2024-03-19,20,Cancelled
S03498,U03498,2024-04-30,2024-05-30,2024-06-29,50,Cancelled
S03499,U03499,2024-05-28,2024-06-27,2024-09-25,50,Cancelled
S03500,U03500,2024-12-20,2025-01-19,,50,Active
S03501,U03501,2024-07-29,2024-08-28,2024-08-28,50,Cancelled
S03502,U03502,2024-06-21,2024-07-21,2024-08-20,20,Cancelled
S03503,U03503,2024-04-08,2024-05-08,2024-11-04,20,Cancelled
S03504,U03504,2024-06-08,2024-07-08,2024-11-05,50,Cancelled
S03505,U03505,2024-07-16,2024-08-15,2025-01-12,0,Cancelled
S03506,U03506,2024-06-12,2024-07-12,2025-03-09,50,Cancelled
S03507,U03507,2024-09-02,2024-10-02,2024-10-02,50,Cancelled
S03508,U03508,2024-03-26,2024-04-25,2024-06-24,20,Cancelled
S03509,U03509,2024-02-17,2024-03-18,2024-06-16,50,Cancelled
S03510,U03510,2024-06-05,2024-07-05,2024-09-03,20,Cancelled
S03511,U03511,2024-09-19,2024-10-19,2024-10-19,0,Cancelled
S03512,U03512,2024-05-01,2024-05-31,2024-05-31,50,Cancelled
S03513,U03513,2024-11-09,2024-12-09,2024-12-09,20,Cancelled
S03514,U03514,2024-05-07,2024-06-06,2025-01-02,0,Cancelled
S03515,U03515,2024-01-11,2024-02-10,2024-03-11,50,Cancelled
S03516,U03516,2024-10-13,2024-11-12,2025-06-10,20,Cancelled
S03517,U03517,2024-05-07,2024-06-06,2024-10-04,20,Cancelled
S03518,U03518,2024-11-03,2024-12-03,2025-02-01,20,Cancelled
S03519,U03519,2024-10-08,2024-11-07,2024-12-07,50,Cancelled
S03520,U03520,2024-03-10,2024-04-09,2024-07-08,20,Cancelled
S03521,U03521,2024-09-21,2024-10-21,2024-11-20,0,Cancelled
S03522,U03522,2024-08-22,2024-09-21,2024-11-20,0,Cancelled
S03523,U03523,2024-11-14,2024-12-14,2024-12-14,50,Cancelled
S03524,U03524,2024-02-22,2024-03-23,2024-07-21,20,Cancelled
S03525,U03525,2024-11-30,2024-12-30,2025-04-29,50,Cancelled
S03526,U03526,2024-09-08,2024-10-08,,20,Active
S03527,U03527,2024-11-08,2024-12-08,,20,Active
S03528,U03528,2024-11-26,2024-12-26,2025-06-24,20,Cancelled
S03529,U03529,2024-03-10,2024-04-09,2024-05-09,20,Cancelled
S03530,U03530,2024-12-25,2025-01-24,2025-03-25,0,Cancelled
S03531,U03531,2024-03-07,2024-04-06,2024-09-03,20,Cancelled
S03532,U03532,2024-07-11,2024-08-10,2024-11-08,50,Cancelled
S03533,U03533,2024-07-27,2024-08-26,2024-11-24,50,Cancelled
S03534,U03534,2024-01-10,2024-02-09,2024-03-10,20,Cancelled
S03535,U03535,2024-02-13,2024-03-14,2024-05-13,50,Cancelled
S03536,U03536,2024-12-28,2025-01-27,2025-01-27,0,Cancelled
S03537,U03537,2024-06-16,2024-07-16,2024-08-15,20,Cancelled
S03538,U03538,2024-06-04,2024-07-04,2024-12-31,50,Cancelled
S03539,U03539,2024-04-29,2024-05-29,2024-11-25,0,Cancelled
S03540,U03540,2024-08-13,2024-09-12,2024-11-11,50,Cancelled
S03541,U03541,2024-04-22,2024-05-22,,20,Active
S03542,U03542,2024-03-29,2024-04-28,2024-08-26,20,Cancelled
S03543,U03543,2024-12-22,2025-01-21,2025-03-22,20,Cancelled
S03544,U03544,2024-09-10,2024-10-10,2024-11-09,0,Cancelled
S03545,U03545,2024-03-11,2024-04-10,2024-05-10,20,Cancelled
S03546,U03546,2024-05-02,2024-06-01,2025-02-26,20,Cancelled
S03547,U03547,2024-05-15,2024-06-14,2024-06-14,20,Cancelled
S03548,U03548,2024-11-01,2024-12-01,2025-05-30,0,Cancelled
S03549,U03549,2024-04-16,2024-05-16,2024-05-16,50,Cancelled
S03550,U03550,2024-01-18,2024-02-17,2024-06-16,50,Cancelled
S03551,U03551,2024-05-28,2024-06-27,,20,Active
S03552,U03552,2024-05-05,2024-06-04,2025-01-30,20,Cancelled
S03553,U03553,2024-01-19,2024-02-18,2024-06-17,0,Cancelled
S03554,U03554,2024-10-26,2024-11-25,,50,Active
S03555,U03555,2024-02-11,2024-03-12,2024-10-08,50,Cancelled
S03556,U03556,2024-05-21,2024-06-20,,20,Active
S03557,U03557,2024-08-05,2024-09-04,2025-01-02,50,Cancelled
S03558,U03558,2024-08-24,2024-09-23,2025-02-20,50,Cancelled
S03559,U03559,2024-12-28,2025-01-27,2025-04-27,20,Cancelled
S03560,U03560,2024-01-09,2024-02-08,2024-05-08,50,Cancelled
S03561,U03561,2024-12-20,2025-01-19,2025-04-19,0,Cancelled
S03562,U03562,2024-05-26,2024-06-25,,0,Active
S03563,U03563,2024-03-20,2024-04-19,2024-08-17,0,Cancelled
S03564,U03564,2024-07-11,2024-08-10,2024-10-09,0,Cancelled
S03565,U03565,2024-05-09,2024-06-08,,20,Active
S03566,U03566,2024-06-03,2024-07-03,2024-08-02,20,Cancelled
S03567,U03567,2024-01-09,2024-02-08,2024-06-07,20,Cancelled
S03568,U03568,2024-02-12,2024-03-13,2024-03-13,20,Cancelled
S03569,U03569,2024-02-18,2024-03-19,,50,Active
S03570,U03570,2024-03-13,2024-04-12,2024-06-11,20,Cancelled
S03571,U03571,2024-06-27,2024-07-27,,50,Active
S03572,U03572,2024-09-07,2024-10-07,2024-10-07,50,Cancelled
S03573,U03573,2024-12-27,2025-01-26,2025-01-26,20,Cancelled
S03574,U03574,2024-08-23,2024-09-22,2025-03-21,0,Cancelled
S03575,U03575,2024-06-08,2024-07-08,2024-07-08,0,Cancelled
S03576,U03576,2024-05-12,2024-06-11,2024-06-11,50,Cancelled
S03577,U03577,2024-03-21,2024-04-20,2024-04-20,20,Cancelled
S03578,U03578,2024-10-27,2024-11-26,2025-04-25,20,Cancelled
S03579,U03579,2024-04-08,2024-05-08,,20,Active
S03580,U03580,2024-05-07,2024-06-06,2024-06-06,0,Cancelled
S03581,U03581,2024-04-24,2024-05-24,,0,Active
S03582,U03582,2024-09-29,2024-10-29,2025-01-27,50,Cancelled
S03583,U03583,2024-11-10,2024-12-10,2024-12-10,20,Cancelled
S03584,U03584,2024-06-05,2024-07-05,2024-12-02,50,Cancelled
S03585,U03585,2024-07-27,2024-08-26,2024-08-26,0,Cancelled
S03586,U03586,2024-12-16,2025-01-15,2025-03-16,0,Cancelled
S03587,U03587,2024-12-19,2025-01-18,,50,Active
S03588,U03588,2024-12-06,2025-01-05,2025-01-05,0,Cancelled
S03589,U03589,2024-03-18,2024-04-17,2025-01-12,20,Cancelled
S03590,U03590,2024-11-12,2024-12-12,2025-05-11,0,Cancelled
S03591,U03591,2024-10-20,2024-11-19,2025-02-17,50,Cancelled
S03592,U03592,2024-12-04,2025-01-03,2025-05-03,0,Cancelled
S03593,U03593,2024-12-26,2025-01-25,2025-01-25,50,Cancelled
S03594,U03594,2024-10-13,2024-11-12,2024-11-12,0,Cancelled
S03595,U03595,2024-03-15,2024-04-14,2024-05-14,0,Cancelled
S03596,U03596,2024-12-12,2025-01-11,2025-04-11,50,Cancelled
S03597,U03597,2024-07-13,2024-08-12,2024-12-10,0,Cancelled
S03598,U03598,2024-08-02,2024-09-01,2024-10-01,20,Cancelled
S03599,U03599,2024-10-23,2024-11-22,2024-12-22,50,Cancelled
S03600,U03600,2024-07-19,2024-08-18,2024-10-17,20,Cancelled
S03601,U03601,2024-08-08,2024-09-07,2025-03-06,50,Cancelled
S03602,U03602,2024-06-26,2024-07-26,,0,Active
S03603,U03603,2024-08-01,2024-08-31,2024-10-30,0,Cancelled
S03604,U03604,2024-01-05,2024-02-04,2024-10-01,20,Cancelled
S03605,U03605,2024-04-19,2024-05-19,2025-01-14,50,Cancelled
S03606,U03606,2024-05-05,2024-06-04,2024-07-04,0,Cancelled
S03607,U03607,2024-08-23,2024-09-22,2024-10-22,20,Cancelled
S03608,U03608,2024-10-14,2024-11-13,2024-12-13,20,Cancelled
S03609,U03609,2024-11-23,2024-12-23,2025-02-21,0,Cancelled
S03610,U03610,2024-01-05,2024-02-04,2024-07-03,50,Cancelled
S03611,U03611,2024-07-13,2024-08-12,2024-11-10,50,Cancelled
S03612,U03612,2024-09-26,2024-10-26,2025-07-23,50,Cancelled
S03613,U03613,2024-05-05,2024-06-04,2025-03-01,50,Cancelled
S03614,U03614,2024-10-01,2024-10-31,2025-04-29,50,Cancelled
S03615,U03615,2024-11-08,2024-12-08,2024-12-08,20,Cancelled
S03616,U03616,2024-10-21,2024-11-20,2025-04-19,20,Cancelled
S03617,U03617,2024-09-01,2024-10-01,2025-04-29,50,Cancelled
S03618,U03618,2024-10-02,2024-11-01,2025-04-30,0,Cancelled
S03619,U03619,2024-12-16,2025-01-15,2025-02-14,50,Cancelled
S03620,U03620,2024-08-05,2024-09-04,2025-03-03,20,Cancelled
S03621,U03621,2024-02-06,2024-03-07,2024-05-06,50,Cancelled
S03622,U03622,2024-09-28,2024-10-28,,50,Active
S03623,U03623,2024-09-15,2024-10-15,2025-04-13,0,Cancelled
S03624,U03624,2024-10-21,2024-11-20,2025-09-16,0,Cancelled
S03625,U03625,2024-10-04,2024-11-03,2025-06-01,20,Cancelled
S03626,U03626,2024-10-17,2024-11-16,2024-12-16,50,Cancelled
S03627,U03627,2024-11-20,2024-12-20,2025-03-20,0,Cancelled
S03628,U03628,2024-02-06,2024-03-07,2025-01-01,50,Cancelled
S03629,U03629,2024-09-05,2024-10-05,2025-04-03,20,Cancelled
S03630,U03630,2024-05-05,2024-06-04,2024-08-03,20,Cancelled
S03631,U03631,2024-07-25,2024-08-24,2024-09-23,0,Cancelled
S03632,U03632,2024-07-21,2024-08-20,2024-09-19,50,Cancelled
S03633,U03633,2024-07-28,2024-08-27,2024-10-26,0,Cancelled
S03634,U03634,2024-07-01,2024-07-31,2024-12-28,50,Cancelled
S03635,U03635,2024-06-23,2024-07-23,2024-11-20,20,Cancelled
S03636,U03636,2024-05-13,2024-06-12,2024-06-12,50,Cancelled
S03637,U03637,2024-07-21,2024-08-20,2024-09-19,20,Cancelled
S03638,U03638,2024-12-07,2025-01-06,,50,Active
S03639,U03639,2024-09-04,2024-10-04,2025-02-01,50,Cancelled
S03640,U03640,2024-02-19,2024-03-20,2024-04-19,50,Cancelled
S03641,U03641,2024-05-21,2024-06-20,2024-06-20,50,Cancelled
S03642,U03642,2024-05-19,2024-06-18,2024-11-15,20,Cancelled
S03643,U03643,2024-01-10,2024-02-09,2024-07-08,50,Cancelled
S03644,U03644,2024-04-23,2024-05-23,2025-03-19,20,Cancelled
S03645,U03645,2024-03-13,2024-04-12,2024-07-11,0,Cancelled
S03646,U03646,2024-12-21,2025-01-20,2025-06-19,20,Cancelled
S03647,U03647,2024-03-04,2024-04-03,2024-08-31,20,Cancelled
S03648,U03648,2024-08-20,2024-09-19,2024-09-19,50,Cancelled
S03649,U03649,2024-12-21,2025-01-20,2025-03-21,20,Cancelled
S03650,U03650,2024-07-24,2024-08-23,2024-09-22,50,Cancelled
S03651,U03651,2024-02-18,2024-03-19,,0,Active
S03652,U03652,2024-05-01,2024-05-31,2024-07-30,50,Cancelled
S03653,U03653,2024-09-05,2024-10-05,2025-02-02,50,Cancelled
S03654,U03654,2024-07-25,2024-08-24,2024-09-23,50,Cancelled
S03655,U03655,2024-07-29,2024-08-28,2024-08-28,50,Cancelled
S03656,U03656,2024-01-01,2024-01-31,2024-03-31,20,Cancelled
S03657,U03657,2024-05-10,2024-06-09,2024-06-09,50,Cancelled
S03658,U03658,2024-03-04,2024-04-03,2024-04-03,50,Cancelled
S03659,U03659,2024-05-25,2024-06-24,2024-08-23,20,Cancelled
S03660,U03660,2024-11-07,2024-12-07,2025-01-06,20,Cancelled
S03661,U03661,2024-02-23,2024-03-24,2024-05-23,50,Cancelled
S03662,U03662,2024-09-07,2024-10-07,,20,Active
S03663,U03663,2024-07-22,2024-08-21,2025-03-19,0,Cancelled
S03664,U03664,2024-07-24,2024-08-23,2024-12-21,20,Cancelled
S03665,U03665,2024-12-10,2025-01-09,2025-08-07,20,Cancelled
S03666,U03666,2024-03-06,2024-04-05,2024-09-02,0,Cancelled
S03667,U03667,2024-06-25,2024-07-25,2024-07-25,20,Cancelled
S03668,U03668,2024-11-05,2024-12-05,2025-02-03,20,Cancelled
S03669,U03669,2024-07-26,2024-08-25,2024-11-23,50,Cancelled
S03670,U03670,2024-02-02,2024-03-03,2024-04-02,50,Cancelled
S03671,U03671,2024-08-21,2024-09-20,2025-01-18,20,Cancelled
S03672,U03672,2024-07-18,2024-08-17,2025-01-14,50,Cancelled
S03673,U03673,2024-08-29,2024-09-28,2025-01-26,50,Cancelled
S03674,U03674,2024-10-25,2024-11-24,,0,Active
S03675,U03675,2024-05-15,2024-06-14,2025-04-10,20,Cancelled
S03676,U03676,2024-10-26,2024-11-25,2025-06-23,50,Cancelled
S03677,U03677,2024-06-12,2024-07-12,2024-08-11,50,Cancelled
S03678,U03678,2024-07-10,2024-08-09,2024-10-08,0,Cancelled
S03679,U03679,2024-02-13,2024-03-14,2024-06-12,0,Cancelled
S03680,U03680,2024-01-30,2024-02-29,2024-08-27,50,Cancelled
S03681,U03681,2024-08-07,2024-09-06,2025-01-04,0,Cancelled
S03682,U03682,2024-12-09,2025-01-08,2025-04-08,50,Cancelled
S03683,U03683,2024-05-04,2024-06-03,2024-07-03,0,Cancelled
S03684,U03684,2024-10-04,2024-11-03,2025-03-03,50,Cancelled
S03685,U03685,2024-05-29,2024-06-28,2024-08-27,50,Cancelled
S03686,U03686,2024-02-25,2024-03-26,2024-06-24,50,Cancelled
S03687,U03687,2024-09-04,2024-10-04,2025-01-02,20,Cancelled
S03688,U03688,2024-09-12,2024-10-12,2025-02-09,50,Cancelled
S03689,U03689,2024-12-02,2025-01-01,,0,Active
S03690,U03690,2024-12-09,2025-01-08,2025-05-08,20,Cancelled
S03691,U03691,2024-08-27,2024-09-26,2024-12-25,0,Cancelled
S03692,U03692,2024-11-07,2024-12-07,2025-03-07,0,Cancelled
S03693,U03693,2024-04-27,2024-05-27,2024-10-24,50,Cancelled
S03694,U03694,2024-03-04,2024-04-03,2024-08-01,20,Cancelled
S03695,U03695,2024-08-25,2024-09-24,2025-01-22,20,Cancelled
S03696,U03696,2024-11-02,2024-12-02,2025-01-31,20,Cancelled
S03697,U03697,2024-01-02,2024-02-01,2024-09-28,50,Cancelled
S03698,U03698,2024-07-06,2024-08-05,2024-09-04,0,Cancelled
S03699,U03699,2024-10-06,2024-11-05,2025-01-04,50,Cancelled
S03700,U03700,2024-07-28,2024-08-27,2025-02-23,20,Cancelled
S03701,U03701,2024-05-09,2024-06-08,2024-11-05,0,Cancelled
S03702,U03702,2024-06-04,2024-07-04,2024-08-03,0,Cancelled
S03703,U03703,2024-07-07,2024-08-06,2025-02-02,50,Cancelled
S03704,U03704,2024-06-22,2024-07-22,2025-04-18,0,Cancelled
S03705,U03705,2024-04-08,2024-05-08,2024-06-07,0,Cancelled
S03706,U03706,2024-03-07,2024-04-06,2024-05-06,0,Cancelled
S03707,U03707,2024-10-03,2024-11-02,2025-05-31,0,Cancelled
S03708,U03708,2024-07-16,2024-08-15,2025-02-11,20,Cancelled
S03709,U03709,2024-02-01,2024-03-02,2024-12-27,20,Cancelled
S03710,U03710,2024-02-10,2024-03-11,2024-08-08,0,Cancelled
S03711,U03711,2024-10-24,2024-11-23,2025-07-21,20,Cancelled
S03712,U03712,2024-01-01,2024-01-31,2024-03-31,20,Cancelled
S03713,U03713,2024-02-29,2024-03-30,2024-06-28,20,Cancelled
S03714,U03714,2024-09-04,2024-10-04,2024-11-03,50,Cancelled
S03715,U03715,2024-07-30,2024-08-29,2024-11-27,50,Cancelled
S03716,U03716,2024-06-06,2024-07-06,2024-08-05,20,Cancelled
S03717,U03717,2024-09-19,2024-10-19,2025-03-18,50,Cancelled
S03718,U03718,2024-09-16,2024-10-16,2025-05-14,0,Cancelled
S03719,U03719,2024-09-27,2024-10-27,2024-11-26,20,Cancelled
S03720,U03720,2024-02-04,2024-03-05,2024-09-01,20,Cancelled
S03721,U03721,2024-08-13,2024-09-12,2024-12-11,0,Cancelled
S03722,U03722,2024-03-14,2024-04-13,2024-04-13,0,Cancelled
S03723,U03723,2024-12-09,2025-01-08,2025-01-08,0,Cancelled
S03724,U03724,2024-03-29,2024-04-28,2024-07-27,50,Cancelled
S03725,U03725,2024-04-13,2024-05-13,2025-01-08,0,Cancelled
S03726,U03726,2024-11-11,2024-12-11,2025-02-09,0,Cancelled
S03727,U03727,2024-07-12,2024-08-11,2025-03-09,50,Cancelled
S03728,U03728,2024-04-07,2024-05-07,2024-12-03,0,Cancelled
S03729,U03729,2024-03-10,2024-04-09,2024-09-06,0,Cancelled
S03730,U03730,2024-05-15,2024-06-14,2024-12-11,50,Cancelled
S03731,U03731,2024-05-05,2024-06-04,2024-08-03,0,Cancelled
S03732,U03732,2024-07-04,2024-08-03,,0,Active
S03733,U03733,2024-06-03,2024-07-03,2024-09-01,50,Cancelled
S03734,U03734,2024-10-05,2024-11-04,2024-12-04,50,Cancelled
S03735,U03735,2024-03-03,2024-04-02,2024-11-28,50,Cancelled
S03736,U03736,2024-07-31,2024-08-30,2024-08-30,50,Cancelled
S03737,U03737,2024-03-22,2024-04-21,2024-12-17,0,Cancelled
S03738,U03738,2024-07-28,2024-08-27,2024-08-27,50,Cancelled
S03739,U03739,2024-06-02,2024-07-02,,0,Active
S03740,U03740,2024-01-03,2024-02-02,2024-03-03,0,Cancelled
S03741,U03741,2024-06-22,2024-07-22,2024-08-21,50,Cancelled
S03742,U03742,2024-02-12,2024-03-13,2024-04-12,20,Cancelled
S03743,U03743,2024-05-21,2024-06-20,2024-12-17,50,Cancelled
S03744,U03744,2024-05-17,2024-06-16,2024-09-14,50,Cancelled
S03745,U03745,2024-07-01,2024-07-31,2024-07-31,20,Cancelled
S03746,U03746,2024-04-27,2024-05-27,2024-06-26,20,Cancelled
S03747,U03747,2024-04-13,2024-05-13,2024-12-09,0,Cancelled
S03748,U03748,2024-07-22,2024-08-21,2024-09-20,0,Cancelled
S03749,U03749,2024-08-16,2024-09-15,2024-09-15,20,Cancelled
S03750,U03750,2024-12-05,2025-01-04,2025-01-04,50,Cancelled
S03751,U03751,2024-02-18,2024-03-19,2024-10-15,50,Cancelled
S03752,U03752,2024-01-15,2024-02-14,2024-02-14,0,Cancelled
S03753,U03753,2024-10-14,2024-11-13,2025-01-12,0,Cancelled
S03754,U03754,2024-01-02,2024-02-01,,20,Active
S03755,U03755,2024-06-24,2024-07-24,2025-02-19,0,Cancelled
S03756,U03756,2024-11-05,2024-12-05,2025-01-04,0,Cancelled
S03757,U03757,2024-06-20,2024-07-20,2024-09-18,20,Cancelled
S03758,U03758,2024-10-25,2024-11-24,2025-01-23,50,Cancelled
S03759,U03759,2024-12-20,2025-01-19,2025-11-15,20,Cancelled
S03760,U03760,2024-11-26,2024-12-26,2025-06-24,20,Cancelled
S03761,U03761,2024-11-21,2024-12-21,2025-08-18,20,Cancelled
S03762,U03762,2024-11-05,2024-12-05,2025-01-04,20,Cancelled
S03763,U03763,2024-09-22,2024-10-22,2025-03-21,50,Cancelled
S03764,U03764,2024-05-18,2024-06-17,2024-10-15,20,Cancelled
S03765,U03765,2024-01-26,2024-02-25,2024-03-26,50,Cancelled
S03766,U03766,2024-12-23,2025-01-22,2025-06-21,0,Cancelled
S03767,U03767,2024-07-26,2024-08-25,2024-09-24,20,Cancelled
S03768,U03768,2024-04-23,2024-05-23,,0,Active
S03769,U03769,2024-02-21,2024-03-22,2024-05-21,0,Cancelled
S03770,U03770,2024-04-04,2024-05-04,2024-09-01,20,Cancelled
S03771,U03771,2024-10-19,2024-11-18,,0,Active
S03772,U03772,2024-06-17,2024-07-17,,0,Active
S03773,U03773,2024-11-27,2024-12-27,2025-01-26,20,Cancelled
S03774,U03774,2024-06-29,2024-07-29,2024-08-28,20,Cancelled
S03775,U03775,2024-08-26,2024-09-25,2024-09-25,0,Cancelled
S03776,U03776,2024-11-05,2024-12-05,2025-01-04,50,Cancelled
S03777,U03777,2024-06-02,2024-07-02,2024-10-30,0,Cancelled
S03778,U03778,2024-05-07,2024-06-06,2024-11-03,50,Cancelled
S03779,U03779,2024-03-31,2024-04-30,2024-06-29,20,Cancelled
S03780,U03780,2024-08-09,2024-09-08,2024-09-08,0,Cancelled
S03781,U03781,2024-12-16,2025-01-15,,20,Active
S03782,U03782,2024-12-18,2025-01-17,2025-07-16,50,Cancelled
S03783,U03783,2024-08-21,2024-09-20,2024-09-20,0,Cancelled
S03784,U03784,2024-04-29,2024-05-29,2024-09-26,0,Cancelled
S03785,U03785,2024-06-07,2024-07-07,2024-08-06,20,Cancelled
S03786,U03786,2024-04-07,2024-05-07,2024-10-04,0,Cancelled
S03787,U03787,2024-06-14,2024-07-14,2024-08-13,0,Cancelled
S03788,U03788,2024-01-15,2024-02-14,,20,Active
S03789,U03789,2024-10-27,2024-11-26,2025-01-25,0,Cancelled
S03790,U03790,2024-07-20,2024-08-19,,20,Active
S03791,U03791,2024-06-13,2024-07-13,2024-08-12,0,Cancelled
S03792,U03792,2024-06-25,2024-07-25,,20,Active
S03793,U03793,2024-11-11,2024-12-11,2025-10-07,20,Cancelled
S03794,U03794,2024-09-11,2024-10-11,2024-10-11,50,Cancelled
S03795,U03795,2024-07-28,2024-08-27,2024-09-26,20,Cancelled
S03796,U03796,2024-12-09,2025-01-08,2025-03-09,20,Cancelled
S03797,U03797,2024-01-01,2024-01-31,2024-06-29,20,Cancelled
S03798,U03798,2024-06-09,2024-07-09,,50,Active
S03799,U03799,2024-08-23,2024-09-22,2024-09-22,50,Cancelled
S03800,U03800,2024-09-15,2024-10-15,2025-05-13,0,Cancelled
S03801,U03801,2024-08-01,2024-08-31,2024-12-29,0,Cancelled
S03802,U03802,2024-10-02,2024-11-01,2025-05-30,50,Cancelled
S03803,U03803,2024-05-04,2024-06-03,2024-10-01,20,Cancelled
S03804,U03804,2024-09-27,2024-10-27,2025-06-24,50,Cancelled
S03805,U03805,2024-06-20,2024-07-20,2024-11-17,20,Cancelled
S03806,U03806,2024-01-07,2024-02-06,2024-05-06,50,Cancelled
S03807,U03807,2024-08-17,2024-09-16,2024-09-16,20,Cancelled
S03808,U03808,2024-01-10,2024-02-09,2024-04-09,0,Cancelled
S03809,U03809,2024-11-05,2024-12-05,2025-01-04,50,Cancelled
S03810,U03810,2024-05-25,2024-06-24,2024-09-22,0,Cancelled
S03811,U03811,2024-09-03,2024-10-03,2025-01-31,50,Cancelled
S03812,U03812,2024-07-09,2024-08-08,2025-03-06,0,Cancelled
S03813,U03813,2024-06-30,2024-07-30,2025-03-27,0,Cancelled
S03814,U03814,2024-02-15,2024-03-16,,0,Active
S03815,U03815,2024-03-09,2024-04-08,2024-05-08,0,Cancelled
S03816,U03816,2024-12-26,2025-01-25,2025-04-25,0,Cancelled
S03817,U03817,2024-09-10,2024-10-10,2024-10-10,0,Cancelled
S03818,U03818,2024-07-09,2024-08-08,2025-03-06,0,Cancelled
S03819,U03819,2024-12-06,2025-01-05,2025-03-06,20,Cancelled
S03820,U03820,2024-06-24,2024-07-24,2024-09-22,50,Cancelled
S03821,U03821,2024-07-24,2024-08-23,2024-10-22,20,Cancelled
S03822,U03822,2024-07-19,2024-08-18,2024-08-18,50,Cancelled
S03823,U03823,2024-01-15,2024-02-14,2024-02-14,20,Cancelled
S03824,U03824,2024-11-12,2024-12-12,2025-01-11,20,Cancelled
S03825,U03825,2024-10-17,2024-11-16,2025-02-14,20,Cancelled
S03826,U03826,2024-09-19,2024-10-19,2025-05-17,50,Cancelled
S03827,U03827,2024-03-15,2024-04-14,2024-04-14,20,Cancelled
S03828,U03828,2024-03-25,2024-04-24,2024-10-21,20,Cancelled
S03829,U03829,2024-07-14,2024-08-13,,20,Active
S03830,U03830,2024-09-22,2024-10-22,2025-08-18,50,Cancelled
S03831,U03831,2024-06-21,2024-07-21,2024-11-18,50,Cancelled
S03832,U03832,2024-04-21,2024-05-21,,20,Active
S03833,U03833,2024-04-09,2024-05-09,2024-12-05,20,Cancelled
S03834,U03834,2024-06-04,2024-07-04,2025-03-31,20,Cancelled
S03835,U03835,2024-10-01,2024-10-31,2025-04-29,20,Cancelled
S03836,U03836,2024-02-09,2024-03-10,2024-09-06,0,Cancelled
S03837,U03837,2024-07-13,2024-08-12,2024-10-11,0,Cancelled
S03838,U03838,2024-01-04,2024-02-03,,0,Active
S03839,U03839,2024-10-24,2024-11-23,2024-12-23,50,Cancelled
S03840,U03840,2024-09-05,2024-10-05,2025-08-01,0,Cancelled
S03841,U03841,2024-05-14,2024-06-13,2024-10-11,50,Cancelled
S03842,U03842,2024-10-14,2024-11-13,2025-01-12,0,Cancelled
S03843,U03843,2024-06-10,2024-07-10,2024-07-10,20,Cancelled
S03844,U03844,2024-09-14,2024-10-14,2024-12-13,20,Cancelled
S03845,U03845,2024-05-31,2024-06-30,2024-07-30,0,Cancelled
S03846,U03846,2024-05-14,2024-06-13,2024-08-12,0,Cancelled
S03847,U03847,2024-06-16,2024-07-16,2024-08-15,20,Cancelled
S03848,U03848,2024-04-23,2024-05-23,2024-06-22,50,Cancelled
S03849,U03849,2024-11-05,2024-12-05,,0,Active
S03850,U03850,2024-02-15,2024-03-16,2024-08-13,0,Cancelled
S03851,U03851,2024-04-24,2024-05-24,2025-01-19,0,Cancelled
S03852,U03852,2024-09-07,2024-10-07,,0,Active
S03853,U03853,2024-05-31,2024-06-30,2024-08-29,20,Cancelled
S03854,U03854,2024-05-27,2024-06-26,2025-01-22,50,Cancelled
S03855,U03855,2024-11-02,2024-12-02,2025-01-31,20,Cancelled
S03856,U03856,2024-01-07,2024-02-06,2024-10-03,0,Cancelled
S03857,U03857,2024-01-03,2024-02-02,,20,Active
S03858,U03858,2024-10-31,2024-11-30,2024-12-30,0,Cancelled
S03859,U03859,2024-08-14,2024-09-13,2024-09-13,20,Cancelled
S03860,U03860,2024-02-17,2024-03-18,2024-06-16,20,Cancelled
S03861,U03861,2024-05-23,2024-06-22,2025-01-18,50,Cancelled
S03862,U03862,2024-12-25,2025-01-24,2025-01-24,0,Cancelled
S03863,U03863,2024-04-18,2024-05-18,2024-05-18,0,Cancelled
S03864,U03864,2024-07-15,2024-08-14,2025-03-12,20,Cancelled
S03865,U03865,2024-11-27,2024-12-27,2025-01-26,50,Cancelled
S03866,U03866,2024-12-21,2025-01-20,2025-01-20,50,Cancelled
S03867,U03867,2024-10-13,2024-11-12,2025-02-10,0,Cancelled
S03868,U03868,2024-12-03,2025-01-02,2025-03-03,50,Cancelled
S03869,U03869,2024-05-20,2024-06-19,2025-01-15,20,Cancelled
S03870,U03870,2024-08-08,2024-09-07,2025-03-06,0,Cancelled
S03871,U03871,2024-06-12,2024-07-12,2024-10-10,0,Cancelled
S03872,U03872,2024-06-22,2024-07-22,2025-03-19,0,Cancelled
S03873,U03873,2024-07-20,2024-08-19,2025-02-15,0,Cancelled
S03874,U03874,2024-07-03,2024-08-02,2024-10-01,50,Cancelled
S03875,U03875,2024-12-22,2025-01-21,2025-02-20,50,Cancelled
S03876,U03876,2024-06-13,2024-07-13,2024-07-13,50,Cancelled
S03877,U03877,2024-01-28,2024-02-27,2024-12-23,50,Cancelled
S03878,U03878,2024-06-16,2024-07-16,,20,Active
S03879,U03879,2024-05-09,2024-06-08,2024-07-08,0,Cancelled
S03880,U03880,2024-01-25,2024-02-24,2024-03-25,0,Cancelled
S03881,U03881,2024-10-20,2024-11-19,2025-01-18,0,Cancelled
S03882,U03882,2024-02-07,2024-03-08,2024-05-07,20,Cancelled
S03883,U03883,2024-11-17,2024-12-17,2024-12-17,50,Cancelled
S03884,U03884,2024-02-06,2024-03-07,2024-03-07,20,Cancelled
S03885,U03885,2024-09-26,2024-10-26,2024-11-25,20,Cancelled
S03886,U03886,2024-01-15,2024-02-14,2024-10-11,50,Cancelled
S03887,U03887,2024-08-04,2024-09-03,2024-09-03,20,Cancelled
S03888,U03888,2024-01-08,2024-02-07,2024-03-08,0,Cancelled
S03889,U03889,2024-06-24,2024-07-24,2025-04-20,20,Cancelled
S03890,U03890,2024-07-13,2024-08-12,2024-09-11,50,Cancelled
S03891,U03891,2024-04-05,2024-05-05,2024-05-05,20,Cancelled
S03892,U03892,2024-05-07,2024-06-06,2024-09-04,0,Cancelled
S03893,U03893,2024-06-07,2024-07-07,2024-07-07,0,Cancelled
S03894,U03894,2024-10-14,2024-11-13,2024-11-13,50,Cancelled
S03895,U03895,2024-11-23,2024-12-23,2025-02-21,20,Cancelled
S03896,U03896,2024-07-01,2024-07-31,2024-08-30,50,Cancelled
S03897,U03897,2024-04-30,2024-05-30,2024-09-27,50,Cancelled
S03898,U03898,2024-01-12,2024-02-11,,20,Active
S03899,U03899,2024-03-30,2024-04-29,2024-12-25,0,Cancelled
S03900,U03900,2024-11-04,2024-12-04,2025-06-02,0,Cancelled
S03901,U03901,2024-08-19,2024-09-18,2024-10-18,20,Cancelled
S03902,U03902,2024-08-21,2024-09-20,2025-04-18,20,Cancelled
S03903,U03903,2024-08-08,2024-09-07,2025-03-06,20,Cancelled
S03904,U03904,2024-04-16,2024-05-16,2024-08-14,20,Cancelled
S03905,U03905,2024-09-17,2024-10-17,2024-12-16,20,Cancelled
S03906,U03906,2024-04-24,2024-05-24,2024-09-21,50,Cancelled
S03907,U03907,2024-03-28,2024-04-27,2024-09-24,20,Cancelled
S03908,U03908,2024-04-04,2024-05-04,2024-06-03,50,Cancelled
S03909,U03909,2024-10-08,2024-11-07,2025-03-07,50,Cancelled
S03910,U03910,2024-12-15,2025-01-14,2025-10-11,50,Cancelled
S03911,U03911,2024-02-03,2024-03-04,,0,Active
S03912,U03912,2024-07-05,2024-08-04,2025-04-01,20,Cancelled
S03913,U03913,2024-03-06,2024-04-05,2024-09-02,0,Cancelled
S03914,U03914,2024-08-19,2024-09-18,2024-10-18,0,Cancelled
S03915,U03915,2024-12-27,2025-01-26,2025-01-26,50,Cancelled
S03916,U03916,2024-08-21,2024-09-20,2025-01-18,50,Cancelled
S03917,U03917,2024-11-06,2024-12-06,2025-07-04,20,Cancelled
S03918,U03918,2024-10-12,2024-11-11,2025-05-10,0,Cancelled
S03919,U03919,2024-07-10,2024-08-09,2025-01-06,0,Cancelled
S03920,U03920,2024-05-15,2024-06-14,2024-10-12,50,Cancelled
S03921,U03921,2024-06-18,2024-07-18,2024-12-15,50,Cancelled
S03922,U03922,2024-07-27,2024-08-26,2024-09-25,0,Cancelled
S03923,U03923,2024-05-31,2024-06-30,2024-09-28,0,Cancelled
S03924,U03924,2024-02-20,2024-03-21,2024-09-17,0,Cancelled
S03925,U03925,2024-03-22,2024-04-21,2024-05-21,50,Cancelled
S03926,U03926,2024-09-14,2024-10-14,2025-01-12,20,Cancelled
S03927,U03927,2024-05-18,2024-06-17,2024-06-17,0,Cancelled
S03928,U03928,2024-11-01,2024-12-01,2025-01-30,20,Cancelled
S03929,U03929,2024-06-12,2024-07-12,,20,Active
S03930,U03930,2024-01-21,2024-02-20,2024-03-21,50,Cancelled
S03931,U03931,2024-01-11,2024-02-10,2024-03-11,50,Cancelled
S03932,U03932,2024-10-05,2024-11-04,2025-05-03,50,Cancelled
S03933,U03933,2024-12-25,2025-01-24,2025-01-24,0,Cancelled
S03934,U03934,2024-06-29,2024-07-29,2025-02-24,20,Cancelled
S03935,U03935,2024-12-14,2025-01-13,2025-05-13,0,Cancelled
S03936,U03936,2024-08-27,2024-09-26,2025-04-24,50,Cancelled
S03937,U03937,2024-07-18,2024-08-17,2024-10-16,50,Cancelled
S03938,U03938,2024-02-25,2024-03-26,2024-09-22,0,Cancelled
S03939,U03939,2024-12-29,2025-01-28,2025-01-28,50,Cancelled
S03940,U03940,2024-08-22,2024-09-21,2024-11-20,50,Cancelled
S03941,U03941,2024-12-17,2025-01-16,2025-06-15,0,Cancelled
S03942,U03942,2024-10-22,2024-11-21,2025-02-19,20,Cancelled
S03943,U03943,2024-04-22,2024-05-22,2025-03-18,50,Cancelled
S03944,U03944,2024-09-19,2024-10-19,2024-10-19,50,Cancelled
S03945,U03945,2024-04-30,2024-05-30,2024-10-27,50,Cancelled
S03946,U03946,2024-08-28,2024-09-27,2024-11-26,50,Cancelled
S03947,U03947,2024-06-09,2024-07-09,2024-07-09,0,Cancelled
S03948,U03948,2024-07-25,2024-08-24,2024-08-24,50,Cancelled
S03949,U03949,2024-11-30,2024-12-30,,0,Active
S03950,U03950,2024-05-12,2024-06-11,2024-10-09,0,Cancelled
S03951,U03951,2024-08-24,2024-09-23,2025-07-20,50,Cancelled
S03952,U03952,2024-09-16,2024-10-16,,50,Active
S03953,U03953,2024-09-01,2024-10-01,2024-10-31,0,Cancelled
S03954,U03954,2024-01-30,2024-02-29,2024-04-29,20,Cancelled
S03955,U03955,2024-06-10,2024-07-10,2024-07-10,50,Cancelled
S03956,U03956,2024-10-25,2024-11-24,2025-03-24,50,Cancelled
S03957,U03957,2024-01-07,2024-02-06,2024-03-07,50,Cancelled
S03958,U03958,2024-10-10,2024-11-09,2025-03-09,0,Cancelled
S03959,U03959,2024-06-10,2024-07-10,2024-10-08,50,Cancelled
S03960,U03960,2024-05-25,2024-06-24,2024-06-24,50,Cancelled
S03961,U03961,2024-03-12,2024-04-11,2024-04-11,0,Cancelled
S03962,U03962,2024-11-09,2024-12-09,,20,Active
S03963,U03963,2024-06-25,2024-07-25,2024-10-23,0,Cancelled
S03964,U03964,2024-08-28,2024-09-27,2025-02-24,20,Cancelled
S03965,U03965,2024-08-28,2024-09-27,2025-05-25,50,Cancelled
S03966,U03966,2024-11-21,2024-12-21,2025-09-17,0,Cancelled
S03967,U03967,2024-02-22,2024-03-23,2024-03-23,0,Cancelled
S03968,U03968,2024-07-16,2024-08-15,2024-08-15,50,Cancelled
S03969,U03969,2024-07-08,2024-08-07,2024-11-05,0,Cancelled
S03970,U03970,2024-12-27,2025-01-26,2025-05-26,20,Cancelled
S03971,U03971,2024-04-28,2024-05-28,2024-08-26,50,Cancelled
S03972,U03972,2024-12-13,2025-01-12,2025-05-12,50,Cancelled
S03973,U03973,2024-10-16,2024-11-15,2025-03-15,0,Cancelled
S03974,U03974,2024-03-17,2024-04-16,2024-04-16,50,Cancelled
S03975,U03975,2024-02-23,2024-03-24,2024-12-19,20,Cancelled
S03976,U03976,2024-06-23,2024-07-23,2025-01-19,0,Cancelled
S03977,U03977,2024-06-07,2024-07-07,2025-04-03,20,Cancelled
S03978,U03978,2024-07-14,2024-08-13,,0,Active
S03979,U03979,2024-10-28,2024-11-27,2025-06-25,20,Cancelled
S03980,U03980,2024-01-02,2024-02-01,2024-05-31,0,Cancelled
S03981,U03981,2024-01-22,2024-02-21,2024-05-21,0,Cancelled
S03982,U03982,2024-05-23,2024-06-22,2024-07-22,50,Cancelled
S03983,U03983,2024-10-04,2024-11-03,2024-11-03,20,Cancelled
S03984,U03984,2024-03-22,2024-04-21,2024-05-21,0,Cancelled
S03985,U03985,2024-05-29,2024-06-28,2024-12-25,50,Cancelled
S03986,U03986,2024-05-18,2024-06-17,2024-06-17,0,Cancelled
S03987,U03987,2024-08-13,2024-09-12,,20,Active
S03988,U03988,2024-08-19,2024-09-18,2025-01-16,50,Cancelled
S03989,U03989,2024-08-14,2024-09-13,2025-01-11,20,Cancelled
S03990,U03990,2024-08-22,2024-09-21,2025-01-19,50,Cancelled
S03991,U03991,2024-10-06,2024-11-05,2025-02-03,0,Cancelled
S03992,U03992,2024-12-17,2025-01-16,2025-07-15,20,Cancelled
S03993,U03993,2024-06-23,2024-07-23,2024-11-20,20,Cancelled
S03994,U03994,2024-07-17,2024-08-16,2025-02-12,0,Cancelled
S03995,U03995,2024-06-05,2024-07-05,2024-09-03,20,Cancelled
S03996,U03996,2024-03-30,2024-04-29,2024-12-25,20,Cancelled
S03997,U03997,2024-07-23,2024-08-22,2024-08-22,50,Cancelled
S03998,U03998,2024-09-24,2024-10-24,2025-07-21,50,Cancelled
S03999,U03999,2024-02-22,2024-03-23,2024-05-22,50,Cancelled
S04000,U04000,2024-08-29,2024-09-28,2024-10-28,20,Cancelled
S04001,U04001,2024-11-01,2024-12-01,2025-01-30,0,Cancelled
S04002,U04002,2024-02-04,2024-03-05,2024-07-03,50,Cancelled
S04003,U04003,2024-02-24,2024-03-25,2024-08-22,0,Cancelled
S04004,U04004,2024-01-25,2024-02-24,2024-05-24,0,Cancelled
S04005,U04005,2024-01-17,2024-02-16,2024-02-16,20,Cancelled
S04006,U04006,2024-11-27,2024-12-27,2025-01-26,20,Cancelled
S04007,U04007,2024-06-07,2024-07-07,2024-09-05,50,Cancelled
S04008,U04008,2024-01-29,2024-02-28,2024-04-28,20,Cancelled
S04009,U04009,2024-05-29,2024-06-28,2024-06-28,0,Cancelled
S04010,U04010,2024-08-15,2024-09-14,,50,Active
S04011,U04011,2024-01-03,2024-02-02,2024-08-30,20,Cancelled
S04012,U04012,2024-07-04,2024-08-03,2024-10-02,50,Cancelled
S04013,U04013,2024-05-19,2024-06-18,2025-01-14,20,Cancelled
S04014,U04014,2024-05-25,2024-06-24,2024-11-21,20,Cancelled
S04015,U04015,2024-10-16,2024-11-15,,0,Active
S04016,U04016,2024-05-04,2024-06-03,2024-09-01,0,Cancelled
S04017,U04017,2024-12-24,2025-01-23,2025-07-22,50,Cancelled
S04018,U04018,2024-11-01,2024-12-01,2025-04-30,50,Cancelled
S04019,U04019,2024-09-13,2024-10-13,2025-05-11,50,Cancelled
S04020,U04020,2024-12-20,2025-01-19,2025-02-18,50,Cancelled
S04021,U04021,2024-03-20,2024-04-19,2024-10-16,20,Cancelled
S04022,U04022,2024-10-06,2024-11-05,2025-02-03,0,Cancelled
S04023,U04023,2024-05-24,2024-06-23,,20,Active
S04024,U04024,2024-05-30,2024-06-29,2025-02-24,20,Cancelled
S04025,U04025,2024-04-02,2024-05-02,2024-07-31,0,Cancelled
S04026,U04026,2024-10-01,2024-10-31,2024-10-31,0,Cancelled
S04027,U04027,2024-08-07,2024-09-06,2024-12-05,50,Cancelled
S04028,U04028,2024-06-18,2024-07-18,,20,Active
S04029,U04029,2024-05-22,2024-06-21,2024-11-18,50,Cancelled
S04030,U04030,2024-01-02,2024-02-01,2024-04-01,50,Cancelled
S04031,U04031,2024-12-05,2025-01-04,,20,Active
S04032,U04032,2024-02-26,2024-03-27,2024-03-27,20,Cancelled
S04033,U04033,2024-12-08,2025-01-07,2025-03-08,20,Cancelled
S04034,U04034,2024-12-27,2025-01-26,2025-07-25,0,Cancelled
S04035,U04035,2024-11-10,2024-12-10,2025-05-09,0,Cancelled
S04036,U04036,2024-03-08,2024-04-07,,0,Active
S04037,U04037,2024-08-13,2024-09-12,2025-06-09,20,Cancelled
S04038,U04038,2024-06-01,2024-07-01,2024-11-28,0,Cancelled
S04039,U04039,2024-04-17,2024-05-17,2024-09-14,0,Cancelled
S04040,U04040,2024-07-21,2024-08-20,2024-11-18,50,Cancelled
S04041,U04041,2024-07-11,2024-08-10,,20,Active
S04042,U04042,2024-03-25,2024-04-24,2024-04-24,0,Cancelled
S04043,U04043,2024-12-05,2025-01-04,2025-05-04,50,Cancelled
S04044,U04044,2024-11-10,2024-12-10,2025-01-09,50,Cancelled
S04045,U04045,2024-08-17,2024-09-16,2025-07-13,0,Cancelled
S04046,U04046,2024-11-11,2024-12-11,2025-01-10,0,Cancelled
S04047,U04047,2024-01-09,2024-02-08,2024-03-09,20,Cancelled
S04048,U04048,2024-09-03,2024-10-03,,50,Active
S04049,U04049,2024-08-29,2024-09-28,2024-09-28,0,Cancelled
S04050,U04050,2024-01-04,2024-02-03,2024-04-03,20,Cancelled
S04051,U04051,2024-07-27,2024-08-26,2024-09-25,20,Cancelled
S04052,U04052,2024-09-02,2024-10-02,2024-10-02,50,Cancelled
S04053,U04053,2024-09-12,2024-10-12,,20,Active
S04054,U04054,2024-09-28,2024-10-28,2025-07-25,0,Cancelled
S04055,U04055,2024-04-22,2024-05-22,2024-12-18,20,Cancelled
S04056,U04056,2024-06-08,2024-07-08,2024-09-06,0,Cancelled
S04057,U04057,2024-06-21,2024-07-21,2025-03-18,20,Cancelled
S04058,U04058,2024-05-30,2024-06-29,2024-07-29,50,Cancelled
S04059,U04059,2024-10-25,2024-11-24,2024-11-24,20,Cancelled
S04060,U04060,2024-06-24,2024-07-24,2025-04-20,50,Cancelled
S04061,U04061,2024-09-12,2024-10-12,2025-01-10,0,Cancelled
S04062,U04062,2024-05-25,2024-06-24,2024-07-24,20,Cancelled
S04063,U04063,2024-01-06,2024-02-05,2024-07-04,50,Cancelled
S04064,U04064,2024-10-25,2024-11-24,2024-12-24,20,Cancelled
S04065,U04065,2024-07-30,2024-08-29,2025-06-25,0,Cancelled
S04066,U04066,2024-03-06,2024-04-05,2024-08-03,50,Cancelled
S04067,U04067,2024-05-03,2024-06-02,2025-01-28,0,Cancelled
S04068,U04068,2024-07-01,2024-07-31,2024-07-31,50,Cancelled
S04069,U04069,2024-10-03,2024-11-02,2025-01-31,0,Cancelled
S04070,U04070,2024-04-11,2024-05-11,2024-07-10,50,Cancelled
S04071,U04071,2024-03-25,2024-04-24,2024-10-21,20,Cancelled
S04072,U04072,2024-08-24,2024-09-23,2025-01-21,20,Cancelled
S04073,U04073,2024-07-07,2024-08-06,2024-08-06,50,Cancelled
S04074,U04074,2024-10-15,2024-11-14,2024-11-14,20,Cancelled
S04075,U04075,2024-02-08,2024-03-09,2024-03-09,50,Cancelled
S04076,U04076,2024-12-05,2025-01-04,2025-09-01,50,Cancelled
S04077,U04077,2024-07-20,2024-08-19,2025-05-16,50,Cancelled
S04078,U04078,2024-06-02,2024-07-02,2024-10-30,0,Cancelled
S04079,U04079,2024-01-21,2024-02-20,2024-12-16,20,Cancelled
S04080,U04080,2024-01-14,2024-02-13,2024-07-12,0,Cancelled
S04081,U04081,2024-12-15,2025-01-14,2025-01-14,20,Cancelled
S04082,U04082,2024-12-25,2025-01-24,,20,Active
S04083,U04083,2024-02-16,2024-03-17,2024-06-15,20,Cancelled
S04084,U04084,2024-09-01,2024-10-01,2025-01-29,0,Cancelled
S04085,U04085,2024-11-07,2024-12-07,,20,Active
S04086,U04086,2024-01-05,2024-02-04,2024-06-03,0,Cancelled
S04087,U04087,2024-05-14,2024-06-13,,0,Active
S04088,U04088,2024-12-20,2025-01-19,2025-02-18,0,Cancelled
S04089,U04089,2024-05-02,2024-06-01,,0,Active
S04090,U04090,2024-12-22,2025-01-21,2025-06-20,0,Cancelled
S04091,U04091,2024-10-30,2024-11-29,2025-01-28,50,Cancelled
S04092,U04092,2024-10-23,2024-11-22,2024-11-22,0,Cancelled
S04093,U04093,2024-10-20,2024-11-19,2025-02-17,50,Cancelled
S04094,U04094,2024-12-09,2025-01-08,2025-01-08,50,Cancelled
S04095,U04095,2024-08-14,2024-09-13,,20,Active
S04096,U04096,2024-12-30,2025-01-29,2025-02-28,50,Cancelled
S04097,U04097,2024-11-12,2024-12-12,2025-06-10,20,Cancelled
S04098,U04098,2024-05-02,2024-06-01,2024-07-01,20,Cancelled
S04099,U04099,2024-08-08,2024-09-07,2024-12-06,20,Cancelled
S04100,U04100,2024-01-30,2024-02-29,2024-10-26,0,Cancelled
S04101,U04101,2024-03-18,2024-04-17,2024-05-17,0,Cancelled
S04102,U04102,2024-04-10,2024-05-10,2025-03-06,50,Cancelled
S04103,U04103,2024-12-19,2025-01-18,2025-01-18,0,Cancelled
S04104,U04104,2024-08-24,2024-09-23,2024-10-23,20,Cancelled
S04105,U04105,2024-07-22,2024-08-21,,0,Active
S04106,U04106,2024-01-15,2024-02-14,2024-05-14,50,Cancelled
S04107,U04107,2024-05-20,2024-06-19,2025-02-14,0,Cancelled
S04108,U04108,2024-06-01,2024-07-01,2024-10-29,20,Cancelled
S04109,U04109,2024-12-22,2025-01-21,2025-02-20,50,Cancelled
S04110,U04110,2024-08-27,2024-09-26,2025-04-24,0,Cancelled
S04111,U04111,2024-12-17,2025-01-16,2025-06-15,20,Cancelled
S04112,U04112,2024-11-13,2024-12-13,,20,Active
S04113,U04113,2024-08-07,2024-09-06,2024-10-06,50,Cancelled
S04114,U04114,2024-07-21,2024-08-20,2024-11-18,50,Cancelled
S04115,U04115,2024-05-12,2024-06-11,2024-08-10,20,Cancelled
S04116,U04116,2024-08-03,2024-09-02,2024-12-01,20,Cancelled
S04117,U04117,2024-04-28,2024-05-28,2024-11-24,0,Cancelled
S04118,U04118,2024-06-19,2024-07-19,2024-08-18,20,Cancelled
S04119,U04119,2024-05-13,2024-06-12,2024-09-10,0,Cancelled
S04120,U04120,2024-05-09,2024-06-08,2024-11-05,0,Cancelled
S04121,U04121,2024-12-25,2025-01-24,2025-01-24,20,Cancelled
S04122,U04122,2024-06-06,2024-07-06,2024-07-06,0,Cancelled
S04123,U04123,2024-01-12,2024-02-11,2024-04-11,20,Cancelled
S04124,U04124,2024-07-22,2024-08-21,2024-08-21,20,Cancelled
S04125,U04125,2024-05-16,2024-06-15,2025-04-11,50,Cancelled
S04126,U04126,2024-06-22,2024-07-22,,0,Active
S04127,U04127,2024-02-14,2024-03-15,,0,Active
S04128,U04128,2024-04-22,2024-05-22,,50,Active
S04129,U04129,2024-11-29,2024-12-29,2024-12-29,0,Cancelled
S04130,U04130,2024-10-24,2024-11-23,2024-11-23,0,Cancelled
S04131,U04131,2024-11-05,2024-12-05,,50,Active
S04132,U04132,2024-04-06,2024-05-06,2024-05-06,20,Cancelled
S04133,U04133,2024-04-06,2024-05-06,2024-11-02,50,Cancelled
S04134,U04134,2024-09-06,2024-10-06,,0,Active
S04135,U04135,2024-10-31,2024-11-30,2024-12-30,50,Cancelled
S04136,U04136,2024-03-11,2024-04-10,2024-08-08,20,Cancelled
S04137,U04137,2024-08-31,2024-09-30,2024-12-29,0,Cancelled
S04138,U04138,2024-11-27,2024-12-27,2024-12-27,50,Cancelled
S04139,U04139,2024-10-26,2024-11-25,,20,Active
S04140,U04140,2024-03-24,2024-04-23,2024-11-19,0,Cancelled
S04141,U04141,2024-02-16,2024-03-17,,50,Active
S04142,U04142,2024-08-17,2024-09-16,2024-09-16,50,Cancelled
S04143,U04143,2024-02-16,2024-03-17,2024-03-17,50,Cancelled
S04144,U04144,2024-10-04,2024-11-03,2025-04-02,50,Cancelled
S04145,U04145,2024-07-26,2024-08-25,2024-10-24,0,Cancelled
S04146,U04146,2024-07-31,2024-08-30,2024-11-28,20,Cancelled
S04147,U04147,2024-06-23,2024-07-23,2024-07-23,20,Cancelled
S04148,U04148,2024-02-07,2024-03-08,2024-04-07,20,Cancelled
S04149,U04149,2024-06-02,2024-07-02,,50,Active
S04150,U04150,2024-10-25,2024-11-24,2025-01-23,20,Cancelled
S04151,U04151,2024-09-07,2024-10-07,2024-12-06,20,Cancelled
S04152,U04152,2024-09-11,2024-10-11,2024-10-11,50,Cancelled
S04153,U04153,2024-01-03,2024-02-02,2024-09-29,50,Cancelled
S04154,U04154,2024-05-04,2024-06-03,2024-10-01,50,Cancelled
S04155,U04155,2024-03-25,2024-04-24,2025-01-19,20,Cancelled
S04156,U04156,2024-01-10,2024-02-09,,0,Active
S04157,U04157,2024-08-23,2024-09-22,2024-12-21,50,Cancelled
S04158,U04158,2024-01-01,2024-01-31,,50,Active
S04159,U04159,2024-01-24,2024-02-23,2024-09-20,50,Cancelled
S04160,U04160,2024-10-23,2024-11-22,2025-05-21,0,Cancelled
S04161,U04161,2024-09-15,2024-10-15,2025-01-13,50,Cancelled
S04162,U04162,2024-07-28,2024-08-27,2025-02-23,0,Cancelled
S04163,U04163,2024-12-10,2025-01-09,2025-06-08,0,Cancelled
S04164,U04164,2024-07-21,2024-08-20,2024-10-19,50,Cancelled
S04165,U04165,2024-08-16,2024-09-15,2024-12-14,20,Cancelled
S04166,U04166,2024-04-09,2024-05-09,2024-09-06,0,Cancelled
S04167,U04167,2024-07-22,2024-08-21,2025-04-18,50,Cancelled
S04168,U04168,2024-06-25,2024-07-25,2025-02-20,0,Cancelled
S04169,U04169,2024-05-12,2024-06-11,2024-08-10,0,Cancelled
S04170,U04170,2024-03-16,2024-04-15,2024-05-15,50,Cancelled
S04171,U04171,2024-03-03,2024-04-02,2024-05-02,50,Cancelled
S04172,U04172,2024-07-02,2024-08-01,2024-08-01,0,Cancelled
S04173,U04173,2024-08-10,2024-09-09,2025-02-06,50,Cancelled
S04174,U04174,2024-03-22,2024-04-21,,20,Active
S04175,U04175,2024-06-21,2024-07-21,,0,Active
S04176,U04176,2024-01-04,2024-02-03,2024-02-03,50,Cancelled
S04177,U04177,2024-01-18,2024-02-17,2024-10-14,0,Cancelled
S04178,U04178,2024-04-10,2024-05-10,,20,Active
S04179,U04179,2024-11-20,2024-12-20,,50,Active
S04180,U04180,2024-08-25,2024-09-24,2024-09-24,50,Cancelled
S04181,U04181,2024-09-01,2024-10-01,2025-03-30,50,Cancelled
S04182,U04182,2024-07-08,2024-08-07,,50,Active
S04183,U04183,2024-07-07,2024-08-06,2024-08-06,50,Cancelled
S04184,U04184,2024-05-28,2024-06-27,2024-07-27,50,Cancelled
S04185,U04185,2024-11-27,2024-12-27,2025-04-26,0,Cancelled
S04186,U04186,2024-09-26,2024-10-26,2024-12-25,50,Cancelled
S04187,U04187,2024-12-12,2025-01-11,2025-11-07,50,Cancelled
S04188,U04188,2024-05-01,2024-05-31,2024-06-30,50,Cancelled
S04189,U04189,2024-07-04,2024-08-03,2024-08-03,0,Cancelled
S04190,U04190,2024-08-10,2024-09-09,2024-11-08,50,Cancelled
S04191,U04191,2024-11-26,2024-12-26,,20,Active
S04192,U04192,2024-10-17,2024-11-16,2024-12-16,0,Cancelled
S04193,U04193,2024-01-01,2024-01-31,2024-08-28,0,Cancelled
S04194,U04194,2024-03-27,2024-04-26,2024-08-24,20,Cancelled
S04195,U04195,2024-05-31,2024-06-30,2024-08-29,50,Cancelled
S04196,U04196,2024-11-01,2024-12-01,,50,Active
S04197,U04197,2024-07-04,2024-08-03,2024-08-03,20,Cancelled
S04198,U04198,2024-04-21,2024-05-21,2024-06-20,0,Cancelled
S04199,U04199,2024-04-14,2024-05-14,2024-10-11,50,Cancelled
S04200,U04200,2024-07-18,2024-08-17,2024-10-16,50,Cancelled
S04201,U04201,2024-09-15,2024-10-15,2025-02-12,0,Cancelled
S04202,U04202,2024-01-03,2024-02-02,2024-04-02,0,Cancelled
S04203,U04203,2024-07-21,2024-08-20,2024-09-19,50,Cancelled
S04204,U04204,2024-06-07,2024-07-07,2024-07-07,20,Cancelled
S04205,U04205,2024-11-18,2024-12-18,2025-07-16,50,Cancelled
S04206,U04206,2024-09-10,2024-10-10,2025-07-07,50,Cancelled
S04207,U04207,2024-01-08,2024-02-07,2024-04-07,20,Cancelled
S04208,U04208,2024-10-21,2024-11-20,2025-05-19,0,Cancelled
S04209,U04209,2024-12-30,2025-01-29,2025-01-29,20,Cancelled
S04210,U04210,2024-06-25,2024-07-25,,20,Active
S04211,U04211,2024-02-16,2024-03-17,2024-06-15,20,Cancelled
S04212,U04212,2024-06-30,2024-07-30,2025-01-26,50,Cancelled
S04213,U04213,2024-07-21,2024-08-20,2024-08-20,0,Cancelled
S04214,U04214,2024-05-23,2024-06-22,2024-11-19,20,Cancelled
S04215,U04215,2024-05-08,2024-06-07,2024-10-05,0,Cancelled
S04216,U04216,2024-12-17,2025-01-16,2025-02-15,20,Cancelled
S04217,U04217,2024-09-23,2024-10-23,2024-11-22,20,Cancelled
S04218,U04218,2024-08-06,2024-09-05,2025-03-04,20,Cancelled
S04219,U04219,2024-08-13,2024-09-12,,50,Active
S04220,U04220,2024-02-11,2024-03-12,2024-04-11,0,Cancelled
S04221,U04221,2024-06-28,2024-07-28,2024-11-25,50,Cancelled
S04222,U04222,2024-06-03,2024-07-03,,0,Active
S04223,U04223,2024-03-08,2024-04-07,2024-08-05,0,Cancelled
S04224,U04224,2024-01-01,2024-01-31,2024-06-29,0,Cancelled
S04225,U04225,2024-01-16,2024-02-15,2024-09-12,0,Cancelled
S04226,U04226,2024-10-13,2024-11-12,2024-12-12,50,Cancelled
S04227,U04227,2024-07-24,2024-08-23,2025-02-19,20,Cancelled
S04228,U04228,2024-12-09,2025-01-08,2025-06-07,20,Cancelled
S04229,U04229,2024-12-04,2025-01-03,2025-04-03,0,Cancelled
S04230,U04230,2024-11-01,2024-12-01,2025-03-31,20,Cancelled
S04231,U04231,2024-12-25,2025-01-24,2025-10-21,50,Cancelled
S04232,U04232,2024-03-12,2024-04-11,,0,Active
S04233,U04233,2024-10-15,2024-11-14,2025-02-12,50,Cancelled
S04234,U04234,2024-09-10,2024-10-10,2025-07-07,0,Cancelled
S04235,U04235,2024-10-03,2024-11-02,2024-11-02,50,Cancelled
S04236,U04236,2024-03-08,2024-04-07,2024-05-07,50,Cancelled
S04237,U04237,2024-08-07,2024-09-06,,0,Active
S04238,U04238,2024-11-25,2024-12-25,2025-03-25,50,Cancelled
S04239,U04239,2024-12-13,2025-01-12,2025-02-11,0,Cancelled
S04240,U04240,2024-10-25,2024-11-24,2025-01-23,20,Cancelled
S04241,U04241,2024-02-28,2024-03-29,2024-11-24,50,Cancelled
S04242,U04242,2024-10-25,2024-11-24,2025-02-22,0,Cancelled
S04243,U04243,2024-01-16,2024-02-15,2024-02-15,0,Cancelled
S04244,U04244,2024-01-04,2024-02-03,2024-10-30,50,Cancelled
S04245,U04245,2024-05-10,2024-06-09,,50,Active
S04246,U04246,2024-05-11,2024-06-10,2024-08-09,50,Cancelled
S04247,U04247,2024-05-23,2024-06-22,2024-06-22,50,Cancelled
S04248,U04248,2024-07-30,2024-08-29,2024-12-27,20,Cancelled
S04249,U04249,2024-12-16,2025-01-15,2025-05-15,50,Cancelled
S04250,U04250,2024-05-12,2024-06-11,2024-06-11,0,Cancelled
S04251,U04251,2024-11-13,2024-12-13,2025-04-12,20,Cancelled
S04252,U04252,2024-08-20,2024-09-19,2025-05-17,20,Cancelled
S04253,U04253,2024-02-19,2024-03-20,,50,Active
S04254,U04254,2024-08-28,2024-09-27,2024-11-26,0,Cancelled
S04255,U04255,2024-03-07,2024-04-06,2024-04-06,20,Cancelled
S04256,U04256,2024-10-03,2024-11-02,,50,Active
S04257,U04257,2024-07-23,2024-08-22,,0,Active
S04258,U04258,2024-07-08,2024-08-07,2024-10-06,20,Cancelled
S04259,U04259,2024-02-02,2024-03-03,2024-03-03,50,Cancelled
S04260,U04260,2024-03-16,2024-04-15,2024-05-15,20,Cancelled
S04261,U04261,2024-01-01,2024-01-31,2024-03-31,20,Cancelled
S04262,U04262,2024-04-02,2024-05-02,2024-09-29,0,Cancelled
S04263,U04263,2024-06-18,2024-07-18,2024-12-15,50,Cancelled
S04264,U04264,2024-07-30,2024-08-29,2024-10-28,20,Cancelled
S04265,U04265,2024-03-17,2024-04-16,2024-04-16,0,Cancelled
S04266,U04266,2024-05-12,2024-06-11,2025-03-08,50,Cancelled
S04267,U04267,2024-01-16,2024-02-15,2024-04-15,50,Cancelled
S04268,U04268,2024-09-03,2024-10-03,2025-03-02,0,Cancelled
S04269,U04269,2024-08-06,2024-09-05,2025-02-02,20,Cancelled
S04270,U04270,2024-11-30,2024-12-30,,20,Active
S04271,U04271,2024-06-25,2024-07-25,2024-09-23,50,Cancelled
S04272,U04272,2024-09-15,2024-10-15,2024-10-15,20,Cancelled
S04273,U04273,2024-09-14,2024-10-14,2024-11-13,20,Cancelled
S04274,U04274,2024-06-08,2024-07-08,2024-10-06,20,Cancelled
S04275,U04275,2024-02-29,2024-03-30,2024-07-28,0,Cancelled
S04276,U04276,2024-01-24,2024-02-23,2024-05-23,50,Cancelled
S04277,U04277,2024-03-22,2024-04-21,2025-01-16,20,Cancelled
S04278,U04278,2024-12-28,2025-01-27,2025-03-28,20,Cancelled
S04279,U04279,2024-12-27,2025-01-26,2025-01-26,50,Cancelled
S04280,U04280,2024-11-16,2024-12-16,2025-07-14,0,Cancelled
S04281,U04281,2024-11-05,2024-12-05,2025-02-03,20,Cancelled
S04282,U04282,2024-12-02,2025-01-01,2025-04-01,0,Cancelled
S04283,U04283,2024-04-22,2024-05-22,2024-12-18,0,Cancelled
S04284,U04284,2024-07-01,2024-07-31,2025-03-28,20,Cancelled
S04285,U04285,2024-05-18,2024-06-17,2025-01-13,20,Cancelled
S04286,U04286,2024-12-15,2025-01-14,2025-02-13,50,Cancelled
S04287,U04287,2024-11-14,2024-12-14,2025-06-12,0,Cancelled
S04288,U04288,2024-11-20,2024-12-20,2025-04-19,50,Cancelled
S04289,U04289,2024-12-30,2025-01-29,2025-01-29,0,Cancelled
S04290,U04290,2024-09-19,2024-10-19,2024-10-19,50,Cancelled
S04291,U04291,2024-11-06,2024-12-06,2025-02-04,50,Cancelled
S04292,U04292,2024-05-27,2024-06-26,2024-06-26,0,Cancelled
S04293,U04293,2024-04-27,2024-05-27,,0,Active
S04294,U04294,2024-04-15,2024-05-15,,50,Active
S04295,U04295,2024-08-23,2024-09-22,2024-12-21,20,Cancelled
S04296,U04296,2024-07-25,2024-08-24,2024-09-23,0,Cancelled
S04297,U04297,2024-03-12,2024-04-11,2024-07-10,50,Cancelled
S04298,U04298,2024-10-24,2024-11-23,2025-05-22,20,Cancelled
S04299,U04299,2024-03-09,2024-04-08,2024-04-08,0,Cancelled
S04300,U04300,2024-11-25,2024-12-25,2025-02-23,0,Cancelled
S04301,U04301,2024-12-03,2025-01-02,2025-02-01,0,Cancelled
S04302,U04302,2024-05-09,2024-06-08,2024-06-08,50,Cancelled
S04303,U04303,2024-02-27,2024-03-28,2024-07-26,0,Cancelled
S04304,U04304,2024-04-02,2024-05-02,2024-08-30,20,Cancelled
S04305,U04305,2024-12-28,2025-01-27,2025-07-26,0,Cancelled
S04306,U04306,2024-11-16,2024-12-16,2025-01-15,20,Cancelled
S04307,U04307,2024-10-09,2024-11-08,2025-03-08,0,Cancelled
S04308,U04308,2024-10-20,2024-11-19,2025-04-18,50,Cancelled
S04309,U04309,2024-10-22,2024-11-21,,20,Active
S04310,U04310,2024-09-06,2024-10-06,,20,Active
S04311,U04311,2024-06-07,2024-07-07,2024-08-06,50,Cancelled
S04312,U04312,2024-10-11,2024-11-10,2025-09-06,20,Cancelled
S04313,U04313,2024-04-08,2024-05-08,,20,Active
S04314,U04314,2024-07-05,2024-08-04,,0,Active
S04315,U04315,2024-06-06,2024-07-06,,50,Active
S04316,U04316,2024-05-08,2024-06-07,2024-08-06,50,Cancelled
S04317,U04317,2024-01-02,2024-02-01,2024-02-01,20,Cancelled
S04318,U04318,2024-06-08,2024-07-08,2024-09-06,20,Cancelled
S04319,U04319,2024-07-14,2024-08-13,2025-05-10,50,Cancelled
S04320,U04320,2024-08-19,2024-09-18,2024-11-17,0,Cancelled
S04321,U04321,2024-04-09,2024-05-09,2024-09-06,50,Cancelled
S04322,U04322,2024-07-05,2024-08-04,2024-08-04,20,Cancelled
S04323,U04323,2024-02-23,2024-03-24,2024-08-21,20,Cancelled
S04324,U04324,2024-09-07,2024-10-07,2025-01-05,20,Cancelled
S04325,U04325,2024-08-26,2024-09-25,2024-11-24,20,Cancelled
S04326,U04326,2024-09-17,2024-10-17,2024-10-17,0,Cancelled
S04327,U04327,2024-04-12,2024-05-12,,20,Active
S04328,U04328,2024-07-29,2024-08-28,2024-11-26,20,Cancelled
S04329,U04329,2024-09-07,2024-10-07,2024-12-06,20,Cancelled
S04330,U04330,2024-09-22,2024-10-22,2025-07-19,20,Cancelled
S04331,U04331,2024-02-10,2024-03-11,2024-08-08,20,Cancelled
S04332,U04332,2024-11-22,2024-12-22,2025-05-21,20,Cancelled
S04333,U04333,2024-11-03,2024-12-03,2024-12-03,50,Cancelled
S04334,U04334,2024-04-26,2024-05-26,2024-08-24,0,Cancelled
S04335,U04335,2024-05-23,2024-06-22,2024-10-20,0,Cancelled
S04336,U04336,2024-09-30,2024-10-30,2024-12-29,50,Cancelled
S04337,U04337,2024-07-27,2024-08-26,2024-10-25,20,Cancelled
S04338,U04338,2024-04-23,2024-05-23,,20,Active
S04339,U04339,2024-04-21,2024-05-21,2024-12-17,0,Cancelled
S04340,U04340,2024-07-27,2024-08-26,2025-01-23,50,Cancelled
S04341,U04341,2024-04-13,2024-05-13,2024-05-13,20,Cancelled
S04342,U04342,2024-08-09,2024-09-08,2025-02-05,20,Cancelled
S04343,U04343,2024-05-15,2024-06-14,2025-01-10,50,Cancelled
S04344,U04344,2024-01-28,2024-02-27,2024-08-25,20,Cancelled
S04345,U04345,2024-09-30,2024-10-30,2025-08-26,20,Cancelled
S04346,U04346,2024-10-30,2024-11-29,2025-01-28,50,Cancelled
S04347,U04347,2024-01-12,2024-02-11,2024-02-11,20,Cancelled
S04348,U04348,2024-05-18,2024-06-17,2024-06-17,0,Cancelled
S04349,U04349,2024-07-28,2024-08-27,2025-02-23,20,Cancelled
S04350,U04350,2024-08-09,2024-09-08,2024-10-08,50,Cancelled
S04351,U04351,2024-11-03,2024-12-03,2025-06-01,50,Cancelled
S04352,U04352,2024-04-06,2024-05-06,,50,Active
S04353,U04353,2024-12-24,2025-01-23,2025-01-23,50,Cancelled
S04354,U04354,2024-06-20,2024-07-20,2025-04-16,0,Cancelled
S04355,U04355,2024-11-24,2024-12-24,2025-06-22,0,Cancelled
S04356,U04356,2024-08-20,2024-09-19,2025-07-16,50,Cancelled
S04357,U04357,2024-01-06,2024-02-05,,0,Active
S04358,U04358,2024-12-03,2025-01-02,2025-01-02,50,Cancelled
S04359,U04359,2024-04-04,2024-05-04,,0,Active
S04360,U04360,2024-12-05,2025-01-04,2025-01-04,20,Cancelled
S04361,U04361,2024-05-13,2024-06-12,2024-12-09,50,Cancelled
S04362,U04362,2024-04-12,2024-05-12,2024-10-09,20,Cancelled
S04363,U04363,2024-06-24,2024-07-24,2024-11-21,0,Cancelled
S04364,U04364,2024-04-15,2024-05-15,2024-05-15,0,Cancelled
S04365,U04365,2024-11-03,2024-12-03,2025-02-01,20,Cancelled
S04366,U04366,2024-01-16,2024-02-15,2024-05-15,20,Cancelled
S04367,U04367,2024-12-15,2025-01-14,2025-09-11,0,Cancelled
S04368,U04368,2024-02-17,2024-03-18,,0,Active
S04369,U04369,2024-12-06,2025-01-05,2025-06-04,0,Cancelled
S04370,U04370,2024-09-27,2024-10-27,2025-02-24,0,Cancelled
S04371,U04371,2024-09-28,2024-10-28,,20,Active
S04372,U04372,2024-11-03,2024-12-03,2025-06-01,50,Cancelled
S04373,U04373,2024-05-01,2024-05-31,2024-05-31,0,Cancelled
S04374,U04374,2024-12-13,2025-01-12,2025-01-12,0,Cancelled
S04375,U04375,2024-09-15,2024-10-15,2025-03-14,20,Cancelled
S04376,U04376,2024-06-21,2024-07-21,2024-07-21,50,Cancelled
S04377,U04377,2024-11-13,2024-12-13,2025-04-12,0,Cancelled
S04378,U04378,2024-12-28,2025-01-27,2025-04-27,50,Cancelled
S04379,U04379,2024-01-16,2024-02-15,,20,Active
S04380,U04380,2024-05-01,2024-05-31,2024-05-31,20,Cancelled
S04381,U04381,2024-11-03,2024-12-03,2025-01-02,50,Cancelled
S04382,U04382,2024-09-16,2024-10-16,2024-12-15,20,Cancelled
S04383,U04383,2024-08-19,2024-09-18,2024-09-18,50,Cancelled
S04384,U04384,2024-05-25,2024-06-24,2024-11-21,20,Cancelled
S04385,U04385,2024-10-27,2024-11-26,2024-12-26,0,Cancelled
S04386,U04386,2024-02-01,2024-03-02,2024-05-31,20,Cancelled
S04387,U04387,2024-08-24,2024-09-23,2025-04-21,0,Cancelled
S04388,U04388,2024-08-03,2024-09-02,2024-12-01,20,Cancelled
S04389,U04389,2024-01-16,2024-02-15,2024-03-16,50,Cancelled
S04390,U04390,2024-06-03,2024-07-03,,50,Active
S04391,U04391,2024-07-03,2024-08-02,2024-09-01,50,Cancelled
S04392,U04392,2024-02-22,2024-03-23,,20,Active
S04393,U04393,2024-10-11,2024-11-10,2025-02-08,20,Cancelled
S04394,U04394,2024-04-05,2024-05-05,2024-05-05,0,Cancelled
S04395,U04395,2024-12-24,2025-01-23,2025-02-22,50,Cancelled
S04396,U04396,2024-06-03,2024-07-03,,20,Active
S04397,U04397,2024-04-12,2024-05-12,2024-10-09,50,Cancelled
S04398,U04398,2024-03-22,2024-04-21,2024-04-21,0,Cancelled
S04399,U04399,2024-10-11,2024-11-10,2025-02-08,50,Cancelled
S04400,U04400,2024-09-25,2024-10-25,2025-02-22,50,Cancelled
S04401,U04401,2024-01-18,2024-02-17,2024-02-17,0,Cancelled
S04402,U04402,2024-07-08,2024-08-07,2024-08-07,20,Cancelled
S04403,U04403,2024-11-08,2024-12-08,2025-01-07,20,Cancelled
S04404,U04404,2024-10-27,2024-11-26,2025-05-25,0,Cancelled
S04405,U04405,2024-12-01,2024-12-31,2025-03-31,50,Cancelled
S04406,U04406,2024-08-18,2024-09-17,2024-09-17,20,Cancelled
S04407,U04407,2024-03-10,2024-04-09,2024-04-09,50,Cancelled
S04408,U04408,2024-05-30,2024-06-29,2024-06-29,20,Cancelled
S04409,U04409,2024-07-30,2024-08-29,,50,Active
S04410,U04410,2024-09-10,2024-10-10,2024-10-10,50,Cancelled
S04411,U04411,2024-12-15,2025-01-14,2025-05-14,20,Cancelled
S04412,U04412,2024-07-17,2024-08-16,2024-08-16,20,Cancelled
S04413,U04413,2024-05-07,2024-06-06,2024-06-06,20,Cancelled
S04414,U04414,2024-11-10,2024-12-10,,0,Active
S04415,U04415,2024-10-28,2024-11-27,,50,Active
S04416,U04416,2024-10-22,2024-11-21,2025-03-21,50,Cancelled
S04417,U04417,2024-04-05,2024-05-05,2024-09-02,20,Cancelled
S04418,U04418,2024-07-17,2024-08-16,2025-04-13,20,Cancelled
S04419,U04419,2024-12-27,2025-01-26,2025-03-27,20,Cancelled
S04420,U04420,2024-10-26,2024-11-25,2024-12-25,20,Cancelled
S04421,U04421,2024-09-14,2024-10-14,2025-05-12,20,Cancelled
S04422,U04422,2024-07-21,2024-08-20,2024-09-19,50,Cancelled
S04423,U04423,2024-04-19,2024-05-19,2024-09-16,20,Cancelled
S04424,U04424,2024-05-10,2024-06-09,2024-07-09,0,Cancelled
S04425,U04425,2024-05-29,2024-06-28,2024-08-27,20,Cancelled
S04426,U04426,2024-07-07,2024-08-06,2025-03-04,50,Cancelled
S04427,U04427,2024-12-09,2025-01-08,2025-07-07,50,Cancelled
S04428,U04428,2024-04-24,2024-05-24,2024-09-21,0,Cancelled
S04429,U04429,2024-04-05,2024-05-05,2024-10-02,20,Cancelled
S04430,U04430,2024-04-05,2024-05-05,2024-07-04,0,Cancelled
S04431,U04431,2024-10-07,2024-11-06,2024-11-06,50,Cancelled
S04432,U04432,2024-01-23,2024-02-22,,0,Active
S04433,U04433,2024-08-23,2024-09-22,2025-02-19,50,Cancelled
S04434,U04434,2024-03-08,2024-04-07,2024-08-05,50,Cancelled
S04435,U04435,2024-02-27,2024-03-28,2024-06-26,20,Cancelled
S04436,U04436,2024-09-02,2024-10-02,,0,Active
S04437,U04437,2024-01-06,2024-02-05,2024-03-06,50,Cancelled
S04438,U04438,2024-06-22,2024-07-22,2024-09-20,0,Cancelled
S04439,U04439,2024-05-25,2024-06-24,2024-09-22,20,Cancelled
S04440,U04440,2024-04-01,2024-05-01,2024-08-29,0,Cancelled
S04441,U04441,2024-04-13,2024-05-13,2024-06-12,50,Cancelled
S04442,U04442,2024-03-15,2024-04-14,2024-04-14,0,Cancelled
S04443,U04443,2024-03-12,2024-04-11,2024-10-08,20,Cancelled
S04444,U04444,2024-08-20,2024-09-19,2024-09-19,20,Cancelled
S04445,U04445,2024-01-22,2024-02-21,2024-03-22,0,Cancelled
S04446,U04446,2024-02-12,2024-03-13,2024-03-13,50,Cancelled
S04447,U04447,2024-05-03,2024-06-02,2024-08-01,0,Cancelled
S04448,U04448,2024-05-19,2024-06-18,2025-04-14,20,Cancelled
S04449,U04449,2024-01-29,2024-02-28,2024-04-28,0,Cancelled
S04450,U04450,2024-03-16,2024-04-15,2024-05-15,50,Cancelled
S04451,U04451,2024-02-26,2024-03-27,,0,Active
S04452,U04452,2024-12-29,2025-01-28,2025-01-28,0,Cancelled
S04453,U04453,2024-04-07,2024-05-07,,20,Active
S04454,U04454,2024-01-04,2024-02-03,2024-08-01,20,Cancelled
S04455,U04455,2024-10-22,2024-11-21,2025-01-20,0,Cancelled
S04456,U04456,2024-01-17,2024-02-16,2024-06-15,0,Cancelled
S04457,U04457,2024-02-01,2024-03-02,2024-09-28,50,Cancelled
S04458,U04458,2024-04-18,2024-05-18,2024-06-17,50,Cancelled
S04459,U04459,2024-09-27,2024-10-27,2025-05-25,20,Cancelled
S04460,U04460,2024-11-05,2024-12-05,,0,Active
S04461,U04461,2024-01-30,2024-02-29,2024-02-29,50,Cancelled
S04462,U04462,2024-11-29,2024-12-29,2025-06-27,20,Cancelled
S04463,U04463,2024-09-22,2024-10-22,2024-10-22,20,Cancelled
S04464,U04464,2024-06-30,2024-07-30,2024-11-27,20,Cancelled
S04465,U04465,2024-12-05,2025-01-04,2025-01-04,20,Cancelled
S04466,U04466,2024-01-07,2024-02-06,2024-05-06,50,Cancelled
S04467,U04467,2024-02-26,2024-03-27,2024-04-26,0,Cancelled
S04468,U04468,2024-03-03,2024-04-02,2024-07-01,0,Cancelled
S04469,U04469,2024-08-11,2024-09-10,2024-10-10,50,Cancelled
S04470,U04470,2024-11-30,2024-12-30,2024-12-30,20,Cancelled
S04471,U04471,2024-09-27,2024-10-27,2025-01-25,20,Cancelled
S04472,U04472,2024-02-13,2024-03-14,2024-07-12,50,Cancelled
S04473,U04473,2024-02-21,2024-03-22,2025-01-16,50,Cancelled
S04474,U04474,2024-08-10,2024-09-09,2025-01-07,20,Cancelled
S04475,U04475,2024-12-22,2025-01-21,2025-04-21,0,Cancelled
S04476,U04476,2024-04-14,2024-05-14,2025-01-09,50,Cancelled
S04477,U04477,2024-01-23,2024-02-22,2024-05-22,20,Cancelled
S04478,U04478,2024-11-23,2024-12-23,2025-04-22,0,Cancelled
S04479,U04479,2024-09-11,2024-10-11,2024-11-10,20,Cancelled
S04480,U04480,2024-11-10,2024-12-10,2024-12-10,50,Cancelled
S04481,U04481,2024-07-16,2024-08-15,2025-01-12,0,Cancelled
S04482,U04482,2024-01-19,2024-02-18,2024-05-18,20,Cancelled
S04483,U04483,2024-11-23,2024-12-23,2025-07-21,0,Cancelled
S04484,U04484,2024-10-26,2024-11-25,2025-01-24,50,Cancelled
S04485,U04485,2024-11-17,2024-12-17,2025-04-16,0,Cancelled
S04486,U04486,2024-11-24,2024-12-24,2025-06-22,0,Cancelled
S04487,U04487,2024-06-18,2024-07-18,2024-08-17,50,Cancelled
S04488,U04488,2024-05-09,2024-06-08,2024-09-06,50,Cancelled
S04489,U04489,2024-10-29,2024-11-28,2025-02-26,20,Cancelled
S04490,U04490,2024-04-28,2024-05-28,2024-05-28,0,Cancelled
S04491,U04491,2024-11-26,2024-12-26,2024-12-26,0,Cancelled
S04492,U04492,2024-07-10,2024-08-09,2024-09-08,20,Cancelled
S04493,U04493,2024-10-15,2024-11-14,2024-12-14,0,Cancelled
S04494,U04494,2024-06-03,2024-07-03,2024-07-03,50,Cancelled
S04495,U04495,2024-12-19,2025-01-18,2025-10-15,0,Cancelled
S04496,U04496,2024-01-26,2024-02-25,2024-05-25,0,Cancelled
S04497,U04497,2024-08-18,2024-09-17,,20,Active
S04498,U04498,2024-10-22,2024-11-21,,0,Active
S04499,U04499,2024-01-09,2024-02-08,,50,Active
S04500,U04500,2024-02-24,2024-03-25,2024-08-22,0,Cancelled
S04501,U04501,2024-05-13,2024-06-12,2024-09-10,0,Cancelled
S04502,U04502,2024-02-24,2024-03-25,2024-03-25,50,Cancelled
S04503,U04503,2024-03-20,2024-04-19,2024-05-19,20,Cancelled
S04504,U04504,2024-09-14,2024-10-14,2024-10-14,50,Cancelled
S04505,U04505,2024-04-06,2024-05-06,2024-06-05,50,Cancelled
S04506,U04506,2024-05-26,2024-06-25,2024-11-22,20,Cancelled
S04507,U04507,2024-08-01,2024-08-31,2024-08-31,20,Cancelled
S04508,U04508,2024-11-14,2024-12-14,2024-12-14,0,Cancelled
S04509,U04509,2024-09-07,2024-10-07,2024-10-07,0,Cancelled
S04510,U04510,2024-07-15,2024-08-14,2025-04-11,50,Cancelled
S04511,U04511,2024-08-01,2024-08-31,2024-11-29,0,Cancelled
S04512,U04512,2024-02-25,2024-03-26,2024-04-25,20,Cancelled
S04513,U04513,2024-01-01,2024-01-31,2024-03-31,20,Cancelled
S04514,U04514,2024-02-04,2024-03-05,2024-04-04,20,Cancelled
S04515,U04515,2024-05-18,2024-06-17,2024-09-15,20,Cancelled
S04516,U04516,2024-01-07,2024-02-06,2024-07-05,20,Cancelled
S04517,U04517,2024-10-09,2024-11-08,2025-04-07,20,Cancelled
S04518,U04518,2024-10-16,2024-11-15,,20,Active
S04519,U04519,2024-02-13,2024-03-14,2024-10-10,50,Cancelled
S04520,U04520,2024-05-28,2024-06-27,2025-03-24,50,Cancelled
S04521,U04521,2024-10-22,2024-11-21,2024-11-21,0,Cancelled
S04522,U04522,2024-03-19,2024-04-18,2024-07-17,0,Cancelled
S04523,U04523,2024-01-22,2024-02-21,2024-05-21,20,Cancelled
S04524,U04524,2024-11-12,2024-12-12,2025-08-09,20,Cancelled
S04525,U04525,2024-12-19,2025-01-18,2025-02-17,0,Cancelled
S04526,U04526,2024-08-22,2024-09-21,,20,Active
S04527,U04527,2024-06-09,2024-07-09,2024-11-06,0,Cancelled
S04528,U04528,2024-04-07,2024-05-07,2024-06-06,0,Cancelled
S04529,U04529,2024-09-30,2024-10-30,2025-04-28,20,Cancelled
S04530,U04530,2024-03-16,2024-04-15,2024-07-14,20,Cancelled
S04531,U04531,2024-11-18,2024-12-18,2025-01-17,0,Cancelled
S04532,U04532,2024-05-03,2024-06-02,2024-11-29,20,Cancelled
S04533,U04533,2024-06-08,2024-07-08,2024-07-08,50,Cancelled
S04534,U04534,2024-12-28,2025-01-27,2025-01-27,50,Cancelled
S04535,U04535,2024-03-09,2024-04-08,2024-09-05,0,Cancelled
S04536,U04536,2024-01-11,2024-02-10,2024-04-10,0,Cancelled
S04537,U04537,2024-05-25,2024-06-24,2024-09-22,20,Cancelled
S04538,U04538,2024-02-03,2024-03-04,2024-12-29,0,Cancelled
S04539,U04539,2024-12-29,2025-01-28,2025-04-28,0,Cancelled
S04540,U04540,2024-10-09,2024-11-08,2025-06-06,50,Cancelled
S04541,U04541,2024-08-23,2024-09-22,2024-12-21,50,Cancelled
S04542,U04542,2024-04-02,2024-05-02,2024-05-02,0,Cancelled
S04543,U04543,2024-10-23,2024-11-22,2025-03-22,50,Cancelled
S04544,U04544,2024-11-29,2024-12-29,2025-08-26,20,Cancelled
S04545,U04545,2024-01-04,2024-02-03,2024-06-02,20,Cancelled
S04546,U04546,2024-10-16,2024-11-15,2024-11-15,20,Cancelled
S04547,U04547,2024-09-15,2024-10-15,2024-11-14,0,Cancelled
S04548,U04548,2024-10-23,2024-11-22,2025-05-21,20,Cancelled
S04549,U04549,2024-03-28,2024-04-27,2024-04-27,0,Cancelled
S04550,U04550,2024-12-28,2025-01-27,2025-02-26,20,Cancelled
S04551,U04551,2024-10-24,2024-11-23,2025-03-23,50,Cancelled
S04552,U04552,2024-11-01,2024-12-01,,50,Active
S04553,U04553,2024-04-27,2024-05-27,2024-09-24,50,Cancelled
S04554,U04554,2024-02-03,2024-03-04,2024-12-29,0,Cancelled
S04555,U04555,2024-08-02,2024-09-01,2025-05-29,50,Cancelled
S04556,U04556,2024-04-20,2024-05-20,2025-02-14,0,Cancelled
S04557,U04557,2024-09-26,2024-10-26,2024-10-26,20,Cancelled
S04558,U04558,2024-03-12,2024-04-11,2024-09-08,20,Cancelled
S04559,U04559,2024-09-11,2024-10-11,2025-06-08,0,Cancelled
S04560,U04560,2024-01-09,2024-02-08,2024-11-04,0,Cancelled
S04561,U04561,2024-10-24,2024-11-23,,50,Active
S04562,U04562,2024-05-04,2024-06-03,2024-11-30,0,Cancelled
S04563,U04563,2024-03-07,2024-04-06,2024-05-06,50,Cancelled
S04564,U04564,2024-10-05,2024-11-04,2025-02-02,20,Cancelled
S04565,U04565,2024-08-05,2024-09-04,2024-10-04,50,Cancelled
S04566,U04566,2024-02-02,2024-03-03,2024-05-02,0,Cancelled
S04567,U04567,2024-05-23,2024-06-22,2024-09-20,20,Cancelled
S04568,U04568,2024-06-06,2024-07-06,2025-03-03,20,Cancelled
S04569,U04569,2024-01-11,2024-02-10,2024-02-10,50,Cancelled
S04570,U04570,2024-04-12,2024-05-12,2024-09-09,50,Cancelled
S04571,U04571,2024-03-09,2024-04-08,2024-05-08,50,Cancelled
S04572,U04572,2024-11-01,2024-12-01,2024-12-01,0,Cancelled
S04573,U04573,2024-02-09,2024-03-10,2024-05-09,50,Cancelled
S04574,U04574,2024-08-04,2024-09-03,2024-09-03,0,Cancelled
S04575,U04575,2024-12-02,2025-01-01,,0,Active
S04576,U04576,2024-11-25,2024-12-25,2025-02-23,20,Cancelled
S04577,U04577,2024-05-20,2024-06-19,2024-12-16,20,Cancelled
S04578,U04578,2024-11-26,2024-12-26,2025-02-24,50,Cancelled
S04579,U04579,2024-10-23,2024-11-22,2025-02-20,50,Cancelled
S04580,U04580,2024-09-05,2024-10-05,2024-12-04,0,Cancelled
S04581,U04581,2024-12-04,2025-01-03,2025-03-04,20,Cancelled
S04582,U04582,2024-04-30,2024-05-30,2024-09-27,50,Cancelled
S04583,U04583,2024-01-16,2024-02-15,2024-03-16,20,Cancelled
S04584,U04584,2024-01-28,2024-02-27,2024-05-27,20,Cancelled
S04585,U04585,2024-01-29,2024-02-28,2024-04-28,20,Cancelled
S04586,U04586,2024-05-16,2024-06-15,2024-09-13,20,Cancelled
S04587,U04587,2024-02-24,2024-03-25,2024-10-21,50,Cancelled
S04588,U04588,2024-01-12,2024-02-11,,0,Active
S04589,U04589,2024-02-24,2024-03-25,2024-04-24,50,Cancelled
S04590,U04590,2024-02-18,2024-03-19,2024-07-17,20,Cancelled
S04591,U04591,2024-09-24,2024-10-24,,0,Active
S04592,U04592,2024-09-11,2024-10-11,2024-12-10,20,Cancelled
S04593,U04593,2024-02-28,2024-03-29,2024-05-28,0,Cancelled
S04594,U04594,2024-03-21,2024-04-20,2024-09-17,20,Cancelled
S04595,U04595,2024-08-25,2024-09-24,2024-09-24,20,Cancelled
S04596,U04596,2024-11-03,2024-12-03,2025-07-01,0,Cancelled
S04597,U04597,2024-08-14,2024-09-13,2025-02-10,20,Cancelled
S04598,U04598,2024-08-27,2024-09-26,2025-03-25,50,Cancelled
S04599,U04599,2024-02-17,2024-03-18,2024-07-16,0,Cancelled
S04600,U04600,2024-07-01,2024-07-31,2024-10-29,0,Cancelled
S04601,U04601,2024-07-07,2024-08-06,2024-08-06,0,Cancelled
S04602,U04602,2024-08-23,2024-09-22,2024-09-22,50,Cancelled
S04603,U04603,2024-01-15,2024-02-14,2024-12-10,20,Cancelled
S04604,U04604,2024-04-15,2024-05-15,2024-06-14,50,Cancelled
S04605,U04605,2024-10-30,2024-11-29,2025-01-28,0,Cancelled
S04606,U04606,2024-05-06,2024-06-05,2024-08-04,0,Cancelled
S04607,U04607,2024-03-31,2024-04-30,2024-11-26,50,Cancelled
S04608,U04608,2024-11-30,2024-12-30,2025-05-29,20,Cancelled
S04609,U04609,2024-08-05,2024-09-04,2024-09-04,20,Cancelled
S04610,U04610,2024-03-13,2024-04-12,2024-06-11,20,Cancelled
S04611,U04611,2024-06-11,2024-07-11,2024-12-08,50,Cancelled
S04612,U04612,2024-09-30,2024-10-30,,20,Active
S04613,U04613,2024-04-08,2024-05-08,2025-02-02,50,Cancelled
S04614,U04614,2024-09-18,2024-10-18,2025-03-17,50,Cancelled
S04615,U04615,2024-09-17,2024-10-17,2024-11-16,20,Cancelled
S04616,U04616,2024-12-06,2025-01-05,2025-03-06,20,Cancelled
S04617,U04617,2024-03-08,2024-04-07,2025-01-02,20,Cancelled
S04618,U04618,2024-05-26,2024-06-25,2024-08-24,0,Cancelled
S04619,U04619,2024-08-06,2024-09-05,2025-01-03,20,Cancelled
S04620,U04620,2024-06-01,2024-07-01,2024-10-29,20,Cancelled
S04621,U04621,2024-08-24,2024-09-23,,20,Active
S04622,U04622,2024-10-25,2024-11-24,2024-11-24,0,Cancelled
S04623,U04623,2024-07-03,2024-08-02,2024-12-30,0,Cancelled
S04624,U04624,2024-10-20,2024-11-19,2024-12-19,0,Cancelled
S04625,U04625,2024-07-22,2024-08-21,2025-04-18,20,Cancelled
S04626,U04626,2024-12-17,2025-01-16,2025-11-12,0,Cancelled
S04627,U04627,2024-05-06,2024-06-05,2024-06-05,0,Cancelled
S04628,U04628,2024-03-20,2024-04-19,2024-04-19,50,Cancelled
S04629,U04629,2024-05-14,2024-06-13,2024-09-11,50,Cancelled
S04630,U04630,2024-09-16,2024-10-16,2025-07-13,50,Cancelled
S04631,U04631,2024-12-29,2025-01-28,2025-04-28,0,Cancelled
S04632,U04632,2024-03-15,2024-04-14,2024-06-13,50,Cancelled
S04633,U04633,2024-12-06,2025-01-05,2025-05-05,20,Cancelled
S04634,U04634,2024-12-07,2025-01-06,,50,Active
S04635,U04635,2024-02-11,2024-03-12,2024-09-08,0,Cancelled
S04636,U04636,2024-06-28,2024-07-28,2024-07-28,50,Cancelled
S04637,U04637,2024-09-01,2024-10-01,2024-11-30,50,Cancelled
S04638,U04638,2024-08-03,2024-09-02,,50,Active
S04639,U04639,2024-12-23,2025-01-22,2025-02-21,50,Cancelled
S04640,U04640,2024-09-23,2024-10-23,2024-11-22,0,Cancelled
S04641,U04641,2024-03-02,2024-04-01,2024-09-28,20,Cancelled
S04642,U04642,2024-02-04,2024-03-05,2024-06-03,50,Cancelled
S04643,U04643,2024-04-20,2024-05-20,2024-09-17,0,Cancelled
S04644,U04644,2024-07-01,2024-07-31,2024-07-31,0,Cancelled
S04645,U04645,2024-04-23,2024-05-23,,20,Active
S04646,U04646,2024-08-27,2024-09-26,2024-10-26,20,Cancelled
S04647,U04647,2024-02-13,2024-03-14,2024-07-12,0,Cancelled
S04648,U04648,2024-11-06,2024-12-06,2025-01-05,50,Cancelled
S04649,U04649,2024-11-07,2024-12-07,2025-01-06,50,Cancelled
S04650,U04650,2024-03-21,2024-04-20,2024-08-18,0,Cancelled
S04651,U04651,2024-10-18,2024-11-17,2025-08-14,0,Cancelled
S04652,U04652,2024-06-28,2024-07-28,2024-07-28,0,Cancelled
S04653,U04653,2024-04-10,2024-05-10,2024-10-07,20,Cancelled
S04654,U04654,2024-02-04,2024-03-05,2024-11-30,20,Cancelled
S04655,U04655,2024-01-13,2024-02-12,2024-03-13,20,Cancelled
S04656,U04656,2024-09-21,2024-10-21,2025-01-19,50,Cancelled
S04657,U04657,2024-10-27,2024-11-26,2025-07-24,0,Cancelled
S04658,U04658,2024-03-31,2024-04-30,2024-04-30,50,Cancelled
S04659,U04659,2024-08-16,2024-09-15,2025-04-13,50,Cancelled
S04660,U04660,2024-12-19,2025-01-18,2025-11-14,50,Cancelled
S04661,U04661,2024-01-24,2024-02-23,2024-04-23,0,Cancelled
S04662,U04662,2024-05-13,2024-06-12,2025-01-08,20,Cancelled
S04663,U04663,2024-07-12,2024-08-11,2024-12-09,50,Cancelled
S04664,U04664,2024-09-29,2024-10-29,2025-02-26,0,Cancelled
S04665,U04665,2024-08-22,2024-09-21,2024-12-20,50,Cancelled
S04666,U04666,2024-11-30,2024-12-30,2025-04-29,20,Cancelled
S04667,U04667,2024-02-07,2024-03-08,2024-09-04,20,Cancelled
S04668,U04668,2024-12-12,2025-01-11,2025-05-11,0,Cancelled
S04669,U04669,2024-05-18,2024-06-17,2024-10-15,50,Cancelled
S04670,U04670,2024-06-25,2024-07-25,2024-10-23,50,Cancelled
S04671,U04671,2024-12-22,2025-01-21,2025-02-20,50,Cancelled
S04672,U04672,2024-04-16,2024-05-16,2024-05-16,20,Cancelled
S04673,U04673,2024-02-07,2024-03-08,2024-09-04,20,Cancelled
S04674,U04674,2024-10-27,2024-11-26,2024-11-26,20,Cancelled
S04675,U04675,2024-07-17,2024-08-16,2025-05-13,20,Cancelled
S04676,U04676,2024-11-30,2024-12-30,2024-12-30,20,Cancelled
S04677,U04677,2024-11-22,2024-12-22,2025-08-19,50,Cancelled
S04678,U04678,2024-10-01,2024-10-31,2025-04-29,20,Cancelled
S04679,U04679,2024-01-23,2024-02-22,2024-07-21,20,Cancelled
S04680,U04680,2024-05-02,2024-06-01,2024-08-30,50,Cancelled
S04681,U04681,2024-06-07,2024-07-07,2024-09-05,50,Cancelled
S04682,U04682,2024-09-14,2024-10-14,2024-12-13,20,Cancelled
S04683,U04683,2024-06-03,2024-07-03,,50,Active
S04684,U04684,2024-03-03,2024-04-02,2024-07-31,0,Cancelled
S04685,U04685,2024-09-07,2024-10-07,2025-01-05,0,Cancelled
S04686,U04686,2024-08-02,2024-09-01,2024-12-30,0,Cancelled
S04687,U04687,2024-03-10,2024-04-09,2024-06-08,50,Cancelled
S04688,U04688,2024-06-09,2024-07-09,2024-08-08,0,Cancelled
S04689,U04689,2024-12-04,2025-01-03,2025-07-02,20,Cancelled
S04690,U04690,2024-08-20,2024-09-19,,50,Active
S04691,U04691,2024-07-18,2024-08-17,2024-08-17,50,Cancelled
S04692,U04692,2024-02-20,2024-03-21,2024-04-20,50,Cancelled
S04693,U04693,2024-12-07,2025-01-06,,20,Active
S04694,U04694,2024-05-08,2024-06-07,2024-11-04,0,Cancelled
S04695,U04695,2024-10-27,2024-11-26,2025-01-25,0,Cancelled
S04696,U04696,2024-02-01,2024-03-02,2024-03-02,0,Cancelled
S04697,U04697,2024-08-27,2024-09-26,2024-10-26,0,Cancelled
S04698,U04698,2024-12-17,2025-01-16,2025-02-15,50,Cancelled
S04699,U04699,2024-12-13,2025-01-12,2025-01-12,20,Cancelled
S04700,U04700,2024-07-13,2024-08-12,,0,Active
S04701,U04701,2024-03-24,2024-04-23,,0,Active
S04702,U04702,2024-05-03,2024-06-02,2025-02-27,20,Cancelled
S04703,U04703,2024-06-30,2024-07-30,2024-07-30,50,Cancelled
S04704,U04704,2024-07-09,2024-08-08,2024-10-07,50,Cancelled
S04705,U04705,2024-06-24,2024-07-24,2024-12-21,20,Cancelled
S04706,U04706,2024-08-20,2024-09-19,2025-02-16,20,Cancelled
S04707,U04707,2024-12-30,2025-01-29,2025-11-25,20,Cancelled
S04708,U04708,2024-05-06,2024-06-05,2024-11-02,50,Cancelled
S04709,U04709,2024-02-04,2024-03-05,2024-08-02,50,Cancelled
S04710,U04710,2024-12-20,2025-01-19,2025-10-16,0,Cancelled
S04711,U04711,2024-05-15,2024-06-14,2024-07-14,50,Cancelled
S04712,U04712,2024-07-20,2024-08-19,2024-08-19,50,Cancelled
S04713,U04713,2024-09-05,2024-10-05,2024-12-04,50,Cancelled
S04714,U04714,2024-01-03,2024-02-02,2024-03-03,0,Cancelled
S04715,U04715,2024-01-05,2024-02-04,2024-10-31,0,Cancelled
S04716,U04716,2024-11-22,2024-12-22,2025-04-21,20,Cancelled
S04717,U04717,2024-06-05,2024-07-05,2024-08-04,0,Cancelled
S04718,U04718,2024-06-21,2024-07-21,2024-07-21,0,Cancelled
S04719,U04719,2024-09-24,2024-10-24,2024-10-24,20,Cancelled
S04720,U04720,2024-05-03,2024-06-02,2024-08-01,0,Cancelled
S04721,U04721,2024-06-09,2024-07-09,2024-11-06,50,Cancelled
S04722,U04722,2024-02-01,2024-03-02,,20,Active
S04723,U04723,2024-05-23,2024-06-22,2024-10-20,0,Cancelled
S04724,U04724,2024-10-26,2024-11-25,2024-12-25,0,Cancelled
S04725,U04725,2024-01-03,2024-02-02,2024-02-02,0,Cancelled
S04726,U04726,2024-02-19,2024-03-20,2024-03-20,20,Cancelled
S04727,U04727,2024-09-07,2024-10-07,2025-02-04,20,Cancelled
S04728,U04728,2024-08-13,2024-09-12,2025-03-11,20,Cancelled
S04729,U04729,2024-06-21,2024-07-21,2025-05-17,20,Cancelled
S04730,U04730,2024-07-18,2024-08-17,2025-03-15,0,Cancelled
S04731,U04731,2024-11-06,2024-12-06,2025-04-05,0,Cancelled
S04732,U04732,2024-11-24,2024-12-24,2025-02-22,0,Cancelled
S04733,U04733,2024-03-21,2024-04-20,2024-04-20,0,Cancelled
S04734,U04734,2024-08-30,2024-09-29,2025-02-26,50,Cancelled
S04735,U04735,2024-08-18,2024-09-17,2024-10-17,20,Cancelled
S04736,U04736,2024-10-17,2024-11-16,2024-11-16,0,Cancelled
S04737,U04737,2024-02-13,2024-03-14,2024-07-12,0,Cancelled
S04738,U04738,2024-11-02,2024-12-02,2024-12-02,20,Cancelled
S04739,U04739,2024-05-08,2024-06-07,2025-01-03,0,Cancelled
S04740,U04740,2024-10-28,2024-11-27,2024-12-27,50,Cancelled
S04741,U04741,2024-08-25,2024-09-24,,50,Active
S04742,U04742,2024-03-21,2024-04-20,2024-05-20,20,Cancelled
S04743,U04743,2024-01-29,2024-02-28,2024-07-27,0,Cancelled
S04744,U04744,2024-10-28,2024-11-27,2025-09-23,0,Cancelled
S04745,U04745,2024-11-26,2024-12-26,2025-03-26,20,Cancelled
S04746,U04746,2024-09-02,2024-10-02,2024-12-01,0,Cancelled
S04747,U04747,2024-05-20,2024-06-19,2024-12-16,50,Cancelled
S04748,U04748,2024-06-30,2024-07-30,2024-09-28,20,Cancelled
S04749,U04749,2024-04-12,2024-05-12,2024-10-09,0,Cancelled
S04750,U04750,2024-09-20,2024-10-20,,50,Active
S04751,U04751,2024-12-26,2025-01-25,2025-05-25,20,Cancelled
S04752,U04752,2024-11-23,2024-12-23,2025-04-22,20,Cancelled
S04753,U04753,2024-10-18,2024-11-17,2025-04-16,0,Cancelled
S04754,U04754,2024-10-15,2024-11-14,2025-04-13,50,Cancelled
S04755,U04755,2024-06-29,2024-07-29,2024-08-28,50,Cancelled
S04756,U04756,2024-09-05,2024-10-05,2024-11-04,20,Cancelled
S04757,U04757,2024-06-06,2024-07-06,2024-10-04,0,Cancelled
S04758,U04758,2024-09-06,2024-10-06,2025-03-05,0,Cancelled
S04759,U04759,2024-07-04,2024-08-03,2024-08-03,0,Cancelled
S04760,U04760,2024-01-17,2024-02-16,2024-05-16,0,Cancelled
S04761,U04761,2024-08-23,2024-09-22,2025-01-20,50,Cancelled
S04762,U04762,2024-10-02,2024-11-01,2025-03-01,20,Cancelled
S04763,U04763,2024-08-12,2024-09-11,2024-10-11,20,Cancelled
S04764,U04764,2024-11-07,2024-12-07,2025-01-06,50,Cancelled
S04765,U04765,2024-04-17,2024-05-17,2025-02-11,50,Cancelled
S04766,U04766,2024-09-28,2024-10-28,2025-02-25,50,Cancelled
S04767,U04767,2024-10-19,2024-11-18,2024-11-18,0,Cancelled
S04768,U04768,2024-06-16,2024-07-16,2024-09-14,50,Cancelled
S04769,U04769,2024-10-03,2024-11-02,2025-01-31,50,Cancelled
S04770,U04770,2024-03-31,2024-04-30,2024-07-29,20,Cancelled
S04771,U04771,2024-07-22,2024-08-21,2024-08-21,50,Cancelled
S04772,U04772,2024-10-06,2024-11-05,2024-11-05,50,Cancelled
S04773,U04773,2024-11-11,2024-12-11,2025-06-09,0,Cancelled
S04774,U04774,2024-02-12,2024-03-13,2024-03-13,0,Cancelled
S04775,U04775,2024-05-19,2024-06-18,2024-07-18,50,Cancelled
S04776,U04776,2024-10-05,2024-11-04,2025-07-02,50,Cancelled
S04777,U04777,2024-08-28,2024-09-27,2024-10-27,0,Cancelled
S04778,U04778,2024-11-04,2024-12-04,2025-01-03,0,Cancelled
S04779,U04779,2024-01-15,2024-02-14,2024-12-10,20,Cancelled
S04780,U04780,2024-01-04,2024-02-03,2024-07-02,0,Cancelled
S04781,U04781,2024-04-09,2024-05-09,2024-09-06,20,Cancelled
S04782,U04782,2024-02-10,2024-03-11,2024-06-09,0,Cancelled
S04783,U04783,2024-04-05,2024-05-05,2024-05-05,50,Cancelled
S04784,U04784,2024-02-20,2024-03-21,2024-12-16,50,Cancelled
S04785,U04785,2024-12-23,2025-01-22,2025-02-21,50,Cancelled
S04786,U04786,2024-07-11,2024-08-10,2024-09-09,50,Cancelled
S04787,U04787,2024-04-21,2024-05-21,2024-07-20,20,Cancelled
S04788,U04788,2024-06-04,2024-07-04,2024-09-02,50,Cancelled
S04789,U04789,2024-01-06,2024-02-05,2024-04-05,0,Cancelled
S04790,U04790,2024-01-24,2024-02-23,2024-02-23,50,Cancelled
S04791,U04791,2024-11-17,2024-12-17,2024-12-17,0,Cancelled
S04792,U04792,2024-12-07,2025-01-06,2025-01-06,50,Cancelled
S04793,U04793,2024-05-15,2024-06-14,2024-06-14,50,Cancelled
S04794,U04794,2024-12-30,2025-01-29,2025-03-30,50,Cancelled
S04795,U04795,2024-02-15,2024-03-16,2024-07-14,50,Cancelled
S04796,U04796,2024-03-25,2024-04-24,2024-11-20,20,Cancelled
S04797,U04797,2024-02-12,2024-03-13,2024-04-12,20,Cancelled
S04798,U04798,2024-03-10,2024-04-09,2024-06-08,20,Cancelled
S04799,U04799,2024-05-11,2024-06-10,2024-12-07,0,Cancelled
S04800,U04800,2024-11-10,2024-12-10,2025-10-06,20,Cancelled
S04801,U04801,2024-05-24,2024-06-23,2024-07-23,50,Cancelled
S04802,U04802,2024-02-01,2024-03-02,2024-06-30,20,Cancelled
S04803,U04803,2024-09-13,2024-10-13,2025-07-10,20,Cancelled
S04804,U04804,2024-04-29,2024-05-29,2024-06-28,50,Cancelled
S04805,U04805,2024-01-04,2024-02-03,2024-08-01,20,Cancelled
S04806,U04806,2024-12-03,2025-01-02,2025-05-02,20,Cancelled
S04807,U04807,2024-09-11,2024-10-11,2024-11-10,50,Cancelled
S04808,U04808,2024-03-11,2024-04-10,2024-05-10,50,Cancelled
S04809,U04809,2024-01-06,2024-02-05,2024-06-04,0,Cancelled
S04810,U04810,2024-08-06,2024-09-05,2025-01-03,50,Cancelled
S04811,U04811,2024-01-16,2024-02-15,2024-04-15,0,Cancelled
S04812,U04812,2024-11-22,2024-12-22,2024-12-22,0,Cancelled
S04813,U04813,2024-12-08,2025-01-07,,50,Active
S04814,U04814,2024-04-09,2024-05-09,2024-05-09,0,Cancelled
S04815,U04815,2024-06-06,2024-07-06,2024-09-04,50,Cancelled
S04816,U04816,2024-03-04,2024-04-03,2024-07-02,20,Cancelled
S04817,U04817,2024-08-12,2024-09-11,2024-11-10,20,Cancelled
S04818,U04818,2024-02-19,2024-03-20,2024-04-19,20,Cancelled
S04819,U04819,2024-06-18,2024-07-18,2025-02-13,0,Cancelled
S04820,U04820,2024-05-08,2024-06-07,,50,Active
S04821,U04821,2024-08-23,2024-09-22,2025-05-20,0,Cancelled
S04822,U04822,2024-11-21,2024-12-21,2024-12-21,50,Cancelled
S04823,U04823,2024-07-03,2024-08-02,2024-08-02,0,Cancelled
S04824,U04824,2024-11-17,2024-12-17,2025-08-14,50,Cancelled
S04825,U04825,2024-11-09,2024-12-09,2025-03-09,20,Cancelled
S04826,U04826,2024-07-15,2024-08-14,2024-09-13,50,Cancelled
S04827,U04827,2024-10-26,2024-11-25,2024-11-25,20,Cancelled
S04828,U04828,2024-11-04,2024-12-04,2025-04-03,20,Cancelled
S04829,U04829,2024-03-20,2024-04-19,2025-02-13,20,Cancelled
S04830,U04830,2024-11-18,2024-12-18,,0,Active
S04831,U04831,2024-01-31,2024-03-01,2024-05-30,20,Cancelled
S04832,U04832,2024-12-18,2025-01-17,2025-02-16,0,Cancelled
S04833,U04833,2024-04-21,2024-05-21,2024-11-17,20,Cancelled
S04834,U04834,2024-07-04,2024-08-03,2024-09-02,20,Cancelled
S04835,U04835,2024-02-09,2024-03-10,2024-05-09,20,Cancelled
S04836,U04836,2024-09-01,2024-10-01,2025-03-30,50,Cancelled
S04837,U04837,2024-11-16,2024-12-16,2025-08-13,0,Cancelled
S04838,U04838,2024-03-03,2024-04-02,2024-07-01,50,Cancelled
S04839,U04839,2024-04-01,2024-05-01,2024-05-31,20,Cancelled
S04840,U04840,2024-06-14,2024-07-14,2024-08-13,20,Cancelled
S04841,U04841,2024-07-03,2024-08-02,2025-01-29,0,Cancelled
S04842,U04842,2024-11-29,2024-12-29,2025-01-28,50,Cancelled
S04843,U04843,2024-01-25,2024-02-24,2024-04-24,20,Cancelled
S04844,U04844,2024-01-14,2024-02-13,2024-04-13,20,Cancelled
S04845,U04845,2024-09-01,2024-10-01,2024-10-01,0,Cancelled
S04846,U04846,2024-05-17,2024-06-16,2024-11-13,50,Cancelled
S04847,U04847,2024-01-14,2024-02-13,2024-07-12,20,Cancelled
S04848,U04848,2024-03-16,2024-04-15,2024-12-11,50,Cancelled
S04849,U04849,2024-06-22,2024-07-22,2025-02-17,0,Cancelled
S04850,U04850,2024-02-22,2024-03-23,2024-05-22,50,Cancelled
S04851,U04851,2024-07-31,2024-08-30,2024-10-29,20,Cancelled
S04852,U04852,2024-09-18,2024-10-18,2024-11-17,0,Cancelled
S04853,U04853,2024-05-15,2024-06-14,,20,Active
S04854,U04854,2024-11-12,2024-12-12,2024-12-12,20,Cancelled
S04855,U04855,2024-02-01,2024-03-02,2024-06-30,20,Cancelled
S04856,U04856,2024-07-19,2024-08-18,2024-11-16,0,Cancelled
S04857,U04857,2024-02-04,2024-03-05,2024-05-04,50,Cancelled
S04858,U04858,2024-08-21,2024-09-20,2024-10-20,20,Cancelled
S04859,U04859,2024-01-15,2024-02-14,,20,Active
S04860,U04860,2024-08-15,2024-09-14,2025-04-12,50,Cancelled
S04861,U04861,2024-07-07,2024-08-06,,50,Active
S04862,U04862,2024-01-03,2024-02-02,2024-04-02,20,Cancelled
S04863,U04863,2024-03-09,2024-04-08,,50,Active
S04864,U04864,2024-01-08,2024-02-07,2024-02-07,50,Cancelled
S04865,U04865,2024-01-09,2024-02-08,2024-05-08,0,Cancelled
S04866,U04866,2024-03-07,2024-04-06,2024-09-03,50,Cancelled
S04867,U04867,2024-09-26,2024-10-26,2025-04-24,20,Cancelled
S04868,U04868,2024-11-06,2024-12-06,2024-12-06,0,Cancelled
S04869,U04869,2024-05-21,2024-06-20,2024-06-20,50,Cancelled
S04870,U04870,2024-08-16,2024-09-15,2024-10-15,0,Cancelled
S04871,U04871,2024-10-13,2024-11-12,2024-11-12,0,Cancelled
S04872,U04872,2024-06-18,2024-07-18,2024-09-16,50,Cancelled
S04873,U04873,2024-12-03,2025-01-02,2025-03-03,50,Cancelled
S04874,U04874,2024-10-15,2024-11-14,,50,Active
S04875,U04875,2024-05-10,2024-06-09,2024-06-09,0,Cancelled
S04876,U04876,2024-05-17,2024-06-16,2024-09-14,20,Cancelled
S04877,U04877,2024-10-19,2024-11-18,2024-12-18,20,Cancelled
S04878,U04878,2024-06-12,2024-07-12,2025-02-07,50,Cancelled
S04879,U04879,2024-07-11,2024-08-10,,20,Active
S04880,U04880,2024-06-08,2024-07-08,2025-01-04,0,Cancelled
S04881,U04881,2024-09-18,2024-10-18,2025-01-16,0,Cancelled
S04882,U04882,2024-02-09,2024-03-10,2024-06-08,20,Cancelled
S04883,U04883,2024-03-14,2024-04-13,2024-10-10,0,Cancelled
S04884,U04884,2024-05-26,2024-06-25,2024-10-23,0,Cancelled
S04885,U04885,2024-05-05,2024-06-04,2024-12-31,20,Cancelled
S04886,U04886,2024-02-14,2024-03-15,2024-03-15,50,Cancelled
S04887,U04887,2024-12-06,2025-01-05,2025-01-05,0,Cancelled
S04888,U04888,2024-08-29,2024-09-28,2025-05-26,0,Cancelled
S04889,U04889,2024-07-31,2024-08-30,2024-09-29,20,Cancelled
S04890,U04890,2024-08-01,2024-08-31,2024-09-30,20,Cancelled
S04891,U04891,2024-11-12,2024-12-12,2025-01-11,50,Cancelled
S04892,U04892,2024-04-13,2024-05-13,2024-12-09,0,Cancelled
S04893,U04893,2024-10-20,2024-11-19,2025-05-18,50,Cancelled
S04894,U04894,2024-12-19,2025-01-18,2025-05-18,50,Cancelled
S04895,U04895,2024-12-01,2024-12-31,2025-04-30,0,Cancelled
S04896,U04896,2024-05-08,2024-06-07,2025-01-03,20,Cancelled
S04897,U04897,2024-02-24,2024-03-25,2024-03-25,50,Cancelled
S04898,U04898,2024-03-21,2024-04-20,2024-05-20,50,Cancelled
S04899,U04899,2024-08-20,2024-09-19,2024-09-19,0,Cancelled
S04900,U04900,2024-08-11,2024-09-10,2024-11-09,0,Cancelled
S04901,U04901,2024-04-27,2024-05-27,2024-07-26,20,Cancelled
S04902,U04902,2024-07-10,2024-08-09,2024-09-08,50,Cancelled
S04903,U04903,2024-11-04,2024-12-04,2025-08-01,50,Cancelled
S04904,U04904,2024-06-09,2024-07-09,2024-08-08,20,Cancelled
S04905,U04905,2024-05-01,2024-05-31,2024-07-30,20,Cancelled
S04906,U04906,2024-03-20,2024-04-19,2024-04-19,20,Cancelled
S04907,U04907,2024-09-09,2024-10-09,2025-02-06,20,Cancelled
S04908,U04908,2024-03-04,2024-04-03,2024-06-02,50,Cancelled
S04909,U04909,2024-09-07,2024-10-07,,0,Active
S04910,U04910,2024-12-19,2025-01-18,2025-09-15,50,Cancelled
S04911,U04911,2024-05-03,2024-06-02,2024-07-02,0,Cancelled
S04912,U04912,2024-02-20,2024-03-21,2024-05-20,20,Cancelled
S04913,U04913,2024-07-16,2024-08-15,2024-11-13,20,Cancelled
S04914,U04914,2024-11-27,2024-12-27,2025-01-26,0,Cancelled
S04915,U04915,2024-09-07,2024-10-07,2025-01-05,50,Cancelled
S04916,U04916,2024-07-19,2024-08-18,2024-11-16,50,Cancelled
S04917,U04917,2024-12-20,2025-01-19,2025-04-19,20,Cancelled
S04918,U04918,2024-01-23,2024-02-22,2024-02-22,20,Cancelled
S04919,U04919,2024-06-23,2024-07-23,2024-11-20,20,Cancelled
S04920,U04920,2024-04-22,2024-05-22,2024-06-21,0,Cancelled
S04921,U04921,2024-07-09,2024-08-08,2025-01-05,50,Cancelled
S04922,U04922,2024-10-30,2024-11-29,2025-01-28,20,Cancelled
S04923,U04923,2024-10-12,2024-11-11,,20,Active
S04924,U04924,2024-04-11,2024-05-11,2024-05-11,20,Cancelled
S04925,U04925,2024-11-17,2024-12-17,2024-12-17,0,Cancelled
S04926,U04926,2024-10-15,2024-11-14,,0,Active
S04927,U04927,2024-03-09,2024-04-08,2024-08-06,20,Cancelled
S04928,U04928,2024-02-25,2024-03-26,2024-07-24,20,Cancelled
S04929,U04929,2024-12-07,2025-01-06,2025-05-06,0,Cancelled
S04930,U04930,2024-01-07,2024-02-06,2024-03-07,0,Cancelled
S04931,U04931,2024-08-20,2024-09-19,2024-12-18,50,Cancelled
S04932,U04932,2024-01-01,2024-01-31,2024-01-31,0,Cancelled
S04933,U04933,2024-01-10,2024-02-09,2024-03-10,50,Cancelled
S04934,U04934,2024-12-21,2025-01-20,2025-04-20,50,Cancelled
S04935,U04935,2024-07-30,2024-08-29,2025-01-26,0,Cancelled
S04936,U04936,2024-10-03,2024-11-02,2025-03-02,50,Cancelled
S04937,U04937,2024-03-12,2024-04-11,2024-06-10,50,Cancelled
S04938,U04938,2024-02-18,2024-03-19,2024-06-17,20,Cancelled
S04939,U04939,2024-11-22,2024-12-22,2024-12-22,20,Cancelled
S04940,U04940,2024-03-30,2024-04-29,2024-05-29,20,Cancelled
S04941,U04941,2024-01-06,2024-02-05,2024-03-06,50,Cancelled
S04942,U04942,2024-01-16,2024-02-15,2024-10-12,50,Cancelled
S04943,U04943,2024-12-03,2025-01-02,2025-04-02,0,Cancelled
S04944,U04944,2024-07-31,2024-08-30,2024-09-29,50,Cancelled
S04945,U04945,2024-07-08,2024-08-07,,0,Active
S04946,U04946,2024-06-17,2024-07-17,2024-12-14,50,Cancelled
S04947,U04947,2024-03-22,2024-04-21,2024-07-20,50,Cancelled
S04948,U04948,2024-02-07,2024-03-08,2024-03-08,20,Cancelled
S04949,U04949,2024-10-21,2024-11-20,2025-01-19,20,Cancelled
S04950,U04950,2024-07-30,2024-08-29,,50,Active
S04951,U04951,2024-10-17,2024-11-16,2025-01-15,50,Cancelled
S04952,U04952,2024-10-24,2024-11-23,2024-11-23,20,Cancelled
S04953,U04953,2024-02-09,2024-03-10,2024-07-08,50,Cancelled
S04954,U04954,2024-01-18,2024-02-17,2024-02-17,20,Cancelled
S04955,U04955,2024-09-20,2024-10-20,2025-05-18,50,Cancelled
S04956,U04956,2024-07-15,2024-08-14,2024-10-13,0,Cancelled
S04957,U04957,2024-07-31,2024-08-30,2024-08-30,0,Cancelled
S04958,U04958,2024-12-27,2025-01-26,,0,Active
S04959,U04959,2024-01-15,2024-02-14,2024-04-14,0,Cancelled
S04960,U04960,2024-01-06,2024-02-05,2024-09-02,20,Cancelled
S04961,U04961,2024-03-24,2024-04-23,2024-06-22,20,Cancelled
S04962,U04962,2024-07-04,2024-08-03,2024-08-03,0,Cancelled
S04963,U04963,2024-07-26,2024-08-25,2024-11-23,50,Cancelled
S04964,U04964,2024-09-01,2024-10-01,2025-04-29,0,Cancelled
S04965,U04965,2024-07-19,2024-08-18,,50,Active
S04966,U04966,2024-08-05,2024-09-04,2024-11-03,0,Cancelled
S04967,U04967,2024-09-21,2024-10-21,,0,Active
S04968,U04968,2024-02-18,2024-03-19,2024-07-17,0,Cancelled
S04969,U04969,2024-09-10,2024-10-10,,0,Active
S04970,U04970,2024-02-16,2024-03-17,2024-06-15,20,Cancelled
S04971,U04971,2024-01-14,2024-02-13,2024-08-11,0,Cancelled
S04972,U04972,2024-07-19,2024-08-18,2024-08-18,20,Cancelled
S04973,U04973,2024-07-24,2024-08-23,2024-09-22,50,Cancelled
S04974,U04974,2024-04-17,2024-05-17,2024-09-14,20,Cancelled
S04975,U04975,2024-09-25,2024-10-25,,20,Active
S04976,U04976,2024-12-04,2025-01-03,2025-02-02,50,Cancelled
S04977,U04977,2024-02-14,2024-03-15,,50,Active
S04978,U04978,2024-10-22,2024-11-21,2025-01-20,0,Cancelled
S04979,U04979,2024-11-14,2024-12-14,2025-01-13,50,Cancelled
S04980,U04980,2024-05-06,2024-06-05,2024-07-05,20,Cancelled
S04981,U04981,2024-11-19,2024-12-19,2025-01-18,0,Cancelled
S04982,U04982,2024-11-27,2024-12-27,2025-04-26,0,Cancelled
S04983,U04983,2024-05-28,2024-06-27,2024-11-24,0,Cancelled
S04984,U04984,2024-05-02,2024-06-01,2024-08-30,50,Cancelled
S04985,U04985,2024-04-02,2024-05-02,,20,Active
S04986,U04986,2024-06-07,2024-07-07,,0,Active
S04987,U04987,2024-02-09,2024-03-10,2024-12-05,20,Cancelled
S04988,U04988,2024-08-19,2024-09-18,2025-03-17,50,Cancelled
S04989,U04989,2024-04-26,2024-05-26,2024-08-24,20,Cancelled
S04990,U04990,2024-07-02,2024-08-01,2025-04-28,0,Cancelled
S04991,U04991,2024-01-07,2024-02-06,2024-02-06,50,Cancelled
S04992,U04992,2024-11-01,2024-12-01,,20,Active
S04993,U04993,2024-04-06,2024-05-06,2024-12-02,20,Cancelled
S04994,U04994,2024-12-21,2025-01-20,2025-01-20,20,Cancelled
S04995,U04995,2024-08-15,2024-09-14,2024-10-14,0,Cancelled
S04996,U04996,2024-12-28,2025-01-27,,0,Active
S04997,U04997,2024-08-31,2024-09-30,2024-09-30,20,Cancelled
S04998,U04998,2024-05-26,2024-06-25,2025-03-22,20,Cancelled
S04999,U04999,2024-09-29,2024-10-29,2025-07-26,50,Cancelled
S05000,U05000,2024-10-25,2024-11-24,2025-05-23,0,Cancelled
S05001,U05001,2024-06-12,2024-07-12,2024-09-10,20,Cancelled
S05002,U05002,2024-04-13,2024-05-13,2024-07-12,20,Cancelled
S05003,U05003,2024-05-22,2024-06-21,2024-12-18,20,Cancelled
S05004,U05004,2024-09-28,2024-10-28,2025-01-26,50,Cancelled
S05005,U05005,2024-03-26,2024-04-25,2024-07-24,20,Cancelled
S05006,U05006,2024-03-23,2024-04-22,2024-07-21,20,Cancelled
S05007,U05007,2024-08-01,2024-08-31,2025-02-27,0,Cancelled
S05008,U05008,2024-08-28,2024-09-27,2024-12-26,0,Cancelled
S05009,U05009,2024-11-08,2024-12-08,2025-05-07,50,Cancelled
S05010,U05010,2024-03-12,2024-04-11,2024-05-11,20,Cancelled
S05011,U05011,2024-02-18,2024-03-19,2024-08-16,20,Cancelled
S05012,U05012,2024-06-11,2024-07-11,2024-11-08,0,Cancelled
S05013,U05013,2024-06-26,2024-07-26,2024-07-26,50,Cancelled
S05014,U05014,2024-08-31,2024-09-30,2024-12-29,20,Cancelled
S05015,U05015,2024-07-03,2024-08-02,2025-02-28,0,Cancelled
S05016,U05016,2024-03-16,2024-04-15,2024-06-14,50,Cancelled
S05017,U05017,2024-07-16,2024-08-15,2024-08-15,20,Cancelled
S05018,U05018,2024-04-17,2024-05-17,2024-11-13,20,Cancelled
S05019,U05019,2024-07-21,2024-08-20,2024-08-20,0,Cancelled
S05020,U05020,2024-05-04,2024-06-03,2025-01-29,0,Cancelled
S05021,U05021,2024-07-20,2024-08-19,2024-09-18,50,Cancelled
S05022,U05022,2024-11-07,2024-12-07,2024-12-07,20,Cancelled
S05023,U05023,2024-08-09,2024-09-08,2024-10-08,0,Cancelled
S05024,U05024,2024-12-19,2025-01-18,2025-03-19,20,Cancelled
S05025,U05025,2024-09-25,2024-10-25,2025-02-22,20,Cancelled
S05026,U05026,2024-08-20,2024-09-19,2025-01-17,20,Cancelled
S05027,U05027,2024-11-20,2024-12-20,,0,Active
S05028,U05028,2024-07-31,2024-08-30,2024-08-30,0,Cancelled
S05029,U05029,2024-10-29,2024-11-28,,50,Active
S05030,U05030,2024-09-18,2024-10-18,2024-10-18,20,Cancelled
S05031,U05031,2024-01-13,2024-02-12,2024-05-12,20,Cancelled
S05032,U05032,2024-02-08,2024-03-09,2024-08-06,20,Cancelled
S05033,U05033,2024-09-25,2024-10-25,2024-10-25,20,Cancelled
S05034,U05034,2024-02-09,2024-03-10,2024-06-08,0,Cancelled
S05035,U05035,2024-03-27,2024-04-26,2024-08-24,50,Cancelled
S05036,U05036,2024-08-10,2024-09-09,2024-11-08,0,Cancelled
S05037,U05037,2024-09-12,2024-10-12,2025-02-09,20,Cancelled
S05038,U05038,2024-03-28,2024-04-27,2024-05-27,0,Cancelled
S05039,U05039,2024-04-02,2024-05-02,2024-07-01,50,Cancelled
S05040,U05040,2024-09-17,2024-10-17,2025-05-15,20,Cancelled
S05041,U05041,2024-03-02,2024-04-01,2024-05-01,20,Cancelled
S05042,U05042,2024-01-30,2024-02-29,2024-11-25,50,Cancelled
S05043,U05043,2024-11-03,2024-12-03,2025-04-02,0,Cancelled
S05044,U05044,2024-03-27,2024-04-26,,0,Active
S05045,U05045,2024-05-31,2024-06-30,2024-12-27,20,Cancelled
S05046,U05046,2024-04-17,2024-05-17,2024-06-16,50,Cancelled
S05047,U05047,2024-04-07,2024-05-07,2024-06-06,20,Cancelled
S05048,U05048,2024-10-11,2024-11-10,2025-07-08,50,Cancelled
S05049,U05049,2024-01-11,2024-02-10,2024-02-10,0,Cancelled
S05050,U05050,2024-06-10,2024-07-10,2024-08-09,20,Cancelled
S05051,U05051,2024-01-31,2024-03-01,,20,Active
S05052,U05052,2024-10-17,2024-11-16,2025-01-15,20,Cancelled
S05053,U05053,2024-01-16,2024-02-15,2024-08-13,50,Cancelled
S05054,U05054,2024-06-17,2024-07-17,2025-04-13,20,Cancelled
S05055,U05055,2024-07-12,2024-08-11,2025-06-07,20,Cancelled
S05056,U05056,2024-08-28,2024-09-27,2024-10-27,0,Cancelled
S05057,U05057,2024-08-11,2024-09-10,2024-12-09,0,Cancelled
S05058,U05058,2024-06-05,2024-07-05,2024-11-02,20,Cancelled
S05059,U05059,2024-07-21,2024-08-20,2025-04-17,20,Cancelled
S05060,U05060,2024-08-02,2024-09-01,2025-05-29,50,Cancelled
S05061,U05061,2024-04-10,2024-05-10,,20,Active
S05062,U05062,2024-11-27,2024-12-27,2025-04-26,20,Cancelled
S05063,U05063,2024-03-21,2024-04-20,2024-05-20,0,Cancelled
S05064,U05064,2024-11-02,2024-12-02,2025-04-01,50,Cancelled
S05065,U05065,2024-04-02,2024-05-02,2025-02-26,50,Cancelled
S05066,U05066,2024-02-13,2024-03-14,2024-07-12,20,Cancelled
S05067,U05067,2024-05-19,2024-06-18,2024-06-18,0,Cancelled
S05068,U05068,2024-10-21,2024-11-20,2024-11-20,20,Cancelled
S05069,U05069,2024-06-21,2024-07-21,2024-07-21,20,Cancelled
S05070,U05070,2024-12-05,2025-01-04,2025-03-05,20,Cancelled
S05071,U05071,2024-10-04,2024-11-03,2024-12-03,50,Cancelled
S05072,U05072,2024-02-26,2024-03-27,2024-09-23,50,Cancelled
S05073,U05073,2024-01-17,2024-02-16,,50,Active
S05074,U05074,2024-02-04,2024-03-05,2024-03-05,20,Cancelled
S05075,U05075,2024-04-28,2024-05-28,2024-06-27,0,Cancelled
S05076,U05076,2024-08-13,2024-09-12,2024-12-11,0,Cancelled
S05077,U05077,2024-09-01,2024-10-01,2025-06-28,0,Cancelled
S05078,U05078,2024-09-08,2024-10-08,2025-04-06,0,Cancelled
S05079,U05079,2024-11-15,2024-12-15,2025-01-14,50,Cancelled
S05080,U05080,2024-07-07,2024-08-06,2024-10-05,20,Cancelled
S05081,U05081,2024-08-01,2024-08-31,2024-10-30,50,Cancelled
S05082,U05082,2024-01-12,2024-02-11,2024-03-12,50,Cancelled
S05083,U05083,2024-06-05,2024-07-05,2024-09-03,20,Cancelled
S05084,U05084,2024-07-08,2024-08-07,2025-03-05,0,Cancelled
S05085,U05085,2024-01-21,2024-02-20,2024-07-19,20,Cancelled
S05086,U05086,2024-10-14,2024-11-13,,20,Active
S05087,U05087,2024-05-12,2024-06-11,2024-11-08,0,Cancelled
S05088,U05088,2024-07-29,2024-08-28,,50,Active
S05089,U05089,2024-10-13,2024-11-12,2025-04-11,0,Cancelled
S05090,U05090,2024-10-27,2024-11-26,,50,Active
S05091,U05091,2024-12-20,2025-01-19,2025-05-19,50,Cancelled
S05092,U05092,2024-11-21,2024-12-21,2025-09-17,0,Cancelled
S05093,U05093,2024-03-21,2024-04-20,2024-09-17,0,Cancelled
S05094,U05094,2024-07-28,2024-08-27,2024-08-27,0,Cancelled
S05095,U05095,2024-08-12,2024-09-11,2024-11-10,50,Cancelled
S05096,U05096,2024-08-12,2024-09-11,2025-02-08,20,Cancelled
S05097,U05097,2024-03-21,2024-04-20,2024-11-16,20,Cancelled
S05098,U05098,2024-09-06,2024-10-06,2024-10-06,0,Cancelled
S05099,U05099,2024-03-14,2024-04-13,2024-05-13,20,Cancelled
S05100,U05100,2024-06-12,2024-07-12,2024-10-10,0,Cancelled
S05101,U05101,2024-01-28,2024-02-27,2024-08-25,0,Cancelled
S05102,U05102,2024-11-13,2024-12-13,2024-12-13,50,Cancelled
S05103,U05103,2024-12-05,2025-01-04,2025-02-03,0,Cancelled
S05104,U05104,2024-02-17,2024-03-18,2024-04-17,20,Cancelled
S05105,U05105,2024-07-26,2024-08-25,2025-02-21,50,Cancelled
S05106,U05106,2024-03-21,2024-04-20,,20,Active
S05107,U05107,2024-04-24,2024-05-24,2024-08-22,20,Cancelled
S05108,U05108,2024-10-10,2024-11-09,2025-08-06,20,Cancelled
S05109,U05109,2024-02-29,2024-03-30,2024-03-30,50,Cancelled
S05110,U05110,2024-07-01,2024-07-31,2024-08-30,20,Cancelled
S05111,U05111,2024-08-13,2024-09-12,2025-01-10,20,Cancelled
S05112,U05112,2024-03-21,2024-04-20,2024-06-19,20,Cancelled
S05113,U05113,2024-02-17,2024-03-18,2024-06-16,50,Cancelled
S05114,U05114,2024-06-11,2024-07-11,2025-02-06,0,Cancelled
S05115,U05115,2024-01-13,2024-02-12,2024-03-13,20,Cancelled
S05116,U05116,2024-02-14,2024-03-15,2024-03-15,50,Cancelled
S05117,U05117,2024-09-23,2024-10-23,2025-07-20,0,Cancelled
S05118,U05118,2024-05-16,2024-06-15,2024-11-12,0,Cancelled
S05119,U05119,2024-12-18,2025-01-17,2025-01-17,0,Cancelled
S05120,U05120,2024-12-15,2025-01-14,2025-07-13,20,Cancelled
S05121,U05121,2024-03-18,2024-04-17,2025-02-11,50,Cancelled
S05122,U05122,2024-02-24,2024-03-25,2024-09-21,50,Cancelled
S05123,U05123,2024-11-11,2024-12-11,2024-12-11,50,Cancelled
S05124,U05124,2024-08-17,2024-09-16,2024-10-16,50,Cancelled
S05125,U05125,2024-11-03,2024-12-03,2025-02-01,20,Cancelled
S05126,U05126,2024-12-01,2024-12-31,2025-07-29,0,Cancelled
S05127,U05127,2024-05-24,2024-06-23,2024-12-20,50,Cancelled
S05128,U05128,2024-06-22,2024-07-22,,50,Active
S05129,U05129,2024-11-20,2024-12-20,2025-03-20,20,Cancelled
S05130,U05130,2024-08-02,2024-09-01,2025-05-29,20,Cancelled
S05131,U05131,2024-05-12,2024-06-11,2025-01-07,50,Cancelled
S05132,U05132,2024-07-22,2024-08-21,,50,Active
S05133,U05133,2024-11-02,2024-12-02,2025-04-01,0,Cancelled
S05134,U05134,2024-04-24,2024-05-24,2024-07-23,20,Cancelled
S05135,U05135,2024-09-10,2024-10-10,2024-10-10,20,Cancelled
S05136,U05136,2024-01-12,2024-02-11,,20,Active
S05137,U05137,2024-05-28,2024-06-27,2024-06-27,0,Cancelled
S05138,U05138,2024-12-27,2025-01-26,2025-05-26,0,Cancelled
S05139,U05139,2024-03-16,2024-04-15,2024-04-15,20,Cancelled
S05140,U05140,2024-07-30,2024-08-29,2024-09-28,20,Cancelled
S05141,U05141,2024-10-05,2024-11-04,2025-04-03,20,Cancelled
S05142,U05142,2024-06-08,2024-07-08,2024-10-06,50,Cancelled
S05143,U05143,2024-12-11,2025-01-10,2025-03-11,50,Cancelled
S05144,U05144,2024-01-08,2024-02-07,2024-04-07,50,Cancelled
S05145,U05145,2024-07-08,2024-08-07,2025-01-04,20,Cancelled
S05146,U05146,2024-05-02,2024-06-01,2025-03-28,20,Cancelled
S05147,U05147,2024-05-10,2024-06-09,2024-06-09,50,Cancelled
S05148,U05148,2024-11-21,2024-12-21,2025-03-21,50,Cancelled
S05149,U05149,2024-08-20,2024-09-19,2025-03-18,50,Cancelled
S05150,U05150,2024-01-10,2024-02-09,2024-07-08,20,Cancelled
S05151,U05151,2024-04-24,2024-05-24,2024-05-24,50,Cancelled
S05152,U05152,2024-11-14,2024-12-14,2024-12-14,50,Cancelled
S05153,U05153,2024-12-05,2025-01-04,2025-03-05,20,Cancelled
S05154,U05154,2024-08-28,2024-09-27,,0,Active
S05155,U05155,2024-05-31,2024-06-30,,0,Active
S05156,U05156,2024-07-20,2024-08-19,2024-08-19,50,Cancelled
S05157,U05157,2024-11-25,2024-12-25,,20,Active
S05158,U05158,2024-11-11,2024-12-11,2024-12-11,20,Cancelled
S05159,U05159,2024-04-02,2024-05-02,2025-01-27,50,Cancelled
S05160,U05160,2024-03-25,2024-04-24,2024-06-23,0,Cancelled
S05161,U05161,2024-05-24,2024-06-23,2024-06-23,50,Cancelled
S05162,U05162,2024-09-28,2024-10-28,2025-01-26,20,Cancelled
S05163,U05163,2024-01-09,2024-02-08,2024-02-08,50,Cancelled
S05164,U05164,2024-12-05,2025-01-04,2025-06-03,0,Cancelled
S05165,U05165,2024-12-15,2025-01-14,2025-01-14,0,Cancelled
S05166,U05166,2024-06-11,2024-07-11,2024-09-09,50,Cancelled
S05167,U05167,2024-07-29,2024-08-28,2024-09-27,50,Cancelled
S05168,U05168,2024-07-31,2024-08-30,2025-01-27,50,Cancelled
S05169,U05169,2024-10-26,2024-11-25,2025-06-23,50,Cancelled
S05170,U05170,2024-03-29,2024-04-28,2024-04-28,0,Cancelled
S05171,U05171,2024-04-19,2024-05-19,2025-02-13,20,Cancelled
S05172,U05172,2024-06-29,2024-07-29,2024-07-29,20,Cancelled
S05173,U05173,2024-10-10,2024-11-09,2025-04-08,0,Cancelled
S05174,U05174,2024-01-16,2024-02-15,2024-09-12,20,Cancelled
S05175,U05175,2024-07-21,2024-08-20,2024-09-19,20,Cancelled
S05176,U05176,2024-05-09,2024-06-08,2025-02-03,0,Cancelled
S05177,U05177,2024-01-01,2024-01-31,2024-01-31,20,Cancelled
S05178,U05178,2024-09-04,2024-10-04,2025-04-02,20,Cancelled
S05179,U05179,2024-09-21,2024-10-21,2024-11-20,0,Cancelled
S05180,U05180,2024-06-18,2024-07-18,2024-07-18,0,Cancelled
S05181,U05181,2024-08-09,2024-09-08,2024-09-08,20,Cancelled
S05182,U05182,2024-03-07,2024-04-06,2024-04-06,0,Cancelled
S05183,U05183,2024-01-05,2024-02-04,2024-04-04,0,Cancelled
S05184,U05184,2024-08-28,2024-09-27,2024-09-27,0,Cancelled
S05185,U05185,2024-05-15,2024-06-14,2024-08-13,20,Cancelled
S05186,U05186,2024-02-16,2024-03-17,2024-06-15,20,Cancelled
S05187,U05187,2024-09-13,2024-10-13,2024-11-12,20,Cancelled
S05188,U05188,2024-10-20,2024-11-19,2025-01-18,50,Cancelled
S05189,U05189,2024-09-07,2024-10-07,2025-07-04,0,Cancelled
S05190,U05190,2024-03-31,2024-04-30,2024-07-29,20,Cancelled
S05191,U05191,2024-12-13,2025-01-12,2025-01-12,50,Cancelled
S05192,U05192,2024-12-09,2025-01-08,,20,Active
S05193,U05193,2024-12-23,2025-01-22,2025-08-20,20,Cancelled
S05194,U05194,2024-07-20,2024-08-19,2024-09-18,20,Cancelled
S05195,U05195,2024-03-15,2024-04-14,2024-08-12,0,Cancelled
S05196,U05196,2024-01-29,2024-02-28,2024-04-28,50,Cancelled
S05197,U05197,2024-04-14,2024-05-14,2024-05-14,50,Cancelled
S05198,U05198,2024-11-05,2024-12-05,2025-06-03,0,Cancelled
S05199,U05199,2024-08-13,2024-09-12,2024-09-12,20,Cancelled
S05200,U05200,2024-02-15,2024-03-16,2024-03-16,50,Cancelled
S05201,U05201,2024-05-29,2024-06-28,2024-10-26,0,Cancelled
S05202,U05202,2024-04-21,2024-05-21,2024-08-19,50,Cancelled
S05203,U05203,2024-05-14,2024-06-13,2024-07-13,20,Cancelled
S05204,U05204,2024-07-03,2024-08-02,2024-09-01,50,Cancelled
S05205,U05205,2024-03-29,2024-04-28,2024-06-27,50,Cancelled
S05206,U05206,2024-02-13,2024-03-14,2024-05-13,50,Cancelled
S05207,U05207,2024-04-22,2024-05-22,2024-09-19,50,Cancelled
S05208,U05208,2024-12-08,2025-01-07,2025-03-08,0,Cancelled
S05209,U05209,2024-11-07,2024-12-07,2024-12-07,20,Cancelled
S05210,U05210,2024-07-10,2024-08-09,,20,Active
S05211,U05211,2024-09-26,2024-10-26,2025-01-24,20,Cancelled
S05212,U05212,2024-01-18,2024-02-17,2024-06-16,0,Cancelled
S05213,U05213,2024-12-16,2025-01-15,2025-04-15,20,Cancelled
S05214,U05214,2024-06-07,2024-07-07,2024-07-07,0,Cancelled
S05215,U05215,2024-02-25,2024-03-26,2024-12-21,20,Cancelled
S05216,U05216,2024-05-09,2024-06-08,2024-06-08,50,Cancelled
S05217,U05217,2024-04-09,2024-05-09,2024-05-09,0,Cancelled
S05218,U05218,2024-06-02,2024-07-02,2024-08-01,0,Cancelled
S05219,U05219,2024-03-20,2024-04-19,2024-04-19,0,Cancelled
S05220,U05220,2024-04-02,2024-05-02,2024-05-02,50,Cancelled
S05221,U05221,2024-05-27,2024-06-26,2024-06-26,50,Cancelled
S05222,U05222,2024-06-12,2024-07-12,2024-08-11,20,Cancelled
S05223,U05223,2024-11-24,2024-12-24,2024-12-24,20,Cancelled
S05224,U05224,2024-04-30,2024-05-30,,0,Active
S05225,U05225,2024-06-01,2024-07-01,2024-07-01,20,Cancelled
S05226,U05226,2024-11-26,2024-12-26,2025-02-24,50,Cancelled
S05227,U05227,2024-08-19,2024-09-18,,50,Active
S05228,U05228,2024-05-15,2024-06-14,2024-11-11,0,Cancelled
S05229,U05229,2024-06-22,2024-07-22,2024-12-19,20,Cancelled
S05230,U05230,2024-11-23,2024-12-23,2025-01-22,20,Cancelled
S05231,U05231,2024-07-08,2024-08-07,2024-08-07,50,Cancelled
S05232,U05232,2024-07-10,2024-08-09,2024-09-08,50,Cancelled
S05233,U05233,2024-11-23,2024-12-23,2025-04-22,20,Cancelled
S05234,U05234,2024-02-28,2024-03-29,2024-05-28,20,Cancelled
S05235,U05235,2024-06-14,2024-07-14,2024-07-14,20,Cancelled
S05236,U05236,2024-07-28,2024-08-27,2024-10-26,0,Cancelled
S05237,U05237,2024-01-29,2024-02-28,2024-03-29,0,Cancelled
S05238,U05238,2024-06-09,2024-07-09,2025-01-05,20,Cancelled
S05239,U05239,2024-12-26,2025-01-25,2025-03-26,20,Cancelled
S05240,U05240,2024-11-20,2024-12-20,2025-09-16,20,Cancelled
S05241,U05241,2024-08-05,2024-09-04,,0,Active
S05242,U05242,2024-07-16,2024-08-15,2024-08-15,50,Cancelled
S05243,U05243,2024-06-20,2024-07-20,2024-12-17,50,Cancelled
S05244,U05244,2024-12-26,2025-01-25,2025-07-24,50,Cancelled
S05245,U05245,2024-01-09,2024-02-08,,0,Active
S05246,U05246,2024-03-16,2024-04-15,2024-04-15,20,Cancelled
S05247,U05247,2024-06-19,2024-07-19,2024-07-19,20,Cancelled
S05248,U05248,2024-08-22,2024-09-21,2025-01-19,20,Cancelled
S05249,U05249,2024-10-29,2024-11-28,2025-07-26,20,Cancelled
S05250,U05250,2024-04-12,2024-05-12,2025-01-07,50,Cancelled
S05251,U05251,2024-11-12,2024-12-12,2025-01-11,0,Cancelled
S05252,U05252,2024-08-20,2024-09-19,2024-11-18,0,Cancelled
S05253,U05253,2024-11-06,2024-12-06,2025-01-05,50,Cancelled
S05254,U05254,2024-07-17,2024-08-16,2024-10-15,0,Cancelled
S05255,U05255,2024-04-24,2024-05-24,2025-02-18,20,Cancelled
S05256,U05256,2024-02-13,2024-03-14,2024-04-13,0,Cancelled
S05257,U05257,2024-10-16,2024-11-15,2025-07-13,0,Cancelled
S05258,U05258,2024-12-15,2025-01-14,2025-02-13,20,Cancelled
S05259,U05259,2024-10-01,2024-10-31,2024-10-31,20,Cancelled
S05260,U05260,2024-07-09,2024-08-08,2024-09-07,50,Cancelled
S05261,U05261,2024-02-21,2024-03-22,2024-08-19,0,Cancelled
S05262,U05262,2024-05-30,2024-06-29,2024-09-27,50,Cancelled
S05263,U05263,2024-11-17,2024-12-17,2025-03-17,0,Cancelled
S05264,U05264,2024-09-14,2024-10-14,2025-01-12,50,Cancelled
S05265,U05265,2024-05-27,2024-06-26,2024-07-26,0,Cancelled
S05266,U05266,2024-10-23,2024-11-22,2025-03-22,50,Cancelled
S05267,U05267,2024-12-14,2025-01-13,2025-02-12,50,Cancelled
S05268,U05268,2024-02-15,2024-03-16,2024-04-15,20,Cancelled
S05269,U05269,2024-01-24,2024-02-23,2024-11-19,20,Cancelled
S05270,U05270,2024-03-07,2024-04-06,2024-04-06,50,Cancelled
S05271,U05271,2024-06-07,2024-07-07,2024-10-05,20,Cancelled
S05272,U05272,2024-12-13,2025-01-12,2025-05-12,0,Cancelled
S05273,U05273,2024-09-06,2024-10-06,2024-12-05,50,Cancelled
S05274,U05274,2024-01-20,2024-02-19,2024-02-19,0,Cancelled
S05275,U05275,2024-05-13,2024-06-12,2024-06-12,50,Cancelled
S05276,U05276,2024-01-21,2024-02-20,2024-06-19,50,Cancelled
S05277,U05277,2024-12-25,2025-01-24,2025-03-25,50,Cancelled
S05278,U05278,2024-02-23,2024-03-24,,50,Active
S05279,U05279,2024-10-16,2024-11-15,2025-08-12,20,Cancelled
S05280,U05280,2024-07-22,2024-08-21,2024-11-19,0,Cancelled
S05281,U05281,2024-07-13,2024-08-12,2024-09-11,0,Cancelled
S05282,U05282,2024-05-09,2024-06-08,2024-08-07,20,Cancelled
S05283,U05283,2024-02-27,2024-03-28,2024-03-28,0,Cancelled
S05284,U05284,2024-10-30,2024-11-29,2025-01-28,50,Cancelled
S05285,U05285,2024-11-23,2024-12-23,2025-01-22,0,Cancelled
S05286,U05286,2024-03-02,2024-04-01,2024-06-30,20,Cancelled
S05287,U05287,2024-01-19,2024-02-18,2024-05-18,20,Cancelled
S05288,U05288,2024-08-01,2024-08-31,2024-12-29,20,Cancelled
S05289,U05289,2024-05-13,2024-06-12,2025-04-08,20,Cancelled
S05290,U05290,2024-05-11,2024-06-10,2024-11-07,50,Cancelled
S05291,U05291,2024-05-10,2024-06-09,2024-06-09,0,Cancelled
S05292,U05292,2024-08-15,2024-09-14,2025-01-12,0,Cancelled
S05293,U05293,2024-08-31,2024-09-30,2025-02-27,50,Cancelled
S05294,U05294,2024-08-11,2024-09-10,,50,Active
S05295,U05295,2024-06-29,2024-07-29,,20,Active
S05296,U05296,2024-10-12,2024-11-11,,0,Active
S05297,U05297,2024-03-03,2024-04-02,2024-04-02,50,Cancelled
S05298,U05298,2024-03-08,2024-04-07,2024-05-07,0,Cancelled
S05299,U05299,2024-10-04,2024-11-03,2025-01-02,50,Cancelled
S05300,U05300,2024-08-12,2024-09-11,2024-09-11,0,Cancelled
S05301,U05301,2024-01-17,2024-02-16,2024-03-17,50,Cancelled
S05302,U05302,2024-03-18,2024-04-17,2024-10-14,0,Cancelled
S05303,U05303,2024-03-05,2024-04-04,2024-09-01,20,Cancelled
S05304,U05304,2024-10-24,2024-11-23,2025-01-22,50,Cancelled
S05305,U05305,2024-10-25,2024-11-24,2025-03-24,50,Cancelled
S05306,U05306,2024-04-13,2024-05-13,2024-06-12,50,Cancelled
S05307,U05307,2024-09-15,2024-10-15,2025-01-13,20,Cancelled
S05308,U05308,2024-11-28,2024-12-28,2024-12-28,0,Cancelled
S05309,U05309,2024-07-22,2024-08-21,2024-11-19,20,Cancelled
S05310,U05310,2024-05-04,2024-06-03,,0,Active
S05311,U05311,2024-12-06,2025-01-05,2025-07-04,20,Cancelled
S05312,U05312,2024-10-03,2024-11-02,2024-11-02,50,Cancelled
S05313,U05313,2024-11-01,2024-12-01,2024-12-01,50,Cancelled
S05314,U05314,2024-02-06,2024-03-07,2024-06-05,50,Cancelled
S05315,U05315,2024-07-03,2024-08-02,2024-08-02,50,Cancelled
S05316,U05316,2024-12-10,2025-01-09,,0,Active
S05317,U05317,2024-01-31,2024-03-01,2024-08-28,50,Cancelled
S05318,U05318,2024-06-08,2024-07-08,2024-11-05,20,Cancelled
S05319,U05319,2024-08-06,2024-09-05,2025-05-03,20,Cancelled
S05320,U05320,2024-01-31,2024-03-01,2024-03-31,20,Cancelled
S05321,U05321,2024-07-21,2024-08-20,,0,Active
S05322,U05322,2024-04-04,2024-05-04,2024-10-31,0,Cancelled
S05323,U05323,2024-10-09,2024-11-08,2025-07-06,0,Cancelled
S05324,U05324,2024-08-14,2024-09-13,2024-11-12,50,Cancelled
S05325,U05325,2024-05-23,2024-06-22,2024-07-22,0,Cancelled
S05326,U05326,2024-01-27,2024-02-26,2024-06-25,0,Cancelled
S05327,U05327,2024-11-19,2024-12-19,2025-02-17,50,Cancelled
S05328,U05328,2024-11-15,2024-12-15,2025-02-13,0,Cancelled
S05329,U05329,2024-04-26,2024-05-26,,50,Active
S05330,U05330,2024-03-10,2024-04-09,2024-10-06,0,Cancelled
S05331,U05331,2024-10-30,2024-11-29,2024-12-29,20,Cancelled
S05332,U05332,2024-11-24,2024-12-24,,20,Active
S05333,U05333,2024-10-06,2024-11-05,2024-11-05,0,Cancelled
S05334,U05334,2024-04-20,2024-05-20,,20,Active
S05335,U05335,2024-11-27,2024-12-27,,50,Active
S05336,U05336,2024-01-20,2024-02-19,2024-09-16,0,Cancelled
S05337,U05337,2024-02-29,2024-03-30,2024-03-30,20,Cancelled
S05338,U05338,2024-04-08,2024-05-08,2024-06-07,20,Cancelled
S05339,U05339,2024-01-10,2024-02-09,2024-02-09,0,Cancelled
S05340,U05340,2024-04-16,2024-05-16,2024-05-16,0,Cancelled
S05341,U05341,2024-12-17,2025-01-16,2025-01-16,20,Cancelled
S05342,U05342,2024-07-23,2024-08-22,2024-11-20,20,Cancelled
S05343,U05343,2024-04-07,2024-05-07,2024-07-06,50,Cancelled
S05344,U05344,2024-11-04,2024-12-04,2025-01-03,20,Cancelled
S05345,U05345,2024-02-26,2024-03-27,2024-03-27,50,Cancelled
S05346,U05346,2024-01-03,2024-02-02,2024-03-03,20,Cancelled
S05347,U05347,2024-04-25,2024-05-25,,20,Active
S05348,U05348,2024-04-03,2024-05-03,2025-02-27,50,Cancelled
S05349,U05349,2024-09-02,2024-10-02,2024-11-01,50,Cancelled
S05350,U05350,2024-03-27,2024-04-26,2024-07-25,20,Cancelled
S05351,U05351,2024-05-27,2024-06-26,,20,Active
S05352,U05352,2024-09-12,2024-10-12,2025-02-09,20,Cancelled
S05353,U05353,2024-03-24,2024-04-23,,50,Active
S05354,U05354,2024-10-10,2024-11-09,,0,Active
S05355,U05355,2024-05-12,2024-06-11,,20,Active
S05356,U05356,2024-06-05,2024-07-05,2025-05-01,0,Cancelled
S05357,U05357,2024-08-28,2024-09-27,2025-02-24,20,Cancelled
S05358,U05358,2024-06-07,2024-07-07,2024-07-07,50,Cancelled
S05359,U05359,2024-05-10,2024-06-09,2024-10-07,0,Cancelled
S05360,U05360,2024-07-17,2024-08-16,2024-08-16,50,Cancelled
S05361,U05361,2024-04-19,2024-05-19,2024-09-16,0,Cancelled
S05362,U05362,2024-06-11,2024-07-11,2024-07-11,20,Cancelled
S05363,U05363,2024-02-02,2024-03-03,2024-11-28,20,Cancelled
S05364,U05364,2024-10-10,2024-11-09,2025-02-07,20,Cancelled
S05365,U05365,2024-12-18,2025-01-17,2025-06-16,20,Cancelled
S05366,U05366,2024-12-03,2025-01-02,2025-07-01,0,Cancelled
S05367,U05367,2024-02-01,2024-03-02,2024-05-01,0,Cancelled
S05368,U05368,2024-09-18,2024-10-18,2025-01-16,50,Cancelled
S05369,U05369,2024-11-17,2024-12-17,2025-06-15,20,Cancelled
S05370,U05370,2024-06-12,2024-07-12,2024-07-12,20,Cancelled
S05371,U05371,2024-04-29,2024-05-29,2024-07-28,0,Cancelled
S05372,U05372,2024-06-14,2024-07-14,2024-09-12,0,Cancelled
S05373,U05373,2024-04-24,2024-05-24,2024-05-24,0,Cancelled
S05374,U05374,2024-09-11,2024-10-11,2024-12-10,20,Cancelled
S05375,U05375,2024-07-11,2024-08-10,,0,Active
S05376,U05376,2024-12-22,2025-01-21,2025-06-20,20,Cancelled
S05377,U05377,2024-05-01,2024-05-31,2024-07-30,50,Cancelled
S05378,U05378,2024-08-09,2024-09-08,2024-12-07,20,Cancelled
S05379,U05379,2024-07-04,2024-08-03,2024-10-02,20,Cancelled
S05380,U05380,2024-08-30,2024-09-29,2025-01-27,50,Cancelled
S05381,U05381,2024-05-17,2024-06-16,2024-06-16,50,Cancelled
S05382,U05382,2024-12-02,2025-01-01,2025-05-01,50,Cancelled
S05383,U05383,2024-09-28,2024-10-28,2025-06-25,50,Cancelled
S05384,U05384,2024-04-15,2024-05-15,2024-08-13,0,Cancelled
S05385,U05385,2024-02-16,2024-03-17,2024-07-15,50,Cancelled
S05386,U05386,2024-09-06,2024-10-06,2024-12-05,50,Cancelled
S05387,U05387,2024-09-14,2024-10-14,2024-10-14,0,Cancelled
S05388,U05388,2024-11-04,2024-12-04,2025-06-02,0,Cancelled
S05389,U05389,2024-06-17,2024-07-17,2024-07-17,0,Cancelled
S05390,U05390,2024-08-07,2024-09-06,2025-07-03,50,Cancelled
S05391,U05391,2024-02-17,2024-03-18,2024-06-16,50,Cancelled
S05392,U05392,2024-03-14,2024-04-13,2024-05-13,20,Cancelled
S05393,U05393,2024-02-21,2024-03-22,2024-11-17,20,Cancelled
S05394,U05394,2024-08-12,2024-09-11,2024-11-10,20,Cancelled
S05395,U05395,2024-11-12,2024-12-12,2025-02-10,0,Cancelled
S05396,U05396,2024-12-05,2025-01-04,2025-02-03,50,Cancelled
S05397,U05397,2024-11-07,2024-12-07,2024-12-07,50,Cancelled
S05398,U05398,2024-04-17,2024-05-17,,0,Active
S05399,U05399,2024-12-14,2025-01-13,2025-03-14,0,Cancelled
S05400,U05400,2024-02-22,2024-03-23,2024-03-23,0,Cancelled
S05401,U05401,2024-01-16,2024-02-15,2024-03-16,0,Cancelled
S05402,U05402,2024-07-26,2024-08-25,2024-09-24,50,Cancelled
S05403,U05403,2024-04-18,2024-05-18,2024-05-18,0,Cancelled
S05404,U05404,2024-05-07,2024-06-06,2024-08-05,50,Cancelled
S05405,U05405,2024-10-26,2024-11-25,2025-06-23,20,Cancelled
S05406,U05406,2024-09-02,2024-10-02,2025-03-01,20,Cancelled
S05407,U05407,2024-07-11,2024-08-10,2024-09-09,50,Cancelled
S05408,U05408,2024-02-04,2024-03-05,2024-04-04,20,Cancelled
S05409,U05409,2024-11-02,2024-12-02,2025-05-01,20,Cancelled
S05410,U05410,2024-04-28,2024-05-28,2025-02-22,20,Cancelled
S05411,U05411,2024-10-21,2024-11-20,2024-11-20,20,Cancelled
S05412,U05412,2024-08-13,2024-09-12,2024-11-11,20,Cancelled
S05413,U05413,2024-04-14,2024-05-14,2024-06-13,0,Cancelled
S05414,U05414,2024-09-21,2024-10-21,2024-11-20,20,Cancelled
S05415,U05415,2024-09-20,2024-10-20,,0,Active
S05416,U05416,2024-05-30,2024-06-29,2024-09-27,0,Cancelled
S05417,U05417,2024-07-14,2024-08-13,2024-08-13,50,Cancelled
S05418,U05418,2024-04-29,2024-05-29,2024-06-28,20,Cancelled
S05419,U05419,2024-10-29,2024-11-28,2024-12-28,0,Cancelled
S05420,U05420,2024-02-28,2024-03-29,2024-08-26,20,Cancelled
S05421,U05421,2024-01-05,2024-02-04,2024-02-04,0,Cancelled
S05422,U05422,2024-02-19,2024-03-20,2024-06-18,20,Cancelled
S05423,U05423,2024-01-24,2024-02-23,2024-09-20,20,Cancelled
S05424,U05424,2024-03-06,2024-04-05,2024-04-05,0,Cancelled
S05425,U05425,2024-06-13,2024-07-13,2025-02-08,50,Cancelled
S05426,U05426,2024-04-22,2024-05-22,2024-10-19,0,Cancelled
S05427,U05427,2024-01-18,2024-02-17,2024-02-17,20,Cancelled
S05428,U05428,2024-10-02,2024-11-01,2025-05-30,50,Cancelled
S05429,U05429,2024-06-13,2024-07-13,2024-08-12,20,Cancelled
S05430,U05430,2024-04-04,2024-05-04,2024-05-04,20,Cancelled
S05431,U05431,2024-12-19,2025-01-18,2025-06-17,0,Cancelled
S05432,U05432,2024-02-29,2024-03-30,2024-04-29,50,Cancelled
S05433,U05433,2024-01-13,2024-02-12,2024-03-13,20,Cancelled
S05434,U05434,2024-11-18,2024-12-18,2025-02-16,50,Cancelled
S05435,U05435,2024-05-19,2024-06-18,2024-09-16,0,Cancelled
S05436,U05436,2024-05-30,2024-06-29,2024-06-29,20,Cancelled
S05437,U05437,2024-11-15,2024-12-15,,50,Active
S05438,U05438,2024-03-28,2024-04-27,2024-04-27,50,Cancelled
S05439,U05439,2024-07-21,2024-08-20,2024-12-18,0,Cancelled
S05440,U05440,2024-09-28,2024-10-28,2025-03-27,50,Cancelled
S05441,U05441,2024-09-16,2024-10-16,2024-10-16,0,Cancelled
S05442,U05442,2024-10-12,2024-11-11,2024-12-11,0,Cancelled
S05443,U05443,2024-02-25,2024-03-26,2024-03-26,20,Cancelled
S05444,U05444,2024-12-16,2025-01-15,2025-01-15,0,Cancelled
S05445,U05445,2024-03-21,2024-04-20,2024-05-20,20,Cancelled
S05446,U05446,2024-07-04,2024-08-03,2024-08-03,20,Cancelled
S05447,U05447,2024-07-13,2024-08-12,2024-08-12,50,Cancelled
S05448,U05448,2024-12-15,2025-01-14,,50,Active
S05449,U05449,2024-05-03,2024-06-02,2024-06-02,50,Cancelled
S05450,U05450,2024-12-30,2025-01-29,2025-03-30,50,Cancelled
S05451,U05451,2024-05-16,2024-06-15,2025-04-11,0,Cancelled
S05452,U05452,2024-06-22,2024-07-22,2024-11-19,0,Cancelled
S05453,U05453,2024-10-13,2024-11-12,2025-02-10,20,Cancelled
S05454,U05454,2024-05-10,2024-06-09,2024-07-09,0,Cancelled
S05455,U05455,2024-05-20,2024-06-19,2024-08-18,50,Cancelled
S05456,U05456,2024-08-04,2024-09-03,,20,Active
S05457,U05457,2024-08-09,2024-09-08,2025-03-07,50,Cancelled
S05458,U05458,2024-11-03,2024-12-03,,0,Active
S05459,U05459,2024-02-27,2024-03-28,2024-04-27,50,Cancelled
S05460,U05460,2024-08-17,2024-09-16,2024-10-16,20,Cancelled
S05461,U05461,2024-10-29,2024-11-28,,50,Active
S05462,U05462,2024-08-16,2024-09-15,,20,Active
S05463,U05463,2024-01-29,2024-02-28,2024-04-28,20,Cancelled
S05464,U05464,2024-05-11,2024-06-10,2024-09-08,20,Cancelled
S05465,U05465,2024-07-18,2024-08-17,2024-10-16,50,Cancelled
S05466,U05466,2024-06-21,2024-07-21,2024-08-20,20,Cancelled
S05467,U05467,2024-06-22,2024-07-22,2024-10-20,20,Cancelled
S05468,U05468,2024-04-20,2024-05-20,2024-09-17,50,Cancelled
S05469,U05469,2024-09-27,2024-10-27,2025-04-25,50,Cancelled
S05470,U05470,2024-01-31,2024-03-01,2024-11-26,50,Cancelled
S05471,U05471,2024-01-12,2024-02-11,2024-10-08,0,Cancelled
S05472,U05472,2024-08-10,2024-09-09,2024-11-08,50,Cancelled
S05473,U05473,2024-12-20,2025-01-19,2025-05-19,20,Cancelled
S05474,U05474,2024-06-30,2024-07-30,2024-09-28,50,Cancelled
S05475,U05475,2024-05-22,2024-06-21,2024-07-21,0,Cancelled
S05476,U05476,2024-04-08,2024-05-08,2024-09-05,50,Cancelled
S05477,U05477,2024-06-24,2024-07-24,2024-07-24,20,Cancelled
S05478,U05478,2024-08-06,2024-09-05,2024-11-04,50,Cancelled
S05479,U05479,2024-01-28,2024-02-27,2024-12-23,0,Cancelled
S05480,U05480,2024-06-06,2024-07-06,2025-03-03,20,Cancelled
S05481,U05481,2024-04-01,2024-05-01,2024-08-29,20,Cancelled
S05482,U05482,2024-02-16,2024-03-17,2024-03-17,50,Cancelled
S05483,U05483,2024-11-26,2024-12-26,2025-03-26,20,Cancelled
S05484,U05484,2024-02-04,2024-03-05,2024-07-03,50,Cancelled
S05485,U05485,2024-08-10,2024-09-09,2024-11-08,50,Cancelled
S05486,U05486,2024-04-06,2024-05-06,2024-10-03,20,Cancelled
S05487,U05487,2024-11-26,2024-12-26,2025-01-25,20,Cancelled
S05488,U05488,2024-09-03,2024-10-03,,50,Active
S05489,U05489,2024-05-04,2024-06-03,2024-08-02,50,Cancelled
S05490,U05490,2024-05-04,2024-06-03,2024-08-02,0,Cancelled
S05491,U05491,2024-10-21,2024-11-20,,0,Active
S05492,U05492,2024-04-11,2024-05-11,2024-08-09,0,Cancelled
S05493,U05493,2024-12-11,2025-01-10,2025-01-10,20,Cancelled
S05494,U05494,2024-10-28,2024-11-27,2025-06-25,50,Cancelled
S05495,U05495,2024-03-28,2024-04-27,2024-12-23,20,Cancelled
S05496,U05496,2024-09-11,2024-10-11,2024-11-10,20,Cancelled
S05497,U05497,2024-07-13,2024-08-12,,20,Active
S05498,U05498,2024-05-24,2024-06-23,2024-12-20,0,Cancelled
S05499,U05499,2024-01-10,2024-02-09,2024-05-09,0,Cancelled
S05500,U05500,2024-10-17,2024-11-16,,50,Active
S05501,U05501,2024-01-29,2024-02-28,2024-08-26,0,Cancelled
S05502,U05502,2024-04-23,2024-05-23,2024-05-23,0,Cancelled
S05503,U05503,2024-02-02,2024-03-03,2024-05-02,20,Cancelled
S05504,U05504,2024-07-21,2024-08-20,2025-05-17,0,Cancelled
S05505,U05505,2024-12-06,2025-01-05,2025-04-05,20,Cancelled
S05506,U05506,2024-01-15,2024-02-14,2024-05-14,50,Cancelled
S05507,U05507,2024-08-20,2024-09-19,2024-11-18,50,Cancelled
S05508,U05508,2024-01-03,2024-02-02,,20,Active
S05509,U05509,2024-10-09,2024-11-08,2024-11-08,0,Cancelled
S05510,U05510,2024-04-16,2024-05-16,2024-06-15,50,Cancelled
S05511,U05511,2024-01-28,2024-02-27,2024-03-28,0,Cancelled
S05512,U05512,2024-05-21,2024-06-20,2024-08-19,20,Cancelled
S05513,U05513,2024-02-12,2024-03-13,2024-04-12,0,Cancelled
S05514,U05514,2024-01-30,2024-02-29,2024-07-28,50,Cancelled
S05515,U05515,2024-09-05,2024-10-05,2024-11-04,20,Cancelled
S05516,U05516,2024-03-17,2024-04-16,2024-12-12,0,Cancelled
S05517,U05517,2024-07-24,2024-08-23,2024-11-21,50,Cancelled
S05518,U05518,2024-09-08,2024-10-08,2024-10-08,20,Cancelled
S05519,U05519,2024-06-02,2024-07-02,2024-10-30,20,Cancelled
S05520,U05520,2024-10-17,2024-11-16,2025-09-12,0,Cancelled
S05521,U05521,2024-09-08,2024-10-08,,20,Active
S05522,U05522,2024-02-16,2024-03-17,2024-07-15,50,Cancelled
S05523,U05523,2024-11-18,2024-12-18,2024-12-18,20,Cancelled
S05524,U05524,2024-06-17,2024-07-17,,50,Active
S05525,U05525,2024-07-29,2024-08-28,2024-09-27,20,Cancelled
S05526,U05526,2024-02-02,2024-03-03,2024-06-01,0,Cancelled
S05527,U05527,2024-07-14,2024-08-13,2024-10-12,0,Cancelled
S05528,U05528,2024-09-30,2024-10-30,2025-01-28,50,Cancelled
S05529,U05529,2024-12-09,2025-01-08,2025-11-04,50,Cancelled
S05530,U05530,2024-06-09,2024-07-09,2024-07-09,0,Cancelled
S05531,U05531,2024-08-09,2024-09-08,2024-10-08,50,Cancelled
S05532,U05532,2024-08-17,2024-09-16,2025-01-14,20,Cancelled
S05533,U05533,2024-08-21,2024-09-20,2024-09-20,20,Cancelled
S05534,U05534,2024-08-07,2024-09-06,2024-12-05,50,Cancelled
S05535,U05535,2024-10-27,2024-11-26,2024-11-26,50,Cancelled
S05536,U05536,2024-07-04,2024-08-03,2024-10-02,50,Cancelled
S05537,U05537,2024-04-10,2024-05-10,2024-06-09,50,Cancelled
S05538,U05538,2024-12-17,2025-01-16,2025-05-16,20,Cancelled
S05539,U05539,2024-10-29,2024-11-28,2025-03-28,0,Cancelled
S05540,U05540,2024-07-26,2024-08-25,2024-11-23,0,Cancelled
S05541,U05541,2024-03-17,2024-04-16,2024-10-13,50,Cancelled
S05542,U05542,2024-11-30,2024-12-30,2024-12-30,0,Cancelled
S05543,U05543,2024-11-12,2024-12-12,2025-09-08,20,Cancelled
S05544,U05544,2024-02-09,2024-03-10,2024-03-10,20,Cancelled
S05545,U05545,2024-04-08,2024-05-08,,20,Active
S05546,U05546,2024-03-14,2024-04-13,2024-06-12,20,Cancelled
S05547,U05547,2024-10-08,2024-11-07,2024-12-07,50,Cancelled
S05548,U05548,2024-04-14,2024-05-14,,0,Active
S05549,U05549,2024-01-29,2024-02-28,2024-02-28,20,Cancelled
S05550,U05550,2024-05-03,2024-06-02,2024-08-01,20,Cancelled
S05551,U05551,2024-04-25,2024-05-25,2025-02-19,50,Cancelled
S05552,U05552,2024-07-15,2024-08-14,2024-10-13,50,Cancelled
S05553,U05553,2024-05-24,2024-06-23,,50,Active
S05554,U05554,2024-05-14,2024-06-13,2024-06-13,50,Cancelled
S05555,U05555,2024-08-21,2024-09-20,2024-10-20,0,Cancelled
S05556,U05556,2024-11-18,2024-12-18,2025-02-16,20,Cancelled
S05557,U05557,2024-09-03,2024-10-03,2024-12-02,20,Cancelled
S05558,U05558,2024-06-06,2024-07-06,2024-10-04,50,Cancelled
S05559,U05559,2024-08-15,2024-09-14,2024-09-14,0,Cancelled
S05560,U05560,2024-10-01,2024-10-31,2025-01-29,0,Cancelled
S05561,U05561,2024-03-21,2024-04-20,2025-01-15,50,Cancelled
S05562,U05562,2024-01-07,2024-02-06,2024-07-05,50,Cancelled
S05563,U05563,2024-02-14,2024-03-15,2024-09-11,0,Cancelled
S05564,U05564,2024-01-02,2024-02-01,2024-03-02,20,Cancelled
S05565,U05565,2024-08-07,2024-09-06,2024-10-06,20,Cancelled
S05566,U05566,2024-07-14,2024-08-13,2024-10-12,0,Cancelled
S05567,U05567,2024-01-22,2024-02-21,2024-04-21,50,Cancelled
S05568,U05568,2024-01-27,2024-02-26,2024-02-26,20,Cancelled
S05569,U05569,2024-06-03,2024-07-03,2024-09-01,20,Cancelled
S05570,U05570,2024-11-26,2024-12-26,2024-12-26,20,Cancelled
S05571,U05571,2024-08-08,2024-09-07,2024-10-07,50,Cancelled
S05572,U05572,2024-12-02,2025-01-01,2025-01-31,20,Cancelled
S05573,U05573,2024-01-17,2024-02-16,2024-04-16,20,Cancelled
S05574,U05574,2024-09-30,2024-10-30,2025-01-28,0,Cancelled
S05575,U05575,2024-03-06,2024-04-05,2024-09-02,0,Cancelled
S05576,U05576,2024-02-23,2024-03-24,,20,Active
S05577,U05577,2024-09-10,2024-10-10,2025-01-08,0,Cancelled
S05578,U05578,2024-08-07,2024-09-06,2024-10-06,50,Cancelled
S05579,U05579,2024-01-22,2024-02-21,2024-04-21,50,Cancelled
S05580,U05580,2024-04-13,2024-05-13,2024-06-12,20,Cancelled
S05581,U05581,2024-10-11,2024-11-10,2025-03-10,50,Cancelled
S05582,U05582,2024-02-17,2024-03-18,2024-11-13,20,Cancelled
S05583,U05583,2024-11-19,2024-12-19,2025-05-18,50,Cancelled
S05584,U05584,2024-02-23,2024-03-24,2024-08-21,50,Cancelled
S05585,U05585,2024-07-25,2024-08-24,2024-08-24,50,Cancelled
S05586,U05586,2024-01-08,2024-02-07,2024-03-08,20,Cancelled
S05587,U05587,2024-03-24,2024-04-23,2024-05-23,20,Cancelled
S05588,U05588,2024-10-06,2024-11-05,2025-02-03,0,Cancelled
S05589,U05589,2024-12-06,2025-01-05,2025-04-05,0,Cancelled
S05590,U05590,2024-10-12,2024-11-11,2024-11-11,50,Cancelled
S05591,U05591,2024-05-12,2024-06-11,,50,Active
S05592,U05592,2024-05-10,2024-06-09,2024-07-09,20,Cancelled
S05593,U05593,2024-01-31,2024-03-01,2024-04-30,50,Cancelled
S05594,U05594,2024-12-26,2025-01-25,2025-11-21,20,Cancelled
S05595,U05595,2024-04-23,2024-05-23,2024-06-22,50,Cancelled
S05596,U05596,2024-08-15,2024-09-14,2024-10-14,0,Cancelled
S05597,U05597,2024-09-26,2024-10-26,2025-04-24,20,Cancelled
S05598,U05598,2024-10-03,2024-11-02,2025-01-01,50,Cancelled
S05599,U05599,2024-03-26,2024-04-25,,20,Active
S05600,U05600,2024-05-09,2024-06-08,2024-06-08,0,Cancelled
S05601,U05601,2024-01-20,2024-02-19,2024-02-19,20,Cancelled
S05602,U05602,2024-09-27,2024-10-27,,20,Active
S05603,U05603,2024-02-28,2024-03-29,2024-05-28,20,Cancelled
S05604,U05604,2024-11-03,2024-12-03,2024-12-03,20,Cancelled
S05605,U05605,2024-06-24,2024-07-24,2024-07-24,50,Cancelled
S05606,U05606,2024-08-20,2024-09-19,2025-07-16,0,Cancelled
S05607,U05607,2024-03-10,2024-04-09,,20,Active
S05608,U05608,2024-06-09,2024-07-09,2024-09-07,50,Cancelled
S05609,U05609,2024-12-09,2025-01-08,2025-05-08,0,Cancelled
S05610,U05610,2024-03-11,2024-04-10,2024-04-10,50,Cancelled
S05611,U05611,2024-10-15,2024-11-14,2025-05-13,20,Cancelled
S05612,U05612,2024-09-11,2024-10-11,2024-12-10,20,Cancelled
S05613,U05613,2024-11-29,2024-12-29,2025-03-29,20,Cancelled
S05614,U05614,2024-04-28,2024-05-28,2024-05-28,0,Cancelled
S05615,U05615,2024-08-07,2024-09-06,2024-10-06,20,Cancelled
S05616,U05616,2024-11-05,2024-12-05,2025-03-05,50,Cancelled
S05617,U05617,2024-07-19,2024-08-18,2024-09-17,20,Cancelled
S05618,U05618,2024-01-20,2024-02-19,2024-02-19,20,Cancelled
S05619,U05619,2024-06-01,2024-07-01,2024-07-01,20,Cancelled
S05620,U05620,2024-06-23,2024-07-23,2025-03-20,0,Cancelled
S05621,U05621,2024-04-11,2024-05-11,2024-11-07,20,Cancelled
S05622,U05622,2024-08-17,2024-09-16,2024-10-16,20,Cancelled
S05623,U05623,2024-09-10,2024-10-10,2024-10-10,0,Cancelled
S05624,U05624,2024-01-12,2024-02-11,2024-02-11,20,Cancelled
S05625,U05625,2024-06-07,2024-07-07,,0,Active
S05626,U05626,2024-02-01,2024-03-02,2024-03-02,50,Cancelled
S05627,U05627,2024-02-11,2024-03-12,2024-06-10,50,Cancelled
S05628,U05628,2024-10-08,2024-11-07,2025-06-05,50,Cancelled
S05629,U05629,2024-10-15,2024-11-14,2025-01-13,0,Cancelled
S05630,U05630,2024-03-24,2024-04-23,2024-04-23,0,Cancelled
S05631,U05631,2024-04-28,2024-05-28,2024-12-24,50,Cancelled
S05632,U05632,2024-12-26,2025-01-25,2025-09-22,50,Cancelled
S05633,U05633,2024-06-25,2024-07-25,2024-11-22,50,Cancelled
S05634,U05634,2024-05-31,2024-06-30,2024-06-30,50,Cancelled
S05635,U05635,2024-11-13,2024-12-13,2025-08-10,20,Cancelled
S05636,U05636,2024-07-28,2024-08-27,,50,Active
S05637,U05637,2024-05-29,2024-06-28,,50,Active
S05638,U05638,2024-07-13,2024-08-12,2025-01-09,50,Cancelled
S05639,U05639,2024-07-01,2024-07-31,2025-02-26,0,Cancelled
S05640,U05640,2024-01-01,2024-01-31,2024-01-31,50,Cancelled
S05641,U05641,2024-09-27,2024-10-27,2025-01-25,20,Cancelled
S05642,U05642,2024-02-29,2024-03-30,2024-12-25,20,Cancelled
S05643,U05643,2024-08-27,2024-09-26,2024-10-26,50,Cancelled
S05644,U05644,2024-05-02,2024-06-01,2024-10-29,20,Cancelled
S05645,U05645,2024-06-15,2024-07-15,2024-10-13,50,Cancelled
S05646,U05646,2024-09-24,2024-10-24,2025-02-21,20,Cancelled
S05647,U05647,2024-02-18,2024-03-19,2024-06-17,20,Cancelled
S05648,U05648,2024-08-25,2024-09-24,,20,Active
S05649,U05649,2024-01-13,2024-02-12,2024-03-13,20,Cancelled
S05650,U05650,2024-08-15,2024-09-14,2025-06-11,20,Cancelled
S05651,U05651,2024-03-19,2024-04-18,2024-05-18,20,Cancelled
S05652,U05652,2024-09-03,2024-10-03,2024-10-03,50,Cancelled
S05653,U05653,2024-12-05,2025-01-04,2025-07-03,20,Cancelled
S05654,U05654,2024-07-04,2024-08-03,2024-12-01,20,Cancelled
S05655,U05655,2024-09-26,2024-10-26,2025-04-24,0,Cancelled
S05656,U05656,2024-06-29,2024-07-29,,20,Active
S05657,U05657,2024-05-25,2024-06-24,2024-06-24,50,Cancelled
S05658,U05658,2024-04-08,2024-05-08,2024-06-07,0,Cancelled
S05659,U05659,2024-09-10,2024-10-10,2024-12-09,0,Cancelled
S05660,U05660,2024-07-03,2024-08-02,2024-08-02,0,Cancelled
S05661,U05661,2024-09-12,2024-10-12,2024-11-11,50,Cancelled
S05662,U05662,2024-01-03,2024-02-02,2024-03-03,50,Cancelled
S05663,U05663,2024-04-08,2024-05-08,2024-05-08,20,Cancelled
S05664,U05664,2024-03-28,2024-04-27,2024-04-27,20,Cancelled
S05665,U05665,2024-04-05,2024-05-05,2024-05-05,20,Cancelled
S05666,U05666,2024-02-15,2024-03-16,2024-08-13,20,Cancelled
S05667,U05667,2024-03-09,2024-04-08,2024-06-07,50,Cancelled
S05668,U05668,2024-06-07,2024-07-07,2025-03-04,50,Cancelled
S05669,U05669,2024-06-10,2024-07-10,2024-08-09,20,Cancelled
S05670,U05670,2024-01-04,2024-02-03,2024-05-03,50,Cancelled
S05671,U05671,2024-08-18,2024-09-17,2024-09-17,0,Cancelled
S05672,U05672,2024-06-13,2024-07-13,2024-11-10,0,Cancelled
S05673,U05673,2024-04-08,2024-05-08,2024-05-08,0,Cancelled
S05674,U05674,2024-06-30,2024-07-30,2024-09-28,20,Cancelled
S05675,U05675,2024-02-09,2024-03-10,2024-05-09,20,Cancelled
S05676,U05676,2024-06-19,2024-07-19,2024-09-17,0,Cancelled
S05677,U05677,2024-04-04,2024-05-04,2024-10-31,20,Cancelled
S05678,U05678,2024-07-08,2024-08-07,2024-11-05,20,Cancelled
S05679,U05679,2024-10-28,2024-11-27,2025-01-26,0,Cancelled
S05680,U05680,2024-08-09,2024-09-08,2025-07-05,0,Cancelled
S05681,U05681,2024-01-28,2024-02-27,2024-04-27,20,Cancelled
S05682,U05682,2024-08-02,2024-09-01,2024-10-31,0,Cancelled
S05683,U05683,2024-04-14,2024-05-14,2025-02-08,50,Cancelled
S05684,U05684,2024-03-17,2024-04-16,2024-04-16,20,Cancelled
S05685,U05685,2024-02-27,2024-03-28,2024-09-24,50,Cancelled
S05686,U05686,2024-08-09,2024-09-08,2025-01-06,0,Cancelled
S05687,U05687,2024-12-02,2025-01-01,2025-03-02,20,Cancelled
S05688,U05688,2024-10-31,2024-11-30,2025-05-29,50,Cancelled
S05689,U05689,2024-10-08,2024-11-07,2025-01-06,0,Cancelled
S05690,U05690,2024-01-10,2024-02-09,2024-03-10,20,Cancelled
S05691,U05691,2024-05-11,2024-06-10,2024-08-09,50,Cancelled
S05692,U05692,2024-03-31,2024-04-30,2024-05-30,0,Cancelled
S05693,U05693,2024-10-18,2024-11-17,2025-04-16,20,Cancelled
S05694,U05694,2024-01-09,2024-02-08,,0,Active
S05695,U05695,2024-06-16,2024-07-16,2024-09-14,0,Cancelled
S05696,U05696,2024-05-30,2024-06-29,2024-06-29,0,Cancelled
S05697,U05697,2024-08-03,2024-09-02,2024-11-01,50,Cancelled
S05698,U05698,2024-12-04,2025-01-03,2025-02-02,0,Cancelled
S05699,U05699,2024-04-24,2024-05-24,2024-09-21,0,Cancelled
S05700,U05700,2024-07-14,2024-08-13,2024-11-11,50,Cancelled
S05701,U05701,2024-08-09,2024-09-08,2024-11-07,20,Cancelled
S05702,U05702,2024-02-20,2024-03-21,2024-12-16,20,Cancelled
S05703,U05703,2024-11-14,2024-12-14,2025-08-11,50,Cancelled
S05704,U05704,2024-11-23,2024-12-23,2025-01-22,0,Cancelled
S05705,U05705,2024-07-18,2024-08-17,2024-08-17,0,Cancelled
S05706,U05706,2024-01-02,2024-02-01,,50,Active
S05707,U05707,2024-05-23,2024-06-22,2024-06-22,50,Cancelled
S05708,U05708,2024-03-31,2024-04-30,2024-06-29,0,Cancelled
S05709,U05709,2024-02-03,2024-03-04,2024-04-03,20,Cancelled
S05710,U05710,2024-03-18,2024-04-17,2024-04-17,20,Cancelled
S05711,U05711,2024-11-26,2024-12-26,2025-02-24,50,Cancelled
S05712,U05712,2024-07-04,2024-08-03,2025-03-31,0,Cancelled
S05713,U05713,2024-04-28,2024-05-28,2024-06-27,20,Cancelled
S05714,U05714,2024-01-29,2024-02-28,2024-08-26,0,Cancelled
S05715,U05715,2024-04-30,2024-05-30,2024-06-29,0,Cancelled
S05716,U05716,2024-10-02,2024-11-01,2025-03-01,0,Cancelled
S05717,U05717,2024-06-09,2024-07-09,2024-09-07,20,Cancelled
S05718,U05718,2024-02-22,2024-03-23,2024-04-22,0,Cancelled
S05719,U05719,2024-08-28,2024-09-27,2025-05-25,20,Cancelled
S05720,U05720,2024-08-24,2024-09-23,2024-10-23,50,Cancelled
S05721,U05721,2024-05-22,2024-06-21,2024-07-21,0,Cancelled
S05722,U05722,2024-10-21,2024-11-20,2024-12-20,0,Cancelled
S05723,U05723,2024-04-24,2024-05-24,2025-03-20,20,Cancelled
S05724,U05724,2024-09-24,2024-10-24,2024-11-23,20,Cancelled
S05725,U05725,2024-12-13,2025-01-12,,20,Active
S05726,U05726,2024-04-02,2024-05-02,2024-06-01,0,Cancelled
S05727,U05727,2024-04-21,2024-05-21,2024-07-20,20,Cancelled
S05728,U05728,2024-08-02,2024-09-01,2024-10-01,20,Cancelled
S05729,U05729,2024-02-13,2024-03-14,2024-05-13,0,Cancelled
S05730,U05730,2024-02-18,2024-03-19,2024-08-16,50,Cancelled
S05731,U05731,2024-09-06,2024-10-06,2025-02-03,50,Cancelled
S05732,U05732,2024-09-25,2024-10-25,2024-10-25,0,Cancelled
S05733,U05733,2024-12-26,2025-01-25,2025-02-24,20,Cancelled
S05734,U05734,2024-12-18,2025-01-17,2025-04-17,20,Cancelled
S05735,U05735,2024-02-28,2024-03-29,2024-10-25,0,Cancelled
S05736,U05736,2024-10-04,2024-11-03,,50,Active
S05737,U05737,2024-10-28,2024-11-27,2025-08-24,50,Cancelled
S05738,U05738,2024-02-08,2024-03-09,2024-04-08,20,Cancelled
S05739,U05739,2024-06-23,2024-07-23,2025-01-19,0,Cancelled
S05740,U05740,2024-02-06,2024-03-07,2024-05-06,20,Cancelled
S05741,U05741,2024-09-16,2024-10-16,,0,Active
S05742,U05742,2024-11-20,2024-12-20,2025-02-18,50,Cancelled
S05743,U05743,2024-06-10,2024-07-10,,20,Active
S05744,U05744,2024-04-19,2024-05-19,2024-05-19,50,Cancelled
S05745,U05745,2024-09-25,2024-10-25,2024-11-24,20,Cancelled
S05746,U05746,2024-12-26,2025-01-25,2025-02-24,0,Cancelled
S05747,U05747,2024-05-13,2024-06-12,2024-10-10,0,Cancelled
S05748,U05748,2024-12-29,2025-01-28,2025-01-28,0,Cancelled
S05749,U05749,2024-12-16,2025-01-15,2025-01-15,20,Cancelled
S05750,U05750,2024-10-29,2024-11-28,2025-03-28,50,Cancelled
S05751,U05751,2024-03-01,2024-03-31,2024-04-30,50,Cancelled
S05752,U05752,2024-08-24,2024-09-23,2025-02-20,0,Cancelled
S05753,U05753,2024-03-22,2024-04-21,2024-05-21,20,Cancelled
S05754,U05754,2024-01-30,2024-02-29,2024-09-26,0,Cancelled
S05755,U05755,2024-08-17,2024-09-16,2024-09-16,0,Cancelled
S05756,U05756,2024-09-26,2024-10-26,,20,Active
S05757,U05757,2024-07-31,2024-08-30,2025-04-27,20,Cancelled
S05758,U05758,2024-03-26,2024-04-25,2024-07-24,50,Cancelled
S05759,U05759,2024-02-19,2024-03-20,2024-03-20,50,Cancelled
S05760,U05760,2024-02-02,2024-03-03,,50,Active
S05761,U05761,2024-04-20,2024-05-20,2024-09-17,50,Cancelled
S05762,U05762,2024-01-03,2024-02-02,2024-03-03,0,Cancelled
S05763,U05763,2024-01-19,2024-02-18,2024-04-18,0,Cancelled
S05764,U05764,2024-01-25,2024-02-24,2024-04-24,50,Cancelled
S05765,U05765,2024-04-27,2024-05-27,2024-09-24,20,Cancelled
S05766,U05766,2024-03-08,2024-04-07,2024-06-06,20,Cancelled
S05767,U05767,2024-09-05,2024-10-05,2024-12-04,50,Cancelled
S05768,U05768,2024-04-15,2024-05-15,,20,Active
S05769,U05769,2024-01-29,2024-02-28,2024-06-27,20,Cancelled
S05770,U05770,2024-06-22,2024-07-22,,0,Active
S05771,U05771,2024-04-23,2024-05-23,2024-07-22,20,Cancelled
S05772,U05772,2024-11-05,2024-12-05,2025-01-04,50,Cancelled
S05773,U05773,2024-10-09,2024-11-08,2025-01-07,20,Cancelled
S05774,U05774,2024-01-23,2024-02-22,2024-04-22,0,Cancelled
S05775,U05775,2024-07-19,2024-08-18,2024-09-17,20,Cancelled
S05776,U05776,2024-09-18,2024-10-18,2025-04-16,20,Cancelled
S05777,U05777,2024-02-20,2024-03-21,2024-11-16,0,Cancelled
S05778,U05778,2024-02-18,2024-03-19,2024-06-17,50,Cancelled
S05779,U05779,2024-09-06,2024-10-06,2025-01-04,50,Cancelled
S05780,U05780,2024-08-24,2024-09-23,2024-09-23,20,Cancelled
S05781,U05781,2024-11-27,2024-12-27,2025-03-27,50,Cancelled
S05782,U05782,2024-11-05,2024-12-05,2025-04-04,50,Cancelled
S05783,U05783,2024-01-06,2024-02-05,2024-04-05,0,Cancelled
S05784,U05784,2024-07-15,2024-08-14,2024-11-12,20,Cancelled
S05785,U05785,2024-05-09,2024-06-08,2024-09-06,50,Cancelled
S05786,U05786,2024-06-21,2024-07-21,2024-07-21,20,Cancelled
S05787,U05787,2024-10-13,2024-11-12,2024-11-12,0,Cancelled
S05788,U05788,2024-06-05,2024-07-05,2024-08-04,0,Cancelled
S05789,U05789,2024-10-30,2024-11-29,2024-11-29,50,Cancelled
S05790,U05790,2024-05-13,2024-06-12,2024-09-10,50,Cancelled
S05791,U05791,2024-08-14,2024-09-13,2024-12-12,20,Cancelled
S05792,U05792,2024-09-08,2024-10-08,2025-08-04,20,Cancelled
S05793,U05793,2024-06-14,2024-07-14,2024-07-14,50,Cancelled
S05794,U05794,2024-08-03,2024-09-02,,20,Active
S05795,U05795,2024-09-08,2024-10-08,2024-11-07,0,Cancelled
S05796,U05796,2024-06-28,2024-07-28,2024-09-26,0,Cancelled
S05797,U05797,2024-11-10,2024-12-10,2024-12-10,50,Cancelled
S05798,U05798,2024-10-05,2024-11-04,2025-04-03,20,Cancelled
S05799,U05799,2024-03-10,2024-04-09,2024-12-05,50,Cancelled
S05800,U05800,2024-07-11,2024-08-10,2024-08-10,0,Cancelled
S05801,U05801,2024-10-11,2024-11-10,2025-02-08,20,Cancelled
S05802,U05802,2024-07-01,2024-07-31,2024-07-31,20,Cancelled
S05803,U05803,2024-03-14,2024-04-13,,0,Active
S05804,U05804,2024-12-15,2025-01-14,2025-01-14,50,Cancelled
S05805,U05805,2024-10-15,2024-11-14,2025-03-14,0,Cancelled
S05806,U05806,2024-09-28,2024-10-28,2025-03-27,0,Cancelled
S05807,U05807,2024-04-22,2024-05-22,2024-07-21,0,Cancelled
S05808,U05808,2024-02-23,2024-03-24,,50,Active
S05809,U05809,2024-10-24,2024-11-23,2024-12-23,20,Cancelled
S05810,U05810,2024-01-18,2024-02-17,2024-03-18,20,Cancelled
S05811,U05811,2024-08-11,2024-09-10,2025-06-07,20,Cancelled
S05812,U05812,2024-04-16,2024-05-16,2024-06-15,50,Cancelled
S05813,U05813,2024-07-30,2024-08-29,2025-02-25,20,Cancelled
S05814,U05814,2024-04-02,2024-05-02,2024-06-01,20,Cancelled
S05815,U05815,2024-05-15,2024-06-14,2024-09-12,50,Cancelled
S05816,U05816,2024-06-16,2024-07-16,2024-09-14,0,Cancelled
S05817,U05817,2024-04-07,2024-05-07,2024-05-07,0,Cancelled
S05818,U05818,2024-07-15,2024-08-14,2024-08-14,20,Cancelled
S05819,U05819,2024-08-29,2024-09-28,2025-01-26,20,Cancelled
S05820,U05820,2024-05-08,2024-06-07,2024-06-07,50,Cancelled
S05821,U05821,2024-04-21,2024-05-21,2024-06-20,0,Cancelled
S05822,U05822,2024-12-11,2025-01-10,2025-08-08,50,Cancelled
S05823,U05823,2024-03-04,2024-04-03,,0,Active
S05824,U05824,2024-04-14,2024-05-14,2024-05-14,50,Cancelled
S05825,U05825,2024-03-02,2024-04-01,2025-01-26,20,Cancelled
S05826,U05826,2024-11-29,2024-12-29,2024-12-29,50,Cancelled
S05827,U05827,2024-07-25,2024-08-24,2024-10-23,50,Cancelled
S05828,U05828,2024-10-07,2024-11-06,2024-12-06,50,Cancelled
S05829,U05829,2024-09-16,2024-10-16,2024-12-15,0,Cancelled
S05830,U05830,2024-02-05,2024-03-06,,0,Active
S05831,U05831,2024-07-24,2024-08-23,2024-10-22,0,Cancelled
S05832,U05832,2024-05-14,2024-06-13,2024-11-10,20,Cancelled
S05833,U05833,2024-05-14,2024-06-13,2024-07-13,20,Cancelled
S05834,U05834,2024-10-28,2024-11-27,2024-11-27,20,Cancelled
S05835,U05835,2024-01-02,2024-02-01,2024-02-01,0,Cancelled
S05836,U05836,2024-05-26,2024-06-25,2025-04-21,20,Cancelled
S05837,U05837,2024-10-11,2024-11-10,2024-12-10,50,Cancelled
S05838,U05838,2024-11-21,2024-12-21,2025-01-20,0,Cancelled
S05839,U05839,2024-04-16,2024-05-16,2024-08-14,50,Cancelled
S05840,U05840,2024-03-30,2024-04-29,,20,Active
S05841,U05841,2024-05-05,2024-06-04,2024-08-03,20,Cancelled
S05842,U05842,2024-03-20,2024-04-19,2024-04-19,0,Cancelled
S05843,U05843,2024-09-28,2024-10-28,2024-12-27,0,Cancelled
S05844,U05844,2024-08-01,2024-08-31,2024-10-30,50,Cancelled
S05845,U05845,2024-11-08,2024-12-08,2024-12-08,50,Cancelled
S05846,U05846,2024-10-11,2024-11-10,2025-04-09,0,Cancelled
S05847,U05847,2024-10-19,2024-11-18,2024-11-18,20,Cancelled
S05848,U05848,2024-03-30,2024-04-29,2025-02-23,50,Cancelled
S05849,U05849,2024-12-13,2025-01-12,,0,Active
S05850,U05850,2024-09-12,2024-10-12,2024-10-12,20,Cancelled
S05851,U05851,2024-05-21,2024-06-20,2024-09-18,20,Cancelled
S05852,U05852,2024-03-22,2024-04-21,2024-08-19,20,Cancelled
S05853,U05853,2024-09-14,2024-10-14,2024-10-14,50,Cancelled
S05854,U05854,2024-09-02,2024-10-02,2025-05-30,0,Cancelled
S05855,U05855,2024-11-08,2024-12-08,2025-02-06,0,Cancelled
S05856,U05856,2024-08-06,2024-09-05,2024-10-05,20,Cancelled
S05857,U05857,2024-07-31,2024-08-30,2024-09-29,50,Cancelled
S05858,U05858,2024-02-13,2024-03-14,2024-06-12,20,Cancelled
S05859,U05859,2024-09-10,2024-10-10,2025-03-09,50,Cancelled
S05860,U05860,2024-09-15,2024-10-15,2024-12-14,50,Cancelled
S05861,U05861,2024-05-29,2024-06-28,2024-06-28,50,Cancelled
S05862,U05862,2024-05-24,2024-06-23,2024-06-23,0,Cancelled
S05863,U05863,2024-09-11,2024-10-11,,50,Active
S05864,U05864,2024-10-27,2024-11-26,2025-03-26,50,Cancelled
S05865,U05865,2024-08-12,2024-09-11,2025-03-10,20,Cancelled
S05866,U05866,2024-09-17,2024-10-17,2025-02-14,20,Cancelled
S05867,U05867,2024-08-11,2024-09-10,2025-04-08,20,Cancelled
S05868,U05868,2024-09-25,2024-10-25,2025-08-21,20,Cancelled
S05869,U05869,2024-12-13,2025-01-12,2025-01-12,0,Cancelled
S05870,U05870,2024-07-06,2024-08-05,2024-08-05,0,Cancelled
S05871,U05871,2024-08-17,2024-09-16,2024-09-16,50,Cancelled
S05872,U05872,2024-11-20,2024-12-20,2024-12-20,50,Cancelled
S05873,U05873,2024-06-23,2024-07-23,2024-07-23,0,Cancelled
S05874,U05874,2024-01-27,2024-02-26,2024-04-26,20,Cancelled
S05875,U05875,2024-07-27,2024-08-26,2025-05-23,20,Cancelled
S05876,U05876,2024-01-11,2024-02-10,2024-02-10,20,Cancelled
S05877,U05877,2024-12-25,2025-01-24,2025-01-24,0,Cancelled
S05878,U05878,2024-11-13,2024-12-13,2025-01-12,20,Cancelled
S05879,U05879,2024-07-15,2024-08-14,2024-08-14,0,Cancelled
S05880,U05880,2024-04-30,2024-05-30,2024-09-27,50,Cancelled
S05881,U05881,2024-07-12,2024-08-11,2025-01-08,20,Cancelled
S05882,U05882,2024-05-27,2024-06-26,,0,Active
S05883,U05883,2024-05-13,2024-06-12,2024-12-09,50,Cancelled
S05884,U05884,2024-11-09,2024-12-09,2025-05-08,50,Cancelled
S05885,U05885,2024-11-03,2024-12-03,2025-05-02,0,Cancelled
S05886,U05886,2024-04-11,2024-05-11,2024-05-11,50,Cancelled
S05887,U05887,2024-08-31,2024-09-30,2025-06-27,20,Cancelled
S05888,U05888,2024-01-30,2024-02-29,2024-10-26,20,Cancelled
S05889,U05889,2024-12-23,2025-01-22,2025-04-22,20,Cancelled
S05890,U05890,2024-07-23,2024-08-22,2025-05-19,50,Cancelled
S05891,U05891,2024-03-06,2024-04-05,2024-04-05,0,Cancelled
S05892,U05892,2024-10-28,2024-11-27,,50,Active
S05893,U05893,2024-01-16,2024-02-15,2024-04-15,0,Cancelled
S05894,U05894,2024-06-01,2024-07-01,2024-07-01,50,Cancelled
S05895,U05895,2024-10-19,2024-11-18,2025-06-16,20,Cancelled
S05896,U05896,2024-09-16,2024-10-16,2024-11-15,20,Cancelled
S05897,U05897,2024-10-16,2024-11-15,2025-07-13,0,Cancelled
S05898,U05898,2024-11-15,2024-12-15,2025-01-14,20,Cancelled
S05899,U05899,2024-04-05,2024-05-05,2024-05-05,20,Cancelled
S05900,U05900,2024-03-18,2024-04-17,2024-04-17,50,Cancelled
S05901,U05901,2024-08-23,2024-09-22,2024-10-22,0,Cancelled
S05902,U05902,2024-02-16,2024-03-17,2024-09-13,20,Cancelled
S05903,U05903,2024-08-17,2024-09-16,2024-09-16,20,Cancelled
S05904,U05904,2024-12-12,2025-01-11,2025-03-12,20,Cancelled
S05905,U05905,2024-08-28,2024-09-27,,50,Active
S05906,U05906,2024-06-14,2024-07-14,2025-03-11,20,Cancelled
S05907,U05907,2024-02-17,2024-03-18,2024-11-13,20,Cancelled
S05908,U05908,2024-09-27,2024-10-27,,50,Active
S05909,U05909,2024-09-30,2024-10-30,2025-01-28,50,Cancelled
S05910,U05910,2024-06-04,2024-07-04,2024-07-04,0,Cancelled
S05911,U05911,2024-07-22,2024-08-21,2025-05-18,0,Cancelled
S05912,U05912,2024-07-20,2024-08-19,,50,Active
S05913,U05913,2024-02-22,2024-03-23,2024-04-22,0,Cancelled
S05914,U05914,2024-12-24,2025-01-23,2025-01-23,50,Cancelled
S05915,U05915,2024-01-13,2024-02-12,2024-06-11,0,Cancelled
S05916,U05916,2024-01-14,2024-02-13,,20,Active
S05917,U05917,2024-01-20,2024-02-19,2024-04-19,0,Cancelled
S05918,U05918,2024-06-02,2024-07-02,2025-01-28,20,Cancelled
S05919,U05919,2024-12-21,2025-01-20,2025-01-20,0,Cancelled
S05920,U05920,2024-08-17,2024-09-16,2025-07-13,0,Cancelled
S05921,U05921,2024-11-11,2024-12-11,2024-12-11,20,Cancelled
S05922,U05922,2024-08-17,2024-09-16,2024-12-15,50,Cancelled
S05923,U05923,2024-01-28,2024-02-27,2024-03-28,0,Cancelled
S05924,U05924,2024-02-02,2024-03-03,2024-05-02,0,Cancelled
S05925,U05925,2024-03-12,2024-04-11,2024-09-08,20,Cancelled
S05926,U05926,2024-02-02,2024-03-03,2024-03-03,20,Cancelled
S05927,U05927,2024-12-11,2025-01-10,2025-01-10,0,Cancelled
S05928,U05928,2024-12-27,2025-01-26,2025-01-26,0,Cancelled
S05929,U05929,2024-06-22,2024-07-22,2025-04-18,50,Cancelled
S05930,U05930,2024-09-29,2024-10-29,2025-05-27,50,Cancelled
S05931,U05931,2024-09-16,2024-10-16,2025-07-13,0,Cancelled
S05932,U05932,2024-08-25,2024-09-24,2024-12-23,50,Cancelled
S05933,U05933,2024-07-10,2024-08-09,2025-03-07,20,Cancelled
S05934,U05934,2024-08-01,2024-08-31,2025-03-29,20,Cancelled
S05935,U05935,2024-02-25,2024-03-26,2024-06-24,0,Cancelled
S05936,U05936,2024-06-17,2024-07-17,2024-09-15,50,Cancelled
S05937,U05937,2024-06-07,2024-07-07,2024-08-06,50,Cancelled
S05938,U05938,2024-05-10,2024-06-09,2024-06-09,0,Cancelled
S05939,U05939,2024-01-25,2024-02-24,2024-03-25,20,Cancelled
S05940,U05940,2024-01-20,2024-02-19,2024-03-20,50,Cancelled
S05941,U05941,2024-03-13,2024-04-12,2024-08-10,50,Cancelled
S05942,U05942,2024-03-16,2024-04-15,2025-02-09,20,Cancelled
S05943,U05943,2024-10-06,2024-11-05,2024-12-05,50,Cancelled
S05944,U05944,2024-02-06,2024-03-07,2024-03-07,50,Cancelled
S05945,U05945,2024-10-07,2024-11-06,,50,Active
S05946,U05946,2024-04-02,2024-05-02,2024-06-01,0,Cancelled
S05947,U05947,2024-10-14,2024-11-13,2025-02-11,50,Cancelled
S05948,U05948,2024-11-21,2024-12-21,,20,Active
S05949,U05949,2024-12-08,2025-01-07,2025-01-07,0,Cancelled
S05950,U05950,2024-02-20,2024-03-21,2024-07-19,50,Cancelled
S05951,U05951,2024-01-28,2024-02-27,2024-02-27,20,Cancelled
S05952,U05952,2024-01-24,2024-02-23,2024-06-22,20,Cancelled
S05953,U05953,2024-11-19,2024-12-19,2024-12-19,20,Cancelled
S05954,U05954,2024-01-22,2024-02-21,2024-06-20,50,Cancelled
S05955,U05955,2024-11-21,2024-12-21,2025-04-20,50,Cancelled
S05956,U05956,2024-02-04,2024-03-05,2024-08-02,0,Cancelled
S05957,U05957,2024-11-12,2024-12-12,2025-07-10,50,Cancelled
S05958,U05958,2024-12-05,2025-01-04,2025-08-02,20,Cancelled
S05959,U05959,2024-04-03,2024-05-03,2024-08-31,50,Cancelled
S05960,U05960,2024-02-24,2024-03-25,2024-04-24,50,Cancelled
S05961,U05961,2024-11-21,2024-12-21,2025-02-19,0,Cancelled
S05962,U05962,2024-09-09,2024-10-09,2025-04-07,50,Cancelled
S05963,U05963,2024-01-20,2024-02-19,2024-02-19,50,Cancelled
S05964,U05964,2024-07-22,2024-08-21,,20,Active
S05965,U05965,2024-08-30,2024-09-29,2024-10-29,0,Cancelled
S05966,U05966,2024-11-25,2024-12-25,,50,Active
S05967,U05967,2024-05-10,2024-06-09,2024-09-07,20,Cancelled
S05968,U05968,2024-09-14,2024-10-14,2024-10-14,0,Cancelled
S05969,U05969,2024-02-01,2024-03-02,2024-04-01,50,Cancelled
S05970,U05970,2024-10-03,2024-11-02,2025-05-31,50,Cancelled
S05971,U05971,2024-04-25,2024-05-25,2024-05-25,50,Cancelled
S05972,U05972,2024-11-04,2024-12-04,2025-02-02,50,Cancelled
S05973,U05973,2024-09-27,2024-10-27,2025-02-24,0,Cancelled
S05974,U05974,2024-05-27,2024-06-26,,0,Active
S05975,U05975,2024-01-14,2024-02-13,2024-07-12,20,Cancelled
S05976,U05976,2024-06-21,2024-07-21,2024-09-19,50,Cancelled
S05977,U05977,2024-12-30,2025-01-29,2025-11-25,20,Cancelled
S05978,U05978,2024-08-29,2024-09-28,2024-12-27,20,Cancelled
S05979,U05979,2024-08-31,2024-09-30,2024-09-30,0,Cancelled
S05980,U05980,2024-10-10,2024-11-09,,0,Active
S05981,U05981,2024-07-07,2024-08-06,2024-10-05,0,Cancelled
S05982,U05982,2024-06-12,2024-07-12,2024-07-12,0,Cancelled
S05983,U05983,2024-02-24,2024-03-25,2024-09-21,50,Cancelled
S05984,U05984,2024-07-31,2024-08-30,2025-03-28,20,Cancelled
S05985,U05985,2024-09-04,2024-10-04,2025-04-02,0,Cancelled
S05986,U05986,2024-07-21,2024-08-20,2024-10-19,20,Cancelled
S05987,U05987,2024-05-28,2024-06-27,2024-11-24,50,Cancelled
S05988,U05988,2024-11-21,2024-12-21,2025-05-20,20,Cancelled
S05989,U05989,2024-07-13,2024-08-12,2025-03-10,20,Cancelled
S05990,U05990,2024-02-15,2024-03-16,2024-08-13,50,Cancelled
S05991,U05991,2024-12-02,2025-01-01,2025-05-01,50,Cancelled
S05992,U05992,2024-12-30,2025-01-29,2025-01-29,50,Cancelled
S05993,U05993,2024-12-07,2025-01-06,2025-09-03,0,Cancelled
S05994,U05994,2024-09-08,2024-10-08,2025-03-07,50,Cancelled
S05995,U05995,2024-11-22,2024-12-22,2025-05-21,50,Cancelled
S05996,U05996,2024-07-20,2024-08-19,2025-02-15,20,Cancelled
S05997,U05997,2024-06-13,2024-07-13,2024-09-11,50,Cancelled
S05998,U05998,2024-10-21,2024-11-20,2025-01-19,50,Cancelled
S05999,U05999,2024-04-12,2024-05-12,2025-03-08,20,Cancelled
S06000,U06000,2024-12-20,2025-01-19,2025-05-19,20,Cancelled
S06001,U06001,2024-12-25,2025-01-24,2025-02-23,0,Cancelled
S06002,U06002,2024-05-28,2024-06-27,2025-03-24,20,Cancelled
S06003,U06003,2024-11-04,2024-12-04,2024-12-04,0,Cancelled
S06004,U06004,2024-01-13,2024-02-12,2024-10-09,20,Cancelled
S06005,U06005,2024-10-11,2024-11-10,2024-12-10,0,Cancelled
S06006,U06006,2024-04-15,2024-05-15,2024-07-14,0,Cancelled
S06007,U06007,2024-07-20,2024-08-19,2024-12-17,0,Cancelled
S06008,U06008,2024-05-13,2024-06-12,2025-03-09,20,Cancelled
S06009,U06009,2024-09-21,2024-10-21,2024-11-20,20,Cancelled
S06010,U06010,2024-08-24,2024-09-23,2025-02-20,0,Cancelled
S06011,U06011,2024-05-13,2024-06-12,2024-08-11,50,Cancelled
S06012,U06012,2024-08-13,2024-09-12,2024-12-11,20,Cancelled
S06013,U06013,2024-09-30,2024-10-30,2024-12-29,50,Cancelled
S06014,U06014,2024-04-01,2024-05-01,2024-05-01,0,Cancelled
S06015,U06015,2024-11-06,2024-12-06,2024-12-06,20,Cancelled
S06016,U06016,2024-10-04,2024-11-03,2025-06-01,0,Cancelled
S06017,U06017,2024-06-07,2024-07-07,2024-08-06,20,Cancelled
S06018,U06018,2024-05-14,2024-06-13,2025-03-10,0,Cancelled
S06019,U06019,2024-12-10,2025-01-09,2025-02-08,0,Cancelled
S06020,U06020,2024-09-23,2024-10-23,2024-10-23,0,Cancelled
S06021,U06021,2024-08-31,2024-09-30,2024-11-29,0,Cancelled
S06022,U06022,2024-11-27,2024-12-27,2024-12-27,0,Cancelled
S06023,U06023,2024-05-18,2024-06-17,2024-07-17,0,Cancelled
S06024,U06024,2024-10-02,2024-11-01,2024-12-01,50,Cancelled
S06025,U06025,2024-05-13,2024-06-12,2024-11-09,50,Cancelled
S06026,U06026,2024-03-20,2024-04-19,2024-06-18,20,Cancelled
S06027,U06027,2024-07-31,2024-08-30,2025-03-28,50,Cancelled
S06028,U06028,2024-05-01,2024-05-31,,20,Active
S06029,U06029,2024-10-10,2024-11-09,2025-02-07,50,Cancelled
S06030,U06030,2024-01-04,2024-02-03,2024-07-02,0,Cancelled
S06031,U06031,2024-10-06,2024-11-05,2024-11-05,50,Cancelled
S06032,U06032,2024-04-07,2024-05-07,2024-11-03,0,Cancelled
S06033,U06033,2024-03-26,2024-04-25,,50,Active
S06034,U06034,2024-02-27,2024-03-28,2024-04-27,0,Cancelled
S06035,U06035,2024-01-02,2024-02-01,2024-02-01,50,Cancelled
S06036,U06036,2024-03-20,2024-04-19,2024-07-18,50,Cancelled
S06037,U06037,2024-10-25,2024-11-24,,50,Active
S06038,U06038,2024-11-11,2024-12-11,2025-07-09,50,Cancelled
S06039,U06039,2024-05-02,2024-06-01,2024-07-31,0,Cancelled
S06040,U06040,2024-07-23,2024-08-22,2024-10-21,0,Cancelled
S06041,U06041,2024-06-13,2024-07-13,2024-11-10,50,Cancelled
S06042,U06042,2024-02-14,2024-03-15,2024-04-14,50,Cancelled
S06043,U06043,2024-08-07,2024-09-06,,0,Active
S06044,U06044,2024-11-01,2024-12-01,2025-09-27,20,Cancelled
S06045,U06045,2024-10-14,2024-11-13,2025-03-13,20,Cancelled
S06046,U06046,2024-10-01,2024-10-31,2025-03-30,0,Cancelled
S06047,U06047,2024-04-04,2024-05-04,2024-08-02,50,Cancelled
S06048,U06048,2024-12-02,2025-01-01,2025-01-01,50,Cancelled
S06049,U06049,2024-08-21,2024-09-20,2025-04-18,0,Cancelled
S06050,U06050,2024-06-13,2024-07-13,,20,Active
S06051,U06051,2024-09-13,2024-10-13,,50,Active
S06052,U06052,2024-02-23,2024-03-24,2024-07-22,0,Cancelled
S06053,U06053,2024-05-19,2024-06-18,2024-11-15,50,Cancelled
S06054,U06054,2024-03-10,2024-04-09,2024-08-07,50,Cancelled
S06055,U06055,2024-06-06,2024-07-06,2024-07-06,20,Cancelled
S06056,U06056,2024-03-22,2024-04-21,2024-04-21,20,Cancelled
S06057,U06057,2024-01-28,2024-02-27,2024-02-27,0,Cancelled
S06058,U06058,2024-12-11,2025-01-10,2025-05-10,50,Cancelled
S06059,U06059,2024-11-17,2024-12-17,2025-04-16,0,Cancelled
S06060,U06060,2024-03-21,2024-04-20,2024-08-18,20,Cancelled
S06061,U06061,2024-04-19,2024-05-19,2024-06-18,20,Cancelled
S06062,U06062,2024-07-01,2024-07-31,2024-11-28,20,Cancelled
S06063,U06063,2024-01-13,2024-02-12,2024-11-08,20,Cancelled
S06064,U06064,2024-06-07,2024-07-07,2025-02-02,0,Cancelled
S06065,U06065,2024-06-24,2024-07-24,2025-03-21,0,Cancelled
S06066,U06066,2024-08-15,2024-09-14,2024-10-14,20,Cancelled
S06067,U06067,2024-08-21,2024-09-20,2024-09-20,20,Cancelled
S06068,U06068,2024-06-17,2024-07-17,2024-07-17,20,Cancelled
S06069,U06069,2024-11-04,2024-12-04,2025-02-02,0,Cancelled
S06070,U06070,2024-04-11,2024-05-11,2024-07-10,50,Cancelled
S06071,U06071,2024-10-15,2024-11-14,2025-08-11,0,Cancelled
S06072,U06072,2024-05-27,2024-06-26,2024-07-26,50,Cancelled
S06073,U06073,2024-09-23,2024-10-23,2024-12-22,20,Cancelled
S06074,U06074,2024-07-13,2024-08-12,2025-01-09,50,Cancelled
S06075,U06075,2024-08-12,2024-09-11,2025-07-08,50,Cancelled
S06076,U06076,2024-05-09,2024-06-08,2024-06-08,50,Cancelled
S06077,U06077,2024-02-11,2024-03-12,2024-08-09,20,Cancelled
S06078,U06078,2024-09-25,2024-10-25,2024-10-25,0,Cancelled
S06079,U06079,2024-03-24,2024-04-23,2024-07-22,0,Cancelled
S06080,U06080,2024-12-05,2025-01-04,,20,Active
S06081,U06081,2024-02-01,2024-03-02,2024-06-30,50,Cancelled
S06082,U06082,2024-08-04,2024-09-03,2025-06-30,0,Cancelled
S06083,U06083,2024-04-26,2024-05-26,2025-01-21,0,Cancelled
S06084,U06084,2024-06-27,2024-07-27,2024-11-24,0,Cancelled
S06085,U06085,2024-10-25,2024-11-24,2024-11-24,50,Cancelled
S06086,U06086,2024-05-27,2024-06-26,2024-06-26,20,Cancelled
S06087,U06087,2024-05-18,2024-06-17,2024-06-17,0,Cancelled
S06088,U06088,2024-03-09,2024-04-08,2024-06-07,0,Cancelled
S06089,U06089,2024-11-20,2024-12-20,2025-01-19,0,Cancelled
S06090,U06090,2024-11-19,2024-12-19,2024-12-19,0,Cancelled
S06091,U06091,2024-12-14,2025-01-13,2025-04-13,0,Cancelled
S06092,U06092,2024-05-22,2024-06-21,,50,Active
S06093,U06093,2024-03-28,2024-04-27,2024-12-23,50,Cancelled
S06094,U06094,2024-12-13,2025-01-12,2025-04-12,20,Cancelled
S06095,U06095,2024-12-08,2025-01-07,2025-08-05,50,Cancelled
S06096,U06096,2024-03-27,2024-04-26,2024-04-26,20,Cancelled
S06097,U06097,2024-03-27,2024-04-26,2024-12-22,0,Cancelled
S06098,U06098,2024-02-29,2024-03-30,2024-05-29,20,Cancelled
S06099,U06099,2024-07-05,2024-08-04,2025-03-02,50,Cancelled
S06100,U06100,2024-07-10,2024-08-09,2024-08-09,20,Cancelled
S06101,U06101,2024-05-02,2024-06-01,2024-09-29,0,Cancelled
S06102,U06102,2024-11-09,2024-12-09,,50,Active
S06103,U06103,2024-06-25,2024-07-25,2025-01-21,50,Cancelled
S06104,U06104,2024-11-15,2024-12-15,2025-03-15,50,Cancelled
S06105,U06105,2024-06-04,2024-07-04,2024-07-04,20,Cancelled
S06106,U06106,2024-06-19,2024-07-19,2025-03-16,50,Cancelled
S06107,U06107,2024-06-14,2024-07-14,2024-08-13,50,Cancelled
S06108,U06108,2024-04-13,2024-05-13,2024-09-10,0,Cancelled
S06109,U06109,2024-07-23,2024-08-22,2024-08-22,0,Cancelled
S06110,U06110,2024-02-21,2024-03-22,2024-09-18,50,Cancelled
S06111,U06111,2024-06-03,2024-07-03,2025-01-29,20,Cancelled
S06112,U06112,2024-03-14,2024-04-13,2024-11-09,0,Cancelled
S06113,U06113,2024-03-08,2024-04-07,2024-04-07,0,Cancelled
S06114,U06114,2024-03-28,2024-04-27,,50,Active
S06115,U06115,2024-01-08,2024-02-07,2024-04-07,50,Cancelled
S06116,U06116,2024-05-15,2024-06-14,2024-12-11,50,Cancelled
S06117,U06117,2024-04-29,2024-05-29,2024-12-25,0,Cancelled
S06118,U06118,2024-04-04,2024-05-04,2024-06-03,50,Cancelled
S06119,U06119,2024-05-26,2024-06-25,2024-08-24,50,Cancelled
S06120,U06120,2024-07-11,2024-08-10,2024-08-10,0,Cancelled
S06121,U06121,2024-11-01,2024-12-01,2025-04-30,0,Cancelled
S06122,U06122,2024-04-06,2024-05-06,2024-12-02,50,Cancelled
S06123,U06123,2024-02-05,2024-03-06,2024-04-05,50,Cancelled
S06124,U06124,2024-06-13,2024-07-13,,20,Active
S06125,U06125,2024-10-05,2024-11-04,2024-11-04,50,Cancelled
S06126,U06126,2024-05-23,2024-06-22,2024-09-20,0,Cancelled
S06127,U06127,2024-04-10,2024-05-10,2024-09-07,20,Cancelled
S06128,U06128,2024-04-21,2024-05-21,2024-08-19,20,Cancelled
S06129,U06129,2024-01-22,2024-02-21,2024-07-20,0,Cancelled
S06130,U06130,2024-06-22,2024-07-22,2024-08-21,20,Cancelled
S06131,U06131,2024-12-11,2025-01-10,2025-04-10,50,Cancelled
S06132,U06132,2024-01-18,2024-02-17,2024-03-18,50,Cancelled
S06133,U06133,2024-02-27,2024-03-28,2024-11-23,50,Cancelled
S06134,U06134,2024-11-15,2024-12-15,2025-03-15,0,Cancelled
S06135,U06135,2024-06-23,2024-07-23,2024-08-22,50,Cancelled
S06136,U06136,2024-09-01,2024-10-01,2024-10-01,50,Cancelled
S06137,U06137,2024-01-03,2024-02-02,2024-02-02,50,Cancelled
S06138,U06138,2024-09-14,2024-10-14,2025-02-11,50,Cancelled
S06139,U06139,2024-11-13,2024-12-13,2025-07-11,20,Cancelled
S06140,U06140,2024-01-22,2024-02-21,2024-11-17,0,Cancelled
S06141,U06141,2024-03-29,2024-04-28,2024-04-28,0,Cancelled
S06142,U06142,2024-07-07,2024-08-06,2024-08-06,20,Cancelled
S06143,U06143,2024-08-04,2024-09-03,2024-09-03,50,Cancelled
S06144,U06144,2024-01-26,2024-02-25,,20,Active
S06145,U06145,2024-04-12,2024-05-12,2024-06-11,0,Cancelled
S06146,U06146,2024-08-08,2024-09-07,2025-02-04,50,Cancelled
S06147,U06147,2024-04-22,2024-05-22,2024-07-21,20,Cancelled
S06148,U06148,2024-04-07,2024-05-07,2024-06-06,50,Cancelled
S06149,U06149,2024-11-29,2024-12-29,2025-08-26,0,Cancelled
S06150,U06150,2024-07-05,2024-08-04,2024-10-03,20,Cancelled
S06151,U06151,2024-10-08,2024-11-07,2024-11-07,50,Cancelled
S06152,U06152,2024-05-24,2024-06-23,2024-08-22,0,Cancelled
S06153,U06153,2024-08-23,2024-09-22,2024-10-22,0,Cancelled
S06154,U06154,2024-05-30,2024-06-29,2024-11-26,50,Cancelled
S06155,U06155,2024-02-23,2024-03-24,,50,Active
S06156,U06156,2024-05-23,2024-06-22,2024-07-22,50,Cancelled
S06157,U06157,2024-03-27,2024-04-26,,0,Active
S06158,U06158,2024-10-18,2024-11-17,2025-05-16,0,Cancelled
S06159,U06159,2024-03-07,2024-04-06,2024-07-05,20,Cancelled
S06160,U06160,2024-01-15,2024-02-14,2024-07-13,20,Cancelled
S06161,U06161,2024-01-20,2024-02-19,,20,Active
S06162,U06162,2024-02-29,2024-03-30,2024-09-26,20,Cancelled
S06163,U06163,2024-10-17,2024-11-16,2024-11-16,20,Cancelled
S06164,U06164,2024-02-03,2024-03-04,2024-12-29,0,Cancelled
S06165,U06165,2024-03-01,2024-03-31,,20,Active
S06166,U06166,2024-04-16,2024-05-16,2024-06-15,0,Cancelled
S06167,U06167,2024-11-27,2024-12-27,2025-07-25,20,Cancelled
S06168,U06168,2024-06-27,2024-07-27,2024-07-27,20,Cancelled
S06169,U06169,2024-03-15,2024-04-14,2024-05-14,0,Cancelled
S06170,U06170,2024-03-31,2024-04-30,2024-08-28,0,Cancelled
S06171,U06171,2024-06-11,2024-07-11,2025-02-06,50,Cancelled
S06172,U06172,2024-02-08,2024-03-09,2024-08-06,50,Cancelled
S06173,U06173,2024-11-15,2024-12-15,2025-04-14,50,Cancelled
S06174,U06174,2024-06-05,2024-07-05,,0,Active
S06175,U06175,2024-11-21,2024-12-21,2025-02-19,20,Cancelled
S06176,U06176,2024-11-26,2024-12-26,,20,Active
S06177,U06177,2024-05-22,2024-06-21,2024-06-21,0,Cancelled
S06178,U06178,2024-12-23,2025-01-22,2025-03-23,50,Cancelled
S06179,U06179,2024-08-29,2024-09-28,2024-09-28,20,Cancelled
S06180,U06180,2024-09-16,2024-10-16,2025-06-13,50,Cancelled
S06181,U06181,2024-01-28,2024-02-27,2024-06-26,50,Cancelled
S06182,U06182,2024-02-19,2024-03-20,2025-01-14,50,Cancelled
S06183,U06183,2024-08-09,2024-09-08,2024-10-08,0,Cancelled
S06184,U06184,2024-10-28,2024-11-27,,50,Active
S06185,U06185,2024-12-15,2025-01-14,2025-06-13,0,Cancelled
S06186,U06186,2024-01-01,2024-01-31,2024-04-30,50,Cancelled
S06187,U06187,2024-07-19,2024-08-18,,20,Active
S06188,U06188,2024-04-21,2024-05-21,2024-06-20,20,Cancelled
S06189,U06189,2024-08-07,2024-09-06,2024-11-05,50,Cancelled
S06190,U06190,2024-06-22,2024-07-22,2024-09-20,0,Cancelled
S06191,U06191,2024-11-16,2024-12-16,2025-04-15,50,Cancelled
S06192,U06192,2024-07-08,2024-08-07,2024-10-06,50,Cancelled
S06193,U06193,2024-03-05,2024-04-04,2024-07-03,0,Cancelled
S06194,U06194,2024-12-23,2025-01-22,2025-09-19,20,Cancelled
S06195,U06195,2024-10-24,2024-11-23,2024-12-23,20,Cancelled
S06196,U06196,2024-09-09,2024-10-09,2024-10-09,0,Cancelled
S06197,U06197,2024-08-14,2024-09-13,2024-11-12,20,Cancelled
S06198,U06198,2024-07-09,2024-08-08,2025-04-05,20,Cancelled
S06199,U06199,2024-02-23,2024-03-24,,50,Active
S06200,U06200,2024-10-02,2024-11-01,2025-05-30,50,Cancelled
S06201,U06201,2024-08-05,2024-09-04,2024-11-03,20,Cancelled
S06202,U06202,2024-07-07,2024-08-06,2024-09-05,20,Cancelled
S06203,U06203,2024-04-13,2024-05-13,2024-06-12,0,Cancelled
S06204,U06204,2024-08-22,2024-09-21,2025-05-19,50,Cancelled
S06205,U06205,2024-02-29,2024-03-30,2024-04-29,0,Cancelled
S06206,U06206,2024-02-19,2024-03-20,,20,Active
S06207,U06207,2024-12-26,2025-01-25,2025-01-25,20,Cancelled
S06208,U06208,2024-09-12,2024-10-12,2024-11-11,0,Cancelled
S06209,U06209,2024-10-29,2024-11-28,2025-03-28,50,Cancelled
S06210,U06210,2024-12-19,2025-01-18,2025-11-14,0,Cancelled
S06211,U06211,2024-05-17,2024-06-16,2025-01-12,50,Cancelled
S06212,U06212,2024-07-30,2024-08-29,,50,Active
S06213,U06213,2024-10-03,2024-11-02,,50,Active
S06214,U06214,2024-06-29,2024-07-29,2025-03-26,0,Cancelled
S06215,U06215,2024-10-11,2024-11-10,2025-08-07,20,Cancelled
S06216,U06216,2024-12-08,2025-01-07,2025-04-07,50,Cancelled
S06217,U06217,2024-09-19,2024-10-19,2024-12-18,20,Cancelled
S06218,U06218,2024-07-19,2024-08-18,2025-02-14,50,Cancelled
S06219,U06219,2024-12-29,2025-01-28,2025-03-29,50,Cancelled
S06220,U06220,2024-10-02,2024-11-01,2024-11-01,50,Cancelled
S06221,U06221,2024-02-05,2024-03-06,,50,Active
S06222,U06222,2024-01-23,2024-02-22,2024-02-22,50,Cancelled
S06223,U06223,2024-12-27,2025-01-26,2025-02-25,50,Cancelled
S06224,U06224,2024-10-12,2024-11-11,2025-03-11,20,Cancelled
S06225,U06225,2024-12-18,2025-01-17,2025-01-17,50,Cancelled
S06226,U06226,2024-07-12,2024-08-11,2024-10-10,20,Cancelled
S06227,U06227,2024-03-11,2024-04-10,2024-04-10,0,Cancelled
S06228,U06228,2024-06-25,2024-07-25,2024-07-25,20,Cancelled
S06229,U06229,2024-05-29,2024-06-28,2024-06-28,0,Cancelled
S06230,U06230,2024-09-20,2024-10-20,2025-04-18,20,Cancelled
S06231,U06231,2024-11-06,2024-12-06,,20,Active
S06232,U06232,2024-04-12,2024-05-12,2024-06-11,50,Cancelled
S06233,U06233,2024-03-15,2024-04-14,2024-07-13,50,Cancelled
S06234,U06234,2024-04-12,2024-05-12,2024-08-10,50,Cancelled
S06235,U06235,2024-08-16,2024-09-15,2024-12-14,0,Cancelled
S06236,U06236,2024-11-22,2024-12-22,2025-03-22,20,Cancelled
S06237,U06237,2024-07-18,2024-08-17,2024-12-15,20,Cancelled
S06238,U06238,2024-02-17,2024-03-18,2024-12-13,20,Cancelled
S06239,U06239,2024-12-28,2025-01-27,2025-03-28,0,Cancelled
S06240,U06240,2024-08-01,2024-08-31,2024-09-30,50,Cancelled
S06241,U06241,2024-12-14,2025-01-13,2025-06-12,0,Cancelled
S06242,U06242,2024-05-13,2024-06-12,2024-08-11,20,Cancelled
S06243,U06243,2024-06-05,2024-07-05,2025-03-02,50,Cancelled
S06244,U06244,2024-07-30,2024-08-29,2024-12-27,50,Cancelled
S06245,U06245,2024-08-16,2024-09-15,2024-10-15,20,Cancelled
S06246,U06246,2024-05-13,2024-06-12,2024-09-10,0,Cancelled
S06247,U06247,2024-02-28,2024-03-29,2024-08-26,0,Cancelled
S06248,U06248,2024-07-01,2024-07-31,2024-07-31,0,Cancelled
S06249,U06249,2024-07-04,2024-08-03,2024-08-03,20,Cancelled
S06250,U06250,2024-04-29,2024-05-29,2024-09-26,20,Cancelled
S06251,U06251,2024-06-17,2024-07-17,2024-07-17,0,Cancelled
S06252,U06252,2024-08-12,2024-09-11,2025-02-08,20,Cancelled
S06253,U06253,2024-11-08,2024-12-08,2025-03-08,50,Cancelled
S06254,U06254,2024-12-19,2025-01-18,2025-03-19,0,Cancelled
S06255,U06255,2024-09-22,2024-10-22,,50,Active
S06256,U06256,2024-01-13,2024-02-12,2024-02-12,20,Cancelled
S06257,U06257,2024-06-08,2024-07-08,2025-02-03,50,Cancelled
S06258,U06258,2024-06-03,2024-07-03,2024-10-31,50,Cancelled
S06259,U06259,2024-07-24,2024-08-23,2024-09-22,20,Cancelled
S06260,U06260,2024-02-23,2024-03-24,2024-05-23,0,Cancelled
S06261,U06261,2024-06-23,2024-07-23,2024-09-21,50,Cancelled
S06262,U06262,2024-07-12,2024-08-11,2024-12-09,0,Cancelled
S06263,U06263,2024-12-23,2025-01-22,2025-11-18,20,Cancelled
S06264,U06264,2024-08-05,2024-09-04,2024-09-04,50,Cancelled
S06265,U06265,2024-07-20,2024-08-19,2024-12-17,0,Cancelled
S06266,U06266,2024-10-18,2024-11-17,2025-04-16,20,Cancelled
S06267,U06267,2024-08-13,2024-09-12,2024-09-12,20,Cancelled
S06268,U06268,2024-09-22,2024-10-22,2024-10-22,0,Cancelled
S06269,U06269,2024-10-01,2024-10-31,2025-04-29,0,Cancelled
S06270,U06270,2024-11-13,2024-12-13,2025-05-12,0,Cancelled
S06271,U06271,2024-05-17,2024-06-16,2024-09-14,20,Cancelled
S06272,U06272,2024-04-02,2024-05-02,2024-05-02,0,Cancelled
S06273,U06273,2024-11-05,2024-12-05,2024-12-05,20,Cancelled
S06274,U06274,2024-02-29,2024-03-30,2024-04-29,0,Cancelled
S06275,U06275,2024-07-23,2024-08-22,2024-09-21,0,Cancelled
S06276,U06276,2024-05-04,2024-06-03,2024-07-03,0,Cancelled
S06277,U06277,2024-06-02,2024-07-02,2024-08-01,0,Cancelled
S06278,U06278,2024-10-19,2024-11-18,2025-03-18,50,Cancelled
S06279,U06279,2024-07-03,2024-08-02,2024-08-02,0,Cancelled
S06280,U06280,2024-02-04,2024-03-05,2024-04-04,20,Cancelled
S06281,U06281,2024-08-29,2024-09-28,2025-02-25,50,Cancelled
S06282,U06282,2024-08-02,2024-09-01,2025-02-28,50,Cancelled
S06283,U06283,2024-12-04,2025-01-03,2025-03-04,0,Cancelled
S06284,U06284,2024-07-12,2024-08-11,2024-08-11,20,Cancelled
S06285,U06285,2024-02-09,2024-03-10,2024-03-10,20,Cancelled
S06286,U06286,2024-01-26,2024-02-25,2024-03-26,50,Cancelled
S06287,U06287,2024-03-09,2024-04-08,2024-05-08,50,Cancelled
S06288,U06288,2024-10-27,2024-11-26,2024-11-26,50,Cancelled
S06289,U06289,2024-06-01,2024-07-01,2025-04-27,0,Cancelled
S06290,U06290,2024-05-01,2024-05-31,2025-01-26,50,Cancelled
S06291,U06291,2024-09-23,2024-10-23,2025-06-20,0,Cancelled
S06292,U06292,2024-01-01,2024-01-31,2024-01-31,0,Cancelled
S06293,U06293,2024-06-25,2024-07-25,2024-08-24,0,Cancelled
S06294,U06294,2024-11-01,2024-12-01,2025-06-29,20,Cancelled
S06295,U06295,2024-09-07,2024-10-07,2025-05-05,20,Cancelled
S06296,U06296,2024-07-22,2024-08-21,2024-12-19,50,Cancelled
S06297,U06297,2024-02-12,2024-03-13,2024-04-12,50,Cancelled
S06298,U06298,2024-04-17,2024-05-17,2024-05-17,20,Cancelled
S06299,U06299,2024-03-05,2024-04-04,2024-04-04,0,Cancelled
S06300,U06300,2024-06-20,2024-07-20,2024-08-19,0,Cancelled
S06301,U06301,2024-03-29,2024-04-28,2024-11-24,50,Cancelled
S06302,U06302,2024-05-15,2024-06-14,2025-04-10,20,Cancelled
S06303,U06303,2024-10-18,2024-11-17,2025-01-16,20,Cancelled
S06304,U06304,2024-02-21,2024-03-22,2024-03-22,0,Cancelled
S06305,U06305,2024-04-30,2024-05-30,2024-12-26,20,Cancelled
S06306,U06306,2024-08-13,2024-09-12,2024-11-11,0,Cancelled
S06307,U06307,2024-09-28,2024-10-28,2024-10-28,20,Cancelled
S06308,U06308,2024-01-17,2024-02-16,2024-06-15,50,Cancelled
S06309,U06309,2024-09-20,2024-10-20,2024-11-19,20,Cancelled
S06310,U06310,2024-08-19,2024-09-18,,20,Active
S06311,U06311,2024-09-22,2024-10-22,2024-10-22,50,Cancelled
S06312,U06312,2024-04-06,2024-05-06,,50,Active
S06313,U06313,2024-01-08,2024-02-07,2024-08-05,50,Cancelled
S06314,U06314,2024-09-10,2024-10-10,2025-03-09,20,Cancelled
S06315,U06315,2024-03-10,2024-04-09,2024-08-07,50,Cancelled
S06316,U06316,2024-03-25,2024-04-24,2024-06-23,20,Cancelled
S06317,U06317,2024-02-10,2024-03-11,2024-08-08,50,Cancelled
S06318,U06318,2024-02-02,2024-03-03,2024-07-01,0,Cancelled
S06319,U06319,2024-10-28,2024-11-27,2024-11-27,0,Cancelled
S06320,U06320,2024-09-20,2024-10-20,2025-07-17,50,Cancelled
S06321,U06321,2024-03-10,2024-04-09,2024-05-09,20,Cancelled
S06322,U06322,2024-09-21,2024-10-21,2024-10-21,0,Cancelled
S06323,U06323,2024-04-22,2024-05-22,2024-05-22,50,Cancelled
S06324,U06324,2024-07-07,2024-08-06,2024-09-05,0,Cancelled
S06325,U06325,2024-09-15,2024-10-15,2025-03-14,20,Cancelled
S06326,U06326,2024-03-30,2024-04-29,2024-08-27,50,Cancelled
S06327,U06327,2024-04-12,2024-05-12,2024-10-09,50,Cancelled
S06328,U06328,2024-11-10,2024-12-10,2025-09-06,50,Cancelled
S06329,U06329,2024-03-19,2024-04-18,2024-05-18,0,Cancelled
S06330,U06330,2024-08-27,2024-09-26,2024-10-26,0,Cancelled
S06331,U06331,2024-10-20,2024-11-19,2025-04-18,20,Cancelled
S06332,U06332,2024-10-30,2024-11-29,2024-11-29,20,Cancelled
S06333,U06333,2024-11-16,2024-12-16,2025-06-14,0,Cancelled
S06334,U06334,2024-03-13,2024-04-12,2024-05-12,50,Cancelled
S06335,U06335,2024-01-12,2024-02-11,2024-02-11,0,Cancelled
S06336,U06336,2024-02-24,2024-03-25,2024-03-25,0,Cancelled
S06337,U06337,2024-09-08,2024-10-08,2024-11-07,20,Cancelled
S06338,U06338,2024-07-09,2024-08-08,2025-06-04,20,Cancelled
S06339,U06339,2024-01-09,2024-02-08,,20,Active
S06340,U06340,2024-06-06,2024-07-06,2024-07-06,50,Cancelled
S06341,U06341,2024-07-09,2024-08-08,2024-09-07,0,Cancelled
S06342,U06342,2024-01-13,2024-02-12,2024-04-12,20,Cancelled
S06343,U06343,2024-11-14,2024-12-14,2025-01-13,0,Cancelled
S06344,U06344,2024-12-09,2025-01-08,2025-09-05,0,Cancelled
S06345,U06345,2024-08-17,2024-09-16,2025-05-14,0,Cancelled
S06346,U06346,2024-04-07,2024-05-07,2024-06-06,0,Cancelled
S06347,U06347,2024-02-24,2024-03-25,2024-03-25,50,Cancelled
S06348,U06348,2024-03-06,2024-04-05,2024-09-02,0,Cancelled
S06349,U06349,2024-03-06,2024-04-05,,50,Active
S06350,U06350,2024-10-09,2024-11-08,,20,Active
S06351,U06351,2024-07-26,2024-08-25,2024-08-25,20,Cancelled
S06352,U06352,2024-01-21,2024-02-20,2024-08-18,0,Cancelled
S06353,U06353,2024-09-09,2024-10-09,2025-06-06,0,Cancelled
S06354,U06354,2024-03-01,2024-03-31,2024-05-30,0,Cancelled
S06355,U06355,2024-03-07,2024-04-06,2024-07-05,20,Cancelled
S06356,U06356,2024-10-24,2024-11-23,2025-01-22,50,Cancelled
S06357,U06357,2024-01-14,2024-02-13,2024-12-09,50,Cancelled
S06358,U06358,2024-02-04,2024-03-05,2024-07-03,0,Cancelled
S06359,U06359,2024-09-06,2024-10-06,2025-01-04,20,Cancelled
S06360,U06360,2024-08-14,2024-09-13,2024-10-13,0,Cancelled
S06361,U06361,2024-10-02,2024-11-01,2025-07-29,50,Cancelled
S06362,U06362,2024-02-04,2024-03-05,2024-08-02,0,Cancelled
S06363,U06363,2024-08-25,2024-09-24,2025-04-22,50,Cancelled
S06364,U06364,2024-12-24,2025-01-23,,50,Active
S06365,U06365,2024-06-11,2024-07-11,2025-01-07,0,Cancelled
S06366,U06366,2024-11-17,2024-12-17,2025-05-16,20,Cancelled
S06367,U06367,2024-11-03,2024-12-03,,0,Active
S06368,U06368,2024-06-21,2024-07-21,2025-01-17,0,Cancelled
S06369,U06369,2024-02-23,2024-03-24,2024-06-22,0,Cancelled
S06370,U06370,2024-10-21,2024-11-20,2024-11-20,50,Cancelled
S06371,U06371,2024-01-27,2024-02-26,2024-05-26,0,Cancelled
S06372,U06372,2024-05-27,2024-06-26,2025-03-23,0,Cancelled
S06373,U06373,2024-03-20,2024-04-19,2024-04-19,0,Cancelled
S06374,U06374,2024-01-13,2024-02-12,2024-04-12,0,Cancelled
S06375,U06375,2024-10-19,2024-11-18,2025-03-18,20,Cancelled
S06376,U06376,2024-12-17,2025-01-16,2025-04-16,20,Cancelled
S06377,U06377,2024-08-19,2024-09-18,2024-09-18,0,Cancelled
S06378,U06378,2024-03-01,2024-03-31,2024-09-27,50,Cancelled
S06379,U06379,2024-01-31,2024-03-01,2024-05-30,20,Cancelled
S06380,U06380,2024-10-17,2024-11-16,2025-02-14,50,Cancelled
S06381,U06381,2024-12-08,2025-01-07,2025-04-07,50,Cancelled
S06382,U06382,2024-02-22,2024-03-23,2024-10-19,50,Cancelled
S06383,U06383,2024-07-25,2024-08-24,2025-04-21,0,Cancelled
S06384,U06384,2024-02-19,2024-03-20,2024-08-17,50,Cancelled
S06385,U06385,2024-10-29,2024-11-28,2025-02-26,50,Cancelled
S06386,U06386,2024-04-29,2024-05-29,2024-05-29,0,Cancelled
S06387,U06387,2024-01-24,2024-02-23,2024-03-24,20,Cancelled
S06388,U06388,2024-03-14,2024-04-13,2024-12-09,50,Cancelled
S06389,U06389,2024-09-06,2024-10-06,2025-04-04,0,Cancelled
S06390,U06390,2024-12-19,2025-01-18,2025-02-17,50,Cancelled
S06391,U06391,2024-02-23,2024-03-24,2024-08-21,0,Cancelled
S06392,U06392,2024-09-28,2024-10-28,2025-01-26,20,Cancelled
S06393,U06393,2024-01-23,2024-02-22,2024-08-20,50,Cancelled
S06394,U06394,2024-05-15,2024-06-14,2024-06-14,20,Cancelled
S06395,U06395,2024-05-22,2024-06-21,2024-07-21,20,Cancelled
S06396,U06396,2024-11-19,2024-12-19,2025-01-18,50,Cancelled
S06397,U06397,2024-03-08,2024-04-07,2024-04-07,20,Cancelled
S06398,U06398,2024-08-30,2024-09-29,2025-01-27,50,Cancelled
S06399,U06399,2024-05-14,2024-06-13,2024-06-13,0,Cancelled
S06400,U06400,2024-01-17,2024-02-16,2024-02-16,20,Cancelled
S06401,U06401,2024-06-13,2024-07-13,2024-08-12,20,Cancelled
S06402,U06402,2024-06-15,2024-07-15,2024-08-14,0,Cancelled
S06403,U06403,2024-06-12,2024-07-12,2024-09-10,50,Cancelled
S06404,U06404,2024-11-05,2024-12-05,2025-01-04,20,Cancelled
S06405,U06405,2024-06-26,2024-07-26,2024-11-23,50,Cancelled
S06406,U06406,2024-11-01,2024-12-01,2025-05-30,0,Cancelled
S06407,U06407,2024-10-06,2024-11-05,2025-01-04,20,Cancelled
S06408,U06408,2024-09-07,2024-10-07,2025-02-04,50,Cancelled
S06409,U06409,2024-09-23,2024-10-23,,20,Active
S06410,U06410,2024-12-05,2025-01-04,2025-01-04,0,Cancelled
S06411,U06411,2024-07-19,2024-08-18,2024-08-18,20,Cancelled
S06412,U06412,2024-11-25,2024-12-25,2024-12-25,50,Cancelled
S06413,U06413,2024-06-20,2024-07-20,2024-12-17,0,Cancelled
S06414,U06414,2024-01-07,2024-02-06,2024-03-07,20,Cancelled
S06415,U06415,2024-10-13,2024-11-12,2024-11-12,20,Cancelled
S06416,U06416,2024-04-20,2024-05-20,2024-08-18,50,Cancelled
S06417,U06417,2024-11-19,2024-12-19,2024-12-19,50,Cancelled
S06418,U06418,2024-05-13,2024-06-12,2024-06-12,50,Cancelled
S06419,U06419,2024-07-21,2024-08-20,2024-10-19,20,Cancelled
S06420,U06420,2024-03-30,2024-04-29,2025-02-23,50,Cancelled
S06421,U06421,2024-02-08,2024-03-09,2024-05-08,50,Cancelled
S06422,U06422,2024-01-10,2024-02-09,2024-02-09,0,Cancelled
S06423,U06423,2024-05-17,2024-06-16,2024-07-16,20,Cancelled
S06424,U06424,2024-07-18,2024-08-17,2024-10-16,0,Cancelled
S06425,U06425,2024-06-10,2024-07-10,2024-08-09,0,Cancelled
S06426,U06426,2024-04-05,2024-05-05,2024-05-05,0,Cancelled
S06427,U06427,2024-12-25,2025-01-24,,0,Active
S06428,U06428,2024-02-24,2024-03-25,2024-12-20,50,Cancelled
S06429,U06429,2024-08-25,2024-09-24,2024-11-23,50,Cancelled
S06430,U06430,2024-02-03,2024-03-04,2024-03-04,0,Cancelled
S06431,U06431,2024-03-20,2024-04-19,2024-06-18,50,Cancelled
S06432,U06432,2024-07-23,2024-08-22,2025-02-18,20,Cancelled
S06433,U06433,2024-07-12,2024-08-11,2025-04-08,50,Cancelled
S06434,U06434,2024-07-30,2024-08-29,2024-10-28,0,Cancelled
S06435,U06435,2024-07-12,2024-08-11,2024-09-10,0,Cancelled
S06436,U06436,2024-08-18,2024-09-17,,20,Active
S06437,U06437,2024-11-06,2024-12-06,2024-12-06,0,Cancelled
S06438,U06438,2024-08-28,2024-09-27,2024-11-26,0,Cancelled
S06439,U06439,2024-12-14,2025-01-13,2025-02-12,50,Cancelled
S06440,U06440,2024-04-29,2024-05-29,,20,Active
S06441,U06441,2024-12-04,2025-01-03,2025-07-02,50,Cancelled
S06442,U06442,2024-09-16,2024-10-16,2025-01-14,0,Cancelled
S06443,U06443,2024-06-09,2024-07-09,2024-12-06,20,Cancelled
S06444,U06444,2024-12-10,2025-01-09,2025-02-08,20,Cancelled
S06445,U06445,2024-07-13,2024-08-12,,50,Active
S06446,U06446,2024-05-13,2024-06-12,2024-06-12,20,Cancelled
S06447,U06447,2024-07-29,2024-08-28,2024-11-26,20,Cancelled
S06448,U06448,2024-06-23,2024-07-23,2024-08-22,20,Cancelled
S06449,U06449,2024-03-01,2024-03-31,2024-05-30,50,Cancelled
S06450,U06450,2024-03-31,2024-04-30,2024-10-27,20,Cancelled
S06451,U06451,2024-08-02,2024-09-01,2024-10-01,20,Cancelled
S06452,U06452,2024-07-31,2024-08-30,2024-09-29,20,Cancelled
S06453,U06453,2024-01-06,2024-02-05,2024-03-06,50,Cancelled
S06454,U06454,2024-12-08,2025-01-07,2025-05-07,0,Cancelled
S06455,U06455,2024-09-04,2024-10-04,2025-02-01,0,Cancelled
S06456,U06456,2024-08-20,2024-09-19,2024-10-19,50,Cancelled
S06457,U06457,2024-03-12,2024-04-11,2024-06-10,20,Cancelled
S06458,U06458,2024-03-27,2024-04-26,2024-08-24,20,Cancelled
S06459,U06459,2024-06-09,2024-07-09,2024-07-09,20,Cancelled
S06460,U06460,2024-01-08,2024-02-07,2024-03-08,20,Cancelled
S06461,U06461,2024-08-19,2024-09-18,2024-11-17,0,Cancelled
S06462,U06462,2024-05-31,2024-06-30,2025-01-26,0,Cancelled
S06463,U06463,2024-07-12,2024-08-11,2025-05-08,20,Cancelled
S06464,U06464,2024-02-15,2024-03-16,2024-03-16,20,Cancelled
S06465,U06465,2024-07-28,2024-08-27,2025-02-23,20,Cancelled
S06466,U06466,2024-09-16,2024-10-16,2025-03-15,0,Cancelled
S06467,U06467,2024-09-19,2024-10-19,2025-03-18,50,Cancelled
S06468,U06468,2024-11-06,2024-12-06,,20,Active
S06469,U06469,2024-03-13,2024-04-12,2024-07-11,50,Cancelled
S06470,U06470,2024-08-03,2024-09-02,,0,Active
S06471,U06471,2024-08-11,2024-09-10,,0,Active
S06472,U06472,2024-01-25,2024-02-24,2024-04-24,50,Cancelled
S06473,U06473,2024-10-02,2024-11-01,2025-05-30,0,Cancelled
S06474,U06474,2024-12-21,2025-01-20,2025-05-20,0,Cancelled
S06475,U06475,2024-02-13,2024-03-14,2024-08-11,0,Cancelled
S06476,U06476,2024-06-07,2024-07-07,2024-12-04,20,Cancelled
S06477,U06477,2024-03-14,2024-04-13,2024-08-11,20,Cancelled
S06478,U06478,2024-03-22,2024-04-21,2024-06-20,0,Cancelled
S06479,U06479,2024-08-24,2024-09-23,2024-09-23,50,Cancelled
S06480,U06480,2024-06-13,2024-07-13,2024-08-12,20,Cancelled
S06481,U06481,2024-11-14,2024-12-14,2025-02-12,20,Cancelled
S06482,U06482,2024-07-04,2024-08-03,2024-09-02,50,Cancelled
S06483,U06483,2024-01-26,2024-02-25,2024-02-25,0,Cancelled
S06484,U06484,2024-02-15,2024-03-16,2024-03-16,0,Cancelled
S06485,U06485,2024-02-02,2024-03-03,,50,Active
S06486,U06486,2024-11-11,2024-12-11,2025-03-11,0,Cancelled
S06487,U06487,2024-09-15,2024-10-15,2025-02-12,50,Cancelled
S06488,U06488,2024-09-02,2024-10-02,2025-03-31,20,Cancelled
S06489,U06489,2024-07-14,2024-08-13,2024-09-12,50,Cancelled
S06490,U06490,2024-06-24,2024-07-24,2024-10-22,20,Cancelled
S06491,U06491,2024-10-13,2024-11-12,,0,Active
S06492,U06492,2024-07-26,2024-08-25,,20,Active
S06493,U06493,2024-03-01,2024-03-31,2024-03-31,20,Cancelled
S06494,U06494,2024-12-26,2025-01-25,2025-01-25,50,Cancelled
S06495,U06495,2024-07-15,2024-08-14,,0,Active
S06496,U06496,2024-09-27,2024-10-27,2024-10-27,0,Cancelled
S06497,U06497,2024-03-19,2024-04-18,2024-06-17,50,Cancelled
S06498,U06498,2024-12-11,2025-01-10,2025-05-10,20,Cancelled
S06499,U06499,2024-08-04,2024-09-03,2024-10-03,50,Cancelled
S06500,U06500,2024-05-29,2024-06-28,2024-08-27,50,Cancelled
S06501,U06501,2024-06-05,2024-07-05,2024-12-02,50,Cancelled
S06502,U06502,2024-01-30,2024-02-29,2024-03-30,50,Cancelled
S06503,U06503,2024-06-13,2024-07-13,2024-09-11,0,Cancelled
S06504,U06504,2024-09-02,2024-10-02,2024-11-01,50,Cancelled
S06505,U06505,2024-10-22,2024-11-21,2025-01-20,20,Cancelled
S06506,U06506,2024-04-19,2024-05-19,2024-05-19,0,Cancelled
S06507,U06507,2024-04-01,2024-05-01,2025-01-26,50,Cancelled
S06508,U06508,2024-10-12,2024-11-11,2024-11-11,0,Cancelled
S06509,U06509,2024-01-01,2024-01-31,2024-03-01,20,Cancelled
S06510,U06510,2024-10-31,2024-11-30,2025-02-28,20,Cancelled
S06511,U06511,2024-01-08,2024-02-07,2024-03-08,50,Cancelled
S06512,U06512,2024-06-17,2024-07-17,2024-09-15,20,Cancelled
S06513,U06513,2024-01-14,2024-02-13,2024-02-13,0,Cancelled
S06514,U06514,2024-11-23,2024-12-23,2025-07-21,0,Cancelled
S06515,U06515,2024-10-31,2024-11-30,2025-01-29,0,Cancelled
S06516,U06516,2024-08-25,2024-09-24,2024-09-24,20,Cancelled
S06517,U06517,2024-12-25,2025-01-24,2025-01-24,20,Cancelled
S06518,U06518,2024-08-11,2024-09-10,2025-02-07,0,Cancelled
S06519,U06519,2024-08-01,2024-08-31,2025-02-27,20,Cancelled
S06520,U06520,2024-11-23,2024-12-23,2025-03-23,0,Cancelled
S06521,U06521,2024-11-02,2024-12-02,2025-04-01,50,Cancelled
S06522,U06522,2024-02-08,2024-03-09,2024-04-08,20,Cancelled
S06523,U06523,2024-10-11,2024-11-10,2025-04-09,50,Cancelled
S06524,U06524,2024-06-08,2024-07-08,2024-09-06,20,Cancelled
S06525,U06525,2024-01-03,2024-02-02,,0,Active
S06526,U06526,2024-11-02,2024-12-02,,0,Active
S06527,U06527,2024-10-26,2024-11-25,2025-06-23,20,Cancelled
S06528,U06528,2024-06-07,2024-07-07,2024-07-07,20,Cancelled
S06529,U06529,2024-10-06,2024-11-05,2025-01-04,50,Cancelled
S06530,U06530,2024-09-16,2024-10-16,2024-12-15,50,Cancelled
S06531,U06531,2024-08-01,2024-08-31,2025-05-28,50,Cancelled
S06532,U06532,2024-11-23,2024-12-23,2025-01-22,0,Cancelled
S06533,U06533,2024-10-14,2024-11-13,2024-12-13,20,Cancelled
S06534,U06534,2024-03-09,2024-04-08,,0,Active
S06535,U06535,2024-05-14,2024-06-13,2024-12-10,0,Cancelled
S06536,U06536,2024-05-21,2024-06-20,2024-10-18,50,Cancelled
S06537,U06537,2024-11-19,2024-12-19,2025-06-17,50,Cancelled
S06538,U06538,2024-10-29,2024-11-28,2025-06-26,0,Cancelled
S06539,U06539,2024-02-10,2024-03-11,2024-03-11,0,Cancelled
S06540,U06540,2024-12-07,2025-01-06,2025-03-07,0,Cancelled
S06541,U06541,2024-11-06,2024-12-06,2024-12-06,50,Cancelled
S06542,U06542,2024-06-10,2024-07-10,2024-10-08,20,Cancelled
S06543,U06543,2024-11-28,2024-12-28,2024-12-28,20,Cancelled
S06544,U06544,2024-05-14,2024-06-13,,0,Active
S06545,U06545,2024-03-24,2024-04-23,2024-10-20,50,Cancelled
S06546,U06546,2024-06-13,2024-07-13,2025-05-09,20,Cancelled
S06547,U06547,2024-06-17,2024-07-17,,20,Active
S06548,U06548,2024-10-20,2024-11-19,,0,Active
S06549,U06549,2024-12-02,2025-01-01,2025-03-02,20,Cancelled
S06550,U06550,2024-04-18,2024-05-18,,0,Active
S06551,U06551,2024-07-03,2024-08-02,2025-04-29,20,Cancelled
S06552,U06552,2024-10-25,2024-11-24,2024-12-24,50,Cancelled
S06553,U06553,2024-07-17,2024-08-16,2024-08-16,0,Cancelled
S06554,U06554,2024-08-05,2024-09-04,2024-09-04,0,Cancelled
S06555,U06555,2024-12-02,2025-01-01,,50,Active
S06556,U06556,2024-06-20,2024-07-20,2024-07-20,50,Cancelled
S06557,U06557,2024-04-12,2024-05-12,2025-01-07,50,Cancelled
S06558,U06558,2024-05-04,2024-06-03,2024-10-01,0,Cancelled
S06559,U06559,2024-03-02,2024-04-01,2024-05-31,20,Cancelled
S06560,U06560,2024-04-13,2024-05-13,2024-09-10,0,Cancelled
S06561,U06561,2024-12-08,2025-01-07,,20,Active
S06562,U06562,2024-05-05,2024-06-04,2024-08-03,50,Cancelled
S06563,U06563,2024-12-11,2025-01-10,2025-05-10,0,Cancelled
S06564,U06564,2024-05-24,2024-06-23,2024-06-23,50,Cancelled
S06565,U06565,2024-07-31,2024-08-30,2024-08-30,0,Cancelled
S06566,U06566,2024-12-08,2025-01-07,2025-03-08,50,Cancelled
S06567,U06567,2024-03-25,2024-04-24,2024-11-20,50,Cancelled
S06568,U06568,2024-11-16,2024-12-16,2025-07-14,20,Cancelled
S06569,U06569,2024-01-18,2024-02-17,2024-06-16,20,Cancelled
S06570,U06570,2024-12-28,2025-01-27,2025-07-26,0,Cancelled
S06571,U06571,2024-04-29,2024-05-29,,0,Active
S06572,U06572,2024-11-09,2024-12-09,2025-09-05,20,Cancelled
S06573,U06573,2024-03-30,2024-04-29,2025-02-23,50,Cancelled
S06574,U06574,2024-03-25,2024-04-24,2024-12-20,20,Cancelled
S06575,U06575,2024-12-02,2025-01-01,2025-01-01,0,Cancelled
S06576,U06576,2024-10-21,2024-11-20,2025-03-20,0,Cancelled
S06577,U06577,2024-05-02,2024-06-01,2024-07-01,50,Cancelled
S06578,U06578,2024-10-29,2024-11-28,,50,Active
S06579,U06579,2024-05-19,2024-06-18,2024-07-18,50,Cancelled
S06580,U06580,2024-06-29,2024-07-29,,20,Active
S06581,U06581,2024-03-05,2024-04-04,2024-05-04,0,Cancelled
S06582,U06582,2024-05-14,2024-06-13,2024-10-11,20,Cancelled
S06583,U06583,2024-12-21,2025-01-20,2025-03-21,50,Cancelled
S06584,U06584,2024-06-11,2024-07-11,2024-08-10,50,Cancelled
S06585,U06585,2024-07-13,2024-08-12,2024-11-10,20,Cancelled
S06586,U06586,2024-08-31,2024-09-30,2025-06-27,50,Cancelled
S06587,U06587,2024-08-11,2024-09-10,2024-12-09,20,Cancelled
S06588,U06588,2024-09-06,2024-10-06,2025-03-05,0,Cancelled
S06589,U06589,2024-03-18,2024-04-17,2024-12-13,0,Cancelled
S06590,U06590,2024-05-20,2024-06-19,2024-12-16,0,Cancelled
S06591,U06591,2024-03-15,2024-04-14,2024-09-11,20,Cancelled
S06592,U06592,2024-09-01,2024-10-01,2024-10-01,0,Cancelled
S06593,U06593,2024-08-21,2024-09-20,2024-09-20,0,Cancelled
S06594,U06594,2024-11-23,2024-12-23,2025-08-20,0,Cancelled
S06595,U06595,2024-09-27,2024-10-27,2025-01-25,0,Cancelled
S06596,U06596,2024-09-27,2024-10-27,2024-10-27,0,Cancelled
S06597,U06597,2024-12-29,2025-01-28,2025-02-27,0,Cancelled
S06598,U06598,2024-04-07,2024-05-07,2024-11-03,20,Cancelled
S06599,U06599,2024-06-07,2024-07-07,2024-10-05,20,Cancelled
S06600,U06600,2024-03-06,2024-04-05,,50,Active
S06601,U06601,2024-05-29,2024-06-28,2024-06-28,0,Cancelled
S06602,U06602,2024-04-25,2024-05-25,2024-05-25,20,Cancelled
S06603,U06603,2024-12-02,2025-01-01,2025-01-31,20,Cancelled
S06604,U06604,2024-10-20,2024-11-19,2025-02-17,0,Cancelled
S06605,U06605,2024-09-10,2024-10-10,,0,Active
S06606,U06606,2024-06-04,2024-07-04,2025-03-31,20,Cancelled
S06607,U06607,2024-05-28,2024-06-27,,20,Active
S06608,U06608,2024-07-01,2024-07-31,2025-05-27,50,Cancelled
S06609,U06609,2024-09-16,2024-10-16,,20,Active
S06610,U06610,2024-09-30,2024-10-30,2025-07-27,0,Cancelled
S06611,U06611,2024-08-12,2024-09-11,2024-09-11,0,Cancelled
S06612,U06612,2024-06-22,2024-07-22,2024-10-20,0,Cancelled
S06613,U06613,2024-07-29,2024-08-28,2024-09-27,50,Cancelled
S06614,U06614,2024-10-07,2024-11-06,2025-02-04,50,Cancelled
S06615,U06615,2024-04-26,2024-05-26,2024-07-25,0,Cancelled
S06616,U06616,2024-07-27,2024-08-26,2024-08-26,0,Cancelled
S06617,U06617,2024-04-15,2024-05-15,2024-07-14,0,Cancelled
S06618,U06618,2024-01-13,2024-02-12,2024-04-12,20,Cancelled
S06619,U06619,2024-03-22,2024-04-21,2024-12-17,20,Cancelled
S06620,U06620,2024-09-10,2024-10-10,2024-12-09,0,Cancelled
S06621,U06621,2024-06-30,2024-07-30,,0,Active
S06622,U06622,2024-03-22,2024-04-21,2024-05-21,20,Cancelled
S06623,U06623,2024-03-05,2024-04-04,2024-07-03,20,Cancelled
S06624,U06624,2024-10-28,2024-11-27,,0,Active
S06625,U06625,2024-12-20,2025-01-19,2025-05-19,0,Cancelled
S06626,U06626,2024-11-05,2024-12-05,2025-08-02,0,Cancelled
S06627,U06627,2024-11-12,2024-12-12,2025-03-12,50,Cancelled
S06628,U06628,2024-02-05,2024-03-06,2024-09-02,20,Cancelled
S06629,U06629,2024-10-16,2024-11-15,2025-01-14,50,Cancelled
S06630,U06630,2024-04-03,2024-05-03,2024-12-29,50,Cancelled
S06631,U06631,2024-11-23,2024-12-23,,0,Active
S06632,U06632,2024-09-26,2024-10-26,2025-08-22,50,Cancelled
S06633,U06633,2024-05-13,2024-06-12,,50,Active
S06634,U06634,2024-05-13,2024-06-12,2024-08-11,50,Cancelled
S06635,U06635,2024-04-19,2024-05-19,2024-11-15,20,Cancelled
S06636,U06636,2024-12-10,2025-01-09,,50,Active
S06637,U06637,2024-04-02,2024-05-02,2024-10-29,50,Cancelled
S06638,U06638,2024-08-12,2024-09-11,,0,Active
S06639,U06639,2024-12-13,2025-01-12,2025-06-11,50,Cancelled
S06640,U06640,2024-06-21,2024-07-21,2025-01-17,0,Cancelled
S06641,U06641,2024-11-09,2024-12-09,2025-01-08,50,Cancelled
S06642,U06642,2024-08-19,2024-09-18,2024-09-18,50,Cancelled
S06643,U06643,2024-02-09,2024-03-10,2024-12-05,20,Cancelled
S06644,U06644,2024-02-25,2024-03-26,2024-07-24,50,Cancelled
S06645,U06645,2024-08-06,2024-09-05,2025-03-04,50,Cancelled
S06646,U06646,2024-12-29,2025-01-28,2025-06-27,0,Cancelled
S06647,U06647,2024-02-09,2024-03-10,2024-03-10,0,Cancelled
S06648,U06648,2024-09-27,2024-10-27,2024-12-26,20,Cancelled
S06649,U06649,2024-08-31,2024-09-30,2024-09-30,0,Cancelled
S06650,U06650,2024-11-08,2024-12-08,2025-01-07,0,Cancelled
S06651,U06651,2024-07-23,2024-08-22,2024-08-22,0,Cancelled
S06652,U06652,2024-01-29,2024-02-28,2024-10-25,50,Cancelled
S06653,U06653,2024-02-06,2024-03-07,,50,Active
S06654,U06654,2024-08-20,2024-09-19,2024-09-19,0,Cancelled
S06655,U06655,2024-03-12,2024-04-11,2024-10-08,20,Cancelled
S06656,U06656,2024-06-12,2024-07-12,2025-01-08,50,Cancelled
S06657,U06657,2024-10-16,2024-11-15,2025-03-15,20,Cancelled
S06658,U06658,2024-11-11,2024-12-11,,20,Active
S06659,U06659,2024-02-11,2024-03-12,2024-08-09,0,Cancelled
S06660,U06660,2024-10-17,2024-11-16,2025-05-15,50,Cancelled
S06661,U06661,2024-08-09,2024-09-08,2024-09-08,0,Cancelled
S06662,U06662,2024-05-09,2024-06-08,2025-03-05,0,Cancelled
S06663,U06663,2024-03-21,2024-04-20,2024-09-17,20,Cancelled
S06664,U06664,2024-12-22,2025-01-21,2025-11-17,0,Cancelled
S06665,U06665,2024-05-08,2024-06-07,2024-07-07,20,Cancelled
S06666,U06666,2024-02-29,2024-03-30,2024-08-27,20,Cancelled
S06667,U06667,2024-12-17,2025-01-16,2025-01-16,20,Cancelled
S06668,U06668,2024-11-11,2024-12-11,2025-07-09,50,Cancelled
S06669,U06669,2024-08-05,2024-09-04,2024-09-04,0,Cancelled
S06670,U06670,2024-10-10,2024-11-09,2025-01-08,0,Cancelled
S06671,U06671,2024-04-27,2024-05-27,2024-12-23,20,Cancelled
S06672,U06672,2024-03-30,2024-04-29,2024-05-29,50,Cancelled
S06673,U06673,2024-11-08,2024-12-08,2024-12-08,20,Cancelled
S06674,U06674,2024-06-01,2024-07-01,2024-07-01,50,Cancelled
S06675,U06675,2024-07-27,2024-08-26,2024-10-25,50,Cancelled
S06676,U06676,2024-06-25,2024-07-25,2025-01-21,50,Cancelled
S06677,U06677,2024-09-23,2024-10-23,2024-11-22,20,Cancelled
S06678,U06678,2024-05-11,2024-06-10,2024-12-07,20,Cancelled
S06679,U06679,2024-12-18,2025-01-17,2025-03-18,50,Cancelled
S06680,U06680,2024-03-20,2024-04-19,2024-06-18,20,Cancelled
S06681,U06681,2024-07-02,2024-08-01,2025-02-27,0,Cancelled
S06682,U06682,2024-06-19,2024-07-19,,20,Active
S06683,U06683,2024-09-25,2024-10-25,2025-04-23,50,Cancelled
S06684,U06684,2024-11-05,2024-12-05,2025-02-03,50,Cancelled
S06685,U06685,2024-04-13,2024-05-13,2024-10-10,0,Cancelled
S06686,U06686,2024-12-10,2025-01-09,2025-01-09,0,Cancelled
S06687,U06687,2024-07-01,2024-07-31,2024-10-29,0,Cancelled
S06688,U06688,2024-05-04,2024-06-03,2024-09-01,20,Cancelled
S06689,U06689,2024-06-21,2024-07-21,2024-07-21,50,Cancelled
S06690,U06690,2024-01-12,2024-02-11,2024-02-11,20,Cancelled
S06691,U06691,2024-12-01,2024-12-31,2025-03-01,50,Cancelled
S06692,U06692,2024-04-23,2024-05-23,2024-05-23,0,Cancelled
S06693,U06693,2024-12-12,2025-01-11,,20,Active
S06694,U06694,2024-10-10,2024-11-09,2025-01-08,0,Cancelled
S06695,U06695,2024-08-15,2024-09-14,2025-01-12,20,Cancelled
S06696,U06696,2024-02-01,2024-03-02,2024-08-29,20,Cancelled
S06697,U06697,2024-04-05,2024-05-05,2024-07-04,0,Cancelled
S06698,U06698,2024-12-09,2025-01-08,2025-01-08,0,Cancelled
S06699,U06699,2024-07-30,2024-08-29,2025-06-25,0,Cancelled
S06700,U06700,2024-12-02,2025-01-01,,20,Active
S06701,U06701,2024-03-23,2024-04-22,2024-05-22,50,Cancelled
S06702,U06702,2024-05-27,2024-06-26,2025-01-22,50,Cancelled
S06703,U06703,2024-03-03,2024-04-02,2024-06-01,50,Cancelled
S06704,U06704,2024-02-26,2024-03-27,2024-10-23,20,Cancelled
S06705,U06705,2024-06-26,2024-07-26,,0,Active
S06706,U06706,2024-04-20,2024-05-20,,0,Active
S06707,U06707,2024-12-01,2024-12-31,2025-01-30,20,Cancelled
S06708,U06708,2024-07-23,2024-08-22,2025-02-18,50,Cancelled
S06709,U06709,2024-03-30,2024-04-29,2024-04-29,50,Cancelled
S06710,U06710,2024-03-03,2024-04-02,,20,Active
S06711,U06711,2024-05-01,2024-05-31,,0,Active
S06712,U06712,2024-03-04,2024-04-03,2024-08-01,20,Cancelled
S06713,U06713,2024-10-10,2024-11-09,2025-03-09,0,Cancelled
S06714,U06714,2024-12-16,2025-01-15,2025-01-15,20,Cancelled
S06715,U06715,2024-06-18,2024-07-18,,20,Active
S06716,U06716,2024-12-10,2025-01-09,2025-05-09,0,Cancelled
S06717,U06717,2024-12-04,2025-01-03,2025-04-03,50,Cancelled
S06718,U06718,2024-06-18,2024-07-18,2024-07-18,20,Cancelled
S06719,U06719,2024-12-20,2025-01-19,,20,Active
S06720,U06720,2024-10-06,2024-11-05,2025-03-05,20,Cancelled
S06721,U06721,2024-08-03,2024-09-02,2024-11-01,0,Cancelled
S06722,U06722,2024-07-14,2024-08-13,2024-11-11,0,Cancelled
S06723,U06723,2024-03-05,2024-04-04,2024-05-04,50,Cancelled
S06724,U06724,2024-07-28,2024-08-27,2025-01-24,50,Cancelled
S06725,U06725,2024-03-28,2024-04-27,2024-04-27,20,Cancelled
S06726,U06726,2024-12-21,2025-01-20,,20,Active
S06727,U06727,2024-09-18,2024-10-18,2024-12-17,0,Cancelled
S06728,U06728,2024-08-25,2024-09-24,2024-09-24,20,Cancelled
S06729,U06729,2024-03-03,2024-04-02,2024-05-02,50,Cancelled
S06730,U06730,2024-07-24,2024-08-23,2024-11-21,0,Cancelled
S06731,U06731,2024-01-21,2024-02-20,2024-06-19,50,Cancelled
S06732,U06732,2024-01-29,2024-02-28,2024-07-27,20,Cancelled
S06733,U06733,2024-08-06,2024-09-05,,20,Active
S06734,U06734,2024-12-30,2025-01-29,,50,Active
S06735,U06735,2024-06-26,2024-07-26,2024-12-23,20,Cancelled
S06736,U06736,2024-11-28,2024-12-28,2025-06-26,20,Cancelled
S06737,U06737,2024-04-10,2024-05-10,2024-07-09,0,Cancelled
S06738,U06738,2024-01-26,2024-02-25,2024-03-26,50,Cancelled
S06739,U06739,2024-09-19,2024-10-19,2025-08-15,50,Cancelled
S06740,U06740,2024-12-29,2025-01-28,2025-05-28,50,Cancelled
S06741,U06741,2024-10-13,2024-11-12,2024-11-12,0,Cancelled
S06742,U06742,2024-06-19,2024-07-19,2024-10-17,50,Cancelled
S06743,U06743,2024-08-03,2024-09-02,2024-11-01,20,Cancelled
S06744,U06744,2024-03-05,2024-04-04,2024-04-04,0,Cancelled
S06745,U06745,2024-12-17,2025-01-16,2025-06-15,0,Cancelled
S06746,U06746,2024-06-21,2024-07-21,2024-09-19,0,Cancelled
S06747,U06747,2024-11-10,2024-12-10,2025-04-09,0,Cancelled
S06748,U06748,2024-09-07,2024-10-07,2025-01-05,50,Cancelled
S06749,U06749,2024-08-04,2024-09-03,2025-05-31,0,Cancelled
S06750,U06750,2024-08-05,2024-09-04,2024-10-04,50,Cancelled
S06751,U06751,2024-03-27,2024-04-26,2024-09-23,50,Cancelled
S06752,U06752,2024-03-29,2024-04-28,2024-04-28,0,Cancelled
S06753,U06753,2024-04-06,2024-05-06,2024-10-03,20,Cancelled
S06754,U06754,2024-11-20,2024-12-20,2025-08-17,50,Cancelled
S06755,U06755,2024-12-24,2025-01-23,2025-10-20,50,Cancelled
S06756,U06756,2024-11-10,2024-12-10,2025-02-08,20,Cancelled
S06757,U06757,2024-08-29,2024-09-28,2025-03-27,0,Cancelled
S06758,U06758,2024-04-16,2024-05-16,2024-11-12,50,Cancelled
S06759,U06759,2024-12-20,2025-01-19,2025-04-19,50,Cancelled
S06760,U06760,2024-05-16,2024-06-15,2024-08-14,20,Cancelled
S06761,U06761,2024-06-22,2024-07-22,2024-07-22,0,Cancelled
S06762,U06762,2024-07-07,2024-08-06,,20,Active
S06763,U06763,2024-03-21,2024-04-20,2024-06-19,0,Cancelled
S06764,U06764,2024-04-19,2024-05-19,2025-01-14,20,Cancelled
S06765,U06765,2024-12-16,2025-01-15,2025-01-15,50,Cancelled
S06766,U06766,2024-12-26,2025-01-25,,0,Active
S06767,U06767,2024-09-18,2024-10-18,2025-03-17,50,Cancelled
S06768,U06768,2024-04-18,2024-05-18,2025-01-13,20,Cancelled
S06769,U06769,2024-12-25,2025-01-24,2025-04-24,50,Cancelled
S06770,U06770,2024-09-26,2024-10-26,,50,Active
S06771,U06771,2024-08-26,2024-09-25,2024-09-25,20,Cancelled
S06772,U06772,2024-11-04,2024-12-04,2025-07-02,50,Cancelled
S06773,U06773,2024-11-22,2024-12-22,2025-02-20,50,Cancelled
S06774,U06774,2024-09-09,2024-10-09,2025-03-08,20,Cancelled
S06775,U06775,2024-01-10,2024-02-09,,0,Active
S06776,U06776,2024-06-11,2024-07-11,2024-10-09,0,Cancelled
S06777,U06777,2024-07-27,2024-08-26,2024-08-26,0,Cancelled
S06778,U06778,2024-08-31,2024-09-30,2024-12-29,0,Cancelled
S06779,U06779,2024-11-19,2024-12-19,,20,Active
S06780,U06780,2024-09-24,2024-10-24,2025-08-20,0,Cancelled
S06781,U06781,2024-09-08,2024-10-08,2025-02-05,20,Cancelled
S06782,U06782,2024-02-04,2024-03-05,2024-06-03,50,Cancelled
S06783,U06783,2024-12-16,2025-01-15,2025-04-15,0,Cancelled
S06784,U06784,2024-01-17,2024-02-16,2024-10-13,0,Cancelled
S06785,U06785,2024-05-23,2024-06-22,2024-10-20,20,Cancelled
S06786,U06786,2024-05-04,2024-06-03,2024-09-01,0,Cancelled
S06787,U06787,2024-06-08,2024-07-08,2024-10-06,50,Cancelled
S06788,U06788,2024-03-24,2024-04-23,2024-05-23,50,Cancelled
S06789,U06789,2024-11-24,2024-12-24,2025-04-23,20,Cancelled
S06790,U06790,2024-05-16,2024-06-15,2025-02-10,20,Cancelled
S06791,U06791,2024-09-08,2024-10-08,2025-05-06,0,Cancelled
S06792,U06792,2024-12-17,2025-01-16,2025-01-16,0,Cancelled
S06793,U06793,2024-02-17,2024-03-18,2024-05-17,0,Cancelled
S06794,U06794,2024-09-04,2024-10-04,2025-04-02,50,Cancelled
S06795,U06795,2024-03-24,2024-04-23,,20,Active
S06796,U06796,2024-12-12,2025-01-11,2025-07-10,50,Cancelled
S06797,U06797,2024-09-09,2024-10-09,2025-02-06,20,Cancelled
S06798,U06798,2024-03-06,2024-04-05,2024-04-05,0,Cancelled
S06799,U06799,2024-06-21,2024-07-21,2024-12-18,0,Cancelled
S06800,U06800,2024-11-06,2024-12-06,2025-02-04,20,Cancelled
S06801,U06801,2024-10-15,2024-11-14,2024-11-14,50,Cancelled
S06802,U06802,2024-11-03,2024-12-03,,50,Active
S06803,U06803,2024-01-04,2024-02-03,2024-02-03,20,Cancelled
S06804,U06804,2024-01-14,2024-02-13,2024-04-13,20,Cancelled
S06805,U06805,2024-05-26,2024-06-25,2024-08-24,0,Cancelled
S06806,U06806,2024-08-02,2024-09-01,2024-09-01,0,Cancelled
S06807,U06807,2024-06-26,2024-07-26,2024-11-23,0,Cancelled
S06808,U06808,2024-07-20,2024-08-19,2024-09-18,20,Cancelled
S06809,U06809,2024-11-27,2024-12-27,2025-01-26,50,Cancelled
S06810,U06810,2024-08-04,2024-09-03,2025-04-01,20,Cancelled
S06811,U06811,2024-10-11,2024-11-10,2025-05-09,0,Cancelled
S06812,U06812,2024-03-14,2024-04-13,2024-07-12,0,Cancelled
S06813,U06813,2024-11-02,2024-12-02,2025-04-01,0,Cancelled
S06814,U06814,2024-05-05,2024-06-04,2024-06-04,50,Cancelled
S06815,U06815,2024-09-24,2024-10-24,2024-12-23,0,Cancelled
S06816,U06816,2024-10-12,2024-11-11,2025-02-09,20,Cancelled
S06817,U06817,2024-05-07,2024-06-06,2024-08-05,50,Cancelled
S06818,U06818,2024-11-19,2024-12-19,2025-02-17,50,Cancelled
S06819,U06819,2024-01-16,2024-02-15,2024-03-16,50,Cancelled
S06820,U06820,2024-10-04,2024-11-03,2025-02-01,50,Cancelled
S06821,U06821,2024-09-30,2024-10-30,2025-06-27,20,Cancelled
S06822,U06822,2024-08-14,2024-09-13,2024-09-13,50,Cancelled
S06823,U06823,2024-07-02,2024-08-01,2025-01-28,50,Cancelled
S06824,U06824,2024-01-17,2024-02-16,2024-07-15,50,Cancelled
S06825,U06825,2024-05-11,2024-06-10,2024-06-10,0,Cancelled
S06826,U06826,2024-05-23,2024-06-22,2024-11-19,20,Cancelled
S06827,U06827,2024-09-27,2024-10-27,2025-05-25,50,Cancelled
S06828,U06828,2024-02-11,2024-03-12,2024-05-11,20,Cancelled
S06829,U06829,2024-08-29,2024-09-28,2024-09-28,50,Cancelled
S06830,U06830,2024-03-16,2024-04-15,2024-04-15,0,Cancelled
S06831,U06831,2024-10-10,2024-11-09,2025-05-08,50,Cancelled
S06832,U06832,2024-01-14,2024-02-13,2024-05-13,50,Cancelled
S06833,U06833,2024-11-26,2024-12-26,2024-12-26,20,Cancelled
S06834,U06834,2024-09-14,2024-10-14,2025-01-12,50,Cancelled
S06835,U06835,2024-05-19,2024-06-18,2024-07-18,20,Cancelled
S06836,U06836,2024-02-01,2024-03-02,2024-03-02,0,Cancelled
S06837,U06837,2024-03-13,2024-04-12,2024-04-12,50,Cancelled
S06838,U06838,2024-05-03,2024-06-02,2024-08-31,0,Cancelled
S06839,U06839,2024-07-05,2024-08-04,2024-09-03,20,Cancelled
S06840,U06840,2024-10-02,2024-11-01,2025-03-01,20,Cancelled
S06841,U06841,2024-11-28,2024-12-28,2025-07-26,50,Cancelled
S06842,U06842,2024-01-20,2024-02-19,2024-02-19,20,Cancelled
S06843,U06843,2024-07-06,2024-08-05,2024-08-05,50,Cancelled
S06844,U06844,2024-05-12,2024-06-11,2024-07-11,0,Cancelled
S06845,U06845,2024-03-06,2024-04-05,2024-08-03,20,Cancelled
S06846,U06846,2024-11-14,2024-12-14,2025-09-10,20,Cancelled
S06847,U06847,2024-01-27,2024-02-26,2024-02-26,50,Cancelled
S06848,U06848,2024-09-03,2024-10-03,,50,Active
S06849,U06849,2024-08-08,2024-09-07,2025-07-04,0,Cancelled
S06850,U06850,2024-01-22,2024-02-21,2024-06-20,0,Cancelled
S06851,U06851,2024-10-22,2024-11-21,,20,Active
S06852,U06852,2024-10-06,2024-11-05,2024-12-05,50,Cancelled
S06853,U06853,2024-11-24,2024-12-24,2025-03-24,0,Cancelled
S06854,U06854,2024-01-25,2024-02-24,2024-04-24,0,Cancelled
S06855,U06855,2024-11-30,2024-12-30,2025-07-28,50,Cancelled
S06856,U06856,2024-05-14,2024-06-13,2025-01-09,0,Cancelled
S06857,U06857,2024-06-29,2024-07-29,2024-09-27,50,Cancelled
S06858,U06858,2024-05-09,2024-06-08,2024-08-07,20,Cancelled
S06859,U06859,2024-03-19,2024-04-18,2024-06-17,0,Cancelled
S06860,U06860,2024-11-16,2024-12-16,2025-07-14,0,Cancelled
S06861,U06861,2024-01-27,2024-02-26,2024-08-24,0,Cancelled
S06862,U06862,2024-06-27,2024-07-27,,20,Active
S06863,U06863,2024-06-17,2024-07-17,2024-07-17,50,Cancelled
S06864,U06864,2024-11-04,2024-12-04,2025-02-02,0,Cancelled
S06865,U06865,2024-06-15,2024-07-15,2024-07-15,0,Cancelled
S06866,U06866,2024-03-11,2024-04-10,2024-09-07,20,Cancelled
S06867,U06867,2024-12-11,2025-01-10,2025-06-09,0,Cancelled
S06868,U06868,2024-08-11,2024-09-10,2024-10-10,20,Cancelled
S06869,U06869,2024-04-22,2024-05-22,2024-08-20,0,Cancelled
S06870,U06870,2024-03-24,2024-04-23,2024-06-22,20,Cancelled
S06871,U06871,2024-04-10,2024-05-10,2024-12-06,50,Cancelled
S06872,U06872,2024-08-01,2024-08-31,2024-11-29,50,Cancelled
S06873,U06873,2024-10-10,2024-11-09,2025-02-07,50,Cancelled
S06874,U06874,2024-10-05,2024-11-04,2024-12-04,0,Cancelled
S06875,U06875,2024-04-23,2024-05-23,2024-08-21,0,Cancelled
S06876,U06876,2024-08-20,2024-09-19,2024-12-18,50,Cancelled
S06877,U06877,2024-12-08,2025-01-07,2025-04-07,20,Cancelled
S06878,U06878,2024-05-09,2024-06-08,2024-06-08,20,Cancelled
S06879,U06879,2024-03-13,2024-04-12,2024-04-12,20,Cancelled
S06880,U06880,2024-11-20,2024-12-20,2024-12-20,20,Cancelled
S06881,U06881,2024-11-05,2024-12-05,2024-12-05,50,Cancelled
S06882,U06882,2024-05-24,2024-06-23,2024-07-23,0,Cancelled
S06883,U06883,2024-08-07,2024-09-06,2024-09-06,50,Cancelled
S06884,U06884,2024-06-08,2024-07-08,2024-12-05,0,Cancelled
S06885,U06885,2024-12-03,2025-01-02,,20,Active
S06886,U06886,2024-02-09,2024-03-10,2024-05-09,0,Cancelled
S06887,U06887,2024-03-24,2024-04-23,2024-07-22,20,Cancelled
S06888,U06888,2024-10-22,2024-11-21,2025-04-20,0,Cancelled
S06889,U06889,2024-07-13,2024-08-12,2024-12-10,0,Cancelled
S06890,U06890,2024-12-07,2025-01-06,2025-01-06,50,Cancelled
S06891,U06891,2024-06-04,2024-07-04,2024-08-03,20,Cancelled
S06892,U06892,2024-04-09,2024-05-09,2025-03-05,50,Cancelled
S06893,U06893,2024-07-27,2024-08-26,2024-10-25,0,Cancelled
S06894,U06894,2024-05-14,2024-06-13,2024-09-11,0,Cancelled
S06895,U06895,2024-06-19,2024-07-19,2024-09-17,0,Cancelled
S06896,U06896,2024-09-20,2024-10-20,,0,Active
S06897,U06897,2024-12-09,2025-01-08,2025-03-09,0,Cancelled
S06898,U06898,2024-06-15,2024-07-15,2024-11-12,0,Cancelled
S06899,U06899,2024-07-03,2024-08-02,2024-08-02,50,Cancelled
S06900,U06900,2024-12-16,2025-01-15,2025-02-14,0,Cancelled
S06901,U06901,2024-09-22,2024-10-22,2025-03-21,20,Cancelled
S06902,U06902,2024-09-16,2024-10-16,2024-10-16,0,Cancelled
S06903,U06903,2024-11-24,2024-12-24,,20,Active
S06904,U06904,2024-05-23,2024-06-22,2024-08-21,0,Cancelled
S06905,U06905,2024-07-15,2024-08-14,2024-11-12,20,Cancelled
S06906,U06906,2024-09-21,2024-10-21,,50,Active
S06907,U06907,2024-10-03,2024-11-02,2025-05-31,0,Cancelled
S06908,U06908,2024-10-31,2024-11-30,2024-11-30,50,Cancelled
S06909,U06909,2024-05-08,2024-06-07,2024-08-06,0,Cancelled
S06910,U06910,2024-05-13,2024-06-12,2024-11-09,0,Cancelled
S06911,U06911,2024-04-18,2024-05-18,2024-11-14,20,Cancelled
S06912,U06912,2024-08-21,2024-09-20,2024-10-20,20,Cancelled
S06913,U06913,2024-05-14,2024-06-13,2024-09-11,50,Cancelled
S06914,U06914,2024-08-25,2024-09-24,2025-02-21,0,Cancelled
S06915,U06915,2024-05-13,2024-06-12,2024-07-12,50,Cancelled
S06916,U06916,2024-06-05,2024-07-05,2024-08-04,50,Cancelled
S06917,U06917,2024-03-15,2024-04-14,2024-05-14,0,Cancelled
S06918,U06918,2024-08-27,2024-09-26,2025-03-25,50,Cancelled
S06919,U06919,2024-07-17,2024-08-16,2025-01-13,0,Cancelled
S06920,U06920,2024-08-02,2024-09-01,2024-10-01,20,Cancelled
S06921,U06921,2024-08-07,2024-09-06,2024-11-05,50,Cancelled
S06922,U06922,2024-04-06,2024-05-06,2024-05-06,50,Cancelled
S06923,U06923,2024-10-20,2024-11-19,2024-12-19,20,Cancelled
S06924,U06924,2024-05-22,2024-06-21,2024-07-21,20,Cancelled
S06925,U06925,2024-07-22,2024-08-21,2024-12-19,50,Cancelled
S06926,U06926,2024-04-13,2024-05-13,2025-02-07,20,Cancelled
S06927,U06927,2024-01-30,2024-02-29,2024-06-28,0,Cancelled
S06928,U06928,2024-04-24,2024-05-24,2024-05-24,0,Cancelled
S06929,U06929,2024-02-07,2024-03-08,2024-09-04,20,Cancelled
S06930,U06930,2024-05-27,2024-06-26,2024-09-24,20,Cancelled
S06931,U06931,2024-07-04,2024-08-03,2024-12-01,50,Cancelled
S06932,U06932,2024-12-18,2025-01-17,2025-06-16,0,Cancelled
S06933,U06933,2024-12-14,2025-01-13,,50,Active
S06934,U06934,2024-08-28,2024-09-27,2025-01-25,0,Cancelled
S06935,U06935,2024-12-06,2025-01-05,2025-01-05,0,Cancelled
S06936,U06936,2024-04-17,2024-05-17,,0,Active
S06937,U06937,2024-03-10,2024-04-09,,0,Active
S06938,U06938,2024-03-25,2024-04-24,,50,Active
S06939,U06939,2024-05-31,2024-06-30,2024-07-30,20,Cancelled
S06940,U06940,2024-06-13,2024-07-13,2024-07-13,20,Cancelled
S06941,U06941,2024-02-10,2024-03-11,,0,Active
S06942,U06942,2024-04-05,2024-05-05,2024-07-04,20,Cancelled
S06943,U06943,2024-11-08,2024-12-08,2024-12-08,20,Cancelled
S06944,U06944,2024-01-18,2024-02-17,,0,Active
S06945,U06945,2024-06-30,2024-07-30,2024-12-27,50,Cancelled
S06946,U06946,2024-11-23,2024-12-23,2025-05-22,0,Cancelled
S06947,U06947,2024-05-25,2024-06-24,2024-08-23,50,Cancelled
S06948,U06948,2024-11-03,2024-12-03,2025-01-02,50,Cancelled
S06949,U06949,2024-10-18,2024-11-17,2024-11-17,50,Cancelled
S06950,U06950,2024-11-17,2024-12-17,2025-07-15,20,Cancelled
S06951,U06951,2024-04-30,2024-05-30,2025-01-25,0,Cancelled
S06952,U06952,2024-07-04,2024-08-03,,20,Active
S06953,U06953,2024-04-17,2024-05-17,,0,Active
S06954,U06954,2024-07-28,2024-08-27,,50,Active
S06955,U06955,2024-02-05,2024-03-06,,50,Active
S06956,U06956,2024-02-13,2024-03-14,2024-06-12,0,Cancelled
S06957,U06957,2024-12-16,2025-01-15,,20,Active
S06958,U06958,2024-09-10,2024-10-10,2025-03-09,0,Cancelled
S06959,U06959,2024-06-18,2024-07-18,2024-11-15,20,Cancelled
S06960,U06960,2024-06-18,2024-07-18,2024-07-18,0,Cancelled
S06961,U06961,2024-10-17,2024-11-16,2025-04-15,20,Cancelled
S06962,U06962,2024-08-05,2024-09-04,,0,Active
S06963,U06963,2024-01-25,2024-02-24,2024-10-21,0,Cancelled
S06964,U06964,2024-05-29,2024-06-28,2024-07-28,0,Cancelled
S06965,U06965,2024-12-11,2025-01-10,2025-02-09,50,Cancelled
S06966,U06966,2024-07-31,2024-08-30,2024-10-29,20,Cancelled
S06967,U06967,2024-06-12,2024-07-12,2024-11-09,20,Cancelled
S06968,U06968,2024-01-07,2024-02-06,2024-11-02,0,Cancelled
S06969,U06969,2024-12-28,2025-01-27,2025-04-27,0,Cancelled
S06970,U06970,2024-11-16,2024-12-16,2024-12-16,0,Cancelled
S06971,U06971,2024-03-25,2024-04-24,,20,Active
S06972,U06972,2024-11-05,2024-12-05,2025-04-04,20,Cancelled
S06973,U06973,2024-12-11,2025-01-10,2025-01-10,50,Cancelled
S06974,U06974,2024-08-28,2024-09-27,,20,Active
S06975,U06975,2024-12-09,2025-01-08,2025-08-06,20,Cancelled
S06976,U06976,2024-01-27,2024-02-26,2024-05-26,20,Cancelled
S06977,U06977,2024-07-07,2024-08-06,2024-10-05,0,Cancelled
S06978,U06978,2024-04-27,2024-05-27,2024-07-26,0,Cancelled
S06979,U06979,2024-10-21,2024-11-20,2024-11-20,0,Cancelled
S06980,U06980,2024-02-21,2024-03-22,2024-09-18,0,Cancelled
S06981,U06981,2024-03-21,2024-04-20,2024-09-17,20,Cancelled
S06982,U06982,2024-01-10,2024-02-09,2024-02-09,50,Cancelled
S06983,U06983,2024-05-06,2024-06-05,2024-07-05,0,Cancelled
S06984,U06984,2024-09-11,2024-10-11,2025-01-09,50,Cancelled
S06985,U06985,2024-02-12,2024-03-13,2024-05-12,50,Cancelled
S06986,U06986,2024-03-12,2024-04-11,2024-04-11,50,Cancelled
S06987,U06987,2024-10-31,2024-11-30,2025-01-29,20,Cancelled
S06988,U06988,2024-08-12,2024-09-11,2025-05-09,0,Cancelled
S06989,U06989,2024-03-02,2024-04-01,2024-04-01,20,Cancelled
S06990,U06990,2024-08-09,2024-09-08,2025-03-07,50,Cancelled
S06991,U06991,2024-05-23,2024-06-22,2024-06-22,50,Cancelled
S06992,U06992,2024-08-19,2024-09-18,2024-12-17,0,Cancelled
S06993,U06993,2024-04-07,2024-05-07,2024-12-03,0,Cancelled
S06994,U06994,2024-03-05,2024-04-04,2024-10-01,20,Cancelled
S06995,U06995,2024-03-19,2024-04-18,2024-08-16,50,Cancelled
S06996,U06996,2024-04-13,2024-05-13,2024-08-11,20,Cancelled
S06997,U06997,2024-07-18,2024-08-17,2024-09-16,50,Cancelled
S06998,U06998,2024-01-03,2024-02-02,2024-09-29,0,Cancelled
S06999,U06999,2024-02-18,2024-03-19,2024-09-15,20,Cancelled
S07000,U07000,2024-02-06,2024-03-07,2024-05-06,20,Cancelled
S07001,U07001,2024-08-23,2024-09-22,,0,Active
S07002,U07002,2024-10-25,2024-11-24,2024-11-24,20,Cancelled
S07003,U07003,2024-09-13,2024-10-13,2024-11-12,20,Cancelled
S07004,U07004,2024-10-16,2024-11-15,2024-11-15,0,Cancelled
S07005,U07005,2024-06-21,2024-07-21,2024-08-20,50,Cancelled
S07006,U07006,2024-08-04,2024-09-03,2025-01-01,0,Cancelled
S07007,U07007,2024-02-06,2024-03-07,,0,Active
S07008,U07008,2024-04-29,2024-05-29,2024-08-27,0,Cancelled
S07009,U07009,2024-01-19,2024-02-18,,0,Active
S07010,U07010,2024-10-10,2024-11-09,2025-04-08,50,Cancelled
S07011,U07011,2024-02-24,2024-03-25,2024-07-23,20,Cancelled
S07012,U07012,2024-11-04,2024-12-04,2025-09-30,20,Cancelled
S07013,U07013,2024-07-19,2024-08-18,2024-12-16,0,Cancelled
S07014,U07014,2024-07-27,2024-08-26,2024-10-25,20,Cancelled
S07015,U07015,2024-08-23,2024-09-22,2024-10-22,0,Cancelled
S07016,U07016,2024-06-07,2024-07-07,2024-11-04,50,Cancelled
S07017,U07017,2024-03-13,2024-04-12,2024-09-09,0,Cancelled
S07018,U07018,2024-01-03,2024-02-02,2024-03-03,0,Cancelled
S07019,U07019,2024-10-23,2024-11-22,2024-12-22,50,Cancelled
S07020,U07020,2024-05-07,2024-06-06,2024-06-06,20,Cancelled
S07021,U07021,2024-05-24,2024-06-23,2024-06-23,50,Cancelled
S07022,U07022,2024-03-13,2024-04-12,2024-07-11,20,Cancelled
S07023,U07023,2024-10-30,2024-11-29,2024-11-29,0,Cancelled
S07024,U07024,2024-12-01,2024-12-31,2025-03-31,50,Cancelled
S07025,U07025,2024-09-07,2024-10-07,2024-11-06,50,Cancelled
S07026,U07026,2024-01-20,2024-02-19,2024-08-17,20,Cancelled
S07027,U07027,2024-03-03,2024-04-02,2024-06-01,0,Cancelled
S07028,U07028,2024-08-08,2024-09-07,2024-10-07,0,Cancelled
S07029,U07029,2024-05-22,2024-06-21,2024-08-20,0,Cancelled
S07030,U07030,2024-12-16,2025-01-15,2025-02-14,50,Cancelled
S07031,U07031,2024-09-23,2024-10-23,2024-11-22,20,Cancelled
S07032,U07032,2024-01-28,2024-02-27,2024-02-27,0,Cancelled
S07033,U07033,2024-06-21,2024-07-21,2025-01-17,50,Cancelled
S07034,U07034,2024-05-18,2024-06-17,2025-03-14,0,Cancelled
S07035,U07035,2024-04-26,2024-05-26,2024-05-26,0,Cancelled
S07036,U07036,2024-02-18,2024-03-19,2025-01-13,50,Cancelled
S07037,U07037,2024-09-19,2024-10-19,2024-12-18,0,Cancelled
S07038,U07038,2024-09-12,2024-10-12,2024-10-12,0,Cancelled
S07039,U07039,2024-04-29,2024-05-29,2024-11-25,50,Cancelled
S07040,U07040,2024-04-20,2024-05-20,2024-05-20,50,Cancelled
S07041,U07041,2024-11-18,2024-12-18,2025-08-15,0,Cancelled
S07042,U07042,2024-06-07,2024-07-07,2025-04-03,20,Cancelled
S07043,U07043,2024-06-02,2024-07-02,2024-09-30,20,Cancelled
S07044,U07044,2024-05-06,2024-06-05,2025-01-31,0,Cancelled
S07045,U07045,2024-12-07,2025-01-06,,20,Active
S07046,U07046,2024-02-06,2024-03-07,2024-05-06,50,Cancelled
S07047,U07047,2024-07-30,2024-08-29,2024-08-29,0,Cancelled
S07048,U07048,2024-09-28,2024-10-28,2025-07-25,20,Cancelled
S07049,U07049,2024-04-25,2024-05-25,,20,Active
S07050,U07050,2024-06-07,2024-07-07,2024-07-07,50,Cancelled
S07051,U07051,2024-11-28,2024-12-28,2024-12-28,0,Cancelled
S07052,U07052,2024-02-26,2024-03-27,2025-01-21,50,Cancelled
S07053,U07053,2024-08-12,2024-09-11,2025-02-08,20,Cancelled
S07054,U07054,2024-03-09,2024-04-08,2024-11-04,50,Cancelled
S07055,U07055,2024-09-19,2024-10-19,2025-06-16,0,Cancelled
S07056,U07056,2024-02-15,2024-03-16,2024-06-14,20,Cancelled
S07057,U07057,2024-12-14,2025-01-13,2025-01-13,20,Cancelled
S07058,U07058,2024-08-22,2024-09-21,2025-07-18,20,Cancelled
S07059,U07059,2024-09-24,2024-10-24,,50,Active
S07060,U07060,2024-10-18,2024-11-17,2025-02-15,0,Cancelled
S07061,U07061,2024-03-11,2024-04-10,2024-04-10,0,Cancelled
S07062,U07062,2024-06-26,2024-07-26,2024-07-26,0,Cancelled
S07063,U07063,2024-09-15,2024-10-15,2024-12-14,20,Cancelled
S07064,U07064,2024-03-15,2024-04-14,2024-05-14,50,Cancelled
S07065,U07065,2024-03-07,2024-04-06,2024-07-05,0,Cancelled
S07066,U07066,2024-01-05,2024-02-04,2024-08-02,0,Cancelled
S07067,U07067,2024-06-25,2024-07-25,2024-11-22,20,Cancelled
S07068,U07068,2024-08-09,2024-09-08,2024-10-08,20,Cancelled
S07069,U07069,2024-12-10,2025-01-09,2025-03-10,0,Cancelled
S07070,U07070,2024-11-04,2024-12-04,2024-12-04,20,Cancelled
S07071,U07071,2024-09-21,2024-10-21,2024-10-21,50,Cancelled
S07072,U07072,2024-03-09,2024-04-08,2024-05-08,50,Cancelled
S07073,U07073,2024-08-15,2024-09-14,2024-12-13,20,Cancelled
S07074,U07074,2024-11-02,2024-12-02,2025-01-01,0,Cancelled
S07075,U07075,2024-07-02,2024-08-01,2025-01-28,50,Cancelled
S07076,U07076,2024-02-19,2024-03-20,2024-04-19,20,Cancelled
S07077,U07077,2024-07-04,2024-08-03,2025-03-31,0,Cancelled
S07078,U07078,2024-03-24,2024-04-23,2024-09-20,50,Cancelled
S07079,U07079,2024-09-21,2024-10-21,,0,Active
S07080,U07080,2024-09-26,2024-10-26,2024-11-25,0,Cancelled
S07081,U07081,2024-01-12,2024-02-11,2024-04-11,50,Cancelled
S07082,U07082,2024-10-09,2024-11-08,2024-12-08,0,Cancelled
S07083,U07083,2024-03-31,2024-04-30,2024-05-30,50,Cancelled
S07084,U07084,2024-08-13,2024-09-12,2025-03-11,20,Cancelled
S07085,U07085,2024-01-25,2024-02-24,2024-08-22,20,Cancelled
S07086,U07086,2024-06-07,2024-07-07,,0,Active
S07087,U07087,2024-10-31,2024-11-30,2024-12-30,20,Cancelled
S07088,U07088,2024-08-23,2024-09-22,2024-09-22,50,Cancelled
S07089,U07089,2024-12-21,2025-01-20,2025-02-19,20,Cancelled
S07090,U07090,2024-08-26,2024-09-25,2025-01-23,0,Cancelled
S07091,U07091,2024-06-28,2024-07-28,2024-07-28,50,Cancelled
S07092,U07092,2024-02-05,2024-03-06,2024-11-01,50,Cancelled
S07093,U07093,2024-08-20,2024-09-19,2025-06-16,0,Cancelled
S07094,U07094,2024-06-01,2024-07-01,2024-07-31,50,Cancelled
S07095,U07095,2024-07-10,2024-08-09,,20,Active
S07096,U07096,2024-01-12,2024-02-11,2024-02-11,50,Cancelled
S07097,U07097,2024-10-15,2024-11-14,2025-01-13,0,Cancelled
S07098,U07098,2024-11-24,2024-12-24,2024-12-24,20,Cancelled
S07099,U07099,2024-12-09,2025-01-08,2025-04-08,0,Cancelled
S07100,U07100,2024-11-27,2024-12-27,2024-12-27,20,Cancelled
S07101,U07101,2024-07-17,2024-08-16,2025-01-13,0,Cancelled
S07102,U07102,2024-03-20,2024-04-19,2024-07-18,20,Cancelled
S07103,U07103,2024-11-20,2024-12-20,2025-01-19,50,Cancelled
S07104,U07104,2024-07-20,2024-08-19,2024-08-19,0,Cancelled
S07105,U07105,2024-05-15,2024-06-14,2024-10-12,20,Cancelled
S07106,U07106,2024-04-03,2024-05-03,2024-05-03,0,Cancelled
S07107,U07107,2024-09-03,2024-10-03,2025-03-02,0,Cancelled
S07108,U07108,2024-10-13,2024-11-12,2025-04-11,20,Cancelled
S07109,U07109,2024-10-26,2024-11-25,2025-07-23,0,Cancelled
S07110,U07110,2024-09-11,2024-10-11,2024-12-10,50,Cancelled
S07111,U07111,2024-12-07,2025-01-06,2025-02-05,50,Cancelled
S07112,U07112,2024-08-28,2024-09-27,2024-09-27,0,Cancelled
S07113,U07113,2024-05-14,2024-06-13,2024-06-13,0,Cancelled
S07114,U07114,2024-02-13,2024-03-14,2024-03-14,0,Cancelled
S07115,U07115,2024-11-15,2024-12-15,2025-08-12,20,Cancelled
S07116,U07116,2024-11-23,2024-12-23,2025-10-19,20,Cancelled
S07117,U07117,2024-10-17,2024-11-16,2025-01-15,0,Cancelled
S07118,U07118,2024-12-20,2025-01-19,2025-02-18,50,Cancelled
S07119,U07119,2024-07-16,2024-08-15,2024-10-14,20,Cancelled
S07120,U07120,2024-06-11,2024-07-11,2024-10-09,0,Cancelled
S07121,U07121,2024-08-25,2024-09-24,2024-09-24,0,Cancelled
S07122,U07122,2024-03-14,2024-04-13,,0,Active
S07123,U07123,2024-08-14,2024-09-13,2024-11-12,50,Cancelled
S07124,U07124,2024-05-28,2024-06-27,2024-09-25,0,Cancelled
S07125,U07125,2024-04-06,2024-05-06,2024-09-03,0,Cancelled
S07126,U07126,2024-10-24,2024-11-23,2025-02-21,50,Cancelled
S07127,U07127,2024-07-18,2024-08-17,2025-01-14,50,Cancelled
S07128,U07128,2024-09-18,2024-10-18,2024-10-18,0,Cancelled
S07129,U07129,2024-01-28,2024-02-27,,50,Active
S07130,U07130,2024-10-15,2024-11-14,2025-03-14,20,Cancelled
S07131,U07131,2024-08-27,2024-09-26,2024-11-25,20,Cancelled
S07132,U07132,2024-06-18,2024-07-18,2024-07-18,20,Cancelled
S07133,U07133,2024-07-18,2024-08-17,2024-08-17,50,Cancelled
S07134,U07134,2024-12-17,2025-01-16,,50,Active
S07135,U07135,2024-10-28,2024-11-27,2025-02-25,0,Cancelled
S07136,U07136,2024-06-23,2024-07-23,,0,Active
S07137,U07137,2024-01-17,2024-02-16,2024-11-12,20,Cancelled
S07138,U07138,2024-09-07,2024-10-07,2025-04-05,20,Cancelled
S07139,U07139,2024-11-10,2024-12-10,2025-03-10,50,Cancelled
S07140,U07140,2024-08-31,2024-09-30,2025-04-28,20,Cancelled
S07141,U07141,2024-08-06,2024-09-05,2024-10-05,20,Cancelled
S07142,U07142,2024-02-01,2024-03-02,2024-10-28,50,Cancelled
S07143,U07143,2024-05-04,2024-06-03,2024-08-02,0,Cancelled
S07144,U07144,2024-10-02,2024-11-01,2025-03-01,20,Cancelled
S07145,U07145,2024-10-06,2024-11-05,2025-09-01,0,Cancelled
S07146,U07146,2024-07-01,2024-07-31,2024-10-29,50,Cancelled
S07147,U07147,2024-01-11,2024-02-10,2024-09-07,0,Cancelled
S07148,U07148,2024-01-11,2024-02-10,2024-04-10,20,Cancelled
S07149,U07149,2024-05-09,2024-06-08,,50,Active
S07150,U07150,2024-02-22,2024-03-23,2024-04-22,50,Cancelled
S07151,U07151,2024-02-29,2024-03-30,2024-04-29,20,Cancelled
S07152,U07152,2024-11-03,2024-12-03,2025-05-02,50,Cancelled
S07153,U07153,2024-09-19,2024-10-19,2024-10-19,0,Cancelled
S07154,U07154,2024-10-11,2024-11-10,2025-05-09,20,Cancelled
S07155,U07155,2024-12-21,2025-01-20,2025-01-20,50,Cancelled
S07156,U07156,2024-07-18,2024-08-17,2024-09-16,0,Cancelled
S07157,U07157,2024-09-21,2024-10-21,2024-11-20,20,Cancelled
S07158,U07158,2024-01-22,2024-02-21,,50,Active
S07159,U07159,2024-10-15,2024-11-14,2024-12-14,50,Cancelled
S07160,U07160,2024-07-30,2024-08-29,,0,Active
S07161,U07161,2024-03-02,2024-04-01,,0,Active
S07162,U07162,2024-03-06,2024-04-05,2024-08-03,0,Cancelled
S07163,U07163,2024-10-21,2024-11-20,2024-11-20,50,Cancelled
S07164,U07164,2024-08-05,2024-09-04,2025-01-02,0,Cancelled
S07165,U07165,2024-10-01,2024-10-31,2025-03-30,50,Cancelled
S07166,U07166,2024-09-06,2024-10-06,2025-02-03,20,Cancelled
S07167,U07167,2024-09-20,2024-10-20,2024-11-19,50,Cancelled
S07168,U07168,2024-04-03,2024-05-03,2024-08-01,0,Cancelled
S07169,U07169,2024-03-19,2024-04-18,,0,Active
S07170,U07170,2024-02-01,2024-03-02,2024-03-02,0,Cancelled
S07171,U07171,2024-11-21,2024-12-21,2025-03-21,50,Cancelled
S07172,U07172,2024-08-27,2024-09-26,2024-10-26,0,Cancelled
S07173,U07173,2024-09-15,2024-10-15,2024-11-14,50,Cancelled
S07174,U07174,2024-08-15,2024-09-14,2024-09-14,50,Cancelled
S07175,U07175,2024-08-31,2024-09-30,2024-09-30,0,Cancelled
S07176,U07176,2024-04-24,2024-05-24,,50,Active
S07177,U07177,2024-06-17,2024-07-17,2024-08-16,20,Cancelled
S07178,U07178,2024-07-07,2024-08-06,2024-09-05,0,Cancelled
S07179,U07179,2024-01-10,2024-02-09,,20,Active
S07180,U07180,2024-09-12,2024-10-12,2025-01-10,0,Cancelled
S07181,U07181,2024-05-26,2024-06-25,2024-07-25,50,Cancelled
S07182,U07182,2024-02-14,2024-03-15,2024-05-14,50,Cancelled
S07183,U07183,2024-09-14,2024-10-14,,20,Active
S07184,U07184,2024-02-26,2024-03-27,2024-07-25,20,Cancelled
S07185,U07185,2024-05-20,2024-06-19,2024-08-18,0,Cancelled
S07186,U07186,2024-05-05,2024-06-04,2024-10-02,20,Cancelled
S07187,U07187,2024-03-23,2024-04-22,2024-04-22,0,Cancelled
S07188,U07188,2024-08-17,2024-09-16,2024-12-15,0,Cancelled
S07189,U07189,2024-07-04,2024-08-03,2024-08-03,50,Cancelled
S07190,U07190,2024-04-04,2024-05-04,2024-06-03,0,Cancelled
S07191,U07191,2024-03-25,2024-04-24,2025-01-19,20,Cancelled
S07192,U07192,2024-12-21,2025-01-20,2025-04-20,50,Cancelled
S07193,U07193,2024-11-08,2024-12-08,2024-12-08,50,Cancelled
S07194,U07194,2024-02-14,2024-03-15,2024-09-11,20,Cancelled
S07195,U07195,2024-07-03,2024-08-02,2025-05-29,0,Cancelled
S07196,U07196,2024-04-11,2024-05-11,2024-09-08,50,Cancelled
S07197,U07197,2024-09-21,2024-10-21,2024-11-20,50,Cancelled
S07198,U07198,2024-04-21,2024-05-21,,50,Active
S07199,U07199,2024-01-15,2024-02-14,2024-03-15,20,Cancelled
S07200,U07200,2024-01-06,2024-02-05,2024-05-05,50,Cancelled
S07201,U07201,2024-07-26,2024-08-25,,0,Active
S07202,U07202,2024-04-29,2024-05-29,2025-02-23,50,Cancelled
S07203,U07203,2024-03-24,2024-04-23,2024-04-23,0,Cancelled
S07204,U07204,2024-03-11,2024-04-10,2024-12-06,50,Cancelled
S07205,U07205,2024-09-08,2024-10-08,2024-10-08,0,Cancelled
S07206,U07206,2024-03-30,2024-04-29,2024-09-26,20,Cancelled
S07207,U07207,2024-08-20,2024-09-19,2024-09-19,20,Cancelled
S07208,U07208,2024-02-01,2024-03-02,2024-05-01,0,Cancelled
S07209,U07209,2024-05-21,2024-06-20,2024-06-20,0,Cancelled
S07210,U07210,2024-11-24,2024-12-24,2025-06-22,50,Cancelled
S07211,U07211,2024-08-26,2024-09-25,2024-12-24,50,Cancelled
S07212,U07212,2024-05-27,2024-06-26,2024-06-26,50,Cancelled
S07213,U07213,2024-12-18,2025-01-17,,20,Active
S07214,U07214,2024-09-06,2024-10-06,2024-12-05,50,Cancelled
S07215,U07215,2024-11-04,2024-12-04,2025-02-02,0,Cancelled
S07216,U07216,2024-07-11,2024-08-10,2024-09-09,50,Cancelled
S07217,U07217,2024-03-10,2024-04-09,2024-10-06,50,Cancelled
S07218,U07218,2024-08-19,2024-09-18,2025-04-16,20,Cancelled
S07219,U07219,2024-05-31,2024-06-30,2024-06-30,20,Cancelled
S07220,U07220,2024-11-03,2024-12-03,2024-12-03,50,Cancelled
S07221,U07221,2024-08-24,2024-09-23,2024-10-23,50,Cancelled
S07222,U07222,2024-04-30,2024-05-30,2024-05-30,20,Cancelled
S07223,U07223,2024-08-10,2024-09-09,2025-06-06,20,Cancelled
S07224,U07224,2024-05-05,2024-06-04,2024-11-01,0,Cancelled
S07225,U07225,2024-02-11,2024-03-12,2024-11-07,0,Cancelled
S07226,U07226,2024-09-20,2024-10-20,2025-02-17,50,Cancelled
S07227,U07227,2024-12-12,2025-01-11,2025-01-11,20,Cancelled
S07228,U07228,2024-09-19,2024-10-19,2025-06-16,0,Cancelled
S07229,U07229,2024-12-21,2025-01-20,2025-08-18,0,Cancelled
S07230,U07230,2024-05-24,2024-06-23,2024-08-22,50,Cancelled
S07231,U07231,2024-08-20,2024-09-19,2024-11-18,50,Cancelled
S07232,U07232,2024-03-04,2024-04-03,2024-10-30,50,Cancelled
S07233,U07233,2024-05-02,2024-06-01,2024-08-30,0,Cancelled
S07234,U07234,2024-08-01,2024-08-31,2024-12-29,20,Cancelled
S07235,U07235,2024-03-24,2024-04-23,2024-11-19,50,Cancelled
S07236,U07236,2024-02-21,2024-03-22,2024-04-21,0,Cancelled
S07237,U07237,2024-03-01,2024-03-31,2024-08-28,50,Cancelled
S07238,U07238,2024-08-31,2024-09-30,2025-01-28,0,Cancelled
S07239,U07239,2024-02-10,2024-03-11,2025-01-05,20,Cancelled
S07240,U07240,2024-01-18,2024-02-17,2024-02-17,0,Cancelled
S07241,U07241,2024-05-31,2024-06-30,2024-10-28,20,Cancelled
S07242,U07242,2024-06-02,2024-07-02,2024-08-31,20,Cancelled
S07243,U07243,2024-07-31,2024-08-30,2025-04-27,50,Cancelled
S07244,U07244,2024-04-09,2024-05-09,2025-01-04,0,Cancelled
S07245,U07245,2024-09-17,2024-10-17,2025-02-14,20,Cancelled
S07246,U07246,2024-06-15,2024-07-15,2024-08-14,0,Cancelled
S07247,U07247,2024-04-28,2024-05-28,2024-10-25,50,Cancelled
S07248,U07248,2024-11-16,2024-12-16,2025-06-14,20,Cancelled
S07249,U07249,2024-06-24,2024-07-24,2024-11-21,20,Cancelled
S07250,U07250,2024-04-20,2024-05-20,,20,Active
S07251,U07251,2024-02-08,2024-03-09,2024-07-07,50,Cancelled
S07252,U07252,2024-11-22,2024-12-22,,0,Active
S07253,U07253,2024-01-26,2024-02-25,2024-05-25,0,Cancelled
S07254,U07254,2024-05-23,2024-06-22,2024-07-22,0,Cancelled
S07255,U07255,2024-11-27,2024-12-27,2025-01-26,20,Cancelled
S07256,U07256,2024-10-17,2024-11-16,2025-05-15,0,Cancelled
S07257,U07257,2024-03-09,2024-04-08,2024-05-08,0,Cancelled
S07258,U07258,2024-12-28,2025-01-27,2025-03-28,50,Cancelled
S07259,U07259,2024-01-14,2024-02-13,2024-02-13,0,Cancelled
S07260,U07260,2024-07-05,2024-08-04,2024-08-04,20,Cancelled
S07261,U07261,2024-03-03,2024-04-02,2024-09-29,20,Cancelled
S07262,U07262,2024-08-29,2024-09-28,2024-09-28,50,Cancelled
S07263,U07263,2024-05-07,2024-06-06,2025-02-01,20,Cancelled
S07264,U07264,2024-08-09,2024-09-08,2025-01-06,0,Cancelled
S07265,U07265,2024-12-23,2025-01-22,2025-03-23,20,Cancelled
S07266,U07266,2024-08-16,2024-09-15,2024-09-15,0,Cancelled
S07267,U07267,2024-10-01,2024-10-31,2024-12-30,50,Cancelled
S07268,U07268,2024-07-23,2024-08-22,2025-02-18,0,Cancelled
S07269,U07269,2024-11-24,2024-12-24,,50,Active
S07270,U07270,2024-03-12,2024-04-11,2024-05-11,20,Cancelled
S07271,U07271,2024-09-19,2024-10-19,2025-01-17,0,Cancelled
S07272,U07272,2024-03-10,2024-04-09,2024-08-07,20,Cancelled
S07273,U07273,2024-05-12,2024-06-11,2024-08-10,20,Cancelled
S07274,U07274,2024-05-17,2024-06-16,2024-09-14,20,Cancelled
S07275,U07275,2024-12-19,2025-01-18,2025-05-18,50,Cancelled
S07276,U07276,2024-05-17,2024-06-16,2024-10-14,50,Cancelled
S07277,U07277,2024-10-22,2024-11-21,2025-09-17,50,Cancelled
S07278,U07278,2024-06-11,2024-07-11,2024-07-11,20,Cancelled
S07279,U07279,2024-08-07,2024-09-06,2024-09-06,50,Cancelled
S07280,U07280,2024-04-05,2024-05-05,2024-08-03,20,Cancelled
S07281,U07281,2024-11-09,2024-12-09,2025-02-07,50,Cancelled
S07282,U07282,2024-08-07,2024-09-06,2024-09-06,50,Cancelled
S07283,U07283,2024-06-14,2024-07-14,2024-09-12,0,Cancelled
S07284,U07284,2024-08-30,2024-09-29,2024-09-29,0,Cancelled
S07285,U07285,2024-03-31,2024-04-30,2024-11-26,0,Cancelled
S07286,U07286,2024-09-08,2024-10-08,2024-12-07,0,Cancelled
S07287,U07287,2024-10-27,2024-11-26,2024-12-26,0,Cancelled
S07288,U07288,2024-03-27,2024-04-26,2024-05-26,20,Cancelled
S07289,U07289,2024-11-09,2024-12-09,2025-04-08,20,Cancelled
S07290,U07290,2024-04-01,2024-05-01,2024-05-01,50,Cancelled
S07291,U07291,2024-11-24,2024-12-24,,0,Active
S07292,U07292,2024-06-26,2024-07-26,,20,Active
S07293,U07293,2024-09-16,2024-10-16,2025-06-13,0,Cancelled
S07294,U07294,2024-02-29,2024-03-30,2024-05-29,50,Cancelled
S07295,U07295,2024-01-24,2024-02-23,2024-04-23,20,Cancelled
S07296,U07296,2024-02-26,2024-03-27,,0,Active
S07297,U07297,2024-05-31,2024-06-30,2024-09-28,0,Cancelled
S07298,U07298,2024-02-24,2024-03-25,2024-11-20,50,Cancelled
S07299,U07299,2024-05-17,2024-06-16,2024-08-15,50,Cancelled
S07300,U07300,2024-11-17,2024-12-17,2024-12-17,0,Cancelled
S07301,U07301,2024-09-05,2024-10-05,2025-05-03,50,Cancelled
S07302,U07302,2024-01-23,2024-02-22,2024-02-22,50,Cancelled
S07303,U07303,2024-07-06,2024-08-05,2025-04-02,50,Cancelled
S07304,U07304,2024-11-16,2024-12-16,2025-04-15,20,Cancelled
S07305,U07305,2024-06-13,2024-07-13,2024-08-12,0,Cancelled
S07306,U07306,2024-12-07,2025-01-06,2025-01-06,0,Cancelled
S07307,U07307,2024-06-04,2024-07-04,2024-12-01,50,Cancelled
S07308,U07308,2024-11-01,2024-12-01,2025-05-30,50,Cancelled
S07309,U07309,2024-12-09,2025-01-08,2025-04-08,0,Cancelled
S07310,U07310,2024-08-04,2024-09-03,2025-01-31,0,Cancelled
S07311,U07311,2024-05-15,2024-06-14,2024-09-12,50,Cancelled
S07312,U07312,2024-02-25,2024-03-26,2024-11-21,0,Cancelled
S07313,U07313,2024-04-30,2024-05-30,2024-11-26,50,Cancelled
S07314,U07314,2024-12-07,2025-01-06,2025-08-04,50,Cancelled
S07315,U07315,2024-06-15,2024-07-15,2024-07-15,20,Cancelled
S07316,U07316,2024-10-23,2024-11-22,,50,Active
S07317,U07317,2024-01-15,2024-02-14,2024-07-13,0,Cancelled
S07318,U07318,2024-01-03,2024-02-02,2024-03-03,50,Cancelled
S07319,U07319,2024-04-06,2024-05-06,2024-05-06,0,Cancelled
S07320,U07320,2024-05-27,2024-06-26,,20,Active
S07321,U07321,2024-06-21,2024-07-21,2024-08-20,20,Cancelled
S07322,U07322,2024-09-21,2024-10-21,2024-12-20,0,Cancelled
S07323,U07323,2024-11-15,2024-12-15,2025-06-13,50,Cancelled
S07324,U07324,2024-10-03,2024-11-02,2025-06-30,50,Cancelled
S07325,U07325,2024-12-19,2025-01-18,,0,Active
S07326,U07326,2024-08-10,2024-09-09,2024-10-09,0,Cancelled
S07327,U07327,2024-09-18,2024-10-18,2025-04-16,50,Cancelled
S07328,U07328,2024-08-28,2024-09-27,2025-04-25,50,Cancelled
S07329,U07329,2024-01-31,2024-03-01,2024-12-26,0,Cancelled
S07330,U07330,2024-11-17,2024-12-17,2025-10-13,0,Cancelled
S07331,U07331,2024-06-20,2024-07-20,2024-08-19,50,Cancelled
S07332,U07332,2024-08-13,2024-09-12,,50,Active
S07333,U07333,2024-09-14,2024-10-14,2025-03-13,20,Cancelled
S07334,U07334,2024-02-01,2024-03-02,,20,Active
S07335,U07335,2024-09-11,2024-10-11,2025-03-10,20,Cancelled
S07336,U07336,2024-10-17,2024-11-16,2025-01-15,20,Cancelled
S07337,U07337,2024-12-03,2025-01-02,2025-04-02,20,Cancelled
S07338,U07338,2024-10-19,2024-11-18,2024-12-18,20,Cancelled
S07339,U07339,2024-10-09,2024-11-08,,20,Active
S07340,U07340,2024-09-05,2024-10-05,,20,Active
S07341,U07341,2024-05-03,2024-06-02,2024-08-31,20,Cancelled
S07342,U07342,2024-06-26,2024-07-26,2024-08-25,20,Cancelled
S07343,U07343,2024-08-12,2024-09-11,2025-03-10,0,Cancelled
S07344,U07344,2024-02-22,2024-03-23,2024-11-18,20,Cancelled
S07345,U07345,2024-04-15,2024-05-15,,20,Active
S07346,U07346,2024-08-24,2024-09-23,2024-09-23,20,Cancelled
S07347,U07347,2024-03-06,2024-04-05,2024-12-31,20,Cancelled
S07348,U07348,2024-01-03,2024-02-02,2024-07-31,0,Cancelled
S07349,U07349,2024-01-27,2024-02-26,2024-09-23,50,Cancelled
S07350,U07350,2024-06-07,2024-07-07,2024-08-06,20,Cancelled
S07351,U07351,2024-02-27,2024-03-28,2024-04-27,50,Cancelled
S07352,U07352,2024-07-31,2024-08-30,2024-11-28,0,Cancelled
S07353,U07353,2024-10-04,2024-11-03,2025-07-01,0,Cancelled
S07354,U07354,2024-03-17,2024-04-16,2024-06-15,50,Cancelled
S07355,U07355,2024-07-12,2024-08-11,2025-05-08,0,Cancelled
S07356,U07356,2024-03-23,2024-04-22,2024-09-19,0,Cancelled
S07357,U07357,2024-02-18,2024-03-19,2024-04-18,20,Cancelled
S07358,U07358,2024-03-09,2024-04-08,2025-02-02,50,Cancelled
S07359,U07359,2024-05-28,2024-06-27,2024-09-25,50,Cancelled
S07360,U07360,2024-05-16,2024-06-15,2024-06-15,20,Cancelled
S07361,U07361,2024-03-18,2024-04-17,2025-02-11,0,Cancelled
S07362,U07362,2024-03-10,2024-04-09,2024-10-06,20,Cancelled
S07363,U07363,2024-11-19,2024-12-19,2024-12-19,50,Cancelled
S07364,U07364,2024-01-03,2024-02-02,2024-03-03,0,Cancelled
S07365,U07365,2024-02-16,2024-03-17,,50,Active
S07366,U07366,2024-02-13,2024-03-14,2024-03-14,50,Cancelled
S07367,U07367,2024-02-03,2024-03-04,2024-08-01,20,Cancelled
S07368,U07368,2024-01-29,2024-02-28,2024-03-29,0,Cancelled
S07369,U07369,2024-09-12,2024-10-12,2025-03-11,0,Cancelled
S07370,U07370,2024-12-14,2025-01-13,2025-11-09,0,Cancelled
S07371,U07371,2024-10-26,2024-11-25,2025-04-24,20,Cancelled
S07372,U07372,2024-04-12,2024-05-12,2024-10-09,50,Cancelled
S07373,U07373,2024-08-23,2024-09-22,2024-09-22,50,Cancelled
S07374,U07374,2024-06-23,2024-07-23,2024-10-21,50,Cancelled
S07375,U07375,2024-07-28,2024-08-27,2024-08-27,20,Cancelled
S07376,U07376,2024-06-08,2024-07-08,2025-01-04,50,Cancelled
S07377,U07377,2024-08-04,2024-09-03,2025-03-02,20,Cancelled
S07378,U07378,2024-08-20,2024-09-19,2025-01-17,0,Cancelled
S07379,U07379,2024-10-05,2024-11-04,2025-04-03,0,Cancelled
S07380,U07380,2024-12-13,2025-01-12,2025-04-12,20,Cancelled
S07381,U07381,2024-09-25,2024-10-25,2024-10-25,20,Cancelled
S07382,U07382,2024-03-31,2024-04-30,2024-08-28,50,Cancelled
S07383,U07383,2024-03-08,2024-04-07,2024-05-07,0,Cancelled
S07384,U07384,2024-05-18,2024-06-17,2024-09-15,20,Cancelled
S07385,U07385,2024-03-08,2024-04-07,2024-04-07,20,Cancelled
S07386,U07386,2024-06-20,2024-07-20,2024-11-17,0,Cancelled
S07387,U07387,2024-08-27,2024-09-26,2025-01-24,50,Cancelled
S07388,U07388,2024-05-03,2024-06-02,2024-08-31,50,Cancelled
S07389,U07389,2024-01-27,2024-02-26,2024-04-26,0,Cancelled
S07390,U07390,2024-10-08,2024-11-07,2025-03-07,50,Cancelled
S07391,U07391,2024-01-07,2024-02-06,2024-02-06,50,Cancelled
S07392,U07392,2024-01-06,2024-02-05,2024-08-03,0,Cancelled
S07393,U07393,2024-07-31,2024-08-30,2024-09-29,50,Cancelled
S07394,U07394,2024-02-06,2024-03-07,2024-09-03,20,Cancelled
S07395,U07395,2024-04-27,2024-05-27,2024-07-26,20,Cancelled
S07396,U07396,2024-12-29,2025-01-28,2025-05-28,0,Cancelled
S07397,U07397,2024-05-31,2024-06-30,2024-08-29,20,Cancelled
S07398,U07398,2024-05-25,2024-06-24,2025-04-20,0,Cancelled
S07399,U07399,2024-11-11,2024-12-11,2024-12-11,0,Cancelled
S07400,U07400,2024-03-06,2024-04-05,2024-12-01,50,Cancelled
S07401,U07401,2024-10-16,2024-11-15,2024-11-15,0,Cancelled
S07402,U07402,2024-02-05,2024-03-06,2024-06-04,50,Cancelled
S07403,U07403,2024-12-22,2025-01-21,2025-02-20,50,Cancelled
S07404,U07404,2024-05-28,2024-06-27,2024-08-26,50,Cancelled
S07405,U07405,2024-04-23,2024-05-23,2024-08-21,20,Cancelled
S07406,U07406,2024-02-29,2024-03-30,2024-09-26,0,Cancelled
S07407,U07407,2024-03-23,2024-04-22,2024-07-21,50,Cancelled
S07408,U07408,2024-08-07,2024-09-06,2024-09-06,20,Cancelled
S07409,U07409,2024-06-01,2024-07-01,2025-03-28,50,Cancelled
S07410,U07410,2024-03-02,2024-04-01,2024-08-29,20,Cancelled
S07411,U07411,2024-06-26,2024-07-26,2025-01-22,20,Cancelled
S07412,U07412,2024-06-11,2024-07-11,2024-11-08,20,Cancelled
S07413,U07413,2024-09-24,2024-10-24,2025-04-22,0,Cancelled
S07414,U07414,2024-10-23,2024-11-22,2025-03-22,50,Cancelled
S07415,U07415,2024-09-15,2024-10-15,2025-02-12,20,Cancelled
S07416,U07416,2024-09-28,2024-10-28,2025-01-26,20,Cancelled
S07417,U07417,2024-08-05,2024-09-04,2024-11-03,50,Cancelled
S07418,U07418,2024-08-23,2024-09-22,2025-06-19,0,Cancelled
S07419,U07419,2024-12-03,2025-01-02,2025-02-01,50,Cancelled
S07420,U07420,2024-08-14,2024-09-13,2025-04-11,50,Cancelled
S07421,U07421,2024-05-14,2024-06-13,2024-12-10,50,Cancelled
S07422,U07422,2024-05-15,2024-06-14,2024-09-12,20,Cancelled
S07423,U07423,2024-02-23,2024-03-24,2024-03-24,50,Cancelled
S07424,U07424,2024-10-22,2024-11-21,2025-08-18,50,Cancelled
S07425,U07425,2024-10-29,2024-11-28,2024-12-28,50,Cancelled
S07426,U07426,2024-07-22,2024-08-21,2024-12-19,50,Cancelled
S07427,U07427,2024-12-19,2025-01-18,2025-02-17,50,Cancelled
S07428,U07428,2024-11-24,2024-12-24,2024-12-24,50,Cancelled
S07429,U07429,2024-03-11,2024-04-10,2024-05-10,0,Cancelled
S07430,U07430,2024-05-03,2024-06-02,2024-08-31,50,Cancelled
S07431,U07431,2024-04-15,2024-05-15,2024-09-12,0,Cancelled
S07432,U07432,2024-11-30,2024-12-30,2024-12-30,20,Cancelled
S07433,U07433,2024-06-08,2024-07-08,2024-12-05,20,Cancelled
S07434,U07434,2024-10-07,2024-11-06,2024-12-06,20,Cancelled
S07435,U07435,2024-06-15,2024-07-15,2024-11-12,0,Cancelled
S07436,U07436,2024-05-17,2024-06-16,,0,Active
S07437,U07437,2024-03-07,2024-04-06,2024-07-05,20,Cancelled
S07438,U07438,2024-12-17,2025-01-16,2025-01-16,20,Cancelled
S07439,U07439,2024-09-13,2024-10-13,2025-03-12,20,Cancelled
S07440,U07440,2024-09-01,2024-10-01,2024-10-01,20,Cancelled
S07441,U07441,2024-08-24,2024-09-23,2025-01-21,50,Cancelled
S07442,U07442,2024-12-21,2025-01-20,2025-03-21,50,Cancelled
S07443,U07443,2024-02-01,2024-03-02,2024-03-02,20,Cancelled
S07444,U07444,2024-07-26,2024-08-25,2024-08-25,50,Cancelled
S07445,U07445,2024-03-17,2024-04-16,2024-07-15,50,Cancelled
S07446,U07446,2024-09-17,2024-10-17,2025-05-15,50,Cancelled
S07447,U07447,2024-04-28,2024-05-28,,0,Active
S07448,U07448,2024-09-19,2024-10-19,2024-12-18,50,Cancelled
S07449,U07449,2024-01-01,2024-01-31,2024-03-01,50,Cancelled
S07450,U07450,2024-10-09,2024-11-08,,50,Active
S07451,U07451,2024-11-02,2024-12-02,2025-04-01,0,Cancelled
S07452,U07452,2024-09-08,2024-10-08,2024-10-08,0,Cancelled
S07453,U07453,2024-10-03,2024-11-02,2025-04-01,50,Cancelled
S07454,U07454,2024-12-15,2025-01-14,2025-04-14,0,Cancelled
S07455,U07455,2024-10-09,2024-11-08,2025-01-07,50,Cancelled
S07456,U07456,2024-01-03,2024-02-02,2024-07-01,0,Cancelled
S07457,U07457,2024-07-23,2024-08-22,2024-09-21,0,Cancelled
S07458,U07458,2024-04-26,2024-05-26,2024-08-24,20,Cancelled
S07459,U07459,2024-02-06,2024-03-07,2024-12-02,50,Cancelled
S07460,U07460,2024-10-05,2024-11-04,2024-12-04,50,Cancelled
S07461,U07461,2024-04-19,2024-05-19,2024-07-18,50,Cancelled
S07462,U07462,2024-07-21,2024-08-20,2024-08-20,0,Cancelled
S07463,U07463,2024-09-17,2024-10-17,2025-06-14,50,Cancelled
S07464,U07464,2024-12-20,2025-01-19,2025-01-19,20,Cancelled
S07465,U07465,2024-05-11,2024-06-10,,50,Active
S07466,U07466,2024-09-21,2024-10-21,2024-11-20,20,Cancelled
S07467,U07467,2024-12-02,2025-01-01,2025-05-01,0,Cancelled
S07468,U07468,2024-09-20,2024-10-20,2025-05-18,20,Cancelled
S07469,U07469,2024-01-26,2024-02-25,2024-05-25,0,Cancelled
S07470,U07470,2024-09-06,2024-10-06,2025-01-04,50,Cancelled
S07471,U07471,2024-09-06,2024-10-06,2024-12-05,0,Cancelled
S07472,U07472,2024-04-23,2024-05-23,2024-06-22,0,Cancelled
S07473,U07473,2024-06-16,2024-07-16,2025-05-12,0,Cancelled
S07474,U07474,2024-09-25,2024-10-25,2024-11-24,50,Cancelled
S07475,U07475,2024-05-23,2024-06-22,2024-06-22,0,Cancelled
S07476,U07476,2024-08-20,2024-09-19,,0,Active
S07477,U07477,2024-01-28,2024-02-27,2024-03-28,20,Cancelled
S07478,U07478,2024-06-19,2024-07-19,2024-07-19,20,Cancelled
S07479,U07479,2024-02-27,2024-03-28,2024-03-28,20,Cancelled
S07480,U07480,2024-12-29,2025-01-28,,20,Active
S07481,U07481,2024-01-10,2024-02-09,2024-02-09,50,Cancelled
S07482,U07482,2024-10-13,2024-11-12,2024-11-12,20,Cancelled
S07483,U07483,2024-12-27,2025-01-26,2025-04-26,50,Cancelled
S07484,U07484,2024-04-27,2024-05-27,2025-01-22,0,Cancelled
S07485,U07485,2024-08-13,2024-09-12,,50,Active
S07486,U07486,2024-05-18,2024-06-17,2024-06-17,50,Cancelled
S07487,U07487,2024-10-16,2024-11-15,2024-12-15,0,Cancelled
S07488,U07488,2024-09-25,2024-10-25,,0,Active
S07489,U07489,2024-10-22,2024-11-21,2024-11-21,0,Cancelled
S07490,U07490,2024-08-23,2024-09-22,2025-03-21,50,Cancelled
S07491,U07491,2024-10-23,2024-11-22,2025-02-20,20,Cancelled
S07492,U07492,2024-11-28,2024-12-28,2025-01-27,20,Cancelled
S07493,U07493,2024-03-02,2024-04-01,2024-05-31,20,Cancelled
S07494,U07494,2024-08-13,2024-09-12,2025-02-09,0,Cancelled
S07495,U07495,2024-09-26,2024-10-26,2025-03-25,0,Cancelled
S07496,U07496,2024-03-23,2024-04-22,2024-08-20,50,Cancelled
S07497,U07497,2024-02-28,2024-03-29,2024-08-26,50,Cancelled
S07498,U07498,2024-02-05,2024-03-06,2024-07-04,0,Cancelled
S07499,U07499,2024-04-29,2024-05-29,,20,Active
S07500,U07500,2024-08-26,2024-09-25,,0,Active
S07501,U07501,2024-12-25,2025-01-24,2025-02-23,0,Cancelled
S07502,U07502,2024-05-12,2024-06-11,2024-11-08,50,Cancelled
S07503,U07503,2024-08-06,2024-09-05,,0,Active
S07504,U07504,2024-09-02,2024-10-02,2024-12-01,50,Cancelled
S07505,U07505,2024-02-13,2024-03-14,2024-05-13,20,Cancelled
S07506,U07506,2024-09-22,2024-10-22,2024-10-22,50,Cancelled
S07507,U07507,2024-10-27,2024-11-26,2024-11-26,0,Cancelled
S07508,U07508,2024-09-20,2024-10-20,,50,Active
S07509,U07509,2024-08-31,2024-09-30,2025-01-28,50,Cancelled
S07510,U07510,2024-05-24,2024-06-23,2024-08-22,50,Cancelled
S07511,U07511,2024-05-24,2024-06-23,2024-11-20,20,Cancelled
S07512,U07512,2024-07-19,2024-08-18,2025-04-15,0,Cancelled
S07513,U07513,2024-04-21,2024-05-21,2024-06-20,20,Cancelled
S07514,U07514,2024-10-14,2024-11-13,2025-04-12,50,Cancelled
S07515,U07515,2024-10-15,2024-11-14,2024-12-14,0,Cancelled
S07516,U07516,2024-03-23,2024-04-22,2024-04-22,20,Cancelled
S07517,U07517,2024-01-18,2024-02-17,2024-03-18,20,Cancelled
S07518,U07518,2024-04-08,2024-05-08,2024-11-04,0,Cancelled
S07519,U07519,2024-10-04,2024-11-03,2025-02-01,0,Cancelled
S07520,U07520,2024-12-22,2025-01-21,2025-05-21,0,Cancelled
S07521,U07521,2024-10-03,2024-11-02,2025-04-01,20,Cancelled
S07522,U07522,2024-08-08,2024-09-07,2024-12-06,0,Cancelled
S07523,U07523,2024-03-27,2024-04-26,2024-06-25,50,Cancelled
S07524,U07524,2024-06-28,2024-07-28,2024-07-28,50,Cancelled
S07525,U07525,2024-06-04,2024-07-04,2024-08-03,50,Cancelled
S07526,U07526,2024-06-16,2024-07-16,2024-07-16,50,Cancelled
S07527,U07527,2024-06-28,2024-07-28,2024-11-25,20,Cancelled
S07528,U07528,2024-07-25,2024-08-24,2024-09-23,20,Cancelled
S07529,U07529,2024-01-25,2024-02-24,2024-06-23,50,Cancelled
S07530,U07530,2024-03-12,2024-04-11,2024-06-10,0,Cancelled
S07531,U07531,2024-03-01,2024-03-31,2024-09-27,20,Cancelled
S07532,U07532,2024-12-12,2025-01-11,2025-01-11,50,Cancelled
S07533,U07533,2024-10-22,2024-11-21,2025-01-20,20,Cancelled
S07534,U07534,2024-03-17,2024-04-16,2024-04-16,20,Cancelled
S07535,U07535,2024-08-15,2024-09-14,2025-01-12,0,Cancelled
S07536,U07536,2024-04-02,2024-05-02,2024-07-31,50,Cancelled
S07537,U07537,2024-04-16,2024-05-16,2024-06-15,50,Cancelled
S07538,U07538,2024-07-18,2024-08-17,2025-02-13,0,Cancelled
S07539,U07539,2024-06-04,2024-07-04,,20,Active
S07540,U07540,2024-01-10,2024-02-09,2024-03-10,20,Cancelled
S07541,U07541,2024-10-19,2024-11-18,2024-12-18,50,Cancelled
S07542,U07542,2024-12-29,2025-01-28,2025-05-28,0,Cancelled
S07543,U07543,2024-06-02,2024-07-02,2025-01-28,50,Cancelled
S07544,U07544,2024-06-28,2024-07-28,2024-07-28,0,Cancelled
S07545,U07545,2024-06-21,2024-07-21,2024-09-19,50,Cancelled
S07546,U07546,2024-08-12,2024-09-11,2025-01-09,50,Cancelled
S07547,U07547,2024-07-22,2024-08-21,2025-03-19,50,Cancelled
S07548,U07548,2024-04-01,2024-05-01,2024-08-29,20,Cancelled
S07549,U07549,2024-08-30,2024-09-29,2025-01-27,50,Cancelled
S07550,U07550,2024-11-15,2024-12-15,2025-02-13,50,Cancelled
S07551,U07551,2024-11-25,2024-12-25,2025-05-24,0,Cancelled
S07552,U07552,2024-09-17,2024-10-17,2024-11-16,20,Cancelled
S07553,U07553,2024-07-22,2024-08-21,2025-06-17,50,Cancelled
S07554,U07554,2024-10-03,2024-11-02,2025-01-01,20,Cancelled
S07555,U07555,2024-02-12,2024-03-13,2024-08-10,0,Cancelled
S07556,U07556,2024-01-27,2024-02-26,2024-06-25,20,Cancelled
S07557,U07557,2024-10-03,2024-11-02,2025-01-31,0,Cancelled
S07558,U07558,2024-10-12,2024-11-11,2024-12-11,20,Cancelled
S07559,U07559,2024-01-21,2024-02-20,2024-05-20,0,Cancelled
S07560,U07560,2024-09-05,2024-10-05,2024-11-04,50,Cancelled
S07561,U07561,2024-04-26,2024-05-26,2024-07-25,0,Cancelled
S07562,U07562,2024-09-18,2024-10-18,2025-05-16,0,Cancelled
S07563,U07563,2024-08-10,2024-09-09,2024-11-08,20,Cancelled
S07564,U07564,2024-10-17,2024-11-16,2025-04-15,0,Cancelled
S07565,U07565,2024-04-15,2024-05-15,2024-05-15,0,Cancelled
S07566,U07566,2024-09-17,2024-10-17,2025-01-15,50,Cancelled
S07567,U07567,2024-03-14,2024-04-13,2024-11-09,0,Cancelled
S07568,U07568,2024-03-23,2024-04-22,2024-05-22,50,Cancelled
S07569,U07569,2024-04-13,2024-05-13,2024-05-13,0,Cancelled
S07570,U07570,2024-10-30,2024-11-29,2025-09-25,0,Cancelled
S07571,U07571,2024-11-06,2024-12-06,2025-03-06,50,Cancelled
S07572,U07572,2024-12-15,2025-01-14,2025-09-11,20,Cancelled
S07573,U07573,2024-10-03,2024-11-02,2025-05-31,50,Cancelled
S07574,U07574,2024-06-14,2024-07-14,2024-07-14,0,Cancelled
S07575,U07575,2024-02-29,2024-03-30,,20,Active
S07576,U07576,2024-02-22,2024-03-23,2024-03-23,0,Cancelled
S07577,U07577,2024-02-23,2024-03-24,,50,Active
S07578,U07578,2024-09-27,2024-10-27,2024-11-26,50,Cancelled
S07579,U07579,2024-11-27,2024-12-27,2025-01-26,0,Cancelled
S07580,U07580,2024-04-20,2024-05-20,2024-06-19,0,Cancelled
S07581,U07581,2024-05-14,2024-06-13,2024-10-11,20,Cancelled
S07582,U07582,2024-10-22,2024-11-21,2025-06-19,20,Cancelled
S07583,U07583,2024-10-18,2024-11-17,2025-05-16,20,Cancelled
S07584,U07584,2024-12-13,2025-01-12,,20,Active
S07585,U07585,2024-01-03,2024-02-02,2024-07-31,50,Cancelled
S07586,U07586,2024-11-19,2024-12-19,2025-01-18,20,Cancelled
S07587,U07587,2024-03-13,2024-04-12,2024-06-11,50,Cancelled
S07588,U07588,2024-06-30,2024-07-30,2024-09-28,20,Cancelled
S07589,U07589,2024-06-02,2024-07-02,2025-02-27,50,Cancelled
S07590,U07590,2024-04-03,2024-05-03,2024-05-03,20,Cancelled
S07591,U07591,2024-02-18,2024-03-19,2024-11-14,20,Cancelled
S07592,U07592,2024-11-13,2024-12-13,2025-01-12,20,Cancelled
S07593,U07593,2024-05-08,2024-06-07,,0,Active
S07594,U07594,2024-10-14,2024-11-13,2025-06-11,20,Cancelled
S07595,U07595,2024-06-04,2024-07-04,2024-12-01,50,Cancelled
S07596,U07596,2024-12-17,2025-01-16,2025-05-16,0,Cancelled
S07597,U07597,2024-04-19,2024-05-19,2024-09-16,50,Cancelled
S07598,U07598,2024-12-22,2025-01-21,2025-05-21,20,Cancelled
S07599,U07599,2024-09-28,2024-10-28,,50,Active
S07600,U07600,2024-01-02,2024-02-01,2024-02-01,20,Cancelled
S07601,U07601,2024-05-07,2024-06-06,2024-08-05,20,Cancelled
S07602,U07602,2024-12-21,2025-01-20,2025-01-20,0,Cancelled
S07603,U07603,2024-12-20,2025-01-19,2025-01-19,0,Cancelled
S07604,U07604,2024-10-25,2024-11-24,2025-04-23,0,Cancelled
S07605,U07605,2024-01-29,2024-02-28,2024-06-27,20,Cancelled
S07606,U07606,2024-06-16,2024-07-16,2024-11-13,20,Cancelled
S07607,U07607,2024-08-13,2024-09-12,2024-09-12,20,Cancelled
S07608,U07608,2024-06-08,2024-07-08,2024-11-05,20,Cancelled
S07609,U07609,2024-11-04,2024-12-04,2025-05-03,20,Cancelled
S07610,U07610,2024-11-08,2024-12-08,2025-04-07,20,Cancelled
S07611,U07611,2024-11-09,2024-12-09,2024-12-09,50,Cancelled
S07612,U07612,2024-12-18,2025-01-17,2025-07-16,20,Cancelled
S07613,U07613,2024-08-18,2024-09-17,2024-12-16,0,Cancelled
S07614,U07614,2024-09-21,2024-10-21,,0,Active
S07615,U07615,2024-06-22,2024-07-22,2025-05-18,20,Cancelled
S07616,U07616,2024-09-04,2024-10-04,2024-12-03,50,Cancelled
S07617,U07617,2024-10-01,2024-10-31,2024-11-30,20,Cancelled
S07618,U07618,2024-11-14,2024-12-14,2025-08-11,50,Cancelled
S07619,U07619,2024-12-30,2025-01-29,,50,Active
S07620,U07620,2024-10-17,2024-11-16,2025-03-16,20,Cancelled
S07621,U07621,2024-11-15,2024-12-15,2025-01-14,20,Cancelled
S07622,U07622,2024-06-26,2024-07-26,,20,Active
S07623,U07623,2024-11-06,2024-12-06,2025-09-02,50,Cancelled
S07624,U07624,2024-09-06,2024-10-06,,50,Active
S07625,U07625,2024-02-10,2024-03-11,2024-03-11,0,Cancelled
S07626,U07626,2024-03-27,2024-04-26,2024-07-25,0,Cancelled
S07627,U07627,2024-02-19,2024-03-20,,0,Active
S07628,U07628,2024-05-06,2024-06-05,2024-11-02,0,Cancelled
S07629,U07629,2024-02-12,2024-03-13,2024-07-11,0,Cancelled
S07630,U07630,2024-12-27,2025-01-26,2025-02-25,20,Cancelled
S07631,U07631,2024-11-15,2024-12-15,2025-04-14,0,Cancelled
S07632,U07632,2024-06-15,2024-07-15,2024-08-14,20,Cancelled
S07633,U07633,2024-01-30,2024-02-29,2024-03-30,0,Cancelled
S07634,U07634,2024-08-20,2024-09-19,2024-12-18,20,Cancelled
S07635,U07635,2024-01-11,2024-02-10,2024-08-08,50,Cancelled
S07636,U07636,2024-10-07,2024-11-06,2024-11-06,20,Cancelled
S07637,U07637,2024-10-22,2024-11-21,2025-02-19,0,Cancelled
S07638,U07638,2024-06-24,2024-07-24,2024-09-22,20,Cancelled
S07639,U07639,2024-11-28,2024-12-28,2024-12-28,50,Cancelled
S07640,U07640,2024-07-28,2024-08-27,2024-11-25,20,Cancelled
S07641,U07641,2024-11-11,2024-12-11,2024-12-11,0,Cancelled
S07642,U07642,2024-06-26,2024-07-26,2024-07-26,20,Cancelled
S07643,U07643,2024-03-08,2024-04-07,2024-05-07,0,Cancelled
S07644,U07644,2024-10-10,2024-11-09,2025-03-09,20,Cancelled
S07645,U07645,2024-10-29,2024-11-28,2025-05-27,20,Cancelled
S07646,U07646,2024-07-26,2024-08-25,2025-06-21,50,Cancelled
S07647,U07647,2024-01-08,2024-02-07,,50,Active
S07648,U07648,2024-01-10,2024-02-09,2024-11-05,20,Cancelled
S07649,U07649,2024-05-18,2024-06-17,2025-01-13,0,Cancelled
S07650,U07650,2024-03-05,2024-04-04,2024-05-04,0,Cancelled
S07651,U07651,2024-06-21,2024-07-21,,20,Active
S07652,U07652,2024-04-08,2024-05-08,2025-02-02,0,Cancelled
S07653,U07653,2024-06-22,2024-07-22,2024-07-22,0,Cancelled
S07654,U07654,2024-12-15,2025-01-14,2025-01-14,50,Cancelled
S07655,U07655,2024-11-20,2024-12-20,2025-02-18,0,Cancelled
S07656,U07656,2024-11-23,2024-12-23,2025-03-23,20,Cancelled
S07657,U07657,2024-03-05,2024-04-04,2024-06-03,0,Cancelled
S07658,U07658,2024-07-31,2024-08-30,,50,Active
S07659,U07659,2024-11-11,2024-12-11,2025-06-09,50,Cancelled
S07660,U07660,2024-04-22,2024-05-22,2024-06-21,50,Cancelled
S07661,U07661,2024-12-22,2025-01-21,2025-03-22,0,Cancelled
S07662,U07662,2024-10-24,2024-11-23,,50,Active
S07663,U07663,2024-07-22,2024-08-21,2024-08-21,0,Cancelled
S07664,U07664,2024-02-19,2024-03-20,,0,Active
S07665,U07665,2024-08-21,2024-09-20,2024-09-20,0,Cancelled
S07666,U07666,2024-01-17,2024-02-16,2024-06-15,20,Cancelled
S07667,U07667,2024-08-05,2024-09-04,2025-05-02,20,Cancelled
S07668,U07668,2024-02-21,2024-03-22,2024-09-18,20,Cancelled
S07669,U07669,2024-04-23,2024-05-23,2024-06-22,20,Cancelled
S07670,U07670,2024-12-20,2025-01-19,2025-02-18,50,Cancelled
S07671,U07671,2024-07-24,2024-08-23,2025-05-20,20,Cancelled
S07672,U07672,2024-02-12,2024-03-13,2024-03-13,0,Cancelled
S07673,U07673,2024-05-12,2024-06-11,2024-09-09,20,Cancelled
S07674,U07674,2024-07-09,2024-08-08,2024-08-08,50,Cancelled
S07675,U07675,2024-04-19,2024-05-19,2024-05-19,0,Cancelled
S07676,U07676,2024-12-25,2025-01-24,2025-08-22,50,Cancelled
S07677,U07677,2024-08-17,2024-09-16,2024-12-15,0,Cancelled
S07678,U07678,2024-02-02,2024-03-03,2024-04-02,20,Cancelled
S07679,U07679,2024-12-05,2025-01-04,2025-01-04,0,Cancelled
S07680,U07680,2024-02-28,2024-03-29,2024-03-29,0,Cancelled
S07681,U07681,2024-02-09,2024-03-10,2024-07-08,50,Cancelled
S07682,U07682,2024-03-03,2024-04-02,2024-06-01,20,Cancelled
S07683,U07683,2024-08-15,2024-09-14,2024-10-14,0,Cancelled
S07684,U07684,2024-09-13,2024-10-13,2025-01-11,50,Cancelled
S07685,U07685,2024-04-30,2024-05-30,2024-07-29,50,Cancelled
S07686,U07686,2024-01-16,2024-02-15,2024-03-16,20,Cancelled
S07687,U07687,2024-03-18,2024-04-17,2024-07-16,50,Cancelled
S07688,U07688,2024-07-23,2024-08-22,2025-04-19,0,Cancelled
S07689,U07689,2024-08-11,2024-09-10,2024-10-10,50,Cancelled
S07690,U07690,2024-11-02,2024-12-02,2024-12-02,0,Cancelled
S07691,U07691,2024-03-17,2024-04-16,2024-05-16,20,Cancelled
S07692,U07692,2024-07-22,2024-08-21,2024-12-19,50,Cancelled
S07693,U07693,2024-03-30,2024-04-29,2024-06-28,20,Cancelled
S07694,U07694,2024-11-04,2024-12-04,2025-01-03,20,Cancelled
S07695,U07695,2024-03-14,2024-04-13,2024-10-10,50,Cancelled
S07696,U07696,2024-02-15,2024-03-16,2024-03-16,0,Cancelled
S07697,U07697,2024-02-22,2024-03-23,2024-03-23,50,Cancelled
S07698,U07698,2024-09-14,2024-10-14,2025-06-11,20,Cancelled
S07699,U07699,2024-07-11,2024-08-10,2024-09-09,50,Cancelled
S07700,U07700,2024-01-23,2024-02-22,2024-05-22,50,Cancelled
S07701,U07701,2024-08-13,2024-09-12,2025-01-10,0,Cancelled
S07702,U07702,2024-06-21,2024-07-21,2025-02-16,50,Cancelled
S07703,U07703,2024-11-09,2024-12-09,2024-12-09,50,Cancelled
S07704,U07704,2024-10-04,2024-11-03,,20,Active
S07705,U07705,2024-03-08,2024-04-07,2024-04-07,50,Cancelled
S07706,U07706,2024-08-19,2024-09-18,,20,Active
S07707,U07707,2024-05-25,2024-06-24,2024-07-24,20,Cancelled
S07708,U07708,2024-06-16,2024-07-16,2024-08-15,50,Cancelled
S07709,U07709,2024-07-19,2024-08-18,2024-10-17,0,Cancelled
S07710,U07710,2024-03-31,2024-04-30,2024-07-29,0,Cancelled
S07711,U07711,2024-10-31,2024-11-30,2025-02-28,20,Cancelled
S07712,U07712,2024-09-12,2024-10-12,,0,Active
S07713,U07713,2024-12-25,2025-01-24,,20,Active
S07714,U07714,2024-02-11,2024-03-12,2024-06-10,50,Cancelled
S07715,U07715,2024-01-13,2024-02-12,2024-08-10,50,Cancelled
S07716,U07716,2024-08-30,2024-09-29,2024-12-28,50,Cancelled
S07717,U07717,2024-11-04,2024-12-04,2024-12-04,0,Cancelled
S07718,U07718,2024-07-29,2024-08-28,2024-10-27,0,Cancelled
S07719,U07719,2024-02-14,2024-03-15,2024-04-14,50,Cancelled
S07720,U07720,2024-10-14,2024-11-13,2024-12-13,50,Cancelled
S07721,U07721,2024-02-05,2024-03-06,2024-05-05,50,Cancelled
S07722,U07722,2024-11-06,2024-12-06,2025-02-04,50,Cancelled
S07723,U07723,2024-09-15,2024-10-15,2025-07-12,50,Cancelled
S07724,U07724,2024-10-23,2024-11-22,2025-08-19,50,Cancelled
S07725,U07725,2024-12-12,2025-01-11,2025-01-11,0,Cancelled
S07726,U07726,2024-01-04,2024-02-03,2024-10-30,0,Cancelled
S07727,U07727,2024-08-13,2024-09-12,2025-03-11,20,Cancelled
S07728,U07728,2024-01-04,2024-02-03,2024-06-02,20,Cancelled
S07729,U07729,2024-05-07,2024-06-06,2024-09-04,20,Cancelled
S07730,U07730,2024-09-13,2024-10-13,2025-03-12,20,Cancelled
S07731,U07731,2024-04-20,2024-05-20,2024-10-17,0,Cancelled
S07732,U07732,2024-08-12,2024-09-11,2025-01-09,50,Cancelled
S07733,U07733,2024-10-22,2024-11-21,2025-02-19,0,Cancelled
S07734,U07734,2024-03-14,2024-04-13,,0,Active
S07735,U07735,2024-03-21,2024-04-20,2024-12-16,50,Cancelled
S07736,U07736,2024-08-09,2024-09-08,,50,Active
S07737,U07737,2024-11-20,2024-12-20,2025-04-19,50,Cancelled
S07738,U07738,2024-03-28,2024-04-27,2024-04-27,0,Cancelled
S07739,U07739,2024-01-25,2024-02-24,,50,Active
S07740,U07740,2024-01-25,2024-02-24,2024-04-24,20,Cancelled
S07741,U07741,2024-03-01,2024-03-31,,20,Active
S07742,U07742,2024-07-05,2024-08-04,2025-01-01,0,Cancelled
S07743,U07743,2024-12-02,2025-01-01,2025-01-31,0,Cancelled
S07744,U07744,2024-04-17,2024-05-17,2024-07-16,20,Cancelled
S07745,U07745,2024-07-16,2024-08-15,2024-09-14,20,Cancelled
S07746,U07746,2024-04-29,2024-05-29,2024-07-28,50,Cancelled
S07747,U07747,2024-12-15,2025-01-14,2025-05-14,20,Cancelled
S07748,U07748,2024-03-13,2024-04-12,2024-04-12,0,Cancelled
S07749,U07749,2024-08-11,2024-09-10,2025-01-08,50,Cancelled
S07750,U07750,2024-01-28,2024-02-27,,20,Active
S07751,U07751,2024-02-19,2024-03-20,2024-04-19,20,Cancelled
S07752,U07752,2024-10-26,2024-11-25,2025-03-25,20,Cancelled
S07753,U07753,2024-08-19,2024-09-18,2024-10-18,0,Cancelled
S07754,U07754,2024-01-29,2024-02-28,2024-03-29,50,Cancelled
S07755,U07755,2024-09-13,2024-10-13,2025-05-11,20,Cancelled
S07756,U07756,2024-03-05,2024-04-04,2024-07-03,50,Cancelled
S07757,U07757,2024-10-18,2024-11-17,2024-12-17,0,Cancelled
S07758,U07758,2024-03-31,2024-04-30,2024-07-29,20,Cancelled
S07759,U07759,2024-10-09,2024-11-08,2025-01-07,0,Cancelled
S07760,U07760,2024-04-07,2024-05-07,2024-06-06,50,Cancelled
S07761,U07761,2024-10-31,2024-11-30,2025-03-30,20,Cancelled
S07762,U07762,2024-02-08,2024-03-09,2024-03-09,20,Cancelled
S07763,U07763,2024-01-23,2024-02-22,,20,Active
S07764,U07764,2024-01-10,2024-02-09,2024-02-09,50,Cancelled
S07765,U07765,2024-02-21,2024-03-22,2024-03-22,20,Cancelled
S07766,U07766,2024-11-06,2024-12-06,2024-12-06,0,Cancelled
S07767,U07767,2024-04-23,2024-05-23,2024-07-22,0,Cancelled
S07768,U07768,2024-06-16,2024-07-16,2025-01-12,50,Cancelled
S07769,U07769,2024-01-12,2024-02-11,2024-06-10,20,Cancelled
S07770,U07770,2024-12-28,2025-01-27,2025-06-26,0,Cancelled
S07771,U07771,2024-03-15,2024-04-14,2024-04-14,50,Cancelled
S07772,U07772,2024-11-26,2024-12-26,2025-07-24,0,Cancelled
S07773,U07773,2024-11-17,2024-12-17,2025-10-13,20,Cancelled
S07774,U07774,2024-11-21,2024-12-21,2024-12-21,20,Cancelled
S07775,U07775,2024-05-26,2024-06-25,2024-12-22,50,Cancelled
S07776,U07776,2024-11-12,2024-12-12,2025-01-11,0,Cancelled
S07777,U07777,2024-01-03,2024-02-02,2024-09-29,20,Cancelled
S07778,U07778,2024-11-15,2024-12-15,2025-04-14,50,Cancelled
S07779,U07779,2024-09-21,2024-10-21,2024-10-21,50,Cancelled
S07780,U07780,2024-02-27,2024-03-28,2024-06-26,0,Cancelled
S07781,U07781,2024-01-26,2024-02-25,,0,Active
S07782,U07782,2024-11-25,2024-12-25,2024-12-25,50,Cancelled
S07783,U07783,2024-03-27,2024-04-26,2024-05-26,20,Cancelled
S07784,U07784,2024-01-31,2024-03-01,2024-10-27,20,Cancelled
S07785,U07785,2024-01-11,2024-02-10,2024-02-10,50,Cancelled
S07786,U07786,2024-02-11,2024-03-12,2024-05-11,50,Cancelled
S07787,U07787,2024-04-25,2024-05-25,2025-03-21,0,Cancelled
S07788,U07788,2024-05-30,2024-06-29,2024-10-27,20,Cancelled
S07789,U07789,2024-03-31,2024-04-30,2024-04-30,0,Cancelled
S07790,U07790,2024-09-03,2024-10-03,2025-01-31,0,Cancelled
S07791,U07791,2024-01-15,2024-02-14,2024-04-14,20,Cancelled
S07792,U07792,2024-07-06,2024-08-05,2025-03-03,50,Cancelled
S07793,U07793,2024-01-15,2024-02-14,2024-09-11,20,Cancelled
S07794,U07794,2024-12-15,2025-01-14,,50,Active
S07795,U07795,2024-04-25,2024-05-25,2024-06-24,50,Cancelled
S07796,U07796,2024-09-11,2024-10-11,2024-12-10,0,Cancelled
S07797,U07797,2024-07-27,2024-08-26,2024-08-26,0,Cancelled
S07798,U07798,2024-05-13,2024-06-12,2024-09-10,0,Cancelled
S07799,U07799,2024-06-26,2024-07-26,2024-07-26,50,Cancelled
S07800,U07800,2024-02-28,2024-03-29,2024-04-28,0,Cancelled
S07801,U07801,2024-05-08,2024-06-07,2024-11-04,20,Cancelled
S07802,U07802,2024-03-10,2024-04-09,2024-05-09,20,Cancelled
S07803,U07803,2024-09-19,2024-10-19,2025-05-17,20,Cancelled
S07804,U07804,2024-07-29,2024-08-28,2024-11-26,0,Cancelled
S07805,U07805,2024-04-07,2024-05-07,2024-05-07,0,Cancelled
S07806,U07806,2024-09-10,2024-10-10,2024-10-10,0,Cancelled
S07807,U07807,2024-01-31,2024-03-01,2024-07-29,0,Cancelled
S07808,U07808,2024-03-28,2024-04-27,2024-05-27,0,Cancelled
S07809,U07809,2024-07-25,2024-08-24,2024-09-23,20,Cancelled
S07810,U07810,2024-11-04,2024-12-04,2025-01-03,20,Cancelled
S07811,U07811,2024-07-23,2024-08-22,2024-08-22,0,Cancelled
S07812,U07812,2024-01-02,2024-02-01,2024-05-01,50,Cancelled
S07813,U07813,2024-08-31,2024-09-30,2024-11-29,50,Cancelled
S07814,U07814,2024-03-24,2024-04-23,2024-04-23,50,Cancelled
S07815,U07815,2024-07-30,2024-08-29,2025-03-27,50,Cancelled
S07816,U07816,2024-02-15,2024-03-16,2024-04-15,20,Cancelled
S07817,U07817,2024-04-22,2024-05-22,,50,Active
S07818,U07818,2024-06-27,2024-07-27,2024-09-25,20,Cancelled
S07819,U07819,2024-01-13,2024-02-12,,50,Active
S07820,U07820,2024-11-02,2024-12-02,2025-05-31,20,Cancelled
S07821,U07821,2024-05-05,2024-06-04,2024-09-02,0,Cancelled
S07822,U07822,2024-10-28,2024-11-27,2025-07-25,50,Cancelled
S07823,U07823,2024-09-13,2024-10-13,2024-11-12,50,Cancelled
S07824,U07824,2024-02-25,2024-03-26,2024-03-26,20,Cancelled
S07825,U07825,2024-11-25,2024-12-25,2024-12-25,20,Cancelled
S07826,U07826,2024-06-29,2024-07-29,2024-07-29,20,Cancelled
S07827,U07827,2024-09-24,2024-10-24,2025-08-20,50,Cancelled
S07828,U07828,2024-12-06,2025-01-05,,20,Active
S07829,U07829,2024-07-29,2024-08-28,2024-10-27,20,Cancelled
S07830,U07830,2024-10-03,2024-11-02,2024-12-02,20,Cancelled
S07831,U07831,2024-07-16,2024-08-15,2024-08-15,20,Cancelled
S07832,U07832,2024-08-19,2024-09-18,,50,Active
S07833,U07833,2024-12-29,2025-01-28,2025-02-27,0,Cancelled
S07834,U07834,2024-08-23,2024-09-22,2024-09-22,50,Cancelled
S07835,U07835,2024-09-11,2024-10-11,2025-01-09,50,Cancelled
S07836,U07836,2024-07-31,2024-08-30,2024-12-28,0,Cancelled
S07837,U07837,2024-03-08,2024-04-07,2024-08-05,50,Cancelled
S07838,U07838,2024-07-17,2024-08-16,2025-04-13,20,Cancelled
S07839,U07839,2024-07-22,2024-08-21,,0,Active
S07840,U07840,2024-10-05,2024-11-04,2024-11-04,50,Cancelled
S07841,U07841,2024-11-14,2024-12-14,2025-06-12,50,Cancelled
S07842,U07842,2024-07-26,2024-08-25,2025-04-22,20,Cancelled
S07843,U07843,2024-08-15,2024-09-14,,0,Active
S07844,U07844,2024-06-13,2024-07-13,2024-07-13,0,Cancelled
S07845,U07845,2024-07-17,2024-08-16,2024-11-14,50,Cancelled
S07846,U07846,2024-02-26,2024-03-27,2024-04-26,50,Cancelled
S07847,U07847,2024-04-28,2024-05-28,,20,Active
S07848,U07848,2024-07-24,2024-08-23,2024-08-23,0,Cancelled
S07849,U07849,2024-11-27,2024-12-27,2025-04-26,0,Cancelled
S07850,U07850,2024-05-07,2024-06-06,2024-10-04,50,Cancelled
S07851,U07851,2024-03-25,2024-04-24,2024-09-21,50,Cancelled
S07852,U07852,2024-01-12,2024-02-11,2024-04-11,50,Cancelled
S07853,U07853,2024-02-10,2024-03-11,2024-03-11,20,Cancelled
S07854,U07854,2024-12-21,2025-01-20,2025-08-18,20,Cancelled
S07855,U07855,2024-06-04,2024-07-04,2025-03-31,0,Cancelled
S07856,U07856,2024-12-12,2025-01-11,,0,Active
S07857,U07857,2024-01-06,2024-02-05,,50,Active
S07858,U07858,2024-08-19,2024-09-18,2024-10-18,50,Cancelled
S07859,U07859,2024-04-24,2024-05-24,2024-07-23,50,Cancelled
S07860,U07860,2024-02-19,2024-03-20,2024-03-20,20,Cancelled
S07861,U07861,2024-12-29,2025-01-28,2025-01-28,0,Cancelled
S07862,U07862,2024-03-13,2024-04-12,2024-07-11,0,Cancelled
S07863,U07863,2024-02-08,2024-03-09,2024-04-08,50,Cancelled
S07864,U07864,2024-10-22,2024-11-21,2024-11-21,50,Cancelled
S07865,U07865,2024-04-13,2024-05-13,2024-07-12,0,Cancelled
S07866,U07866,2024-03-25,2024-04-24,2024-05-24,20,Cancelled
S07867,U07867,2024-05-15,2024-06-14,2024-07-14,50,Cancelled
S07868,U07868,2024-10-06,2024-11-05,2024-11-05,50,Cancelled
S07869,U07869,2024-11-11,2024-12-11,2025-01-10,20,Cancelled
S07870,U07870,2024-07-22,2024-08-21,2024-12-19,50,Cancelled
S07871,U07871,2024-12-28,2025-01-27,2025-01-27,0,Cancelled
S07872,U07872,2024-02-14,2024-03-15,2024-03-15,50,Cancelled
S07873,U07873,2024-05-09,2024-06-08,2024-09-06,20,Cancelled
S07874,U07874,2024-06-16,2024-07-16,,20,Active
S07875,U07875,2024-03-04,2024-04-03,,0,Active
S07876,U07876,2024-06-17,2024-07-17,2024-07-17,0,Cancelled
S07877,U07877,2024-06-12,2024-07-12,2024-12-09,50,Cancelled
S07878,U07878,2024-10-29,2024-11-28,2025-06-26,20,Cancelled
S07879,U07879,2024-12-07,2025-01-06,2025-01-06,50,Cancelled
S07880,U07880,2024-09-11,2024-10-11,2024-12-10,20,Cancelled
S07881,U07881,2024-04-06,2024-05-06,2024-06-05,20,Cancelled
S07882,U07882,2024-12-11,2025-01-10,2025-04-10,50,Cancelled
S07883,U07883,2024-11-15,2024-12-15,,50,Active
S07884,U07884,2024-09-19,2024-10-19,2024-11-18,20,Cancelled
S07885,U07885,2024-03-09,2024-04-08,2024-04-08,0,Cancelled
S07886,U07886,2024-01-19,2024-02-18,2024-10-15,20,Cancelled
S07887,U07887,2024-07-14,2024-08-13,2025-02-09,20,Cancelled
S07888,U07888,2024-05-17,2024-06-16,,50,Active
S07889,U07889,2024-05-18,2024-06-17,2024-07-17,20,Cancelled
S07890,U07890,2024-08-18,2024-09-17,2025-06-14,20,Cancelled
S07891,U07891,2024-06-14,2024-07-14,2024-10-12,50,Cancelled
S07892,U07892,2024-10-20,2024-11-19,2025-02-17,20,Cancelled
S07893,U07893,2024-05-23,2024-06-22,2024-06-22,50,Cancelled
S07894,U07894,2024-11-01,2024-12-01,2025-03-31,50,Cancelled
S07895,U07895,2024-01-01,2024-01-31,2024-03-31,50,Cancelled
S07896,U07896,2024-04-27,2024-05-27,2024-05-27,0,Cancelled
S07897,U07897,2024-08-17,2024-09-16,2025-02-13,50,Cancelled
S07898,U07898,2024-04-29,2024-05-29,2025-01-24,20,Cancelled
S07899,U07899,2024-03-14,2024-04-13,2024-04-13,20,Cancelled
S07900,U07900,2024-06-04,2024-07-04,2024-11-01,0,Cancelled
S07901,U07901,2024-03-06,2024-04-05,2024-12-01,50,Cancelled
S07902,U07902,2024-11-27,2024-12-27,,20,Active
S07903,U07903,2024-01-10,2024-02-09,2024-02-09,0,Cancelled
S07904,U07904,2024-02-22,2024-03-23,2024-03-23,50,Cancelled
S07905,U07905,2024-01-08,2024-02-07,2024-09-04,20,Cancelled
S07906,U07906,2024-08-16,2024-09-15,2024-10-15,0,Cancelled
S07907,U07907,2024-12-11,2025-01-10,2025-08-08,0,Cancelled
S07908,U07908,2024-08-15,2024-09-14,2024-12-13,20,Cancelled
S07909,U07909,2024-02-05,2024-03-06,2024-06-04,0,Cancelled
S07910,U07910,2024-05-02,2024-06-01,2024-12-28,20,Cancelled
S07911,U07911,2024-08-12,2024-09-11,2024-11-10,50,Cancelled
S07912,U07912,2024-05-03,2024-06-02,2024-06-02,50,Cancelled
S07913,U07913,2024-09-16,2024-10-16,,50,Active
S07914,U07914,2024-02-04,2024-03-05,2024-04-04,50,Cancelled
S07915,U07915,2024-12-23,2025-01-22,2025-02-21,20,Cancelled
S07916,U07916,2024-06-05,2024-07-05,,0,Active
S07917,U07917,2024-03-13,2024-04-12,2024-07-11,20,Cancelled
S07918,U07918,2024-12-13,2025-01-12,2025-03-13,0,Cancelled
S07919,U07919,2024-11-05,2024-12-05,2025-02-03,0,Cancelled
S07920,U07920,2024-07-20,2024-08-19,,50,Active
S07921,U07921,2024-01-11,2024-02-10,,20,Active
S07922,U07922,2024-07-06,2024-08-05,,50,Active
S07923,U07923,2024-02-12,2024-03-13,2024-07-11,20,Cancelled
S07924,U07924,2024-03-20,2024-04-19,2024-09-16,20,Cancelled
S07925,U07925,2024-11-02,2024-12-02,2025-05-31,20,Cancelled
S07926,U07926,2024-06-01,2024-07-01,2025-02-26,50,Cancelled
S07927,U07927,2024-07-11,2024-08-10,2025-06-06,20,Cancelled
S07928,U07928,2024-05-06,2024-06-05,2025-03-02,20,Cancelled
S07929,U07929,2024-07-17,2024-08-16,2024-10-15,0,Cancelled
S07930,U07930,2024-08-24,2024-09-23,2025-05-21,50,Cancelled
S07931,U07931,2024-08-29,2024-09-28,2024-11-27,0,Cancelled
S07932,U07932,2024-09-04,2024-10-04,2024-11-03,50,Cancelled
S07933,U07933,2024-02-24,2024-03-25,2024-03-25,0,Cancelled
S07934,U07934,2024-10-25,2024-11-24,2024-12-24,50,Cancelled
S07935,U07935,2024-10-25,2024-11-24,,50,Active
S07936,U07936,2024-08-22,2024-09-21,2024-12-20,0,Cancelled
S07937,U07937,2024-04-06,2024-05-06,2024-07-05,20,Cancelled
S07938,U07938,2024-07-12,2024-08-11,,20,Active
S07939,U07939,2024-11-18,2024-12-18,2024-12-18,0,Cancelled
S07940,U07940,2024-05-14,2024-06-13,2024-08-12,50,Cancelled
S07941,U07941,2024-06-02,2024-07-02,2024-10-30,50,Cancelled
S07942,U07942,2024-01-09,2024-02-08,2024-02-08,0,Cancelled
S07943,U07943,2024-07-23,2024-08-22,2024-09-21,20,Cancelled
S07944,U07944,2024-12-19,2025-01-18,,20,Active
S07945,U07945,2024-10-28,2024-11-27,2025-01-26,20,Cancelled
S07946,U07946,2024-11-04,2024-12-04,2025-04-03,0,Cancelled
S07947,U07947,2024-06-10,2024-07-10,2024-07-10,50,Cancelled
S07948,U07948,2024-01-07,2024-02-06,2024-03-07,20,Cancelled
S07949,U07949,2024-04-18,2024-05-18,2024-09-15,50,Cancelled
S07950,U07950,2024-03-20,2024-04-19,2024-04-19,0,Cancelled
S07951,U07951,2024-07-25,2024-08-24,2025-05-21,0,Cancelled
S07952,U07952,2024-06-28,2024-07-28,2024-08-27,20,Cancelled
S07953,U07953,2024-05-12,2024-06-11,2024-09-09,50,Cancelled
S07954,U07954,2024-05-03,2024-06-02,2024-06-02,50,Cancelled
S07955,U07955,2024-10-29,2024-11-28,2024-12-28,0,Cancelled
S07956,U07956,2024-05-30,2024-06-29,2025-01-25,50,Cancelled
S07957,U07957,2024-07-21,2024-08-20,2024-08-20,20,Cancelled
S07958,U07958,2024-07-28,2024-08-27,2024-11-25,0,Cancelled
S07959,U07959,2024-09-18,2024-10-18,2025-07-15,0,Cancelled
S07960,U07960,2024-12-12,2025-01-11,2025-01-11,50,Cancelled
S07961,U07961,2024-01-09,2024-02-08,2024-02-08,20,Cancelled
S07962,U07962,2024-09-11,2024-10-11,,20,Active
S07963,U07963,2024-07-09,2024-08-08,2024-10-07,50,Cancelled
S07964,U07964,2024-10-11,2024-11-10,2025-02-08,50,Cancelled
S07965,U07965,2024-06-04,2024-07-04,2025-01-30,20,Cancelled
S07966,U07966,2024-06-04,2024-07-04,2024-09-02,50,Cancelled
S07967,U07967,2024-10-10,2024-11-09,2025-06-07,50,Cancelled
S07968,U07968,2024-09-28,2024-10-28,2025-04-26,50,Cancelled
S07969,U07969,2024-11-17,2024-12-17,2025-03-17,50,Cancelled
S07970,U07970,2024-12-30,2025-01-29,2025-05-29,50,Cancelled
S07971,U07971,2024-09-24,2024-10-24,2025-05-22,20,Cancelled
S07972,U07972,2024-02-25,2024-03-26,2024-05-25,20,Cancelled
S07973,U07973,2024-02-25,2024-03-26,,20,Active
S07974,U07974,2024-09-05,2024-10-05,2025-07-02,0,Cancelled
S07975,U07975,2024-03-19,2024-04-18,2024-08-16,0,Cancelled
S07976,U07976,2024-11-13,2024-12-13,2025-09-09,50,Cancelled
S07977,U07977,2024-03-30,2024-04-29,2024-09-26,0,Cancelled
S07978,U07978,2024-06-04,2024-07-04,2025-03-31,0,Cancelled
S07979,U07979,2024-08-08,2024-09-07,2024-11-06,20,Cancelled
S07980,U07980,2024-07-08,2024-08-07,2024-10-06,50,Cancelled
S07981,U07981,2024-02-07,2024-03-08,2024-06-06,50,Cancelled
S07982,U07982,2024-05-29,2024-06-28,2025-01-24,20,Cancelled
S07983,U07983,2024-01-22,2024-02-21,2024-11-17,50,Cancelled
S07984,U07984,2024-01-26,2024-02-25,2024-05-25,50,Cancelled
S07985,U07985,2024-11-12,2024-12-12,2025-03-12,0,Cancelled
S07986,U07986,2024-06-26,2024-07-26,2024-09-24,20,Cancelled
S07987,U07987,2024-06-01,2024-07-01,2024-10-29,50,Cancelled
S07988,U07988,2024-05-26,2024-06-25,2024-12-22,20,Cancelled
S07989,U07989,2024-09-12,2024-10-12,2025-02-09,20,Cancelled
S07990,U07990,2024-09-07,2024-10-07,2024-11-06,20,Cancelled
S07991,U07991,2024-03-16,2024-04-15,,20,Active
S07992,U07992,2024-07-05,2024-08-04,2024-10-03,50,Cancelled
S07993,U07993,2024-12-09,2025-01-08,2025-05-08,20,Cancelled
S07994,U07994,2024-03-26,2024-04-25,2024-09-22,50,Cancelled
S07995,U07995,2024-02-21,2024-03-22,2024-09-18,20,Cancelled
S07996,U07996,2024-09-05,2024-10-05,,20,Active
S07997,U07997,2024-12-10,2025-01-09,2025-07-08,0,Cancelled
S07998,U07998,2024-04-16,2024-05-16,2025-02-10,20,Cancelled
S07999,U07999,2024-08-07,2024-09-06,2024-11-05,0,Cancelled
S08000,U08000,2024-04-30,2024-05-30,2025-03-26,0,Cancelled
S08001,U08001,2024-02-12,2024-03-13,2024-04-12,20,Cancelled
S08002,U08002,2024-03-17,2024-04-16,2025-01-11,20,Cancelled
S08003,U08003,2024-11-13,2024-12-13,2025-03-13,0,Cancelled
S08004,U08004,2024-06-23,2024-07-23,2025-05-19,20,Cancelled
S08005,U08005,2024-11-03,2024-12-03,,0,Active
S08006,U08006,2024-06-28,2024-07-28,2024-12-25,50,Cancelled
S08007,U08007,2024-06-28,2024-07-28,2024-09-26,0,Cancelled
S08008,U08008,2024-06-20,2024-07-20,2024-09-18,0,Cancelled
S08009,U08009,2024-10-24,2024-11-23,2025-02-21,20,Cancelled
S08010,U08010,2024-05-10,2024-06-09,,20,Active
S08011,U08011,2024-03-09,2024-04-08,,50,Active
S08012,U08012,2024-02-03,2024-03-04,2024-04-03,20,Cancelled
S08013,U08013,2024-04-22,2024-05-22,2024-06-21,0,Cancelled
S08014,U08014,2024-07-12,2024-08-11,2025-05-08,0,Cancelled
S08015,U08015,2024-10-09,2024-11-08,,20,Active
S08016,U08016,2024-06-23,2024-07-23,2025-02-18,0,Cancelled
S08017,U08017,2024-01-31,2024-03-01,2024-03-31,0,Cancelled
S08018,U08018,2024-10-18,2024-11-17,2024-12-17,0,Cancelled
S08019,U08019,2024-09-02,2024-10-02,,0,Active
S08020,U08020,2024-10-21,2024-11-20,,50,Active
S08021,U08021,2024-02-13,2024-03-14,2024-03-14,50,Cancelled
S08022,U08022,2024-07-15,2024-08-14,2024-10-13,20,Cancelled
S08023,U08023,2024-03-15,2024-04-14,2025-01-09,20,Cancelled
S08024,U08024,2024-01-09,2024-02-08,2024-08-06,0,Cancelled
S08025,U08025,2024-12-29,2025-01-28,2025-03-29,50,Cancelled
S08026,U08026,2024-06-17,2024-07-17,2025-04-13,50,Cancelled
S08027,U08027,2024-01-28,2024-02-27,2024-07-26,20,Cancelled
S08028,U08028,2024-04-01,2024-05-01,2024-07-30,50,Cancelled
S08029,U08029,2024-03-13,2024-04-12,2024-08-10,50,Cancelled
S08030,U08030,2024-01-08,2024-02-07,2024-03-08,0,Cancelled
S08031,U08031,2024-01-18,2024-02-17,2024-04-17,20,Cancelled
S08032,U08032,2024-04-06,2024-05-06,2025-03-02,0,Cancelled
S08033,U08033,2024-05-08,2024-06-07,,20,Active
S08034,U08034,2024-03-28,2024-04-27,2024-10-24,0,Cancelled
S08035,U08035,2024-10-11,2024-11-10,2024-11-10,0,Cancelled
S08036,U08036,2024-08-15,2024-09-14,2025-04-12,20,Cancelled
S08037,U08037,2024-02-11,2024-03-12,2024-07-10,50,Cancelled
S08038,U08038,2024-10-13,2024-11-12,2025-02-10,20,Cancelled
S08039,U08039,2024-06-18,2024-07-18,2024-07-18,20,Cancelled
S08040,U08040,2024-07-07,2024-08-06,2024-08-06,0,Cancelled
S08041,U08041,2024-12-05,2025-01-04,2025-01-04,50,Cancelled
S08042,U08042,2024-05-25,2024-06-24,2024-06-24,50,Cancelled
S08043,U08043,2024-12-13,2025-01-12,2025-06-11,0,Cancelled
S08044,U08044,2024-01-25,2024-02-24,2024-05-24,50,Cancelled
S08045,U08045,2024-10-21,2024-11-20,2024-12-20,20,Cancelled
S08046,U08046,2024-02-28,2024-03-29,2024-06-27,20,Cancelled
S08047,U08047,2024-07-28,2024-08-27,2024-10-26,20,Cancelled
S08048,U08048,2024-04-11,2024-05-11,2024-10-08,0,Cancelled
S08049,U08049,2024-03-23,2024-04-22,2024-11-18,50,Cancelled
S08050,U08050,2024-04-30,2024-05-30,2024-11-26,50,Cancelled
S08051,U08051,2024-04-10,2024-05-10,2024-11-06,50,Cancelled
S08052,U08052,2024-07-01,2024-07-31,2024-08-30,50,Cancelled
S08053,U08053,2024-08-30,2024-09-29,2024-11-28,50,Cancelled
S08054,U08054,2024-09-14,2024-10-14,2025-03-13,0,Cancelled
S08055,U08055,2024-06-10,2024-07-10,2024-11-07,0,Cancelled
S08056,U08056,2024-01-10,2024-02-09,2024-04-09,20,Cancelled
S08057,U08057,2024-12-21,2025-01-20,2025-11-16,50,Cancelled
S08058,U08058,2024-06-23,2024-07-23,2025-04-19,50,Cancelled
S08059,U08059,2024-11-16,2024-12-16,2025-03-16,50,Cancelled
S08060,U08060,2024-02-28,2024-03-29,2024-06-27,0,Cancelled
S08061,U08061,2024-12-21,2025-01-20,2025-08-18,20,Cancelled
S08062,U08062,2024-12-06,2025-01-05,2025-02-04,20,Cancelled
S08063,U08063,2024-10-06,2024-11-05,2025-08-02,50,Cancelled
S08064,U08064,2024-01-31,2024-03-01,2024-08-28,0,Cancelled
S08065,U08065,2024-09-19,2024-10-19,2025-03-18,0,Cancelled
S08066,U08066,2024-04-30,2024-05-30,2025-01-25,20,Cancelled
S08067,U08067,2024-07-17,2024-08-16,2024-10-15,20,Cancelled
S08068,U08068,2024-04-27,2024-05-27,2024-08-25,20,Cancelled
S08069,U08069,2024-09-11,2024-10-11,,50,Active
S08070,U08070,2024-05-06,2024-06-05,2024-09-03,0,Cancelled
S08071,U08071,2024-11-08,2024-12-08,2025-01-07,20,Cancelled
S08072,U08072,2024-12-28,2025-01-27,,0,Active
S08073,U08073,2024-10-22,2024-11-21,2025-05-20,50,Cancelled
S08074,U08074,2024-04-11,2024-05-11,2024-09-08,50,Cancelled
S08075,U08075,2024-05-12,2024-06-11,2024-09-09,0,Cancelled
S08076,U08076,2024-04-24,2024-05-24,2024-06-23,20,Cancelled
S08077,U08077,2024-04-30,2024-05-30,2024-11-26,50,Cancelled
S08078,U08078,2024-03-05,2024-04-04,2024-08-02,0,Cancelled
S08079,U08079,2024-03-10,2024-04-09,,50,Active
S08080,U08080,2024-12-02,2025-01-01,2025-04-01,20,Cancelled
S08081,U08081,2024-08-18,2024-09-17,2025-01-15,50,Cancelled
S08082,U08082,2024-04-09,2024-05-09,2025-01-04,0,Cancelled
S08083,U08083,2024-06-13,2024-07-13,2024-10-11,0,Cancelled
S08084,U08084,2024-12-14,2025-01-13,2025-05-13,20,Cancelled
S08085,U08085,2024-11-08,2024-12-08,,0,Active
S08086,U08086,2024-02-25,2024-03-26,2024-08-23,0,Cancelled
S08087,U08087,2024-10-05,2024-11-04,2025-08-31,20,Cancelled
S08088,U08088,2024-08-10,2024-09-09,2024-10-09,20,Cancelled
S08089,U08089,2024-11-01,2024-12-01,2024-12-31,20,Cancelled
S08090,U08090,2024-02-04,2024-03-05,2024-06-03,0,Cancelled
S08091,U08091,2024-04-01,2024-05-01,2025-02-25,0,Cancelled
S08092,U08092,2024-09-04,2024-10-04,,0,Active
S08093,U08093,2024-02-25,2024-03-26,2024-03-26,20,Cancelled
S08094,U08094,2024-03-30,2024-04-29,2025-02-23,0,Cancelled
S08095,U08095,2024-08-21,2024-09-20,2024-09-20,0,Cancelled
S08096,U08096,2024-03-17,2024-04-16,2024-06-15,20,Cancelled
S08097,U08097,2024-07-18,2024-08-17,2024-12-15,20,Cancelled
S08098,U08098,2024-04-16,2024-05-16,2024-06-15,50,Cancelled
S08099,U08099,2024-06-12,2024-07-12,2024-10-10,20,Cancelled
S08100,U08100,2024-05-29,2024-06-28,2024-08-27,50,Cancelled
S08101,U08101,2024-05-26,2024-06-25,2025-04-21,50,Cancelled
S08102,U08102,2024-08-06,2024-09-05,2024-12-04,50,Cancelled
S08103,U08103,2024-12-19,2025-01-18,2025-05-18,0,Cancelled
S08104,U08104,2024-12-24,2025-01-23,2025-02-22,20,Cancelled
S08105,U08105,2024-08-07,2024-09-06,2024-10-06,20,Cancelled
S08106,U08106,2024-01-04,2024-02-03,2024-10-30,0,Cancelled
S08107,U08107,2024-05-10,2024-06-09,2024-07-09,50,Cancelled
S08108,U08108,2024-10-07,2024-11-06,2025-01-05,50,Cancelled
S08109,U08109,2024-06-06,2024-07-06,2025-01-02,20,Cancelled
S08110,U08110,2024-03-04,2024-04-03,2024-06-02,0,Cancelled
S08111,U08111,2024-10-21,2024-11-20,2025-06-18,0,Cancelled
S08112,U08112,2024-03-04,2024-04-03,2024-05-03,50,Cancelled
S08113,U08113,2024-07-18,2024-08-17,2024-12-15,50,Cancelled
S08114,U08114,2024-11-13,2024-12-13,2024-12-13,50,Cancelled
S08115,U08115,2024-07-11,2024-08-10,,0,Active
S08116,U08116,2024-07-02,2024-08-01,2024-08-01,0,Cancelled
S08117,U08117,2024-02-11,2024-03-12,,0,Active
S08118,U08118,2024-10-11,2024-11-10,2025-02-08,20,Cancelled
S08119,U08119,2024-10-07,2024-11-06,2025-03-06,50,Cancelled
S08120,U08120,2024-10-09,2024-11-08,2025-02-06,50,Cancelled
S08121,U08121,2024-04-10,2024-05-10,2024-05-10,50,Cancelled
S08122,U08122,2024-09-29,2024-10-29,2025-07-26,20,Cancelled
S08123,U08123,2024-05-17,2024-06-16,2024-08-15,0,Cancelled
S08124,U08124,2024-11-14,2024-12-14,2024-12-14,50,Cancelled
S08125,U08125,2024-05-07,2024-06-06,2024-07-06,20,Cancelled
S08126,U08126,2024-06-21,2024-07-21,2024-07-21,50,Cancelled
S08127,U08127,2024-01-10,2024-02-09,2024-04-09,0,Cancelled
S08128,U08128,2024-11-07,2024-12-07,2025-02-05,0,Cancelled
S08129,U08129,2024-09-16,2024-10-16,2025-04-14,0,Cancelled
S08130,U08130,2024-11-16,2024-12-16,,20,Active
S08131,U08131,2024-08-02,2024-09-01,2024-09-01,20,Cancelled
S08132,U08132,2024-05-11,2024-06-10,,50,Active
S08133,U08133,2024-11-19,2024-12-19,2024-12-19,0,Cancelled
S08134,U08134,2024-12-02,2025-01-01,2025-01-01,20,Cancelled
S08135,U08135,2024-03-17,2024-04-16,2024-04-16,20,Cancelled
S08136,U08136,2024-07-04,2024-08-03,2024-09-02,20,Cancelled
S08137,U08137,2024-04-16,2024-05-16,2024-05-16,50,Cancelled
S08138,U08138,2024-01-13,2024-02-12,2024-11-08,0,Cancelled
S08139,U08139,2024-08-18,2024-09-17,2024-12-16,0,Cancelled
S08140,U08140,2024-08-29,2024-09-28,2024-09-28,0,Cancelled
S08141,U08141,2024-09-13,2024-10-13,2024-12-12,0,Cancelled
S08142,U08142,2024-11-19,2024-12-19,2025-06-17,50,Cancelled
S08143,U08143,2024-10-12,2024-11-11,2025-01-10,20,Cancelled
S08144,U08144,2024-02-05,2024-03-06,2024-05-05,50,Cancelled
S08145,U08145,2024-07-15,2024-08-14,2024-10-13,20,Cancelled
S08146,U08146,2024-06-05,2024-07-05,,20,Active
S08147,U08147,2024-04-10,2024-05-10,2024-05-10,0,Cancelled
S08148,U08148,2024-03-28,2024-04-27,2024-06-26,0,Cancelled
S08149,U08149,2024-11-17,2024-12-17,2025-04-16,20,Cancelled
S08150,U08150,2024-07-15,2024-08-14,,50,Active
S08151,U08151,2024-02-20,2024-03-21,2024-09-17,0,Cancelled
S08152,U08152,2024-06-28,2024-07-28,2024-07-28,0,Cancelled
S08153,U08153,2024-07-15,2024-08-14,2024-12-12,0,Cancelled
S08154,U08154,2024-02-21,2024-03-22,2024-03-22,0,Cancelled
S08155,U08155,2024-05-15,2024-06-14,2024-11-11,0,Cancelled
S08156,U08156,2024-08-28,2024-09-27,2024-11-26,50,Cancelled
S08157,U08157,2024-05-22,2024-06-21,2024-06-21,50,Cancelled
S08158,U08158,2024-02-10,2024-03-11,2024-04-10,20,Cancelled
S08159,U08159,2024-12-14,2025-01-13,,50,Active
S08160,U08160,2024-02-04,2024-03-05,2024-03-05,20,Cancelled
S08161,U08161,2024-07-09,2024-08-08,2024-11-06,20,Cancelled
S08162,U08162,2024-08-12,2024-09-11,2024-10-11,0,Cancelled
S08163,U08163,2024-01-28,2024-02-27,2024-05-27,0,Cancelled
S08164,U08164,2024-11-06,2024-12-06,2025-07-04,50,Cancelled
S08165,U08165,2024-02-11,2024-03-12,2024-06-10,50,Cancelled
S08166,U08166,2024-05-17,2024-06-16,2024-08-15,0,Cancelled
S08167,U08167,2024-03-22,2024-04-21,2024-07-20,0,Cancelled
S08168,U08168,2024-10-29,2024-11-28,2025-01-27,50,Cancelled
S08169,U08169,2024-02-21,2024-03-22,,50,Active
S08170,U08170,2024-06-19,2024-07-19,2024-09-17,20,Cancelled
S08171,U08171,2024-06-13,2024-07-13,2024-07-13,20,Cancelled
S08172,U08172,2024-08-05,2024-09-04,2024-12-03,20,Cancelled
S08173,U08173,2024-08-27,2024-09-26,,20,Active
S08174,U08174,2024-01-10,2024-02-09,2024-07-08,0,Cancelled
S08175,U08175,2024-07-13,2024-08-12,2024-08-12,20,Cancelled
S08176,U08176,2024-02-29,2024-03-30,2024-09-26,20,Cancelled
S08177,U08177,2024-12-03,2025-01-02,2025-07-31,20,Cancelled
S08178,U08178,2024-04-08,2024-05-08,2024-05-08,20,Cancelled
S08179,U08179,2024-10-27,2024-11-26,2025-03-26,50,Cancelled
S08180,U08180,2024-01-12,2024-02-11,2024-02-11,20,Cancelled
S08181,U08181,2024-03-27,2024-04-26,2024-05-26,50,Cancelled
S08182,U08182,2024-01-23,2024-02-22,2024-03-23,20,Cancelled
S08183,U08183,2024-05-20,2024-06-19,2024-07-19,50,Cancelled
S08184,U08184,2024-10-15,2024-11-14,2025-03-14,20,Cancelled
S08185,U08185,2024-08-06,2024-09-05,2024-10-05,50,Cancelled
S08186,U08186,2024-04-02,2024-05-02,2024-07-31,0,Cancelled
S08187,U08187,2024-08-25,2024-09-24,2025-03-23,50,Cancelled
S08188,U08188,2024-01-09,2024-02-08,2024-04-08,20,Cancelled
S08189,U08189,2024-12-18,2025-01-17,2025-11-13,50,Cancelled
S08190,U08190,2024-10-15,2024-11-14,2025-07-12,20,Cancelled
S08191,U08191,2024-03-17,2024-04-16,2024-11-12,50,Cancelled
S08192,U08192,2024-08-07,2024-09-06,2024-09-06,0,Cancelled
S08193,U08193,2024-03-15,2024-04-14,2024-05-14,50,Cancelled
S08194,U08194,2024-10-23,2024-11-22,,20,Active
S08195,U08195,2024-02-05,2024-03-06,,0,Active
S08196,U08196,2024-05-07,2024-06-06,2024-07-06,0,Cancelled
S08197,U08197,2024-01-12,2024-02-11,2024-02-11,0,Cancelled
S08198,U08198,2024-06-23,2024-07-23,,0,Active
S08199,U08199,2024-12-20,2025-01-19,2025-07-18,20,Cancelled
S08200,U08200,2024-08-21,2024-09-20,2024-10-20,0,Cancelled
S08201,U08201,2024-06-06,2024-07-06,2025-01-02,50,Cancelled
S08202,U08202,2024-09-22,2024-10-22,2024-11-21,50,Cancelled
S08203,U08203,2024-12-01,2024-12-31,2025-07-29,0,Cancelled
S08204,U08204,2024-05-10,2024-06-09,,20,Active
S08205,U08205,2024-12-22,2025-01-21,2025-02-20,20,Cancelled
S08206,U08206,2024-01-28,2024-02-27,2024-02-27,20,Cancelled
S08207,U08207,2024-02-05,2024-03-06,2024-12-01,50,Cancelled
S08208,U08208,2024-10-10,2024-11-09,2025-01-08,20,Cancelled
S08209,U08209,2024-01-12,2024-02-11,2024-06-10,50,Cancelled
S08210,U08210,2024-07-11,2024-08-10,2024-09-09,0,Cancelled
S08211,U08211,2024-07-13,2024-08-12,2024-11-10,50,Cancelled
S08212,U08212,2024-05-11,2024-06-10,2024-07-10,20,Cancelled
S08213,U08213,2024-08-11,2024-09-10,2024-09-10,50,Cancelled
S08214,U08214,2024-12-28,2025-01-27,2025-01-27,20,Cancelled
S08215,U08215,2024-09-25,2024-10-25,2025-07-22,0,Cancelled
S08216,U08216,2024-07-18,2024-08-17,2024-11-15,20,Cancelled
S08217,U08217,2024-02-07,2024-03-08,2024-03-08,20,Cancelled
S08218,U08218,2024-12-23,2025-01-22,2025-05-22,0,Cancelled
S08219,U08219,2024-01-13,2024-02-12,2024-03-13,20,Cancelled
S08220,U08220,2024-11-01,2024-12-01,2025-01-30,0,Cancelled
S08221,U08221,2024-03-29,2024-04-28,2024-04-28,20,Cancelled
S08222,U08222,2024-08-01,2024-08-31,2024-12-29,0,Cancelled
S08223,U08223,2024-02-19,2024-03-20,2024-04-19,20,Cancelled
S08224,U08224,2024-05-14,2024-06-13,2024-12-10,50,Cancelled
S08225,U08225,2024-06-06,2024-07-06,2024-10-04,50,Cancelled
S08226,U08226,2024-03-12,2024-04-11,2024-06-10,20,Cancelled
S08227,U08227,2024-11-21,2024-12-21,2025-03-21,20,Cancelled
S08228,U08228,2024-08-23,2024-09-22,2024-11-21,20,Cancelled
S08229,U08229,2024-07-22,2024-08-21,2024-09-20,20,Cancelled
S08230,U08230,2024-10-26,2024-11-25,2024-11-25,20,Cancelled
S08231,U08231,2024-02-26,2024-03-27,2024-06-25,50,Cancelled
S08232,U08232,2024-05-26,2024-06-25,,20,Active
S08233,U08233,2024-01-09,2024-02-08,2024-05-08,50,Cancelled
S08234,U08234,2024-06-20,2024-07-20,2025-01-16,20,Cancelled
S08235,U08235,2024-07-23,2024-08-22,2025-01-19,0,Cancelled
S08236,U08236,2024-06-29,2024-07-29,2024-09-27,0,Cancelled
S08237,U08237,2024-10-02,2024-11-01,2025-01-30,0,Cancelled
S08238,U08238,2024-01-19,2024-02-18,2024-02-18,20,Cancelled
S08239,U08239,2024-04-17,2024-05-17,2024-06-16,50,Cancelled
S08240,U08240,2024-03-17,2024-04-16,2024-10-13,20,Cancelled
S08241,U08241,2024-02-21,2024-03-22,2024-04-21,50,Cancelled
S08242,U08242,2024-10-19,2024-11-18,2025-02-16,20,Cancelled
S08243,U08243,2024-07-19,2024-08-18,2025-06-14,0,Cancelled
S08244,U08244,2024-11-26,2024-12-26,2025-07-24,0,Cancelled
S08245,U08245,2024-12-21,2025-01-20,2025-03-21,0,Cancelled
S08246,U08246,2024-12-22,2025-01-21,2025-02-20,0,Cancelled
S08247,U08247,2024-06-22,2024-07-22,2024-09-20,0,Cancelled
S08248,U08248,2024-10-10,2024-11-09,,20,Active
S08249,U08249,2024-01-08,2024-02-07,2024-03-08,20,Cancelled
S08250,U08250,2024-04-14,2024-05-14,2024-06-13,0,Cancelled
S08251,U08251,2024-12-06,2025-01-05,2025-03-06,50,Cancelled
S08252,U08252,2024-04-11,2024-05-11,2024-05-11,20,Cancelled
S08253,U08253,2024-04-13,2024-05-13,2024-05-13,0,Cancelled
S08254,U08254,2024-01-08,2024-02-07,2024-03-08,50,Cancelled
S08255,U08255,2024-01-05,2024-02-04,,50,Active
S08256,U08256,2024-08-19,2024-09-18,2024-12-17,0,Cancelled
S08257,U08257,2024-05-31,2024-06-30,2024-10-28,0,Cancelled
S08258,U08258,2024-08-07,2024-09-06,2025-02-03,0,Cancelled
S08259,U08259,2024-08-17,2024-09-16,2024-09-16,0,Cancelled
S08260,U08260,2024-05-13,2024-06-12,2024-11-09,50,Cancelled
S08261,U08261,2024-03-13,2024-04-12,2024-04-12,50,Cancelled
S08262,U08262,2024-01-03,2024-02-02,2024-08-30,0,Cancelled
S08263,U08263,2024-07-16,2024-08-15,2024-09-14,0,Cancelled
S08264,U08264,2024-11-04,2024-12-04,2025-06-02,0,Cancelled
S08265,U08265,2024-06-06,2024-07-06,2024-11-03,0,Cancelled
S08266,U08266,2024-12-29,2025-01-28,2025-07-27,20,Cancelled
S08267,U08267,2024-03-28,2024-04-27,2024-05-27,20,Cancelled
S08268,U08268,2024-01-08,2024-02-07,2024-03-08,20,Cancelled
S08269,U08269,2024-01-10,2024-02-09,2024-04-09,0,Cancelled
S08270,U08270,2024-09-24,2024-10-24,2025-04-22,50,Cancelled
S08271,U08271,2024-04-28,2024-05-28,,50,Active
S08272,U08272,2024-12-07,2025-01-06,2025-06-05,0,Cancelled
S08273,U08273,2024-10-04,2024-11-03,2025-01-02,0,Cancelled
S08274,U08274,2024-12-23,2025-01-22,2025-08-20,20,Cancelled
S08275,U08275,2024-12-14,2025-01-13,2025-01-13,50,Cancelled
S08276,U08276,2024-07-03,2024-08-02,2024-11-30,0,Cancelled
S08277,U08277,2024-05-30,2024-06-29,2024-09-27,20,Cancelled
S08278,U08278,2024-11-05,2024-12-05,2025-02-03,50,Cancelled
S08279,U08279,2024-04-26,2024-05-26,2024-06-25,0,Cancelled
S08280,U08280,2024-10-04,2024-11-03,2025-06-01,0,Cancelled
S08281,U08281,2024-12-22,2025-01-21,,50,Active
S08282,U08282,2024-08-29,2024-09-28,2024-12-27,50,Cancelled
S08283,U08283,2024-03-28,2024-04-27,2024-10-24,20,Cancelled
S08284,U08284,2024-03-30,2024-04-29,2024-05-29,0,Cancelled
S08285,U08285,2024-06-05,2024-07-05,2024-10-03,50,Cancelled
S08286,U08286,2024-06-24,2024-07-24,2025-01-20,20,Cancelled
S08287,U08287,2024-12-29,2025-01-28,2025-01-28,50,Cancelled
S08288,U08288,2024-01-12,2024-02-11,2024-03-12,0,Cancelled
S08289,U08289,2024-07-07,2024-08-06,2025-01-03,50,Cancelled
S08290,U08290,2024-11-14,2024-12-14,2025-02-12,0,Cancelled
S08291,U08291,2024-07-06,2024-08-05,2025-01-02,0,Cancelled
S08292,U08292,2024-10-17,2024-11-16,2025-03-16,0,Cancelled
S08293,U08293,2024-11-09,2024-12-09,2024-12-09,50,Cancelled
S08294,U08294,2024-10-13,2024-11-12,2024-11-12,0,Cancelled
S08295,U08295,2024-09-14,2024-10-14,2024-11-13,50,Cancelled
S08296,U08296,2024-05-02,2024-06-01,2024-08-30,0,Cancelled
S08297,U08297,2024-11-19,2024-12-19,2025-01-18,0,Cancelled
S08298,U08298,2024-08-13,2024-09-12,2025-05-10,20,Cancelled
S08299,U08299,2024-10-31,2024-11-30,2024-12-30,0,Cancelled
S08300,U08300,2024-12-19,2025-01-18,2025-06-17,50,Cancelled
S08301,U08301,2024-09-11,2024-10-11,2025-04-09,0,Cancelled
S08302,U08302,2024-07-20,2024-08-19,2025-06-15,0,Cancelled
S08303,U08303,2024-11-16,2024-12-16,2025-02-14,50,Cancelled
S08304,U08304,2024-06-19,2024-07-19,,20,Active
S08305,U08305,2024-04-03,2024-05-03,,20,Active
S08306,U08306,2024-03-21,2024-04-20,2024-07-19,0,Cancelled
S08307,U08307,2024-01-01,2024-01-31,2024-06-29,20,Cancelled
S08308,U08308,2024-07-09,2024-08-08,2024-12-06,20,Cancelled
S08309,U08309,2024-06-22,2024-07-22,2024-11-19,20,Cancelled
S08310,U08310,2024-01-26,2024-02-25,2024-07-24,20,Cancelled
S08311,U08311,2024-08-02,2024-09-01,2024-10-31,20,Cancelled
S08312,U08312,2024-11-18,2024-12-18,2025-01-17,50,Cancelled
S08313,U08313,2024-02-28,2024-03-29,2024-06-27,0,Cancelled
S08314,U08314,2024-04-07,2024-05-07,2024-09-04,20,Cancelled
S08315,U08315,2024-03-06,2024-04-05,2024-12-31,50,Cancelled
S08316,U08316,2024-12-17,2025-01-16,,20,Active
S08317,U08317,2024-12-02,2025-01-01,2025-01-01,0,Cancelled
S08318,U08318,2024-12-30,2025-01-29,2025-07-28,0,Cancelled
S08319,U08319,2024-10-09,2024-11-08,2025-02-06,20,Cancelled
S08320,U08320,2024-08-20,2024-09-19,2024-10-19,50,Cancelled
S08321,U08321,2024-04-25,2024-05-25,2024-09-22,20,Cancelled
S08322,U08322,2024-06-28,2024-07-28,2024-12-25,50,Cancelled
S08323,U08323,2024-05-07,2024-06-06,2024-07-06,20,Cancelled
S08324,U08324,2024-07-08,2024-08-07,2025-02-03,0,Cancelled
S08325,U08325,2024-10-01,2024-10-31,2025-02-28,50,Cancelled
S08326,U08326,2024-01-14,2024-02-13,2024-02-13,20,Cancelled
S08327,U08327,2024-01-27,2024-02-26,2024-08-24,50,Cancelled
S08328,U08328,2024-10-16,2024-11-15,2024-11-15,20,Cancelled
S08329,U08329,2024-11-11,2024-12-11,2025-05-10,50,Cancelled
S08330,U08330,2024-08-20,2024-09-19,,0,Active
S08331,U08331,2024-09-02,2024-10-02,2025-03-01,50,Cancelled
S08332,U08332,2024-10-11,2024-11-10,2025-08-07,0,Cancelled
S08333,U08333,2024-11-11,2024-12-11,2025-02-09,50,Cancelled
S08334,U08334,2024-08-30,2024-09-29,2024-09-29,20,Cancelled
S08335,U08335,2024-09-17,2024-10-17,2025-01-15,20,Cancelled
S08336,U08336,2024-04-27,2024-05-27,2024-06-26,0,Cancelled
S08337,U08337,2024-10-15,2024-11-14,2024-12-14,50,Cancelled
S08338,U08338,2024-12-17,2025-01-16,2025-09-13,50,Cancelled
S08339,U08339,2024-07-27,2024-08-26,2024-08-26,0,Cancelled
S08340,U08340,2024-01-04,2024-02-03,2024-03-04,20,Cancelled
S08341,U08341,2024-06-06,2024-07-06,2025-05-02,0,Cancelled
S08342,U08342,2024-08-07,2024-09-06,2025-01-04,50,Cancelled
S08343,U08343,2024-05-27,2024-06-26,2024-10-24,20,Cancelled
S08344,U08344,2024-08-25,2024-09-24,,20,Active
S08345,U08345,2024-05-06,2024-06-05,2024-12-02,50,Cancelled
S08346,U08346,2024-12-03,2025-01-02,2025-07-31,50,Cancelled
S08347,U08347,2024-12-21,2025-01-20,2025-02-19,20,Cancelled
S08348,U08348,2024-09-10,2024-10-10,2024-10-10,50,Cancelled
S08349,U08349,2024-02-23,2024-03-24,2024-10-20,0,Cancelled
S08350,U08350,2024-12-15,2025-01-14,2025-03-15,50,Cancelled
S08351,U08351,2024-05-08,2024-06-07,2025-04-03,20,Cancelled
S08352,U08352,2024-09-01,2024-10-01,2024-12-30,50,Cancelled
S08353,U08353,2024-01-16,2024-02-15,2024-03-16,20,Cancelled
S08354,U08354,2024-10-08,2024-11-07,2025-02-05,0,Cancelled
S08355,U08355,2024-04-02,2024-05-02,2024-05-02,0,Cancelled
S08356,U08356,2024-09-25,2024-10-25,2025-05-23,50,Cancelled
S08357,U08357,2024-05-28,2024-06-27,2024-09-25,50,Cancelled
S08358,U08358,2024-02-06,2024-03-07,2024-08-04,0,Cancelled
S08359,U08359,2024-03-05,2024-04-04,2024-04-04,20,Cancelled
S08360,U08360,2024-05-08,2024-06-07,2024-07-07,20,Cancelled
S08361,U08361,2024-01-13,2024-02-12,2024-05-12,0,Cancelled
S08362,U08362,2024-12-03,2025-01-02,2025-02-01,20,Cancelled
S08363,U08363,2024-02-01,2024-03-02,2024-03-02,20,Cancelled
S08364,U08364,2024-03-05,2024-04-04,2024-08-02,20,Cancelled
S08365,U08365,2024-12-11,2025-01-10,2025-01-10,50,Cancelled
S08366,U08366,2024-10-13,2024-11-12,2025-03-12,50,Cancelled
S08367,U08367,2024-03-13,2024-04-12,2024-04-12,0,Cancelled
S08368,U08368,2024-08-24,2024-09-23,,20,Active
S08369,U08369,2024-05-22,2024-06-21,2024-07-21,0,Cancelled
S08370,U08370,2024-01-23,2024-02-22,2024-08-20,50,Cancelled
S08371,U08371,2024-12-19,2025-01-18,2025-02-17,50,Cancelled
S08372,U08372,2024-03-14,2024-04-13,,20,Active
S08373,U08373,2024-03-03,2024-04-02,,50,Active
S08374,U08374,2024-12-23,2025-01-22,2025-03-23,0,Cancelled
S08375,U08375,2024-10-04,2024-11-03,2025-01-02,0,Cancelled
S08376,U08376,2024-12-06,2025-01-05,2025-01-05,20,Cancelled
S08377,U08377,2024-01-10,2024-02-09,2024-05-09,20,Cancelled
S08378,U08378,2024-12-08,2025-01-07,2025-07-06,20,Cancelled
S08379,U08379,2024-12-20,2025-01-19,2025-01-19,20,Cancelled
S08380,U08380,2024-01-15,2024-02-14,2024-08-12,0,Cancelled
S08381,U08381,2024-07-11,2024-08-10,2025-01-07,0,Cancelled
S08382,U08382,2024-04-08,2024-05-08,2024-07-07,0,Cancelled
S08383,U08383,2024-10-14,2024-11-13,2024-11-13,20,Cancelled
S08384,U08384,2024-07-16,2024-08-15,2024-10-14,20,Cancelled
S08385,U08385,2024-02-19,2024-03-20,2024-06-18,0,Cancelled
S08386,U08386,2024-02-04,2024-03-05,,50,Active
S08387,U08387,2024-01-09,2024-02-08,2024-02-08,50,Cancelled
S08388,U08388,2024-11-04,2024-12-04,,50,Active
S08389,U08389,2024-08-11,2024-09-10,2025-02-07,50,Cancelled
S08390,U08390,2024-03-11,2024-04-10,,20,Active
S08391,U08391,2024-09-10,2024-10-10,2025-06-07,0,Cancelled
S08392,U08392,2024-01-12,2024-02-11,2024-06-10,0,Cancelled
S08393,U08393,2024-06-14,2024-07-14,2024-11-11,50,Cancelled
S08394,U08394,2024-05-12,2024-06-11,2024-08-10,0,Cancelled
S08395,U08395,2024-09-27,2024-10-27,2024-10-27,0,Cancelled
S08396,U08396,2024-06-27,2024-07-27,2024-07-27,0,Cancelled
S08397,U08397,2024-03-12,2024-04-11,2024-04-11,50,Cancelled
S08398,U08398,2024-03-04,2024-04-03,2024-04-03,0,Cancelled
S08399,U08399,2024-03-01,2024-03-31,2024-05-30,50,Cancelled
S08400,U08400,2024-09-16,2024-10-16,2025-02-13,0,Cancelled
S08401,U08401,2024-04-06,2024-05-06,2025-01-01,50,Cancelled
S08402,U08402,2024-03-23,2024-04-22,2024-04-22,20,Cancelled
S08403,U08403,2024-05-16,2024-06-15,2024-07-15,20,Cancelled
S08404,U08404,2024-07-08,2024-08-07,2025-05-04,50,Cancelled
S08405,U08405,2024-12-03,2025-01-02,2025-01-02,20,Cancelled
S08406,U08406,2024-04-01,2024-05-01,2024-05-31,0,Cancelled
S08407,U08407,2024-10-21,2024-11-20,2024-12-20,20,Cancelled
S08408,U08408,2024-12-17,2025-01-16,2025-02-15,20,Cancelled
S08409,U08409,2024-03-19,2024-04-18,2024-04-18,20,Cancelled
S08410,U08410,2024-10-03,2024-11-02,2025-01-31,50,Cancelled
S08411,U08411,2024-11-14,2024-12-14,2025-02-12,50,Cancelled
S08412,U08412,2024-01-28,2024-02-27,2024-02-27,20,Cancelled
S08413,U08413,2024-08-03,2024-09-02,,0,Active
S08414,U08414,2024-06-25,2024-07-25,2025-05-21,20,Cancelled
S08415,U08415,2024-07-27,2024-08-26,2024-08-26,20,Cancelled
S08416,U08416,2024-09-22,2024-10-22,2025-06-19,50,Cancelled
S08417,U08417,2024-03-03,2024-04-02,2024-04-02,0,Cancelled
S08418,U08418,2024-03-31,2024-04-30,2024-04-30,50,Cancelled
S08419,U08419,2024-07-12,2024-08-11,2024-10-10,0,Cancelled
S08420,U08420,2024-10-31,2024-11-30,2025-01-29,0,Cancelled
S08421,U08421,2024-09-30,2024-10-30,2025-01-28,0,Cancelled
S08422,U08422,2024-06-14,2024-07-14,2024-09-12,50,Cancelled
S08423,U08423,2024-11-29,2024-12-29,,0,Active
S08424,U08424,2024-04-29,2024-05-29,2024-10-26,50,Cancelled
S08425,U08425,2024-08-27,2024-09-26,2025-03-25,0,Cancelled
S08426,U08426,2024-10-17,2024-11-16,2024-11-16,20,Cancelled
S08427,U08427,2024-02-26,2024-03-27,2024-10-23,20,Cancelled
S08428,U08428,2024-08-28,2024-09-27,2024-10-27,20,Cancelled
S08429,U08429,2024-09-13,2024-10-13,2025-03-12,0,Cancelled
S08430,U08430,2024-12-13,2025-01-12,2025-09-09,20,Cancelled
S08431,U08431,2024-04-16,2024-05-16,2024-05-16,50,Cancelled
S08432,U08432,2024-08-30,2024-09-29,2025-04-27,0,Cancelled
S08433,U08433,2024-05-28,2024-06-27,2024-06-27,20,Cancelled
S08434,U08434,2024-08-28,2024-09-27,2024-09-27,0,Cancelled
S08435,U08435,2024-05-24,2024-06-23,2024-10-21,50,Cancelled
S08436,U08436,2024-08-25,2024-09-24,2024-10-24,0,Cancelled
S08437,U08437,2024-09-26,2024-10-26,2024-10-26,20,Cancelled
S08438,U08438,2024-05-18,2024-06-17,2024-08-16,20,Cancelled
S08439,U08439,2024-09-29,2024-10-29,2024-12-28,20,Cancelled
S08440,U08440,2024-08-26,2024-09-25,2025-04-23,50,Cancelled
S08441,U08441,2024-08-17,2024-09-16,2025-03-15,50,Cancelled
S08442,U08442,2024-02-07,2024-03-08,2024-06-06,50,Cancelled
S08443,U08443,2024-02-25,2024-03-26,2024-08-23,20,Cancelled
S08444,U08444,2024-08-19,2024-09-18,2024-09-18,0,Cancelled
S08445,U08445,2024-10-03,2024-11-02,2025-03-02,20,Cancelled
S08446,U08446,2024-05-04,2024-06-03,2024-06-03,0,Cancelled
S08447,U08447,2024-06-13,2024-07-13,2024-07-13,0,Cancelled
S08448,U08448,2024-02-04,2024-03-05,2024-09-01,50,Cancelled
S08449,U08449,2024-07-27,2024-08-26,2025-05-23,20,Cancelled
S08450,U08450,2024-10-20,2024-11-19,2025-03-19,20,Cancelled
S08451,U08451,2024-11-22,2024-12-22,2024-12-22,50,Cancelled
S08452,U08452,2024-01-09,2024-02-08,2024-03-09,0,Cancelled
S08453,U08453,2024-02-25,2024-03-26,2024-07-24,50,Cancelled
S08454,U08454,2024-11-08,2024-12-08,2025-03-08,20,Cancelled
S08455,U08455,2024-05-09,2024-06-08,2024-09-06,50,Cancelled
S08456,U08456,2024-07-06,2024-08-05,2024-10-04,50,Cancelled
S08457,U08457,2024-07-10,2024-08-09,2024-10-08,0,Cancelled
S08458,U08458,2024-03-06,2024-04-05,2024-04-05,0,Cancelled
S08459,U08459,2024-05-31,2024-06-30,2025-03-27,50,Cancelled
S08460,U08460,2024-05-05,2024-06-04,2024-12-31,0,Cancelled
S08461,U08461,2024-10-19,2024-11-18,2024-12-18,0,Cancelled
S08462,U08462,2024-11-17,2024-12-17,2025-01-16,0,Cancelled
S08463,U08463,2024-02-13,2024-03-14,2024-05-13,20,Cancelled
S08464,U08464,2024-04-04,2024-05-04,2024-06-03,0,Cancelled
S08465,U08465,2024-05-01,2024-05-31,2024-07-30,20,Cancelled
S08466,U08466,2024-11-11,2024-12-11,2025-05-10,0,Cancelled
S08467,U08467,2024-07-06,2024-08-05,2024-08-05,0,Cancelled
S08468,U08468,2024-12-02,2025-01-01,2025-01-31,50,Cancelled
S08469,U08469,2024-01-21,2024-02-20,2024-08-18,20,Cancelled
S08470,U08470,2024-01-29,2024-02-28,2024-02-28,20,Cancelled
S08471,U08471,2024-05-20,2024-06-19,2024-11-16,0,Cancelled
S08472,U08472,2024-05-27,2024-06-26,2024-06-26,50,Cancelled
S08473,U08473,2024-02-09,2024-03-10,2024-03-10,50,Cancelled
S08474,U08474,2024-04-21,2024-05-21,2024-11-17,0,Cancelled
S08475,U08475,2024-09-10,2024-10-10,2024-11-09,0,Cancelled
S08476,U08476,2024-07-19,2024-08-18,2024-08-18,20,Cancelled
S08477,U08477,2024-02-17,2024-03-18,2024-09-14,50,Cancelled
S08478,U08478,2024-12-04,2025-01-03,2025-06-02,20,Cancelled
S08479,U08479,2024-12-18,2025-01-17,2025-05-17,50,Cancelled
S08480,U08480,2024-07-27,2024-08-26,2025-02-22,50,Cancelled
S08481,U08481,2024-06-27,2024-07-27,2025-01-23,20,Cancelled
S08482,U08482,2024-12-07,2025-01-06,2025-01-06,50,Cancelled
S08483,U08483,2024-07-27,2024-08-26,,50,Active
S08484,U08484,2024-11-11,2024-12-11,2025-03-11,20,Cancelled
S08485,U08485,2024-11-27,2024-12-27,2025-04-26,20,Cancelled
S08486,U08486,2024-11-22,2024-12-22,2025-02-20,50,Cancelled
S08487,U08487,2024-06-28,2024-07-28,2024-07-28,20,Cancelled
S08488,U08488,2024-08-25,2024-09-24,,0,Active
S08489,U08489,2024-10-22,2024-11-21,2025-01-20,50,Cancelled
S08490,U08490,2024-11-18,2024-12-18,,0,Active
S08491,U08491,2024-10-11,2024-11-10,,20,Active
S08492,U08492,2024-02-01,2024-03-02,2024-04-01,50,Cancelled
S08493,U08493,2024-01-24,2024-02-23,,20,Active
S08494,U08494,2024-06-12,2024-07-12,2024-08-11,50,Cancelled
S08495,U08495,2024-06-24,2024-07-24,2025-01-20,0,Cancelled
S08496,U08496,2024-05-28,2024-06-27,2024-08-26,20,Cancelled
S08497,U08497,2024-08-30,2024-09-29,2025-02-26,20,Cancelled
S08498,U08498,2024-03-15,2024-04-14,2024-05-14,50,Cancelled
S08499,U08499,2024-05-04,2024-06-03,2024-06-03,50,Cancelled
S08500,U08500,2024-01-11,2024-02-10,2024-02-10,20,Cancelled
S08501,U08501,2024-03-01,2024-03-31,2024-04-30,20,Cancelled
S08502,U08502,2024-11-25,2024-12-25,2025-04-24,50,Cancelled
S08503,U08503,2024-05-12,2024-06-11,2024-07-11,20,Cancelled
S08504,U08504,2024-10-25,2024-11-24,2025-01-23,20,Cancelled
S08505,U08505,2024-05-31,2024-06-30,2024-07-30,0,Cancelled
S08506,U08506,2024-06-12,2024-07-12,2024-10-10,50,Cancelled
S08507,U08507,2024-02-20,2024-03-21,,20,Active
S08508,U08508,2024-04-04,2024-05-04,2024-05-04,50,Cancelled
S08509,U08509,2024-03-20,2024-04-19,2024-11-15,20,Cancelled
S08510,U08510,2024-01-12,2024-02-11,2024-02-11,20,Cancelled
S08511,U08511,2024-04-10,2024-05-10,2024-09-07,50,Cancelled
S08512,U08512,2024-06-27,2024-07-27,2025-03-24,50,Cancelled
S08513,U08513,2024-03-22,2024-04-21,2024-04-21,20,Cancelled
S08514,U08514,2024-04-24,2024-05-24,2024-06-23,50,Cancelled
S08515,U08515,2024-04-13,2024-05-13,2024-07-12,20,Cancelled
S08516,U08516,2024-08-22,2024-09-21,2024-11-20,20,Cancelled
S08517,U08517,2024-05-15,2024-06-14,2025-01-10,50,Cancelled
S08518,U08518,2024-12-13,2025-01-12,,20,Active
S08519,U08519,2024-12-02,2025-01-01,2025-03-02,50,Cancelled
S08520,U08520,2024-08-25,2024-09-24,,0,Active
S08521,U08521,2024-06-23,2024-07-23,2024-08-22,0,Cancelled
S08522,U08522,2024-10-19,2024-11-18,2025-08-15,0,Cancelled
S08523,U08523,2024-10-26,2024-11-25,2025-05-24,20,Cancelled
S08524,U08524,2024-11-03,2024-12-03,2025-07-01,20,Cancelled
S08525,U08525,2024-09-11,2024-10-11,2025-03-10,20,Cancelled
S08526,U08526,2024-04-20,2024-05-20,2025-03-16,0,Cancelled
S08527,U08527,2024-08-28,2024-09-27,2024-11-26,0,Cancelled
S08528,U08528,2024-05-24,2024-06-23,2024-10-21,50,Cancelled
S08529,U08529,2024-12-10,2025-01-09,2025-10-06,50,Cancelled
S08530,U08530,2024-02-25,2024-03-26,,20,Active
S08531,U08531,2024-09-24,2024-10-24,2025-05-22,20,Cancelled
S08532,U08532,2024-07-11,2024-08-10,2024-12-08,50,Cancelled
S08533,U08533,2024-04-01,2024-05-01,2024-12-27,0,Cancelled
S08534,U08534,2024-04-24,2024-05-24,,20,Active
S08535,U08535,2024-07-12,2024-08-11,2025-02-07,50,Cancelled
S08536,U08536,2024-12-07,2025-01-06,2025-04-06,20,Cancelled
S08537,U08537,2024-08-23,2024-09-22,2025-05-20,50,Cancelled
S08538,U08538,2024-08-01,2024-08-31,2024-10-30,0,Cancelled
S08539,U08539,2024-05-10,2024-06-09,2024-07-09,20,Cancelled
S08540,U08540,2024-12-18,2025-01-17,,20,Active
S08541,U08541,2024-02-19,2024-03-20,2024-11-15,50,Cancelled
S08542,U08542,2024-09-19,2024-10-19,2024-12-18,50,Cancelled
S08543,U08543,2024-01-07,2024-02-06,2024-04-06,20,Cancelled
S08544,U08544,2024-09-04,2024-10-04,,50,Active
S08545,U08545,2024-02-14,2024-03-15,2024-04-14,20,Cancelled
S08546,U08546,2024-06-06,2024-07-06,2025-05-02,50,Cancelled
S08547,U08547,2024-01-22,2024-02-21,2024-06-20,20,Cancelled
S08548,U08548,2024-10-11,2024-11-10,2024-11-10,20,Cancelled
S08549,U08549,2024-07-18,2024-08-17,,50,Active
S08550,U08550,2024-01-02,2024-02-01,2024-05-31,20,Cancelled
S08551,U08551,2024-02-15,2024-03-16,2024-10-12,50,Cancelled
S08552,U08552,2024-11-30,2024-12-30,2024-12-30,50,Cancelled
S08553,U08553,2024-03-27,2024-04-26,2024-09-23,0,Cancelled
S08554,U08554,2024-10-17,2024-11-16,2024-11-16,50,Cancelled
S08555,U08555,2024-10-04,2024-11-03,2024-12-03,20,Cancelled
S08556,U08556,2024-03-04,2024-04-03,,20,Active
S08557,U08557,2024-12-24,2025-01-23,2025-02-22,20,Cancelled
S08558,U08558,2024-04-26,2024-05-26,2024-07-25,0,Cancelled
S08559,U08559,2024-04-10,2024-05-10,,0,Active
S08560,U08560,2024-04-10,2024-05-10,2024-06-09,50,Cancelled
S08561,U08561,2024-10-19,2024-11-18,2024-12-18,50,Cancelled
S08562,U08562,2024-06-17,2024-07-17,2024-11-14,0,Cancelled
S08563,U08563,2024-11-08,2024-12-08,,0,Active
S08564,U08564,2024-04-09,2024-05-09,2024-06-08,0,Cancelled
S08565,U08565,2024-06-07,2024-07-07,2024-08-06,50,Cancelled
S08566,U08566,2024-07-13,2024-08-12,2025-02-08,50,Cancelled
S08567,U08567,2024-03-13,2024-04-12,,20,Active
S08568,U08568,2024-12-11,2025-01-10,2025-02-09,50,Cancelled
S08569,U08569,2024-01-16,2024-02-15,2024-03-16,50,Cancelled
S08570,U08570,2024-06-05,2024-07-05,2024-08-04,20,Cancelled
S08571,U08571,2024-07-27,2024-08-26,2024-10-25,50,Cancelled
S08572,U08572,2024-05-05,2024-06-04,2024-11-01,50,Cancelled
S08573,U08573,2024-12-16,2025-01-15,2025-05-15,0,Cancelled
S08574,U08574,2024-09-11,2024-10-11,2025-03-10,0,Cancelled
S08575,U08575,2024-07-29,2024-08-28,,0,Active
S08576,U08576,2024-01-23,2024-02-22,2024-05-22,50,Cancelled
S08577,U08577,2024-03-10,2024-04-09,2024-04-09,0,Cancelled
S08578,U08578,2024-10-26,2024-11-25,,50,Active
S08579,U08579,2024-10-08,2024-11-07,2025-07-05,50,Cancelled
S08580,U08580,2024-07-12,2024-08-11,2024-10-10,0,Cancelled
S08581,U08581,2024-09-06,2024-10-06,2024-10-06,20,Cancelled
S08582,U08582,2024-08-09,2024-09-08,2024-12-07,50,Cancelled
S08583,U08583,2024-12-10,2025-01-09,2025-01-09,20,Cancelled
S08584,U08584,2024-03-24,2024-04-23,,20,Active
S08585,U08585,2024-01-25,2024-02-24,2024-08-22,20,Cancelled
S08586,U08586,2024-09-18,2024-10-18,2025-08-14,50,Cancelled
S08587,U08587,2024-10-01,2024-10-31,2025-01-29,0,Cancelled
S08588,U08588,2024-07-11,2024-08-10,2024-12-08,20,Cancelled
S08589,U08589,2024-01-21,2024-02-20,2024-04-20,20,Cancelled
S08590,U08590,2024-12-15,2025-01-14,2025-03-15,0,Cancelled
S08591,U08591,2024-05-08,2024-06-07,2024-10-05,50,Cancelled
S08592,U08592,2024-08-15,2024-09-14,2024-11-13,50,Cancelled
S08593,U08593,2024-06-27,2024-07-27,2024-07-27,0,Cancelled
S08594,U08594,2024-05-26,2024-06-25,2024-09-23,20,Cancelled
S08595,U08595,2024-11-29,2024-12-29,2025-04-28,0,Cancelled
S08596,U08596,2024-07-18,2024-08-17,,0,Active
S08597,U08597,2024-07-15,2024-08-14,2024-09-13,0,Cancelled
S08598,U08598,2024-06-08,2024-07-08,2024-07-08,20,Cancelled
S08599,U08599,2024-03-07,2024-04-06,2024-10-03,0,Cancelled
S08600,U08600,2024-12-15,2025-01-14,2025-02-13,0,Cancelled
S08601,U08601,2024-10-09,2024-11-08,,20,Active
S08602,U08602,2024-03-15,2024-04-14,2025-02-08,50,Cancelled
S08603,U08603,2024-07-02,2024-08-01,2025-04-28,50,Cancelled
S08604,U08604,2024-02-03,2024-03-04,2024-08-31,0,Cancelled
S08605,U08605,2024-03-13,2024-04-12,,20,Active
S08606,U08606,2024-07-10,2024-08-09,2024-11-07,0,Cancelled
S08607,U08607,2024-08-16,2024-09-15,2025-03-14,0,Cancelled
S08608,U08608,2024-12-23,2025-01-22,2025-03-23,20,Cancelled
S08609,U08609,2024-10-20,2024-11-19,2025-09-15,50,Cancelled
S08610,U08610,2024-03-01,2024-03-31,2024-12-26,0,Cancelled
S08611,U08611,2024-02-29,2024-03-30,,0,Active
S08612,U08612,2024-11-29,2024-12-29,2025-01-28,0,Cancelled
S08613,U08613,2024-10-12,2024-11-11,,20,Active
S08614,U08614,2024-08-10,2024-09-09,,50,Active
S08615,U08615,2024-11-20,2024-12-20,,50,Active
S08616,U08616,2024-03-22,2024-04-21,2024-11-17,20,Cancelled
S08617,U08617,2024-07-17,2024-08-16,2025-05-13,20,Cancelled
S08618,U08618,2024-07-28,2024-08-27,2025-03-25,50,Cancelled
S08619,U08619,2024-12-10,2025-01-09,2025-05-09,0,Cancelled
S08620,U08620,2024-07-21,2024-08-20,2024-08-20,50,Cancelled
S08621,U08621,2024-05-26,2024-06-25,2025-04-21,50,Cancelled
S08622,U08622,2024-08-27,2024-09-26,2024-10-26,50,Cancelled
S08623,U08623,2024-06-10,2024-07-10,2025-05-06,50,Cancelled
S08624,U08624,2024-10-15,2024-11-14,,0,Active
S08625,U08625,2024-01-19,2024-02-18,2024-02-18,20,Cancelled
S08626,U08626,2024-03-18,2024-04-17,2024-10-14,20,Cancelled
S08627,U08627,2024-05-28,2024-06-27,2024-06-27,0,Cancelled
S08628,U08628,2024-08-02,2024-09-01,,50,Active
S08629,U08629,2024-01-28,2024-02-27,,0,Active
S08630,U08630,2024-07-05,2024-08-04,2024-08-04,50,Cancelled
S08631,U08631,2024-12-18,2025-01-17,2025-03-18,50,Cancelled
S08632,U08632,2024-12-22,2025-01-21,,0,Active
S08633,U08633,2024-09-13,2024-10-13,2025-04-11,50,Cancelled
S08634,U08634,2024-03-12,2024-04-11,2024-04-11,20,Cancelled
S08635,U08635,2024-02-04,2024-03-05,2024-12-30,20,Cancelled
S08636,U08636,2024-01-05,2024-02-04,2024-02-04,0,Cancelled
S08637,U08637,2024-08-10,2024-09-09,2024-12-08,0,Cancelled
S08638,U08638,2024-08-15,2024-09-14,2025-04-12,20,Cancelled
S08639,U08639,2024-01-28,2024-02-27,2024-05-27,20,Cancelled
S08640,U08640,2024-11-28,2024-12-28,2025-10-24,20,Cancelled
S08641,U08641,2024-02-17,2024-03-18,2024-06-16,20,Cancelled
S08642,U08642,2024-07-25,2024-08-24,2024-09-23,0,Cancelled
S08643,U08643,2024-04-28,2024-05-28,2024-09-25,50,Cancelled
S08644,U08644,2024-04-27,2024-05-27,2024-07-26,0,Cancelled
S08645,U08645,2024-10-09,2024-11-08,2025-08-05,50,Cancelled
S08646,U08646,2024-07-05,2024-08-04,2025-01-01,0,Cancelled
S08647,U08647,2024-09-11,2024-10-11,2025-06-08,20,Cancelled
S08648,U08648,2024-09-30,2024-10-30,2024-12-29,0,Cancelled
S08649,U08649,2024-04-11,2024-05-11,2024-05-11,0,Cancelled
S08650,U08650,2024-06-12,2024-07-12,2024-07-12,20,Cancelled
S08651,U08651,2024-05-24,2024-06-23,2025-02-18,20,Cancelled
S08652,U08652,2024-05-31,2024-06-30,2025-04-26,20,Cancelled
S08653,U08653,2024-11-24,2024-12-24,2025-06-22,50,Cancelled
S08654,U08654,2024-12-19,2025-01-18,2025-01-18,50,Cancelled
S08655,U08655,2024-07-01,2024-07-31,2024-11-28,20,Cancelled
S08656,U08656,2024-06-24,2024-07-24,2025-03-21,20,Cancelled
S08657,U08657,2024-04-19,2024-05-19,,50,Active
S08658,U08658,2024-08-18,2024-09-17,2024-11-16,20,Cancelled
S08659,U08659,2024-03-22,2024-04-21,2024-04-21,50,Cancelled
S08660,U08660,2024-11-01,2024-12-01,,0,Active
S08661,U08661,2024-04-30,2024-05-30,2024-10-27,20,Cancelled
S08662,U08662,2024-04-30,2024-05-30,2024-06-29,20,Cancelled
S08663,U08663,2024-02-09,2024-03-10,2024-11-05,20,Cancelled
S08664,U08664,2024-08-07,2024-09-06,,20,Active
S08665,U08665,2024-01-04,2024-02-03,2024-08-31,50,Cancelled
S08666,U08666,2024-12-07,2025-01-06,2025-04-06,20,Cancelled
S08667,U08667,2024-02-22,2024-03-23,2024-06-21,0,Cancelled
S08668,U08668,2024-08-02,2024-09-01,2024-10-31,0,Cancelled
S08669,U08669,2024-01-21,2024-02-20,2024-04-20,50,Cancelled
S08670,U08670,2024-08-13,2024-09-12,2025-04-10,50,Cancelled
S08671,U08671,2024-10-12,2024-11-11,2024-11-11,50,Cancelled
S08672,U08672,2024-12-02,2025-01-01,2025-03-02,20,Cancelled
S08673,U08673,2024-08-03,2024-09-02,2025-05-30,50,Cancelled
S08674,U08674,2024-08-24,2024-09-23,2025-02-20,0,Cancelled
S08675,U08675,2024-10-09,2024-11-08,2024-12-08,0,Cancelled
S08676,U08676,2024-11-20,2024-12-20,2024-12-20,50,Cancelled
S08677,U08677,2024-10-08,2024-11-07,2024-11-07,50,Cancelled
S08678,U08678,2024-04-10,2024-05-10,2024-08-08,0,Cancelled
S08679,U08679,2024-05-29,2024-06-28,2024-09-26,20,Cancelled
S08680,U08680,2024-11-11,2024-12-11,2024-12-11,50,Cancelled
S08681,U08681,2024-01-15,2024-02-14,2024-05-14,0,Cancelled
S08682,U08682,2024-08-11,2024-09-10,2024-10-10,0,Cancelled
S08683,U08683,2024-11-17,2024-12-17,2025-01-16,50,Cancelled
S08684,U08684,2024-08-24,2024-09-23,2024-11-22,50,Cancelled
S08685,U08685,2024-04-29,2024-05-29,2024-09-26,0,Cancelled
S08686,U08686,2024-03-17,2024-04-16,2024-06-15,0,Cancelled
S08687,U08687,2024-04-04,2024-05-04,2024-07-03,50,Cancelled
S08688,U08688,2024-11-18,2024-12-18,2025-01-17,50,Cancelled
S08689,U08689,2024-06-28,2024-07-28,,20,Active
S08690,U08690,2024-04-01,2024-05-01,2024-05-01,0,Cancelled
S08691,U08691,2024-11-07,2024-12-07,2025-07-05,50,Cancelled
S08692,U08692,2024-11-17,2024-12-17,2025-03-17,50,Cancelled
S08693,U08693,2024-03-25,2024-04-24,2024-06-23,0,Cancelled
S08694,U08694,2024-06-18,2024-07-18,2024-10-16,0,Cancelled
S08695,U08695,2024-10-28,2024-11-27,2025-02-25,50,Cancelled
S08696,U08696,2024-11-05,2024-12-05,2025-08-02,0,Cancelled
S08697,U08697,2024-02-26,2024-03-27,2024-05-26,50,Cancelled
S08698,U08698,2024-06-11,2024-07-11,2024-12-08,0,Cancelled
S08699,U08699,2024-06-22,2024-07-22,,0,Active
S08700,U08700,2024-06-03,2024-07-03,2024-10-01,0,Cancelled
S08701,U08701,2024-12-04,2025-01-03,2025-04-03,50,Cancelled
S08702,U08702,2024-10-08,2024-11-07,2025-01-06,20,Cancelled
S08703,U08703,2024-11-18,2024-12-18,2025-02-16,50,Cancelled
S08704,U08704,2024-10-06,2024-11-05,2025-02-03,20,Cancelled
S08705,U08705,2024-08-19,2024-09-18,2024-12-17,20,Cancelled
S08706,U08706,2024-12-29,2025-01-28,2025-01-28,0,Cancelled
S08707,U08707,2024-08-30,2024-09-29,2024-10-29,20,Cancelled
S08708,U08708,2024-06-13,2024-07-13,2024-08-12,50,Cancelled
S08709,U08709,2024-02-29,2024-03-30,2024-07-28,20,Cancelled
S08710,U08710,2024-08-26,2024-09-25,2024-11-24,50,Cancelled
S08711,U08711,2024-06-02,2024-07-02,2024-08-31,20,Cancelled
S08712,U08712,2024-07-23,2024-08-22,2024-11-20,0,Cancelled
S08713,U08713,2024-09-30,2024-10-30,,50,Active
S08714,U08714,2024-06-12,2024-07-12,2024-10-10,20,Cancelled
S08715,U08715,2024-02-15,2024-03-16,2024-08-13,50,Cancelled
S08716,U08716,2024-07-19,2024-08-18,2024-12-16,0,Cancelled
S08717,U08717,2024-09-13,2024-10-13,,50,Active
S08718,U08718,2024-10-19,2024-11-18,2024-11-18,20,Cancelled
S08719,U08719,2024-10-10,2024-11-09,2025-02-07,0,Cancelled
S08720,U08720,2024-10-26,2024-11-25,2024-11-25,20,Cancelled
S08721,U08721,2024-09-21,2024-10-21,2025-02-18,20,Cancelled
S08722,U08722,2024-04-11,2024-05-11,2025-02-05,20,Cancelled
S08723,U08723,2024-02-28,2024-03-29,2024-06-27,20,Cancelled
S08724,U08724,2024-08-17,2024-09-16,2024-10-16,20,Cancelled
S08725,U08725,2024-10-17,2024-11-16,2025-07-14,0,Cancelled
S08726,U08726,2024-03-04,2024-04-03,2024-07-02,20,Cancelled
S08727,U08727,2024-01-24,2024-02-23,2024-11-19,50,Cancelled
S08728,U08728,2024-09-07,2024-10-07,2025-04-05,0,Cancelled
S08729,U08729,2024-06-14,2024-07-14,2024-10-12,20,Cancelled
S08730,U08730,2024-08-11,2024-09-10,2024-10-10,0,Cancelled
S08731,U08731,2024-06-12,2024-07-12,2024-07-12,50,Cancelled
S08732,U08732,2024-10-20,2024-11-19,2024-11-19,20,Cancelled
S08733,U08733,2024-11-03,2024-12-03,2025-06-01,20,Cancelled
S08734,U08734,2024-08-04,2024-09-03,2025-01-01,50,Cancelled
S08735,U08735,2024-03-02,2024-04-01,2024-06-30,50,Cancelled
S08736,U08736,2024-09-19,2024-10-19,,0,Active
S08737,U08737,2024-12-20,2025-01-19,2025-02-18,20,Cancelled
S08738,U08738,2024-08-26,2024-09-25,2024-09-25,50,Cancelled
S08739,U08739,2024-03-08,2024-04-07,,50,Active
S08740,U08740,2024-11-08,2024-12-08,2025-01-07,20,Cancelled
S08741,U08741,2024-10-07,2024-11-06,2025-02-04,20,Cancelled
S08742,U08742,2024-09-21,2024-10-21,2025-04-19,50,Cancelled
S08743,U08743,2024-02-25,2024-03-26,2024-04-25,50,Cancelled
S08744,U08744,2024-09-07,2024-10-07,2024-11-06,20,Cancelled
S08745,U08745,2024-02-01,2024-03-02,2024-05-31,50,Cancelled
S08746,U08746,2024-05-28,2024-06-27,2024-11-24,0,Cancelled
S08747,U08747,2024-09-25,2024-10-25,2025-07-22,50,Cancelled
S08748,U08748,2024-02-16,2024-03-17,2024-04-16,20,Cancelled
S08749,U08749,2024-01-23,2024-02-22,2024-02-22,50,Cancelled
S08750,U08750,2024-05-13,2024-06-12,2024-10-10,20,Cancelled
S08751,U08751,2024-07-18,2024-08-17,2024-09-16,50,Cancelled
S08752,U08752,2024-09-28,2024-10-28,,20,Active
S08753,U08753,2024-01-17,2024-02-16,2024-07-15,0,Cancelled
S08754,U08754,2024-05-16,2024-06-15,2024-06-15,20,Cancelled
S08755,U08755,2024-02-07,2024-03-08,2024-07-06,50,Cancelled
S08756,U08756,2024-11-23,2024-12-23,2025-02-21,50,Cancelled
S08757,U08757,2024-12-13,2025-01-12,2025-05-12,50,Cancelled
S08758,U08758,2024-10-29,2024-11-28,2024-11-28,20,Cancelled
S08759,U08759,2024-03-31,2024-04-30,2024-12-26,0,Cancelled
S08760,U08760,2024-01-15,2024-02-14,2024-03-15,20,Cancelled
S08761,U08761,2024-11-05,2024-12-05,2025-03-05,20,Cancelled
S08762,U08762,2024-05-31,2024-06-30,2024-11-27,20,Cancelled
S08763,U08763,2024-07-06,2024-08-05,2024-10-04,0,Cancelled
S08764,U08764,2024-01-22,2024-02-21,2024-05-21,20,Cancelled
S08765,U08765,2024-02-16,2024-03-17,2024-04-16,20,Cancelled
S08766,U08766,2024-10-25,2024-11-24,2024-12-24,0,Cancelled
S08767,U08767,2024-03-26,2024-04-25,2024-04-25,50,Cancelled
S08768,U08768,2024-02-29,2024-03-30,2024-03-30,0,Cancelled
S08769,U08769,2024-10-01,2024-10-31,2025-01-29,0,Cancelled
S08770,U08770,2024-11-22,2024-12-22,2025-01-21,0,Cancelled
S08771,U08771,2024-10-09,2024-11-08,2025-07-06,50,Cancelled
S08772,U08772,2024-10-25,2024-11-24,2024-11-24,20,Cancelled
S08773,U08773,2024-02-04,2024-03-05,2024-03-05,20,Cancelled
S08774,U08774,2024-01-24,2024-02-23,2024-05-23,50,Cancelled
S08775,U08775,2024-09-08,2024-10-08,2025-05-06,20,Cancelled
S08776,U08776,2024-01-03,2024-02-02,2024-05-02,20,Cancelled
S08777,U08777,2024-03-11,2024-04-10,2024-09-07,0,Cancelled
S08778,U08778,2024-07-18,2024-08-17,2025-03-15,0,Cancelled
S08779,U08779,2024-06-26,2024-07-26,2024-11-23,0,Cancelled
S08780,U08780,2024-07-04,2024-08-03,,20,Active
S08781,U08781,2024-05-27,2024-06-26,2024-07-26,0,Cancelled
S08782,U08782,2024-04-09,2024-05-09,2024-05-09,50,Cancelled
S08783,U08783,2024-10-31,2024-11-30,2024-11-30,0,Cancelled
S08784,U08784,2024-05-22,2024-06-21,2024-06-21,0,Cancelled
S08785,U08785,2024-03-25,2024-04-24,2024-04-24,0,Cancelled
S08786,U08786,2024-01-22,2024-02-21,2024-05-21,20,Cancelled
S08787,U08787,2024-05-20,2024-06-19,,0,Active
S08788,U08788,2024-09-02,2024-10-02,2024-11-01,0,Cancelled
S08789,U08789,2024-03-22,2024-04-21,2024-06-20,0,Cancelled
S08790,U08790,2024-06-18,2024-07-18,2024-07-18,0,Cancelled
S08791,U08791,2024-12-09,2025-01-08,,50,Active
S08792,U08792,2024-10-21,2024-11-20,2025-04-19,0,Cancelled
S08793,U08793,2024-04-25,2024-05-25,2024-05-25,0,Cancelled
S08794,U08794,2024-01-16,2024-02-15,2024-02-15,50,Cancelled
S08795,U08795,2024-11-06,2024-12-06,2024-12-06,20,Cancelled
S08796,U08796,2024-05-21,2024-06-20,,20,Active
S08797,U08797,2024-11-03,2024-12-03,,20,Active
S08798,U08798,2024-04-28,2024-05-28,2024-12-24,20,Cancelled
S08799,U08799,2024-12-19,2025-01-18,2025-10-15,20,Cancelled
S08800,U08800,2024-10-31,2024-11-30,2024-12-30,0,Cancelled
S08801,U08801,2024-08-03,2024-09-02,,20,Active
S08802,U08802,2024-06-30,2024-07-30,2024-09-28,50,Cancelled
S08803,U08803,2024-04-27,2024-05-27,,50,Active
S08804,U08804,2024-01-09,2024-02-08,2024-06-07,0,Cancelled
S08805,U08805,2024-05-13,2024-06-12,2024-09-10,50,Cancelled
S08806,U08806,2024-12-04,2025-01-03,,0,Active
S08807,U08807,2024-10-03,2024-11-02,2024-12-02,50,Cancelled
S08808,U08808,2024-08-03,2024-09-02,2024-11-01,50,Cancelled
S08809,U08809,2024-10-05,2024-11-04,2024-12-04,20,Cancelled
S08810,U08810,2024-11-15,2024-12-15,2025-03-15,0,Cancelled
S08811,U08811,2024-10-24,2024-11-23,,0,Active
S08812,U08812,2024-08-14,2024-09-13,2024-12-12,20,Cancelled
S08813,U08813,2024-12-17,2025-01-16,2025-06-15,50,Cancelled
S08814,U08814,2024-06-14,2024-07-14,2024-08-13,50,Cancelled
S08815,U08815,2024-02-20,2024-03-21,2024-08-18,50,Cancelled
S08816,U08816,2024-06-22,2024-07-22,,50,Active
S08817,U08817,2024-06-19,2024-07-19,2024-08-18,50,Cancelled
S08818,U08818,2024-08-09,2024-09-08,,20,Active
S08819,U08819,2024-04-11,2024-05-11,2024-05-11,0,Cancelled
S08820,U08820,2024-10-15,2024-11-14,2025-01-13,0,Cancelled
S08821,U08821,2024-07-05,2024-08-04,2024-08-04,50,Cancelled
S08822,U08822,2024-03-23,2024-04-22,2024-04-22,20,Cancelled
S08823,U08823,2024-05-01,2024-05-31,2024-06-30,0,Cancelled
S08824,U08824,2024-03-16,2024-04-15,2024-05-15,50,Cancelled
S08825,U08825,2024-03-05,2024-04-04,,20,Active
S08826,U08826,2024-07-31,2024-08-30,2024-09-29,20,Cancelled
S08827,U08827,2024-05-24,2024-06-23,2024-08-22,20,Cancelled
S08828,U08828,2024-08-06,2024-09-05,2025-01-03,50,Cancelled
S08829,U08829,2024-04-12,2024-05-12,2024-07-11,0,Cancelled
S08830,U08830,2024-05-02,2024-06-01,2024-06-01,50,Cancelled
S08831,U08831,2024-01-07,2024-02-06,2024-02-06,0,Cancelled
S08832,U08832,2024-01-21,2024-02-20,2024-05-20,50,Cancelled
S08833,U08833,2024-09-10,2024-10-10,2025-02-07,0,Cancelled
S08834,U08834,2024-02-11,2024-03-12,2024-05-11,50,Cancelled
S08835,U08835,2024-01-16,2024-02-15,2024-05-15,50,Cancelled
S08836,U08836,2024-07-09,2024-08-08,,0,Active
S08837,U08837,2024-01-17,2024-02-16,,50,Active
S08838,U08838,2024-03-14,2024-04-13,,50,Active
S08839,U08839,2024-12-12,2025-01-11,,20,Active
S08840,U08840,2024-04-26,2024-05-26,2024-11-22,0,Cancelled
S08841,U08841,2024-05-12,2024-06-11,2024-09-09,20,Cancelled
S08842,U08842,2024-06-21,2024-07-21,2025-02-16,20,Cancelled
S08843,U08843,2024-07-01,2024-07-31,2024-10-29,0,Cancelled
S08844,U08844,2024-10-04,2024-11-03,2025-02-01,50,Cancelled
S08845,U08845,2024-12-26,2025-01-25,2025-05-25,20,Cancelled
S08846,U08846,2024-03-17,2024-04-16,2024-06-15,50,Cancelled
S08847,U08847,2024-11-18,2024-12-18,2025-04-17,50,Cancelled
S08848,U08848,2024-03-16,2024-04-15,2024-05-15,50,Cancelled
S08849,U08849,2024-08-05,2024-09-04,2024-09-04,20,Cancelled
S08850,U08850,2024-10-08,2024-11-07,2024-11-07,20,Cancelled
S08851,U08851,2024-06-19,2024-07-19,2025-03-16,0,Cancelled
S08852,U08852,2024-08-19,2024-09-18,2024-09-18,0,Cancelled
S08853,U08853,2024-12-05,2025-01-04,,50,Active
S08854,U08854,2024-09-05,2024-10-05,2024-10-05,20,Cancelled
S08855,U08855,2024-04-26,2024-05-26,2024-10-23,0,Cancelled
S08856,U08856,2024-03-09,2024-04-08,2024-08-06,0,Cancelled
S08857,U08857,2024-04-08,2024-05-08,2024-11-04,20,Cancelled
S08858,U08858,2024-01-15,2024-02-14,2024-04-14,0,Cancelled
S08859,U08859,2024-09-14,2024-10-14,2024-10-14,20,Cancelled
S08860,U08860,2024-03-23,2024-04-22,2024-07-21,20,Cancelled
S08861,U08861,2024-11-01,2024-12-01,2025-01-30,50,Cancelled
S08862,U08862,2024-07-18,2024-08-17,2024-09-16,20,Cancelled
S08863,U08863,2024-12-06,2025-01-05,,20,Active
S08864,U08864,2024-07-24,2024-08-23,,0,Active
S08865,U08865,2024-11-28,2024-12-28,,0,Active
S08866,U08866,2024-09-27,2024-10-27,2025-05-25,50,Cancelled
S08867,U08867,2024-06-26,2024-07-26,2024-07-26,50,Cancelled
S08868,U08868,2024-05-02,2024-06-01,2024-06-01,0,Cancelled
S08869,U08869,2024-11-26,2024-12-26,2025-06-24,20,Cancelled
S08870,U08870,2024-04-15,2024-05-15,2024-05-15,0,Cancelled
S08871,U08871,2024-08-16,2024-09-15,2025-04-13,50,Cancelled
S08872,U08872,2024-02-16,2024-03-17,2024-11-12,20,Cancelled
S08873,U08873,2024-07-15,2024-08-14,2024-12-12,20,Cancelled
S08874,U08874,2024-10-25,2024-11-24,2025-05-23,20,Cancelled
S08875,U08875,2024-02-13,2024-03-14,2024-04-13,20,Cancelled
S08876,U08876,2024-12-01,2024-12-31,2025-03-01,20,Cancelled
S08877,U08877,2024-11-13,2024-12-13,,50,Active
S08878,U08878,2024-07-15,2024-08-14,2024-12-12,0,Cancelled
S08879,U08879,2024-02-10,2024-03-11,2024-07-09,0,Cancelled
S08880,U08880,2024-04-12,2024-05-12,2024-05-12,50,Cancelled
S08881,U08881,2024-04-01,2024-05-01,2024-05-01,20,Cancelled
S08882,U08882,2024-06-03,2024-07-03,2024-10-31,0,Cancelled
S08883,U08883,2024-06-16,2024-07-16,2024-07-16,20,Cancelled
S08884,U08884,2024-12-19,2025-01-18,2025-06-17,50,Cancelled
S08885,U08885,2024-01-09,2024-02-08,2024-03-09,20,Cancelled
S08886,U08886,2024-07-20,2024-08-19,2025-02-15,0,Cancelled
S08887,U08887,2024-10-08,2024-11-07,2024-11-07,20,Cancelled
S08888,U08888,2024-09-06,2024-10-06,2024-12-05,0,Cancelled
S08889,U08889,2024-02-27,2024-03-28,2024-06-26,20,Cancelled
S08890,U08890,2024-01-04,2024-02-03,2024-03-04,0,Cancelled
S08891,U08891,2024-06-23,2024-07-23,2024-08-22,20,Cancelled
S08892,U08892,2024-07-30,2024-08-29,2025-05-26,0,Cancelled
S08893,U08893,2024-09-13,2024-10-13,2025-02-10,0,Cancelled
S08894,U08894,2024-03-18,2024-04-17,,20,Active
S08895,U08895,2024-03-03,2024-04-02,2024-06-01,20,Cancelled
S08896,U08896,2024-05-16,2024-06-15,2024-08-14,50,Cancelled
S08897,U08897,2024-11-22,2024-12-22,2025-10-18,0,Cancelled
S08898,U08898,2024-05-16,2024-06-15,2024-12-12,50,Cancelled
S08899,U08899,2024-09-24,2024-10-24,2024-10-24,50,Cancelled
S08900,U08900,2024-11-20,2024-12-20,2025-02-18,50,Cancelled
S08901,U08901,2024-04-23,2024-05-23,2024-06-22,0,Cancelled
S08902,U08902,2024-09-18,2024-10-18,2024-11-17,50,Cancelled
S08903,U08903,2024-03-24,2024-04-23,2024-08-21,0,Cancelled
S08904,U08904,2024-04-25,2024-05-25,2024-05-25,50,Cancelled
S08905,U08905,2024-05-11,2024-06-10,2024-08-09,50,Cancelled
S08906,U08906,2024-07-12,2024-08-11,,20,Active
S08907,U08907,2024-12-28,2025-01-27,2025-08-25,0,Cancelled
S08908,U08908,2024-10-01,2024-10-31,2024-10-31,0,Cancelled
S08909,U08909,2024-05-29,2024-06-28,2024-07-28,20,Cancelled
S08910,U08910,2024-04-21,2024-05-21,2024-06-20,0,Cancelled
S08911,U08911,2024-08-02,2024-09-01,2024-10-01,50,Cancelled
S08912,U08912,2024-01-29,2024-02-28,2024-03-29,0,Cancelled
S08913,U08913,2024-10-03,2024-11-02,2025-01-31,0,Cancelled
S08914,U08914,2024-11-16,2024-12-16,2024-12-16,0,Cancelled
S08915,U08915,2024-08-08,2024-09-07,2024-09-07,20,Cancelled
S08916,U08916,2024-05-23,2024-06-22,2024-07-22,20,Cancelled
S08917,U08917,2024-02-05,2024-03-06,2024-05-05,0,Cancelled
S08918,U08918,2024-04-17,2024-05-17,2024-05-17,50,Cancelled
S08919,U08919,2024-05-22,2024-06-21,2024-10-19,0,Cancelled
S08920,U08920,2024-01-13,2024-02-12,,50,Active
S08921,U08921,2024-10-09,2024-11-08,2025-06-06,20,Cancelled
S08922,U08922,2024-10-01,2024-10-31,2025-02-28,0,Cancelled
S08923,U08923,2024-08-31,2024-09-30,2024-11-29,20,Cancelled
S08924,U08924,2024-12-08,2025-01-07,,20,Active
S08925,U08925,2024-04-07,2024-05-07,2024-05-07,0,Cancelled
S08926,U08926,2024-09-11,2024-10-11,2024-11-10,20,Cancelled
S08927,U08927,2024-10-28,2024-11-27,2025-02-25,50,Cancelled
S08928,U08928,2024-03-21,2024-04-20,2024-04-20,0,Cancelled
S08929,U08929,2024-03-30,2024-04-29,2024-07-28,20,Cancelled
S08930,U08930,2024-04-21,2024-05-21,2024-08-19,20,Cancelled
S08931,U08931,2024-08-26,2024-09-25,2025-02-22,0,Cancelled
S08932,U08932,2024-12-10,2025-01-09,2025-05-09,20,Cancelled
S08933,U08933,2024-09-24,2024-10-24,2024-12-23,50,Cancelled
S08934,U08934,2024-10-06,2024-11-05,2024-11-05,0,Cancelled
S08935,U08935,2024-04-07,2024-05-07,2024-10-04,50,Cancelled
S08936,U08936,2024-01-19,2024-02-18,2024-06-17,50,Cancelled
S08937,U08937,2024-09-10,2024-10-10,2024-10-10,0,Cancelled
S08938,U08938,2024-05-28,2024-06-27,2025-03-24,20,Cancelled
S08939,U08939,2024-06-28,2024-07-28,2024-07-28,20,Cancelled
S08940,U08940,2024-06-07,2024-07-07,2024-10-05,20,Cancelled
S08941,U08941,2024-07-09,2024-08-08,2024-10-07,20,Cancelled
S08942,U08942,2024-11-07,2024-12-07,2025-04-06,20,Cancelled
S08943,U08943,2024-12-07,2025-01-06,2025-02-05,50,Cancelled
S08944,U08944,2024-08-15,2024-09-14,2024-09-14,50,Cancelled
S08945,U08945,2024-05-20,2024-06-19,,50,Active
S08946,U08946,2024-03-23,2024-04-22,2025-01-17,20,Cancelled
S08947,U08947,2024-01-19,2024-02-18,2024-09-15,50,Cancelled
S08948,U08948,2024-06-07,2024-07-07,2025-01-03,50,Cancelled
S08949,U08949,2024-03-03,2024-04-02,2024-12-28,0,Cancelled
S08950,U08950,2024-05-31,2024-06-30,2024-09-28,50,Cancelled
S08951,U08951,2024-01-16,2024-02-15,2024-08-13,20,Cancelled
S08952,U08952,2024-08-22,2024-09-21,2025-06-18,0,Cancelled
S08953,U08953,2024-07-18,2024-08-17,2025-05-14,20,Cancelled
S08954,U08954,2024-09-05,2024-10-05,2024-12-04,50,Cancelled
S08955,U08955,2024-07-26,2024-08-25,,0,Active
S08956,U08956,2024-06-03,2024-07-03,2024-11-30,50,Cancelled
S08957,U08957,2024-04-08,2024-05-08,2024-05-08,20,Cancelled
S08958,U08958,2024-10-14,2024-11-13,2025-04-12,20,Cancelled
S08959,U08959,2024-03-02,2024-04-01,2024-08-29,20,Cancelled
S08960,U08960,2024-04-13,2024-05-13,2024-06-12,50,Cancelled
S08961,U08961,2024-12-28,2025-01-27,2025-03-28,50,Cancelled
S08962,U08962,2024-01-18,2024-02-17,2024-02-17,0,Cancelled
S08963,U08963,2024-02-22,2024-03-23,2024-04-22,0,Cancelled
S08964,U08964,2024-09-07,2024-10-07,2025-08-03,50,Cancelled
S08965,U08965,2024-06-13,2024-07-13,,0,Active
S08966,U08966,2024-01-19,2024-02-18,2024-03-19,0,Cancelled
S08967,U08967,2024-03-29,2024-04-28,2024-04-28,50,Cancelled
S08968,U08968,2024-02-12,2024-03-13,2024-08-10,20,Cancelled
S08969,U08969,2024-08-22,2024-09-21,2024-10-21,50,Cancelled
S08970,U08970,2024-07-13,2024-08-12,2025-04-09,20,Cancelled
S08971,U08971,2024-10-06,2024-11-05,2025-02-03,0,Cancelled
S08972,U08972,2024-04-20,2024-05-20,2024-05-20,50,Cancelled
S08973,U08973,2024-06-30,2024-07-30,2024-12-27,50,Cancelled
S08974,U08974,2024-08-22,2024-09-21,2025-02-18,20,Cancelled
S08975,U08975,2024-03-14,2024-04-13,,0,Active
S08976,U08976,2024-01-05,2024-02-04,2024-02-04,0,Cancelled
S08977,U08977,2024-07-27,2024-08-26,2024-10-25,0,Cancelled
S08978,U08978,2024-02-24,2024-03-25,2024-03-25,0,Cancelled
S08979,U08979,2024-09-09,2024-10-09,2025-02-06,50,Cancelled
S08980,U08980,2024-10-15,2024-11-14,2025-01-13,50,Cancelled
S08981,U08981,2024-09-13,2024-10-13,2024-12-12,0,Cancelled
S08982,U08982,2024-12-28,2025-01-27,,0,Active
S08983,U08983,2024-09-06,2024-10-06,2024-11-05,50,Cancelled
S08984,U08984,2024-08-07,2024-09-06,2025-05-04,20,Cancelled
S08985,U08985,2024-08-11,2024-09-10,2024-10-10,0,Cancelled
S08986,U08986,2024-03-09,2024-04-08,2024-10-05,50,Cancelled
S08987,U08987,2024-05-24,2024-06-23,2024-06-23,50,Cancelled
S08988,U08988,2024-09-05,2024-10-05,,50,Active
S08989,U08989,2024-01-15,2024-02-14,2024-07-13,0,Cancelled
S08990,U08990,2024-07-24,2024-08-23,2024-08-23,50,Cancelled
S08991,U08991,2024-11-11,2024-12-11,2025-02-09,20,Cancelled
S08992,U08992,2024-11-03,2024-12-03,,0,Active
S08993,U08993,2024-01-30,2024-02-29,,0,Active
S08994,U08994,2024-04-21,2024-05-21,2024-05-21,20,Cancelled
S08995,U08995,2024-06-20,2024-07-20,2025-03-17,0,Cancelled
S08996,U08996,2024-03-22,2024-04-21,2024-08-19,0,Cancelled
S08997,U08997,2024-07-11,2024-08-10,2024-12-08,50,Cancelled
S08998,U08998,2024-09-25,2024-10-25,2025-02-22,0,Cancelled
S08999,U08999,2024-01-23,2024-02-22,2024-02-22,50,Cancelled
S09000,U09000,2024-08-18,2024-09-17,,50,Active
S09001,U09001,2024-05-26,2024-06-25,2024-07-25,20,Cancelled
S09002,U09002,2024-12-01,2024-12-31,2025-08-28,20,Cancelled
S09003,U09003,2024-06-05,2024-07-05,2024-08-04,20,Cancelled
S09004,U09004,2024-06-08,2024-07-08,,20,Active
S09005,U09005,2024-06-14,2024-07-14,2024-07-14,0,Cancelled
S09006,U09006,2024-12-28,2025-01-27,2025-09-24,50,Cancelled
S09007,U09007,2024-11-01,2024-12-01,2024-12-31,20,Cancelled
S09008,U09008,2024-02-19,2024-03-20,2024-07-18,50,Cancelled
S09009,U09009,2024-07-03,2024-08-02,2025-02-28,20,Cancelled
S09010,U09010,2024-12-02,2025-01-01,,50,Active
S09011,U09011,2024-07-04,2024-08-03,,50,Active
S09012,U09012,2024-09-05,2024-10-05,2024-11-04,20,Cancelled
S09013,U09013,2024-10-16,2024-11-15,,0,Active
S09014,U09014,2024-10-03,2024-11-02,,50,Active
S09015,U09015,2024-12-24,2025-01-23,2025-02-22,0,Cancelled
S09016,U09016,2024-10-27,2024-11-26,,0,Active
S09017,U09017,2024-06-20,2024-07-20,2024-07-20,0,Cancelled
S09018,U09018,2024-03-02,2024-04-01,2024-09-28,0,Cancelled
S09019,U09019,2024-10-14,2024-11-13,,0,Active
S09020,U09020,2024-06-04,2024-07-04,2024-09-02,50,Cancelled
S09021,U09021,2024-02-16,2024-03-17,2024-04-16,20,Cancelled
S09022,U09022,2024-03-18,2024-04-17,,20,Active
S09023,U09023,2024-06-08,2024-07-08,2025-01-04,20,Cancelled
S09024,U09024,2024-11-12,2024-12-12,2025-04-11,20,Cancelled
S09025,U09025,2024-01-15,2024-02-14,2024-03-15,50,Cancelled
S09026,U09026,2024-02-18,2024-03-19,,0,Active
S09027,U09027,2024-04-16,2024-05-16,2024-09-13,20,Cancelled
S09028,U09028,2024-08-04,2024-09-03,2024-09-03,20,Cancelled
S09029,U09029,2024-06-17,2024-07-17,2024-09-15,0,Cancelled
S09030,U09030,2024-03-12,2024-04-11,2024-06-10,0,Cancelled
S09031,U09031,2024-12-27,2025-01-26,2025-03-27,20,Cancelled
S09032,U09032,2024-10-16,2024-11-15,2025-02-13,20,Cancelled
S09033,U09033,2024-02-22,2024-03-23,2024-07-21,50,Cancelled
S09034,U09034,2024-03-17,2024-04-16,2024-11-12,20,Cancelled
S09035,U09035,2024-12-21,2025-01-20,2025-07-19,0,Cancelled
S09036,U09036,2024-06-18,2024-07-18,2025-03-15,20,Cancelled
S09037,U09037,2024-12-26,2025-01-25,2025-06-24,50,Cancelled
S09038,U09038,2024-10-23,2024-11-22,2025-04-21,20,Cancelled
S09039,U09039,2024-07-11,2024-08-10,2025-03-08,0,Cancelled
S09040,U09040,2024-01-29,2024-02-28,2024-07-27,50,Cancelled
S09041,U09041,2024-05-02,2024-06-01,2025-01-27,20,Cancelled
S09042,U09042,2024-12-06,2025-01-05,2025-03-06,0,Cancelled
S09043,U09043,2024-02-15,2024-03-16,2024-03-16,0,Cancelled
S09044,U09044,2024-12-01,2024-12-31,2025-05-30,20,Cancelled
S09045,U09045,2024-05-25,2024-06-24,2024-07-24,50,Cancelled
S09046,U09046,2024-04-13,2024-05-13,2024-11-09,0,Cancelled
S09047,U09047,2024-04-29,2024-05-29,2024-05-29,0,Cancelled
S09048,U09048,2024-11-30,2024-12-30,2024-12-30,0,Cancelled
S09049,U09049,2024-09-08,2024-10-08,2025-08-04,50,Cancelled
S09050,U09050,2024-10-15,2024-11-14,2025-01-13,0,Cancelled
S09051,U09051,2024-05-08,2024-06-07,2024-11-04,20,Cancelled
S09052,U09052,2024-02-21,2024-03-22,2024-06-20,20,Cancelled
S09053,U09053,2024-01-14,2024-02-13,2024-12-09,20,Cancelled
S09054,U09054,2024-05-21,2024-06-20,2024-09-18,0,Cancelled
S09055,U09055,2024-05-06,2024-06-05,2024-07-05,50,Cancelled
S09056,U09056,2024-05-22,2024-06-21,2024-07-21,20,Cancelled
S09057,U09057,2024-08-07,2024-09-06,2024-09-06,0,Cancelled
S09058,U09058,2024-06-24,2024-07-24,2024-11-21,20,Cancelled
S09059,U09059,2024-01-04,2024-02-03,2024-03-04,0,Cancelled
S09060,U09060,2024-02-21,2024-03-22,2024-10-18,50,Cancelled
S09061,U09061,2024-04-09,2024-05-09,2024-12-05,0,Cancelled
S09062,U09062,2024-07-01,2024-07-31,2024-09-29,20,Cancelled
S09063,U09063,2024-11-07,2024-12-07,2025-01-06,20,Cancelled
S09064,U09064,2024-02-04,2024-03-05,2024-05-04,0,Cancelled
S09065,U09065,2024-05-15,2024-06-14,2024-11-11,20,Cancelled
S09066,U09066,2024-01-30,2024-02-29,2024-02-29,0,Cancelled
S09067,U09067,2024-08-09,2024-09-08,2024-09-08,50,Cancelled
S09068,U09068,2024-09-12,2024-10-12,2024-12-11,20,Cancelled
S09069,U09069,2024-02-10,2024-03-11,2024-03-11,50,Cancelled
S09070,U09070,2024-03-08,2024-04-07,2024-05-07,50,Cancelled
S09071,U09071,2024-10-19,2024-11-18,2025-02-16,20,Cancelled
S09072,U09072,2024-10-23,2024-11-22,2024-11-22,50,Cancelled
S09073,U09073,2024-02-03,2024-03-04,2024-11-29,0,Cancelled
S09074,U09074,2024-05-24,2024-06-23,2024-08-22,20,Cancelled
S09075,U09075,2024-12-09,2025-01-08,2025-05-08,20,Cancelled
S09076,U09076,2024-03-20,2024-04-19,2024-08-17,50,Cancelled
S09077,U09077,2024-04-23,2024-05-23,2024-05-23,20,Cancelled
S09078,U09078,2024-04-03,2024-05-03,,50,Active
S09079,U09079,2024-11-26,2024-12-26,2025-03-26,0,Cancelled
S09080,U09080,2024-10-07,2024-11-06,2024-12-06,20,Cancelled
S09081,U09081,2024-03-09,2024-04-08,,50,Active
S09082,U09082,2024-06-28,2024-07-28,2024-09-26,50,Cancelled
S09083,U09083,2024-05-17,2024-06-16,2024-08-15,50,Cancelled
S09084,U09084,2024-04-18,2024-05-18,2024-07-17,0,Cancelled
S09085,U09085,2024-03-15,2024-04-14,,0,Active
S09086,U09086,2024-03-12,2024-04-11,2024-06-10,50,Cancelled
S09087,U09087,2024-03-16,2024-04-15,2024-11-11,0,Cancelled
S09088,U09088,2024-06-15,2024-07-15,2024-07-15,0,Cancelled
S09089,U09089,2024-11-08,2024-12-08,2025-07-06,0,Cancelled
S09090,U09090,2024-09-24,2024-10-24,2025-04-22,0,Cancelled
S09091,U09091,2024-07-28,2024-08-27,2024-08-27,0,Cancelled
S09092,U09092,2024-03-20,2024-04-19,2024-05-19,20,Cancelled
S09093,U09093,2024-10-20,2024-11-19,2025-01-18,20,Cancelled
S09094,U09094,2024-07-04,2024-08-03,2024-12-01,20,Cancelled
S09095,U09095,2024-07-07,2024-08-06,2024-12-04,50,Cancelled
S09096,U09096,2024-09-01,2024-10-01,2024-11-30,0,Cancelled
S09097,U09097,2024-01-21,2024-02-20,2024-03-21,20,Cancelled
S09098,U09098,2024-01-18,2024-02-17,,0,Active
S09099,U09099,2024-08-31,2024-09-30,,0,Active
S09100,U09100,2024-12-13,2025-01-12,2025-02-11,20,Cancelled
S09101,U09101,2024-09-15,2024-10-15,2025-01-13,20,Cancelled
S09102,U09102,2024-09-02,2024-10-02,2024-10-02,50,Cancelled
S09103,U09103,2024-11-18,2024-12-18,2025-02-16,0,Cancelled
S09104,U09104,2024-07-28,2024-08-27,2024-12-25,20,Cancelled
S09105,U09105,2024-02-15,2024-03-16,2024-11-11,0,Cancelled
S09106,U09106,2024-11-23,2024-12-23,2025-01-22,50,Cancelled
S09107,U09107,2024-01-25,2024-02-24,2024-07-23,20,Cancelled
S09108,U09108,2024-06-08,2024-07-08,2024-08-07,20,Cancelled
S09109,U09109,2024-10-18,2024-11-17,,50,Active
S09110,U09110,2024-09-20,2024-10-20,2024-10-20,0,Cancelled
S09111,U09111,2024-08-12,2024-09-11,2024-09-11,50,Cancelled
S09112,U09112,2024-06-30,2024-07-30,2024-07-30,0,Cancelled
S09113,U09113,2024-06-13,2024-07-13,2025-01-09,0,Cancelled
S09114,U09114,2024-08-31,2024-09-30,2025-02-27,20,Cancelled
S09115,U09115,2024-05-07,2024-06-06,,50,Active
S09116,U09116,2024-01-21,2024-02-20,2024-08-18,20,Cancelled
S09117,U09117,2024-05-18,2024-06-17,2024-09-15,50,Cancelled
S09118,U09118,2024-07-19,2024-08-18,2025-03-16,0,Cancelled
S09119,U09119,2024-01-04,2024-02-03,2024-03-04,20,Cancelled
S09120,U09120,2024-12-11,2025-01-10,2025-03-11,0,Cancelled
S09121,U09121,2024-05-21,2024-06-20,2024-12-17,0,Cancelled
S09122,U09122,2024-07-19,2024-08-18,2024-12-16,20,Cancelled
S09123,U09123,2024-02-09,2024-03-10,2024-04-09,0,Cancelled
S09124,U09124,2024-08-21,2024-09-20,2024-11-19,20,Cancelled
S09125,U09125,2024-09-19,2024-10-19,2025-01-17,50,Cancelled
S09126,U09126,2024-03-15,2024-04-14,2024-09-11,50,Cancelled
S09127,U09127,2024-08-01,2024-08-31,,50,Active
S09128,U09128,2024-07-24,2024-08-23,2024-09-22,0,Cancelled
S09129,U09129,2024-12-14,2025-01-13,,50,Active
S09130,U09130,2024-11-09,2024-12-09,2025-09-05,20,Cancelled
S09131,U09131,2024-03-16,2024-04-15,2024-05-15,50,Cancelled
S09132,U09132,2024-07-06,2024-08-05,2024-10-04,50,Cancelled
S09133,U09133,2024-07-31,2024-08-30,2024-10-29,20,Cancelled
S09134,U09134,2024-02-03,2024-03-04,2024-08-01,50,Cancelled
S09135,U09135,2024-02-21,2024-03-22,2024-06-20,50,Cancelled
S09136,U09136,2024-04-06,2024-05-06,,0,Active
S09137,U09137,2024-07-25,2024-08-24,,0,Active
S09138,U09138,2024-06-28,2024-07-28,2025-04-24,0,Cancelled
S09139,U09139,2024-07-30,2024-08-29,2024-08-29,0,Cancelled
S09140,U09140,2024-03-08,2024-04-07,2024-12-03,50,Cancelled
S09141,U09141,2024-12-08,2025-01-07,2025-02-06,0,Cancelled
S09142,U09142,2024-02-27,2024-03-28,2024-04-27,20,Cancelled
S09143,U09143,2024-08-12,2024-09-11,2025-03-10,50,Cancelled
S09144,U09144,2024-07-28,2024-08-27,2025-02-23,0,Cancelled
S09145,U09145,2024-02-12,2024-03-13,2024-03-13,0,Cancelled
S09146,U09146,2024-05-24,2024-06-23,2024-06-23,0,Cancelled
S09147,U09147,2024-12-20,2025-01-19,,20,Active
S09148,U09148,2024-07-27,2024-08-26,2024-11-24,0,Cancelled
S09149,U09149,2024-11-07,2024-12-07,2024-12-07,50,Cancelled
S09150,U09150,2024-08-13,2024-09-12,2025-07-09,20,Cancelled
S09151,U09151,2024-12-20,2025-01-19,2025-04-19,50,Cancelled
S09152,U09152,2024-12-13,2025-01-12,2025-08-10,0,Cancelled
S09153,U09153,2024-01-01,2024-01-31,2024-05-30,0,Cancelled
S09154,U09154,2024-10-11,2024-11-10,,50,Active
S09155,U09155,2024-12-04,2025-01-03,2025-04-03,50,Cancelled
S09156,U09156,2024-12-19,2025-01-18,2025-03-19,20,Cancelled
S09157,U09157,2024-08-02,2024-09-01,2024-12-30,0,Cancelled
S09158,U09158,2024-10-19,2024-11-18,2025-09-14,50,Cancelled
S09159,U09159,2024-10-05,2024-11-04,2025-03-04,50,Cancelled
S09160,U09160,2024-08-13,2024-09-12,2025-04-10,0,Cancelled
S09161,U09161,2024-07-28,2024-08-27,,0,Active
S09162,U09162,2024-05-14,2024-06-13,2024-06-13,50,Cancelled
S09163,U09163,2024-09-29,2024-10-29,2025-03-28,50,Cancelled
S09164,U09164,2024-07-17,2024-08-16,2024-08-16,0,Cancelled
S09165,U09165,2024-01-10,2024-02-09,2024-06-08,0,Cancelled
S09166,U09166,2024-02-05,2024-03-06,2024-09-02,0,Cancelled
S09167,U09167,2024-04-15,2024-05-15,2025-01-10,0,Cancelled
S09168,U09168,2024-06-23,2024-07-23,2025-03-20,0,Cancelled
S09169,U09169,2024-02-22,2024-03-23,2024-07-21,0,Cancelled
S09170,U09170,2024-01-20,2024-02-19,,50,Active
S09171,U09171,2024-11-17,2024-12-17,2025-02-15,50,Cancelled
S09172,U09172,2024-06-22,2024-07-22,2024-12-19,0,Cancelled
S09173,U09173,2024-03-18,2024-04-17,2024-05-17,50,Cancelled
S09174,U09174,2024-08-31,2024-09-30,2024-09-30,50,Cancelled
S09175,U09175,2024-07-31,2024-08-30,2024-08-30,50,Cancelled
S09176,U09176,2024-04-22,2024-05-22,2024-06-21,0,Cancelled
S09177,U09177,2024-07-30,2024-08-29,2024-12-27,20,Cancelled
S09178,U09178,2024-02-05,2024-03-06,2024-04-05,50,Cancelled
S09179,U09179,2024-08-15,2024-09-14,2024-10-14,20,Cancelled
S09180,U09180,2024-03-05,2024-04-04,2024-04-04,50,Cancelled
S09181,U09181,2024-05-13,2024-06-12,2024-08-11,0,Cancelled
S09182,U09182,2024-07-01,2024-07-31,2025-05-27,20,Cancelled
S09183,U09183,2024-08-15,2024-09-14,2025-03-13,0,Cancelled
S09184,U09184,2024-07-02,2024-08-01,2024-12-29,0,Cancelled
S09185,U09185,2024-09-03,2024-10-03,2025-01-01,20,Cancelled
S09186,U09186,2024-01-05,2024-02-04,,20,Active
S09187,U09187,2024-03-26,2024-04-25,2024-07-24,0,Cancelled
S09188,U09188,2024-10-05,2024-11-04,2025-04-03,0,Cancelled
S09189,U09189,2024-09-06,2024-10-06,,50,Active
S09190,U09190,2024-10-26,2024-11-25,,20,Active
S09191,U09191,2024-12-21,2025-01-20,2025-01-20,0,Cancelled
S09192,U09192,2024-07-07,2024-08-06,2024-09-05,50,Cancelled
S09193,U09193,2024-02-28,2024-03-29,2024-08-26,0,Cancelled
S09194,U09194,2024-02-22,2024-03-23,2024-09-19,0,Cancelled
S09195,U09195,2024-05-19,2024-06-18,2024-11-15,50,Cancelled
S09196,U09196,2024-05-04,2024-06-03,2024-12-30,20,Cancelled
S09197,U09197,2024-06-16,2024-07-16,2024-08-15,0,Cancelled
S09198,U09198,2024-05-24,2024-06-23,2025-02-18,20,Cancelled
S09199,U09199,2024-06-24,2024-07-24,2024-09-22,0,Cancelled
S09200,U09200,2024-04-11,2024-05-11,,20,Active
S09201,U09201,2024-05-22,2024-06-21,2024-09-19,50,Cancelled
S09202,U09202,2024-12-08,2025-01-07,2025-05-07,20,Cancelled
S09203,U09203,2024-08-04,2024-09-03,2025-03-02,50,Cancelled
S09204,U09204,2024-05-10,2024-06-09,2024-06-09,0,Cancelled
S09205,U09205,2024-01-06,2024-02-05,2024-03-06,20,Cancelled
S09206,U09206,2024-06-18,2024-07-18,2025-03-15,0,Cancelled
S09207,U09207,2024-09-06,2024-10-06,2024-10-06,0,Cancelled
S09208,U09208,2024-09-05,2024-10-05,2025-04-03,0,Cancelled
S09209,U09209,2024-02-07,2024-03-08,2024-09-04,50,Cancelled
S09210,U09210,2024-08-09,2024-09-08,2025-05-06,0,Cancelled
S09211,U09211,2024-03-22,2024-04-21,2025-01-16,50,Cancelled
S09212,U09212,2024-12-23,2025-01-22,2025-01-22,50,Cancelled
S09213,U09213,2024-06-27,2024-07-27,2024-07-27,0,Cancelled
S09214,U09214,2024-05-26,2024-06-25,2024-08-24,50,Cancelled
S09215,U09215,2024-08-29,2024-09-28,2024-09-28,20,Cancelled
S09216,U09216,2024-02-06,2024-03-07,,0,Active
S09217,U09217,2024-06-02,2024-07-02,2024-10-30,20,Cancelled
S09218,U09218,2024-10-20,2024-11-19,2024-11-19,0,Cancelled
S09219,U09219,2024-02-20,2024-03-21,2024-12-16,20,Cancelled
S09220,U09220,2024-07-30,2024-08-29,2024-08-29,0,Cancelled
S09221,U09221,2024-04-08,2024-05-08,2024-11-04,50,Cancelled
S09222,U09222,2024-07-02,2024-08-01,2025-01-28,20,Cancelled
S09223,U09223,2024-07-06,2024-08-05,2025-05-02,0,Cancelled
S09224,U09224,2024-11-12,2024-12-12,2025-08-09,0,Cancelled
S09225,U09225,2024-08-22,2024-09-21,2025-02-18,0,Cancelled
S09226,U09226,2024-03-24,2024-04-23,2025-01-18,0,Cancelled
S09227,U09227,2024-08-10,2024-09-09,2024-09-09,0,Cancelled
S09228,U09228,2024-11-30,2024-12-30,2025-03-30,20,Cancelled
S09229,U09229,2024-04-06,2024-05-06,2024-09-03,50,Cancelled
S09230,U09230,2024-03-16,2024-04-15,,50,Active
S09231,U09231,2024-01-25,2024-02-24,2024-10-21,20,Cancelled
S09232,U09232,2024-10-14,2024-11-13,2025-06-11,50,Cancelled
S09233,U09233,2024-06-14,2024-07-14,2024-07-14,20,Cancelled
S09234,U09234,2024-12-04,2025-01-03,,0,Active
S09235,U09235,2024-01-14,2024-02-13,2024-08-11,0,Cancelled
S09236,U09236,2024-02-28,2024-03-29,2024-05-28,0,Cancelled
S09237,U09237,2024-10-23,2024-11-22,2025-02-20,50,Cancelled
S09238,U09238,2024-10-18,2024-11-17,2025-02-15,0,Cancelled
S09239,U09239,2024-03-02,2024-04-01,2024-05-01,20,Cancelled
S09240,U09240,2024-08-19,2024-09-18,2024-12-17,50,Cancelled
S09241,U09241,2024-08-22,2024-09-21,2024-09-21,0,Cancelled
S09242,U09242,2024-02-29,2024-03-30,2024-03-30,0,Cancelled
S09243,U09243,2024-01-30,2024-02-29,2024-02-29,50,Cancelled
S09244,U09244,2024-05-27,2024-06-26,2024-11-23,20,Cancelled
S09245,U09245,2024-09-08,2024-10-08,2025-05-06,20,Cancelled
S09246,U09246,2024-09-23,2024-10-23,2024-11-22,20,Cancelled
S09247,U09247,2024-08-02,2024-09-01,2024-11-30,50,Cancelled
S09248,U09248,2024-03-12,2024-04-11,2024-07-10,20,Cancelled
S09249,U09249,2024-08-03,2024-09-02,,50,Active
S09250,U09250,2024-05-24,2024-06-23,2024-09-21,50,Cancelled
S09251,U09251,2024-08-17,2024-09-16,2024-12-15,0,Cancelled
S09252,U09252,2024-12-21,2025-01-20,2025-02-19,50,Cancelled
S09253,U09253,2024-05-07,2024-06-06,2025-01-02,50,Cancelled
S09254,U09254,2024-03-11,2024-04-10,2025-01-05,50,Cancelled
S09255,U09255,2024-12-02,2025-01-01,2025-04-01,50,Cancelled
S09256,U09256,2024-12-13,2025-01-12,2025-08-10,50,Cancelled
S09257,U09257,2024-02-01,2024-03-02,2024-04-01,0,Cancelled
S09258,U09258,2024-08-30,2024-09-29,2025-02-26,0,Cancelled
S09259,U09259,2024-04-08,2024-05-08,2024-07-07,20,Cancelled
S09260,U09260,2024-02-29,2024-03-30,2024-08-27,0,Cancelled
S09261,U09261,2024-12-26,2025-01-25,2025-09-22,50,Cancelled
S09262,U09262,2024-04-18,2024-05-18,2024-10-15,0,Cancelled
S09263,U09263,2024-10-20,2024-11-19,2024-11-19,20,Cancelled
S09264,U09264,2024-06-12,2024-07-12,2024-07-12,20,Cancelled
S09265,U09265,2024-03-29,2024-04-28,2024-04-28,50,Cancelled
S09266,U09266,2024-02-10,2024-03-11,2024-09-07,20,Cancelled
S09267,U09267,2024-10-09,2024-11-08,2024-12-08,50,Cancelled
S09268,U09268,2024-10-24,2024-11-23,2025-01-22,20,Cancelled
S09269,U09269,2024-09-27,2024-10-27,2025-03-26,50,Cancelled
S09270,U09270,2024-11-03,2024-12-03,2025-03-03,20,Cancelled
S09271,U09271,2024-01-06,2024-02-05,2024-08-03,20,Cancelled
S09272,U09272,2024-10-11,2024-11-10,2025-03-10,20,Cancelled
S09273,U09273,2024-11-03,2024-12-03,2025-03-03,0,Cancelled
S09274,U09274,2024-04-30,2024-05-30,2024-07-29,0,Cancelled
S09275,U09275,2024-07-24,2024-08-23,2025-03-21,0,Cancelled
S09276,U09276,2024-11-04,2024-12-04,2025-01-03,50,Cancelled
S09277,U09277,2024-12-26,2025-01-25,2025-08-23,20,Cancelled
S09278,U09278,2024-07-18,2024-08-17,2024-08-17,20,Cancelled
S09279,U09279,2024-03-09,2024-04-08,2024-05-08,0,Cancelled
S09280,U09280,2024-07-16,2024-08-15,2024-08-15,20,Cancelled
S09281,U09281,2024-01-04,2024-02-03,2024-08-01,20,Cancelled
S09282,U09282,2024-02-05,2024-03-06,2024-12-31,50,Cancelled
S09283,U09283,2024-06-11,2024-07-11,2025-04-07,0,Cancelled
S09284,U09284,2024-12-22,2025-01-21,2025-03-22,20,Cancelled
S09285,U09285,2024-09-19,2024-10-19,2025-08-15,0,Cancelled
S09286,U09286,2024-08-31,2024-09-30,2024-10-30,20,Cancelled
S09287,U09287,2024-01-24,2024-02-23,2024-04-23,20,Cancelled
S09288,U09288,2024-08-21,2024-09-20,,0,Active
S09289,U09289,2024-08-25,2024-09-24,2024-12-23,20,Cancelled
S09290,U09290,2024-12-10,2025-01-09,,0,Active
S09291,U09291,2024-06-29,2024-07-29,2024-11-26,50,Cancelled
S09292,U09292,2024-05-09,2024-06-08,2024-11-05,50,Cancelled
S09293,U09293,2024-02-13,2024-03-14,,50,Active
S09294,U09294,2024-06-24,2024-07-24,,50,Active
S09295,U09295,2024-07-26,2024-08-25,2024-12-23,20,Cancelled
S09296,U09296,2024-08-28,2024-09-27,2024-10-27,20,Cancelled
S09297,U09297,2024-11-16,2024-12-16,2025-01-15,20,Cancelled
S09298,U09298,2024-05-15,2024-06-14,2024-11-11,0,Cancelled
S09299,U09299,2024-02-11,2024-03-12,2024-09-08,0,Cancelled
S09300,U09300,2024-09-09,2024-10-09,2024-11-08,50,Cancelled
S09301,U09301,2024-11-24,2024-12-24,,20,Active
S09302,U09302,2024-10-26,2024-11-25,2024-11-25,0,Cancelled
S09303,U09303,2024-02-01,2024-03-02,2024-11-27,0,Cancelled
S09304,U09304,2024-07-30,2024-08-29,2024-08-29,50,Cancelled
S09305,U09305,2024-05-28,2024-06-27,2024-09-25,0,Cancelled
S09306,U09306,2024-01-24,2024-02-23,2024-06-22,0,Cancelled
S09307,U09307,2024-01-21,2024-02-20,2024-07-19,20,Cancelled
S09308,U09308,2024-10-22,2024-11-21,2025-05-20,0,Cancelled
S09309,U09309,2024-07-08,2024-08-07,2024-09-06,20,Cancelled
S09310,U09310,2024-11-10,2024-12-10,2025-03-10,20,Cancelled
S09311,U09311,2024-01-01,2024-01-31,2024-11-26,20,Cancelled
S09312,U09312,2024-01-29,2024-02-28,2024-10-25,50,Cancelled
S09313,U09313,2024-02-20,2024-03-21,2024-04-20,20,Cancelled
S09314,U09314,2024-05-20,2024-06-19,2025-02-14,20,Cancelled
S09315,U09315,2024-02-16,2024-03-17,2024-08-14,20,Cancelled
S09316,U09316,2024-12-11,2025-01-10,2025-05-10,50,Cancelled
S09317,U09317,2024-01-20,2024-02-19,2024-04-19,50,Cancelled
S09318,U09318,2024-11-03,2024-12-03,2024-12-03,50,Cancelled
S09319,U09319,2024-08-12,2024-09-11,2024-10-11,20,Cancelled
S09320,U09320,2024-05-07,2024-06-06,2024-06-06,50,Cancelled
S09321,U09321,2024-07-31,2024-08-30,2024-09-29,50,Cancelled
S09322,U09322,2024-06-16,2024-07-16,,20,Active
S09323,U09323,2024-10-11,2024-11-10,2024-12-10,50,Cancelled
S09324,U09324,2024-07-30,2024-08-29,2024-12-27,20,Cancelled
S09325,U09325,2024-12-18,2025-01-17,2025-03-18,50,Cancelled
S09326,U09326,2024-12-18,2025-01-17,2025-06-16,0,Cancelled
S09327,U09327,2024-04-21,2024-05-21,2025-02-15,20,Cancelled
S09328,U09328,2024-03-04,2024-04-03,,50,Active
S09329,U09329,2024-12-04,2025-01-03,2025-06-02,0,Cancelled
S09330,U09330,2024-01-26,2024-02-25,,20,Active
S09331,U09331,2024-12-22,2025-01-21,2025-10-18,0,Cancelled
S09332,U09332,2024-12-06,2025-01-05,2025-11-01,20,Cancelled
S09333,U09333,2024-07-22,2024-08-21,,50,Active
S09334,U09334,2024-07-25,2024-08-24,2025-05-21,50,Cancelled
S09335,U09335,2024-08-11,2024-09-10,2024-10-10,0,Cancelled
S09336,U09336,2024-04-09,2024-05-09,,20,Active
S09337,U09337,2024-02-11,2024-03-12,2024-05-11,0,Cancelled
S09338,U09338,2024-01-12,2024-02-11,,0,Active
S09339,U09339,2024-02-04,2024-03-05,2024-03-05,50,Cancelled
S09340,U09340,2024-05-04,2024-06-03,2024-08-02,20,Cancelled
S09341,U09341,2024-06-12,2024-07-12,2024-09-10,0,Cancelled
S09342,U09342,2024-03-12,2024-04-11,2024-07-10,0,Cancelled
S09343,U09343,2024-05-21,2024-06-20,2025-02-15,0,Cancelled
S09344,U09344,2024-03-16,2024-04-15,2024-05-15,50,Cancelled
S09345,U09345,2024-11-19,2024-12-19,2025-01-18,50,Cancelled
S09346,U09346,2024-05-26,2024-06-25,2024-10-23,20,Cancelled
S09347,U09347,2024-04-29,2024-05-29,2025-03-25,50,Cancelled
S09348,U09348,2024-11-19,2024-12-19,2025-02-17,0,Cancelled
S09349,U09349,2024-05-03,2024-06-02,2024-07-02,20,Cancelled
S09350,U09350,2024-08-21,2024-09-20,2025-02-17,50,Cancelled
S09351,U09351,2024-12-26,2025-01-25,2025-01-25,0,Cancelled
S09352,U09352,2024-07-19,2024-08-18,2024-10-17,0,Cancelled
S09353,U09353,2024-04-23,2024-05-23,2024-10-20,50,Cancelled
S09354,U09354,2024-07-03,2024-08-02,2024-10-31,50,Cancelled
S09355,U09355,2024-11-29,2024-12-29,2024-12-29,20,Cancelled
S09356,U09356,2024-12-11,2025-01-10,2025-07-09,50,Cancelled
S09357,U09357,2024-05-25,2024-06-24,2024-08-23,0,Cancelled
S09358,U09358,2024-07-21,2024-08-20,2024-10-19,20,Cancelled
S09359,U09359,2024-07-30,2024-08-29,2024-08-29,20,Cancelled
S09360,U09360,2024-03-17,2024-04-16,,50,Active
S09361,U09361,2024-08-15,2024-09-14,2024-09-14,0,Cancelled
S09362,U09362,2024-02-25,2024-03-26,,50,Active
S09363,U09363,2024-05-05,2024-06-04,2024-06-04,20,Cancelled
S09364,U09364,2024-08-21,2024-09-20,2025-05-18,20,Cancelled
S09365,U09365,2024-03-31,2024-04-30,2025-01-25,0,Cancelled
S09366,U09366,2024-07-22,2024-08-21,2024-09-20,20,Cancelled
S09367,U09367,2024-02-25,2024-03-26,2024-10-22,50,Cancelled
S09368,U09368,2024-01-24,2024-02-23,2024-02-23,20,Cancelled
S09369,U09369,2024-08-18,2024-09-17,2024-10-17,0,Cancelled
S09370,U09370,2024-06-19,2024-07-19,,0,Active
S09371,U09371,2024-05-13,2024-06-12,2024-07-12,50,Cancelled
S09372,U09372,2024-11-15,2024-12-15,2025-01-14,20,Cancelled
S09373,U09373,2024-10-21,2024-11-20,2024-12-20,0,Cancelled
S09374,U09374,2024-01-16,2024-02-15,2024-04-15,50,Cancelled
S09375,U09375,2024-10-12,2024-11-11,2025-04-10,20,Cancelled
S09376,U09376,2024-03-09,2024-04-08,2024-09-05,50,Cancelled
S09377,U09377,2024-02-19,2024-03-20,2024-08-17,0,Cancelled
S09378,U09378,2024-11-30,2024-12-30,,20,Active
S09379,U09379,2024-10-20,2024-11-19,2025-01-18,0,Cancelled
S09380,U09380,2024-05-13,2024-06-12,2024-06-12,50,Cancelled
S09381,U09381,2024-08-10,2024-09-09,2024-11-08,50,Cancelled
S09382,U09382,2024-08-23,2024-09-22,2024-12-21,50,Cancelled
S09383,U09383,2024-08-04,2024-09-03,2024-09-03,0,Cancelled
S09384,U09384,2024-04-26,2024-05-26,2024-07-25,0,Cancelled
S09385,U09385,2024-10-17,2024-11-16,2025-09-12,20,Cancelled
S09386,U09386,2024-08-13,2024-09-12,2025-05-10,50,Cancelled
S09387,U09387,2024-07-05,2024-08-04,2024-08-04,0,Cancelled
S09388,U09388,2024-04-27,2024-05-27,2024-05-27,20,Cancelled
S09389,U09389,2024-06-03,2024-07-03,2024-07-03,0,Cancelled
S09390,U09390,2024-03-06,2024-04-05,2024-06-04,50,Cancelled
S09391,U09391,2024-08-03,2024-09-02,2025-01-30,0,Cancelled
S09392,U09392,2024-10-09,2024-11-08,2025-03-08,0,Cancelled
S09393,U09393,2024-09-03,2024-10-03,2025-03-02,50,Cancelled
S09394,U09394,2024-08-04,2024-09-03,2025-03-02,50,Cancelled
S09395,U09395,2024-03-20,2024-04-19,2024-10-16,50,Cancelled
S09396,U09396,2024-04-22,2024-05-22,2024-08-20,0,Cancelled
S09397,U09397,2024-07-06,2024-08-05,2024-12-03,20,Cancelled
S09398,U09398,2024-10-29,2024-11-28,2024-11-28,50,Cancelled
S09399,U09399,2024-06-07,2024-07-07,2025-03-04,0,Cancelled
S09400,U09400,2024-12-05,2025-01-04,2025-04-04,0,Cancelled
S09401,U09401,2024-08-02,2024-09-01,,0,Active
S09402,U09402,2024-12-17,2025-01-16,2025-07-15,20,Cancelled
S09403,U09403,2024-08-26,2024-09-25,2025-02-22,20,Cancelled
S09404,U09404,2024-07-18,2024-08-17,2024-11-15,0,Cancelled
S09405,U09405,2024-09-27,2024-10-27,2025-01-25,0,Cancelled
S09406,U09406,2024-02-04,2024-03-05,2024-05-04,50,Cancelled
S09407,U09407,2024-12-03,2025-01-02,,20,Active
S09408,U09408,2024-02-10,2024-03-11,2024-07-09,20,Cancelled
S09409,U09409,2024-02-22,2024-03-23,2024-05-22,0,Cancelled
S09410,U09410,2024-11-02,2024-12-02,2025-03-02,50,Cancelled
S09411,U09411,2024-12-22,2025-01-21,2025-10-18,0,Cancelled
S09412,U09412,2024-06-21,2024-07-21,2024-07-21,20,Cancelled
S09413,U09413,2024-05-11,2024-06-10,,50,Active
S09414,U09414,2024-08-16,2024-09-15,,20,Active
S09415,U09415,2024-01-27,2024-02-26,2024-07-25,20,Cancelled
S09416,U09416,2024-11-16,2024-12-16,2024-12-16,0,Cancelled
S09417,U09417,2024-11-27,2024-12-27,,50,Active
S09418,U09418,2024-03-16,2024-04-15,2024-11-11,0,Cancelled
S09419,U09419,2024-05-05,2024-06-04,2024-12-31,20,Cancelled
S09420,U09420,2024-06-02,2024-07-02,2024-10-30,50,Cancelled
S09421,U09421,2024-09-16,2024-10-16,2025-02-13,50,Cancelled
S09422,U09422,2024-08-24,2024-09-23,2024-09-23,20,Cancelled
S09423,U09423,2024-10-01,2024-10-31,,50,Active
S09424,U09424,2024-05-18,2024-06-17,2025-03-14,20,Cancelled
S09425,U09425,2024-06-16,2024-07-16,2024-08-15,50,Cancelled
S09426,U09426,2024-02-25,2024-03-26,2024-09-22,50,Cancelled
S09427,U09427,2024-06-22,2024-07-22,2024-07-22,50,Cancelled
S09428,U09428,2024-10-02,2024-11-01,2025-01-30,50,Cancelled
S09429,U09429,2024-03-11,2024-04-10,2024-06-09,50,Cancelled
S09430,U09430,2024-10-06,2024-11-05,2024-12-05,0,Cancelled
S09431,U09431,2024-08-22,2024-09-21,2025-07-18,20,Cancelled
S09432,U09432,2024-07-01,2024-07-31,2024-09-29,50,Cancelled
S09433,U09433,2024-09-06,2024-10-06,2025-01-04,50,Cancelled
S09434,U09434,2024-12-19,2025-01-18,2025-05-18,20,Cancelled
S09435,U09435,2024-08-19,2024-09-18,2024-10-18,20,Cancelled
S09436,U09436,2024-05-06,2024-06-05,2024-06-05,20,Cancelled
S09437,U09437,2024-12-13,2025-01-12,2025-01-12,20,Cancelled
S09438,U09438,2024-09-29,2024-10-29,2025-03-28,20,Cancelled
S09439,U09439,2024-11-21,2024-12-21,2024-12-21,50,Cancelled
S09440,U09440,2024-08-04,2024-09-03,2024-12-02,0,Cancelled
S09441,U09441,2024-06-02,2024-07-02,2024-10-30,50,Cancelled
S09442,U09442,2024-11-23,2024-12-23,2024-12-23,0,Cancelled
S09443,U09443,2024-03-02,2024-04-01,2024-07-30,0,Cancelled
S09444,U09444,2024-12-13,2025-01-12,2025-05-12,50,Cancelled
S09445,U09445,2024-01-04,2024-02-03,2024-08-01,50,Cancelled
S09446,U09446,2024-12-07,2025-01-06,2025-01-06,20,Cancelled
S09447,U09447,2024-06-07,2024-07-07,2025-03-04,50,Cancelled
S09448,U09448,2024-06-15,2024-07-15,2024-10-13,0,Cancelled
S09449,U09449,2024-06-12,2024-07-12,2024-07-12,0,Cancelled
S09450,U09450,2024-12-23,2025-01-22,2025-04-22,0,Cancelled
S09451,U09451,2024-06-26,2024-07-26,,20,Active
S09452,U09452,2024-06-16,2024-07-16,2024-07-16,50,Cancelled
S09453,U09453,2024-12-16,2025-01-15,2025-01-15,0,Cancelled
S09454,U09454,2024-03-17,2024-04-16,2024-04-16,20,Cancelled
S09455,U09455,2024-10-03,2024-11-02,2025-03-02,20,Cancelled
S09456,U09456,2024-08-19,2024-09-18,2024-12-17,50,Cancelled
S09457,U09457,2024-11-30,2024-12-30,2025-01-29,50,Cancelled
S09458,U09458,2024-12-08,2025-01-07,2025-01-07,20,Cancelled
S09459,U09459,2024-08-15,2024-09-14,,20,Active
S09460,U09460,2024-07-02,2024-08-01,2024-09-30,0,Cancelled
S09461,U09461,2024-08-20,2024-09-19,2025-02-16,50,Cancelled
S09462,U09462,2024-11-19,2024-12-19,2025-01-18,50,Cancelled
S09463,U09463,2024-07-13,2024-08-12,2025-01-09,0,Cancelled
S09464,U09464,2024-01-29,2024-02-28,,0,Active
S09465,U09465,2024-08-21,2024-09-20,2024-11-19,20,Cancelled
S09466,U09466,2024-09-18,2024-10-18,2024-12-17,0,Cancelled
S09467,U09467,2024-03-05,2024-04-04,2024-08-02,50,Cancelled
S09468,U09468,2024-06-11,2024-07-11,,0,Active
S09469,U09469,2024-10-08,2024-11-07,2024-12-07,0,Cancelled
S09470,U09470,2024-07-13,2024-08-12,2024-08-12,0,Cancelled
S09471,U09471,2024-01-30,2024-02-29,2024-12-25,20,Cancelled
S09472,U09472,2024-02-14,2024-03-15,2024-06-13,0,Cancelled
S09473,U09473,2024-01-27,2024-02-26,2024-06-25,50,Cancelled
S09474,U09474,2024-04-12,2024-05-12,2024-05-12,50,Cancelled
S09475,U09475,2024-11-03,2024-12-03,2024-12-03,20,Cancelled
S09476,U09476,2024-10-16,2024-11-15,2025-03-15,20,Cancelled
S09477,U09477,2024-11-15,2024-12-15,2025-01-14,20,Cancelled
S09478,U09478,2024-11-15,2024-12-15,2025-05-14,50,Cancelled
S09479,U09479,2024-04-28,2024-05-28,2024-05-28,20,Cancelled
S09480,U09480,2024-04-22,2024-05-22,,0,Active
S09481,U09481,2024-08-07,2024-09-06,2024-12-05,50,Cancelled
S09482,U09482,2024-01-27,2024-02-26,2024-02-26,50,Cancelled
S09483,U09483,2024-07-11,2024-08-10,2024-08-10,20,Cancelled
S09484,U09484,2024-11-26,2024-12-26,2025-04-25,50,Cancelled
S09485,U09485,2024-09-11,2024-10-11,2024-12-10,20,Cancelled
S09486,U09486,2024-08-19,2024-09-18,,0,Active
S09487,U09487,2024-05-10,2024-06-09,2024-06-09,20,Cancelled
S09488,U09488,2024-04-15,2024-05-15,,50,Active
S09489,U09489,2024-03-01,2024-03-31,2024-03-31,20,Cancelled
S09490,U09490,2024-09-27,2024-10-27,2025-05-25,20,Cancelled
S09491,U09491,2024-04-21,2024-05-21,2024-07-20,0,Cancelled
S09492,U09492,2024-06-17,2024-07-17,2024-11-14,20,Cancelled
S09493,U09493,2024-11-21,2024-12-21,2025-01-20,20,Cancelled
S09494,U09494,2024-04-13,2024-05-13,2024-12-09,50,Cancelled
S09495,U09495,2024-02-15,2024-03-16,2024-10-12,20,Cancelled
S09496,U09496,2024-12-12,2025-01-11,2025-04-11,20,Cancelled
S09497,U09497,2024-07-13,2024-08-12,2024-12-10,20,Cancelled
S09498,U09498,2024-06-30,2024-07-30,2025-04-26,20,Cancelled
S09499,U09499,2024-10-09,2024-11-08,,50,Active
S09500,U09500,2024-07-23,2024-08-22,2024-10-21,20,Cancelled
S09501,U09501,2024-11-23,2024-12-23,2025-01-22,50,Cancelled
S09502,U09502,2024-10-03,2024-11-02,2025-05-01,50,Cancelled
S09503,U09503,2024-09-28,2024-10-28,,0,Active
S09504,U09504,2024-12-05,2025-01-04,2025-09-01,0,Cancelled
S09505,U09505,2024-12-08,2025-01-07,2025-03-08,20,Cancelled
S09506,U09506,2024-10-05,2024-11-04,2025-02-02,0,Cancelled
S09507,U09507,2024-06-18,2024-07-18,,0,Active
S09508,U09508,2024-02-11,2024-03-12,2024-03-12,50,Cancelled
S09509,U09509,2024-12-04,2025-01-03,2025-08-01,50,Cancelled
S09510,U09510,2024-11-30,2024-12-30,2025-10-26,0,Cancelled
S09511,U09511,2024-06-26,2024-07-26,2024-11-23,50,Cancelled
S09512,U09512,2024-03-30,2024-04-29,2025-02-23,0,Cancelled
S09513,U09513,2024-09-20,2024-10-20,2024-11-19,0,Cancelled
S09514,U09514,2024-11-18,2024-12-18,2025-01-17,20,Cancelled
S09515,U09515,2024-11-28,2024-12-28,2025-05-27,20,Cancelled
S09516,U09516,2024-11-05,2024-12-05,2024-12-05,0,Cancelled
S09517,U09517,2024-10-12,2024-11-11,2025-06-09,20,Cancelled
S09518,U09518,2024-04-11,2024-05-11,,50,Active
S09519,U09519,2024-04-22,2024-05-22,2024-06-21,50,Cancelled
S09520,U09520,2024-04-11,2024-05-11,2024-07-10,0,Cancelled
S09521,U09521,2024-01-13,2024-02-12,2024-04-12,0,Cancelled
S09522,U09522,2024-02-27,2024-03-28,,50,Active
S09523,U09523,2024-07-30,2024-08-29,2024-11-27,20,Cancelled
S09524,U09524,2024-01-02,2024-02-01,2024-04-01,20,Cancelled
S09525,U09525,2024-03-10,2024-04-09,2024-04-09,0,Cancelled
S09526,U09526,2024-01-09,2024-02-08,2024-02-08,0,Cancelled
S09527,U09527,2024-10-18,2024-11-17,2024-12-17,50,Cancelled
S09528,U09528,2024-08-02,2024-09-01,2025-02-28,20,Cancelled
S09529,U09529,2024-11-06,2024-12-06,2025-10-02,0,Cancelled
S09530,U09530,2024-03-23,2024-04-22,2024-10-19,0,Cancelled
S09531,U09531,2024-04-18,2024-05-18,2024-07-17,0,Cancelled
S09532,U09532,2024-01-20,2024-02-19,2024-05-19,0,Cancelled
S09533,U09533,2024-01-01,2024-01-31,2024-07-29,50,Cancelled
S09534,U09534,2024-09-14,2024-10-14,2024-11-13,0,Cancelled
S09535,U09535,2024-03-19,2024-04-18,2024-06-17,20,Cancelled
S09536,U09536,2024-09-18,2024-10-18,2024-11-17,50,Cancelled
S09537,U09537,2024-05-03,2024-06-02,2024-08-01,20,Cancelled
S09538,U09538,2024-06-28,2024-07-28,2024-08-27,20,Cancelled
S09539,U09539,2024-01-08,2024-02-07,2024-08-05,0,Cancelled
S09540,U09540,2024-03-11,2024-04-10,2024-07-09,20,Cancelled
S09541,U09541,2024-04-28,2024-05-28,2024-05-28,0,Cancelled
S09542,U09542,2024-07-20,2024-08-19,2024-09-18,0,Cancelled
S09543,U09543,2024-02-22,2024-03-23,2024-04-22,50,Cancelled
S09544,U09544,2024-11-09,2024-12-09,2025-04-08,50,Cancelled
S09545,U09545,2024-10-01,2024-10-31,2024-10-31,50,Cancelled
S09546,U09546,2024-04-03,2024-05-03,2024-08-31,0,Cancelled
S09547,U09547,2024-05-26,2024-06-25,,50,Active
S09548,U09548,2024-07-07,2024-08-06,2024-08-06,20,Cancelled
S09549,U09549,2024-03-10,2024-04-09,2025-02-03,50,Cancelled
S09550,U09550,2024-12-07,2025-01-06,2025-05-06,0,Cancelled
S09551,U09551,2024-01-05,2024-02-04,2024-02-04,50,Cancelled
S09552,U09552,2024-10-09,2024-11-08,2024-12-08,0,Cancelled
S09553,U09553,2024-03-14,2024-04-13,2024-08-11,20,Cancelled
S09554,U09554,2024-07-29,2024-08-28,2025-01-25,0,Cancelled
S09555,U09555,2024-12-03,2025-01-02,,20,Active
S09556,U09556,2024-10-31,2024-11-30,2025-07-28,50,Cancelled
S09557,U09557,2024-07-12,2024-08-11,2024-08-11,20,Cancelled
S09558,U09558,2024-12-27,2025-01-26,2025-05-26,50,Cancelled
S09559,U09559,2024-12-22,2025-01-21,2025-06-20,0,Cancelled
S09560,U09560,2024-03-19,2024-04-18,2024-04-18,50,Cancelled
S09561,U09561,2024-02-25,2024-03-26,2024-05-25,0,Cancelled
S09562,U09562,2024-07-01,2024-07-31,2025-01-27,50,Cancelled
S09563,U09563,2024-09-25,2024-10-25,2024-11-24,50,Cancelled
S09564,U09564,2024-02-07,2024-03-08,2024-04-07,0,Cancelled
S09565,U09565,2024-01-31,2024-03-01,2024-04-30,0,Cancelled
S09566,U09566,2024-12-30,2025-01-29,2025-01-29,50,Cancelled
S09567,U09567,2024-08-08,2024-09-07,2025-05-05,50,Cancelled
S09568,U09568,2024-06-14,2024-07-14,2024-08-13,20,Cancelled
S09569,U09569,2024-04-24,2024-05-24,2024-05-24,50,Cancelled
S09570,U09570,2024-02-11,2024-03-12,2024-03-12,50,Cancelled
S09571,U09571,2024-01-10,2024-02-09,2024-02-09,50,Cancelled
S09572,U09572,2024-08-15,2024-09-14,2024-09-14,0,Cancelled
S09573,U09573,2024-09-22,2024-10-22,2025-05-20,50,Cancelled
S09574,U09574,2024-06-06,2024-07-06,2024-09-04,50,Cancelled
S09575,U09575,2024-12-30,2025-01-29,2025-02-28,20,Cancelled
S09576,U09576,2024-05-22,2024-06-21,,20,Active
S09577,U09577,2024-05-02,2024-06-01,2024-07-31,0,Cancelled
S09578,U09578,2024-09-23,2024-10-23,2025-07-20,50,Cancelled
S09579,U09579,2024-04-22,2024-05-22,2024-07-21,0,Cancelled
S09580,U09580,2024-12-10,2025-01-09,2025-02-08,0,Cancelled
S09581,U09581,2024-05-08,2024-06-07,2024-12-04,50,Cancelled
S09582,U09582,2024-05-24,2024-06-23,,0,Active
S09583,U09583,2024-08-02,2024-09-01,2024-12-30,50,Cancelled
S09584,U09584,2024-11-03,2024-12-03,2025-07-31,20,Cancelled
S09585,U09585,2024-11-25,2024-12-25,2025-01-24,0,Cancelled
S09586,U09586,2024-02-05,2024-03-06,2024-04-05,50,Cancelled
S09587,U09587,2024-08-22,2024-09-21,2024-10-21,20,Cancelled
S09588,U09588,2024-11-14,2024-12-14,2025-03-14,20,Cancelled
S09589,U09589,2024-10-15,2024-11-14,2025-06-12,20,Cancelled
S09590,U09590,2024-04-10,2024-05-10,2024-06-09,50,Cancelled
S09591,U09591,2024-08-29,2024-09-28,2025-01-26,20,Cancelled
S09592,U09592,2024-07-27,2024-08-26,2025-05-23,20,Cancelled
S09593,U09593,2024-11-27,2024-12-27,2025-09-23,20,Cancelled
S09594,U09594,2024-03-22,2024-04-21,2024-04-21,50,Cancelled
S09595,U09595,2024-11-05,2024-12-05,2025-03-05,0,Cancelled
S09596,U09596,2024-12-28,2025-01-27,2025-07-26,0,Cancelled
S09597,U09597,2024-03-01,2024-03-31,2024-09-27,50,Cancelled
S09598,U09598,2024-05-26,2024-06-25,2024-09-23,50,Cancelled
S09599,U09599,2024-10-23,2024-11-22,,0,Active
S09600,U09600,2024-08-31,2024-09-30,2024-09-30,50,Cancelled
S09601,U09601,2024-03-23,2024-04-22,2024-06-21,20,Cancelled
S09602,U09602,2024-01-04,2024-02-03,2024-04-03,20,Cancelled
S09603,U09603,2024-05-28,2024-06-27,,20,Active
S09604,U09604,2024-06-25,2024-07-25,2024-08-24,20,Cancelled
S09605,U09605,2024-01-20,2024-02-19,2024-03-20,20,Cancelled
S09606,U09606,2024-05-28,2024-06-27,2024-06-27,20,Cancelled
S09607,U09607,2024-12-04,2025-01-03,2025-05-03,20,Cancelled
S09608,U09608,2024-10-01,2024-10-31,2025-03-30,50,Cancelled
S09609,U09609,2024-04-16,2024-05-16,2024-08-14,20,Cancelled
S09610,U09610,2024-01-02,2024-02-01,2024-04-01,20,Cancelled
S09611,U09611,2024-01-03,2024-02-02,2024-06-01,20,Cancelled
S09612,U09612,2024-11-01,2024-12-01,2025-05-30,0,Cancelled
S09613,U09613,2024-11-03,2024-12-03,2025-02-01,0,Cancelled
S09614,U09614,2024-02-29,2024-03-30,,50,Active
S09615,U09615,2024-11-14,2024-12-14,,50,Active
S09616,U09616,2024-07-19,2024-08-18,2024-08-18,50,Cancelled
S09617,U09617,2024-04-23,2024-05-23,2024-06-22,0,Cancelled
S09618,U09618,2024-05-02,2024-06-01,2024-07-31,50,Cancelled
S09619,U09619,2024-08-26,2024-09-25,2025-01-23,20,Cancelled
S09620,U09620,2024-10-05,2024-11-04,2025-08-31,20,Cancelled
S09621,U09621,2024-08-13,2024-09-12,2024-09-12,50,Cancelled
S09622,U09622,2024-04-07,2024-05-07,2024-05-07,50,Cancelled
S09623,U09623,2024-01-01,2024-01-31,2024-03-01,50,Cancelled
S09624,U09624,2024-09-17,2024-10-17,2025-02-14,20,Cancelled
S09625,U09625,2024-08-26,2024-09-25,2024-09-25,50,Cancelled
S09626,U09626,2024-01-05,2024-02-04,2024-02-04,20,Cancelled
S09627,U09627,2024-04-14,2024-05-14,2024-12-10,0,Cancelled
S09628,U09628,2024-01-04,2024-02-03,2024-04-03,50,Cancelled
S09629,U09629,2024-12-18,2025-01-17,2025-02-16,20,Cancelled
S09630,U09630,2024-02-05,2024-03-06,2024-09-02,20,Cancelled
S09631,U09631,2024-02-20,2024-03-21,2024-04-20,20,Cancelled
S09632,U09632,2024-11-01,2024-12-01,2025-04-30,20,Cancelled
S09633,U09633,2024-12-17,2025-01-16,2025-04-16,50,Cancelled
S09634,U09634,2024-12-14,2025-01-13,,0,Active
S09635,U09635,2024-12-27,2025-01-26,2025-04-26,0,Cancelled
S09636,U09636,2024-07-04,2024-08-03,,50,Active
S09637,U09637,2024-10-29,2024-11-28,,50,Active
S09638,U09638,2024-03-13,2024-04-12,2024-08-10,0,Cancelled
S09639,U09639,2024-10-02,2024-11-01,2025-01-30,50,Cancelled
S09640,U09640,2024-12-26,2025-01-25,2025-03-26,0,Cancelled
S09641,U09641,2024-08-24,2024-09-23,2024-12-22,20,Cancelled
S09642,U09642,2024-05-22,2024-06-21,2024-10-19,20,Cancelled
S09643,U09643,2024-08-15,2024-09-14,2024-09-14,20,Cancelled
S09644,U09644,2024-01-04,2024-02-03,2024-02-03,50,Cancelled
S09645,U09645,2024-07-10,2024-08-09,,0,Active
S09646,U09646,2024-10-19,2024-11-18,2025-02-16,0,Cancelled
S09647,U09647,2024-01-08,2024-02-07,2024-02-07,20,Cancelled
S09648,U09648,2024-04-09,2024-05-09,2024-11-05,50,Cancelled
S09649,U09649,2024-09-04,2024-10-04,2025-07-01,0,Cancelled
S09650,U09650,2024-05-20,2024-06-19,2024-09-17,0,Cancelled
S09651,U09651,2024-05-28,2024-06-27,2024-08-26,20,Cancelled
S09652,U09652,2024-09-18,2024-10-18,2025-04-16,0,Cancelled
S09653,U09653,2024-03-21,2024-04-20,2024-04-20,20,Cancelled
S09654,U09654,2024-07-06,2024-08-05,2025-01-02,0,Cancelled
S09655,U09655,2024-12-16,2025-01-15,2025-05-15,20,Cancelled
S09656,U09656,2024-04-11,2024-05-11,2024-05-11,50,Cancelled
S09657,U09657,2024-01-11,2024-02-10,2024-04-10,20,Cancelled
S09658,U09658,2024-10-02,2024-11-01,2024-11-01,0,Cancelled
S09659,U09659,2024-06-29,2024-07-29,2024-07-29,50,Cancelled
S09660,U09660,2024-09-03,2024-10-03,2025-05-31,20,Cancelled
S09661,U09661,2024-01-06,2024-02-05,,0,Active
S09662,U09662,2024-06-19,2024-07-19,2025-01-15,50,Cancelled
S09663,U09663,2024-04-11,2024-05-11,2024-08-09,20,Cancelled
S09664,U09664,2024-01-10,2024-02-09,2024-06-08,0,Cancelled
S09665,U09665,2024-11-11,2024-12-11,,50,Active
S09666,U09666,2024-02-18,2024-03-19,2024-04-18,0,Cancelled
S09667,U09667,2024-09-20,2024-10-20,2024-11-19,0,Cancelled
S09668,U09668,2024-12-15,2025-01-14,,0,Active
S09669,U09669,2024-02-12,2024-03-13,2025-01-07,0,Cancelled
S09670,U09670,2024-09-23,2024-10-23,2024-10-23,0,Cancelled
S09671,U09671,2024-11-21,2024-12-21,2025-03-21,50,Cancelled
S09672,U09672,2024-12-16,2025-01-15,2025-08-13,50,Cancelled
S09673,U09673,2024-07-29,2024-08-28,2024-09-27,0,Cancelled
S09674,U09674,2024-09-13,2024-10-13,2024-10-13,20,Cancelled
S09675,U09675,2024-04-07,2024-05-07,2024-07-06,0,Cancelled
S09676,U09676,2024-03-13,2024-04-12,2024-04-12,20,Cancelled
S09677,U09677,2024-04-15,2024-05-15,2024-05-15,20,Cancelled
S09678,U09678,2024-03-15,2024-04-14,2024-07-13,50,Cancelled
S09679,U09679,2024-03-01,2024-03-31,2024-04-30,0,Cancelled
S09680,U09680,2024-06-12,2024-07-12,2024-08-11,50,Cancelled
S09681,U09681,2024-11-07,2024-12-07,2024-12-07,50,Cancelled
S09682,U09682,2024-01-09,2024-02-08,2024-02-08,20,Cancelled
S09683,U09683,2024-07-01,2024-07-31,2025-02-26,0,Cancelled
S09684,U09684,2024-10-18,2024-11-17,2024-11-17,50,Cancelled
S09685,U09685,2024-12-05,2025-01-04,2025-04-04,20,Cancelled
S09686,U09686,2024-06-13,2024-07-13,2024-07-13,0,Cancelled
S09687,U09687,2024-12-01,2024-12-31,2025-06-29,20,Cancelled
S09688,U09688,2024-09-27,2024-10-27,2025-02-24,50,Cancelled
S09689,U09689,2024-07-31,2024-08-30,2024-11-28,0,Cancelled
S09690,U09690,2024-07-08,2024-08-07,2025-02-03,0,Cancelled
S09691,U09691,2024-07-07,2024-08-06,2024-08-06,20,Cancelled
S09692,U09692,2024-08-10,2024-09-09,2024-09-09,20,Cancelled
S09693,U09693,2024-09-08,2024-10-08,2025-03-07,20,Cancelled
S09694,U09694,2024-05-31,2024-06-30,,0,Active
S09695,U09695,2024-07-30,2024-08-29,2024-08-29,0,Cancelled
S09696,U09696,2024-05-05,2024-06-04,2024-08-03,50,Cancelled
S09697,U09697,2024-02-21,2024-03-22,2024-04-21,50,Cancelled
S09698,U09698,2024-01-08,2024-02-07,2024-04-07,20,Cancelled
S09699,U09699,2024-05-04,2024-06-03,2024-10-01,0,Cancelled
S09700,U09700,2024-04-29,2024-05-29,2025-01-24,50,Cancelled
S09701,U09701,2024-12-23,2025-01-22,2025-01-22,0,Cancelled
S09702,U09702,2024-12-10,2025-01-09,2025-02-08,0,Cancelled
S09703,U09703,2024-07-02,2024-08-01,2024-11-29,0,Cancelled
S09704,U09704,2024-09-14,2024-10-14,2024-10-14,50,Cancelled
S09705,U09705,2024-03-21,2024-04-20,2024-04-20,20,Cancelled
S09706,U09706,2024-07-02,2024-08-01,,50,Active
S09707,U09707,2024-04-05,2024-05-05,2024-06-04,50,Cancelled
S09708,U09708,2024-10-15,2024-11-14,2025-08-11,0,Cancelled
S09709,U09709,2024-08-25,2024-09-24,,20,Active
S09710,U09710,2024-07-22,2024-08-21,2024-08-21,20,Cancelled
S09711,U09711,2024-05-12,2024-06-11,2025-03-08,20,Cancelled
S09712,U09712,2024-09-03,2024-10-03,2025-01-31,50,Cancelled
S09713,U09713,2024-03-15,2024-04-14,2024-04-14,0,Cancelled
S09714,U09714,2024-09-14,2024-10-14,2024-10-14,0,Cancelled
S09715,U09715,2024-07-18,2024-08-17,2024-10-16,50,Cancelled
S09716,U09716,2024-04-11,2024-05-11,2024-12-07,20,Cancelled
S09717,U09717,2024-06-08,2024-07-08,,20,Active
S09718,U09718,2024-04-18,2024-05-18,2024-05-18,0,Cancelled
S09719,U09719,2024-06-12,2024-07-12,2024-07-12,0,Cancelled
S09720,U09720,2024-04-24,2024-05-24,2025-03-20,50,Cancelled
S09721,U09721,2024-02-05,2024-03-06,2024-03-06,0,Cancelled
S09722,U09722,2024-08-13,2024-09-12,2024-10-12,20,Cancelled
S09723,U09723,2024-12-23,2025-01-22,2025-02-21,20,Cancelled
S09724,U09724,2024-05-02,2024-06-01,2024-07-01,0,Cancelled
S09725,U09725,2024-11-15,2024-12-15,2025-02-13,20,Cancelled
S09726,U09726,2024-03-01,2024-03-31,2024-12-26,20,Cancelled
S09727,U09727,2024-07-24,2024-08-23,2024-08-23,50,Cancelled
S09728,U09728,2024-04-07,2024-05-07,2024-05-07,50,Cancelled
S09729,U09729,2024-05-28,2024-06-27,2024-06-27,50,Cancelled
S09730,U09730,2024-10-29,2024-11-28,2025-05-27,50,Cancelled
S09731,U09731,2024-11-03,2024-12-03,2025-02-01,50,Cancelled
S09732,U09732,2024-04-24,2024-05-24,2024-10-21,0,Cancelled
S09733,U09733,2024-02-24,2024-03-25,2024-07-23,20,Cancelled
S09734,U09734,2024-04-27,2024-05-27,2024-11-23,0,Cancelled
S09735,U09735,2024-01-02,2024-02-01,2024-04-01,20,Cancelled
S09736,U09736,2024-08-01,2024-08-31,2024-08-31,50,Cancelled
S09737,U09737,2024-01-27,2024-02-26,2024-10-23,20,Cancelled
S09738,U09738,2024-05-11,2024-06-10,2025-01-06,20,Cancelled
S09739,U09739,2024-10-08,2024-11-07,2024-11-07,20,Cancelled
S09740,U09740,2024-05-26,2024-06-25,2024-11-22,20,Cancelled
S09741,U09741,2024-10-13,2024-11-12,2024-12-12,20,Cancelled
S09742,U09742,2024-09-09,2024-10-09,2025-05-07,20,Cancelled
S09743,U09743,2024-06-10,2024-07-10,2024-09-08,0,Cancelled
S09744,U09744,2024-07-13,2024-08-12,2025-04-09,20,Cancelled
S09745,U09745,2024-04-19,2024-05-19,2024-06-18,50,Cancelled
S09746,U09746,2024-02-02,2024-03-03,2024-04-02,50,Cancelled
S09747,U09747,2024-12-23,2025-01-22,2025-02-21,0,Cancelled
S09748,U09748,2024-09-28,2024-10-28,2024-11-27,20,Cancelled
S09749,U09749,2024-02-12,2024-03-13,2024-08-10,20,Cancelled
S09750,U09750,2024-09-16,2024-10-16,2025-03-15,0,Cancelled
S09751,U09751,2024-05-12,2024-06-11,2024-06-11,20,Cancelled
S09752,U09752,2024-03-28,2024-04-27,,20,Active
S09753,U09753,2024-05-03,2024-06-02,2025-01-28,0,Cancelled
S09754,U09754,2024-08-10,2024-09-09,2024-10-09,50,Cancelled
S09755,U09755,2024-10-03,2024-11-02,2024-11-02,20,Cancelled
S09756,U09756,2024-06-12,2024-07-12,2025-04-08,20,Cancelled
S09757,U09757,2024-12-06,2025-01-05,,20,Active
S09758,U09758,2024-07-20,2024-08-19,2025-01-16,20,Cancelled
S09759,U09759,2024-02-22,2024-03-23,,50,Active
S09760,U09760,2024-11-26,2024-12-26,2025-07-24,20,Cancelled
S09761,U09761,2024-10-11,2024-11-10,2025-04-09,0,Cancelled
S09762,U09762,2024-02-17,2024-03-18,2024-08-15,50,Cancelled
S09763,U09763,2024-01-12,2024-02-11,2024-07-10,0,Cancelled
S09764,U09764,2024-03-19,2024-04-18,2024-05-18,20,Cancelled
S09765,U09765,2024-01-01,2024-01-31,2024-07-29,0,Cancelled
S09766,U09766,2024-08-30,2024-09-29,2024-11-28,20,Cancelled
S09767,U09767,2024-03-17,2024-04-16,2024-04-16,20,Cancelled
S09768,U09768,2024-12-20,2025-01-19,2025-06-18,0,Cancelled
S09769,U09769,2024-11-18,2024-12-18,,50,Active
S09770,U09770,2024-02-27,2024-03-28,2024-11-23,0,Cancelled
S09771,U09771,2024-10-14,2024-11-13,2025-01-12,50,Cancelled
S09772,U09772,2024-08-12,2024-09-11,2024-09-11,20,Cancelled
S09773,U09773,2024-11-14,2024-12-14,2024-12-14,20,Cancelled
S09774,U09774,2024-11-02,2024-12-02,2025-04-01,50,Cancelled
S09775,U09775,2024-02-02,2024-03-03,2024-07-31,20,Cancelled
S09776,U09776,2024-12-23,2025-01-22,,20,Active
S09777,U09777,2024-10-28,2024-11-27,2024-11-27,0,Cancelled
S09778,U09778,2024-10-01,2024-10-31,,0,Active
S09779,U09779,2024-08-12,2024-09-11,2024-11-10,0,Cancelled
S09780,U09780,2024-12-27,2025-01-26,2025-04-26,20,Cancelled
S09781,U09781,2024-05-12,2024-06-11,2024-06-11,50,Cancelled
S09782,U09782,2024-05-09,2024-06-08,2024-07-08,20,Cancelled
S09783,U09783,2024-03-05,2024-04-04,,20,Active
S09784,U09784,2024-04-13,2024-05-13,2024-10-10,50,Cancelled
S09785,U09785,2024-03-09,2024-04-08,2024-11-04,0,Cancelled
S09786,U09786,2024-12-03,2025-01-02,2025-03-03,20,Cancelled
S09787,U09787,2024-01-12,2024-02-11,2024-04-11,50,Cancelled
S09788,U09788,2024-09-01,2024-10-01,2024-10-31,50,Cancelled
S09789,U09789,2024-11-14,2024-12-14,2025-07-12,0,Cancelled
S09790,U09790,2024-07-22,2024-08-21,2025-02-17,20,Cancelled
S09791,U09791,2024-08-22,2024-09-21,2025-06-18,20,Cancelled
S09792,U09792,2024-09-22,2024-10-22,2025-01-20,20,Cancelled
S09793,U09793,2024-04-26,2024-05-26,2024-05-26,20,Cancelled
S09794,U09794,2024-03-29,2024-04-28,2024-12-24,50,Cancelled
S09795,U09795,2024-01-28,2024-02-27,2024-03-28,50,Cancelled
S09796,U09796,2024-06-22,2024-07-22,2024-07-22,0,Cancelled
S09797,U09797,2024-01-17,2024-02-16,2024-05-16,20,Cancelled
S09798,U09798,2024-08-18,2024-09-17,2025-04-15,0,Cancelled
S09799,U09799,2024-03-11,2024-04-10,2024-09-07,0,Cancelled
S09800,U09800,2024-06-12,2024-07-12,2024-08-11,0,Cancelled
S09801,U09801,2024-11-20,2024-12-20,2025-04-19,0,Cancelled
S09802,U09802,2024-06-02,2024-07-02,2024-11-29,0,Cancelled
S09803,U09803,2024-09-27,2024-10-27,2024-10-27,20,Cancelled
S09804,U09804,2024-01-21,2024-02-20,2024-04-20,20,Cancelled
S09805,U09805,2024-04-29,2024-05-29,2024-08-27,50,Cancelled
S09806,U09806,2024-04-26,2024-05-26,2024-05-26,20,Cancelled
S09807,U09807,2024-12-22,2025-01-21,,50,Active
S09808,U09808,2024-05-30,2024-06-29,2024-06-29,0,Cancelled
S09809,U09809,2024-07-26,2024-08-25,2025-03-23,0,Cancelled
S09810,U09810,2024-06-05,2024-07-05,2025-04-01,0,Cancelled
S09811,U09811,2024-02-06,2024-03-07,2024-03-07,20,Cancelled
S09812,U09812,2024-10-04,2024-11-03,2024-12-03,50,Cancelled
S09813,U09813,2024-08-22,2024-09-21,2025-01-19,0,Cancelled
S09814,U09814,2024-10-19,2024-11-18,,0,Active
S09815,U09815,2024-01-27,2024-02-26,2024-09-23,20,Cancelled
S09816,U09816,2024-05-12,2024-06-11,,50,Active
S09817,U09817,2024-02-07,2024-03-08,2024-06-06,50,Cancelled
S09818,U09818,2024-04-20,2024-05-20,2024-10-17,0,Cancelled
S09819,U09819,2024-01-23,2024-02-22,2024-07-21,50,Cancelled
S09820,U09820,2024-01-04,2024-02-03,2024-05-03,20,Cancelled
S09821,U09821,2024-01-14,2024-02-13,2024-02-13,0,Cancelled
S09822,U09822,2024-09-27,2024-10-27,2024-11-26,0,Cancelled
S09823,U09823,2024-06-04,2024-07-04,2025-03-31,50,Cancelled
S09824,U09824,2024-01-01,2024-01-31,2024-10-27,50,Cancelled
S09825,U09825,2024-02-05,2024-03-06,2024-04-05,0,Cancelled
S09826,U09826,2024-11-05,2024-12-05,2025-01-04,50,Cancelled
S09827,U09827,2024-11-27,2024-12-27,2025-01-26,0,Cancelled
S09828,U09828,2024-02-18,2024-03-19,2024-06-17,50,Cancelled
S09829,U09829,2024-04-16,2024-05-16,2024-05-16,20,Cancelled
S09830,U09830,2024-08-07,2024-09-06,,50,Active
S09831,U09831,2024-08-03,2024-09-02,,0,Active
S09832,U09832,2024-12-25,2025-01-24,2025-05-24,20,Cancelled
S09833,U09833,2024-01-07,2024-02-06,2024-03-07,20,Cancelled
S09834,U09834,2024-12-08,2025-01-07,2025-09-04,0,Cancelled
S09835,U09835,2024-12-28,2025-01-27,,0,Active
S09836,U09836,2024-06-19,2024-07-19,2025-05-15,50,Cancelled
S09837,U09837,2024-01-16,2024-02-15,2024-03-16,0,Cancelled
S09838,U09838,2024-01-07,2024-02-06,2024-03-07,50,Cancelled
S09839,U09839,2024-04-13,2024-05-13,2024-05-13,20,Cancelled
S09840,U09840,2024-10-30,2024-11-29,2025-01-28,20,Cancelled
S09841,U09841,2024-11-09,2024-12-09,2024-12-09,20,Cancelled
S09842,U09842,2024-02-04,2024-03-05,2024-03-05,50,Cancelled
S09843,U09843,2024-01-26,2024-02-25,2024-02-25,20,Cancelled
S09844,U09844,2024-05-31,2024-06-30,2024-08-29,50,Cancelled
S09845,U09845,2024-10-05,2024-11-04,,20,Active
S09846,U09846,2024-01-27,2024-02-26,2024-03-27,50,Cancelled
S09847,U09847,2024-11-01,2024-12-01,2024-12-01,20,Cancelled
S09848,U09848,2024-03-09,2024-04-08,2024-11-04,20,Cancelled
S09849,U09849,2024-10-15,2024-11-14,2024-11-14,50,Cancelled
S09850,U09850,2024-04-06,2024-05-06,2024-05-06,0,Cancelled
S09851,U09851,2024-03-05,2024-04-04,2024-10-31,20,Cancelled
S09852,U09852,2024-06-09,2024-07-09,,0,Active
S09853,U09853,2024-06-06,2024-07-06,2024-07-06,20,Cancelled
S09854,U09854,2024-04-30,2024-05-30,2024-06-29,0,Cancelled
S09855,U09855,2024-01-03,2024-02-02,2024-03-03,0,Cancelled
S09856,U09856,2024-02-04,2024-03-05,,0,Active
S09857,U09857,2024-11-02,2024-12-02,2024-12-02,0,Cancelled
S09858,U09858,2024-03-15,2024-04-14,,0,Active
S09859,U09859,2024-05-26,2024-06-25,2024-12-22,50,Cancelled
S09860,U09860,2024-01-31,2024-03-01,2024-06-29,0,Cancelled
S09861,U09861,2024-10-09,2024-11-08,2025-04-07,50,Cancelled
S09862,U09862,2024-12-26,2025-01-25,2025-01-25,50,Cancelled
S09863,U09863,2024-08-12,2024-09-11,2024-09-11,0,Cancelled
S09864,U09864,2024-10-12,2024-11-11,2024-11-11,20,Cancelled
S09865,U09865,2024-04-15,2024-05-15,,0,Active
S09866,U09866,2024-02-27,2024-03-28,2024-03-28,0,Cancelled
S09867,U09867,2024-08-11,2024-09-10,2025-03-09,20,Cancelled
S09868,U09868,2024-07-03,2024-08-02,2024-08-02,20,Cancelled
S09869,U09869,2024-02-19,2024-03-20,2024-07-18,50,Cancelled
S09870,U09870,2024-10-21,2024-11-20,,20,Active
S09871,U09871,2024-02-15,2024-03-16,2024-05-15,20,Cancelled
S09872,U09872,2024-11-18,2024-12-18,2025-01-17,0,Cancelled
S09873,U09873,2024-06-17,2024-07-17,2024-07-17,20,Cancelled
S09874,U09874,2024-12-27,2025-01-26,2025-02-25,50,Cancelled
S09875,U09875,2024-03-12,2024-04-11,2024-09-08,50,Cancelled
S09876,U09876,2024-11-12,2024-12-12,2025-01-11,0,Cancelled
S09877,U09877,2024-02-21,2024-03-22,2024-03-22,0,Cancelled
S09878,U09878,2024-12-07,2025-01-06,,0,Active
S09879,U09879,2024-05-12,2024-06-11,2024-06-11,0,Cancelled
S09880,U09880,2024-08-31,2024-09-30,,20,Active
S09881,U09881,2024-05-08,2024-06-07,2024-09-05,0,Cancelled
S09882,U09882,2024-05-22,2024-06-21,2024-12-18,20,Cancelled
S09883,U09883,2024-12-23,2025-01-22,,0,Active
S09884,U09884,2024-02-18,2024-03-19,2024-03-19,50,Cancelled
S09885,U09885,2024-07-30,2024-08-29,2024-09-28,50,Cancelled
S09886,U09886,2024-11-25,2024-12-25,2025-06-23,50,Cancelled
S09887,U09887,2024-11-30,2024-12-30,2025-07-28,20,Cancelled
S09888,U09888,2024-12-26,2025-01-25,,50,Active
S09889,U09889,2024-08-01,2024-08-31,,20,Active
S09890,U09890,2024-10-28,2024-11-27,2025-02-25,50,Cancelled
S09891,U09891,2024-11-05,2024-12-05,2024-12-05,50,Cancelled
S09892,U09892,2024-02-22,2024-03-23,2024-03-23,50,Cancelled
S09893,U09893,2024-01-18,2024-02-17,2024-07-16,0,Cancelled
S09894,U09894,2024-06-06,2024-07-06,,0,Active
S09895,U09895,2024-06-21,2024-07-21,2025-02-16,50,Cancelled
S09896,U09896,2024-11-27,2024-12-27,2024-12-27,20,Cancelled
S09897,U09897,2024-05-02,2024-06-01,2024-11-28,0,Cancelled
S09898,U09898,2024-10-27,2024-11-26,2025-02-24,0,Cancelled
S09899,U09899,2024-05-20,2024-06-19,2024-08-18,0,Cancelled
S09900,U09900,2024-09-02,2024-10-02,2024-10-02,0,Cancelled
S09901,U09901,2024-09-02,2024-10-02,2024-12-01,0,Cancelled
S09902,U09902,2024-01-16,2024-02-15,2024-06-14,50,Cancelled
S09903,U09903,2024-09-28,2024-10-28,2024-11-27,0,Cancelled
S09904,U09904,2024-03-07,2024-04-06,2024-04-06,0,Cancelled
S09905,U09905,2024-04-11,2024-05-11,2025-03-07,50,Cancelled
S09906,U09906,2024-11-13,2024-12-13,2025-02-11,0,Cancelled
S09907,U09907,2024-03-29,2024-04-28,2024-04-28,20,Cancelled
S09908,U09908,2024-05-30,2024-06-29,2025-04-25,0,Cancelled
S09909,U09909,2024-05-04,2024-06-03,2024-12-30,20,Cancelled
S09910,U09910,2024-03-12,2024-04-11,2024-11-07,0,Cancelled
S09911,U09911,2024-01-11,2024-02-10,2024-05-10,0,Cancelled
S09912,U09912,2024-09-13,2024-10-13,2025-07-10,50,Cancelled
S09913,U09913,2024-02-02,2024-03-03,2024-08-30,20,Cancelled
S09914,U09914,2024-09-21,2024-10-21,2025-06-18,50,Cancelled
S09915,U09915,2024-10-26,2024-11-25,2024-12-25,20,Cancelled
S09916,U09916,2024-08-30,2024-09-29,2024-12-28,20,Cancelled
S09917,U09917,2024-08-23,2024-09-22,2025-01-20,50,Cancelled
S09918,U09918,2024-10-18,2024-11-17,2025-01-16,50,Cancelled
S09919,U09919,2024-04-10,2024-05-10,2024-05-10,50,Cancelled
S09920,U09920,2024-05-04,2024-06-03,2024-12-30,0,Cancelled
S09921,U09921,2024-09-12,2024-10-12,2024-11-11,0,Cancelled
S09922,U09922,2024-05-08,2024-06-07,2024-06-07,50,Cancelled
S09923,U09923,2024-07-22,2024-08-21,2024-09-20,0,Cancelled
S09924,U09924,2024-02-18,2024-03-19,2024-03-19,20,Cancelled
S09925,U09925,2024-01-07,2024-02-06,2024-07-05,20,Cancelled
S09926,U09926,2024-02-23,2024-03-24,2024-06-22,0,Cancelled
S09927,U09927,2024-06-05,2024-07-05,2024-07-05,0,Cancelled
S09928,U09928,2024-06-30,2024-07-30,2024-11-27,50,Cancelled
S09929,U09929,2024-12-09,2025-01-08,2025-03-09,50,Cancelled
S09930,U09930,2024-03-28,2024-04-27,2024-10-24,20,Cancelled
S09931,U09931,2024-01-18,2024-02-17,2024-03-18,20,Cancelled
S09932,U09932,2024-03-14,2024-04-13,2024-07-12,20,Cancelled
S09933,U09933,2024-10-09,2024-11-08,2025-02-06,0,Cancelled
S09934,U09934,2024-07-01,2024-07-31,2025-02-26,20,Cancelled
S09935,U09935,2024-12-17,2025-01-16,2025-03-17,20,Cancelled
S09936,U09936,2024-08-31,2024-09-30,,0,Active
S09937,U09937,2024-10-23,2024-11-22,,20,Active
S09938,U09938,2024-12-05,2025-01-04,2025-01-04,50,Cancelled
S09939,U09939,2024-07-14,2024-08-13,2024-10-12,20,Cancelled
S09940,U09940,2024-04-01,2024-05-01,2024-11-27,0,Cancelled
S09941,U09941,2024-11-22,2024-12-22,,0,Active
S09942,U09942,2024-09-01,2024-10-01,2025-01-29,50,Cancelled
S09943,U09943,2024-01-12,2024-02-11,2024-05-11,50,Cancelled
S09944,U09944,2024-06-02,2024-07-02,2024-07-02,20,Cancelled
S09945,U09945,2024-11-10,2024-12-10,2024-12-10,0,Cancelled
S09946,U09946,2024-07-27,2024-08-26,2024-10-25,20,Cancelled
S09947,U09947,2024-12-18,2025-01-17,2025-09-14,20,Cancelled
S09948,U09948,2024-12-30,2025-01-29,2025-03-30,20,Cancelled
S09949,U09949,2024-07-28,2024-08-27,,0,Active
S09950,U09950,2024-09-17,2024-10-17,2024-11-16,20,Cancelled
S09951,U09951,2024-12-28,2025-01-27,2025-07-26,20,Cancelled
S09952,U09952,2024-03-18,2024-04-17,2024-12-13,50,Cancelled
S09953,U09953,2024-05-25,2024-06-24,,50,Active
S09954,U09954,2024-09-26,2024-10-26,2024-11-25,50,Cancelled
S09955,U09955,2024-12-19,2025-01-18,2025-04-18,50,Cancelled
S09956,U09956,2024-05-25,2024-06-24,2024-10-22,50,Cancelled
S09957,U09957,2024-01-25,2024-02-24,2024-02-24,20,Cancelled
S09958,U09958,2024-05-06,2024-06-05,2024-07-05,0,Cancelled
S09959,U09959,2024-11-21,2024-12-21,2025-01-20,20,Cancelled
S09960,U09960,2024-02-13,2024-03-14,2024-07-12,0,Cancelled
S09961,U09961,2024-09-26,2024-10-26,2024-10-26,20,Cancelled
S09962,U09962,2024-08-20,2024-09-19,2025-04-17,0,Cancelled
S09963,U09963,2024-11-19,2024-12-19,2025-03-19,50,Cancelled
S09964,U09964,2024-09-24,2024-10-24,2025-01-22,20,Cancelled
S09965,U09965,2024-10-01,2024-10-31,,0,Active
S09966,U09966,2024-06-27,2024-07-27,2024-12-24,0,Cancelled
S09967,U09967,2024-04-06,2024-05-06,2024-07-05,0,Cancelled
S09968,U09968,2024-02-22,2024-03-23,2024-06-21,50,Cancelled
S09969,U09969,2024-07-28,2024-08-27,2024-09-26,20,Cancelled
S09970,U09970,2024-10-06,2024-11-05,2024-12-05,0,Cancelled
S09971,U09971,2024-11-30,2024-12-30,2025-02-28,0,Cancelled
S09972,U09972,2024-08-24,2024-09-23,2025-06-20,50,Cancelled
S09973,U09973,2024-12-28,2025-01-27,2025-05-27,20,Cancelled
S09974,U09974,2024-09-18,2024-10-18,2024-11-17,50,Cancelled
S09975,U09975,2024-12-27,2025-01-26,2025-02-25,20,Cancelled
S09976,U09976,2024-08-03,2024-09-02,2025-04-30,50,Cancelled
S09977,U09977,2024-07-04,2024-08-03,2024-08-03,20,Cancelled
S09978,U09978,2024-10-04,2024-11-03,2024-11-03,50,Cancelled
S09979,U09979,2024-02-25,2024-03-26,2024-03-26,50,Cancelled
S09980,U09980,2024-12-07,2025-01-06,2025-03-07,50,Cancelled
S09981,U09981,2024-10-14,2024-11-13,2024-12-13,50,Cancelled
S09982,U09982,2024-12-12,2025-01-11,2025-04-11,20,Cancelled
S09983,U09983,2024-01-25,2024-02-24,,20,Active
S09984,U09984,2024-03-28,2024-04-27,2024-09-24,0,Cancelled
S09985,U09985,2024-04-02,2024-05-02,,50,Active
S09986,U09986,2024-06-07,2024-07-07,2024-08-06,0,Cancelled
S09987,U09987,2024-05-02,2024-06-01,2024-08-30,0,Cancelled
S09988,U09988,2024-11-21,2024-12-21,2025-03-21,0,Cancelled
S09989,U09989,2024-08-03,2024-09-02,2025-01-30,20,Cancelled
S09990,U09990,2024-09-08,2024-10-08,2024-10-08,50,Cancelled
S09991,U09991,2024-07-01,2024-07-31,2024-09-29,20,Cancelled
S09992,U09992,2024-06-02,2024-07-02,2024-09-30,0,Cancelled
S09993,U09993,2024-02-20,2024-03-21,2024-06-19,20,Cancelled
S09994,U09994,2024-01-30,2024-02-29,2024-06-28,20,Cancelled
S09995,U09995,2024-07-04,2024-08-03,2024-08-03,20,Cancelled
S09996,U09996,2024-06-01,2024-07-01,2024-08-30,0,Cancelled
S09997,U09997,2024-06-11,2024-07-11,2024-10-09,20,Cancelled
S09998,U09998,2024-12-29,2025-01-28,2025-02-27,50,Cancelled
S09999,U09999,2024-10-06,2024-11-05,2025-01-04,50,Cancelled
S10000,U10000,2024-12-13,2025-01-12,2025-06-11,20,Cancelled
